[
    {
        "id": 17955727012403734,
        "created_at": 1613464794,
        "text": "Price",
        "owner": {
            "id": "6814603901",
            "is_verified": false,
            "profile_pic_url": "https://instagram.fagc2-1.fna.fbcdn.net/v/t51.2885-19/s150x150/151284037_1192005511254748_5095724332468461094_n.jpg?tp=1&_nc_ht=instagram.fagc2-1.fna.fbcdn.net&_nc_ohc=Tco9I5QQ2KkAX-fKbFx&ccb=7-4&oh=80ccda9448e90d2aec1d381b61673c9c&oe=60897E28&_nc_sid=9fb510",
            "username": "the_lone_wolf_619"
        },
        "likes_count": 1,
        "answers": []
    },
    {
        "id": 17902265191699465,
        "created_at": 1611341487,
        "text": "Price?",
        "owner": {
            "id": "40202182825",
            "is_verified": false,
            "profile_pic_url": "https://instagram.fagc2-1.fna.fbcdn.net/v/t51.2885-19/s150x150/117971313_111845043966584_8717994223254468203_n.jpg?tp=1&_nc_ht=instagram.fagc2-1.fna.fbcdn.net&_nc_ohc=fetdPJwrUJsAX8QrXLF&ccb=7-4&oh=167fbdf9ffc6695931de0f3c162115ff&oe=60874F56&_nc_sid=9fb510",
            "username": "prepared.dishes"
        },
        "likes_count": 0,
        "answers": []
    }
]