[
    {
        "id": 17896783930721893,
        "created_at": 1607196703,
        "text": "Price",
        "owner": {
            "id": "1491656396",
            "is_verified": false,
            "profile_pic_url": "https://instagram.fagc2-1.fna.fbcdn.net/v/t51.2885-19/s150x150/26868680_1784471884950875_1603901660621438976_n.jpg?tp=1&_nc_ht=instagram.fagc2-1.fna.fbcdn.net&_nc_ohc=cAKGVL2LOukAX-7P9oN&ccb=7-4&oh=95bcee30d166e759d5a5dc94eb422960&oe=608857C8&_nc_sid=9fb510",
            "username": "shubham_verma9893468884"
        },
        "likes_count": 0,
        "answers": []
    },
    {
        "id": 17890654939632042,
        "created_at": 1600282180,
        "text": "How much?",
        "owner": {
            "id": "3926723492",
            "is_verified": false,
            "profile_pic_url": "https://instagram.fagc2-1.fna.fbcdn.net/v/t51.2885-19/s150x150/153217327_1076358969542363_3831858639606043106_n.jpg?tp=1&_nc_ht=instagram.fagc2-1.fna.fbcdn.net&_nc_ohc=5beslRCQlNwAX_1AVGd&ccb=7-4&oh=c4cdcbbf71af771ae7a523ce6d26d684&oe=60882548&_nc_sid=9fb510",
            "username": "osang2698"
        },
        "likes_count": 0,
        "answers": [
            {
                "id": 17866800638034365,
                "created_at": 1600317877,
                "text": "@osang2698 out of stock",
                "owner": {
                    "id": "31345321949",
                    "is_verified": false,
                    "profile_pic_url": "https://instagram.fagc2-1.fna.fbcdn.net/v/t51.2885-19/s150x150/104655610_734890267265839_7042082510067431729_n.jpg?tp=1&_nc_ht=instagram.fagc2-1.fna.fbcdn.net&_nc_ohc=Q9yxDDyzyrwAX9Xuts8&ccb=7-4&oh=d86b1b6d639825b0f55d29acf1a38f6f&oe=608866EF&_nc_sid=9fb510",
                    "username": "airpods_case_1"
                },
                "likes_count": 0
            }
        ]
    }
]