[
    {
        "id": 18201661534016473,
        "created_at": 1615384745,
        "text": "Pp",
        "owner": {
            "id": "571130297",
            "is_verified": false,
            "profile_pic_url": "https://instagram.fagc2-1.fna.fbcdn.net/v/t51.2885-19/s150x150/118453798_734564930437887_572768567477297913_n.jpg?tp=1&_nc_ht=instagram.fagc2-1.fna.fbcdn.net&_nc_ohc=jGKt7bdlg2QAX8a9XTT&ccb=7-4&oh=5f74e9fce2e57fdef4f94f9e496ea9fb&oe=6089CE99&_nc_sid=9fb510",
            "username": "_silenteyes17_"
        },
        "likes_count": 0,
        "answers": []
    },
    {
        "id": 17871870899215612,
        "created_at": 1611782464,
        "text": "K\u0131l\u0131f ne kdr",
        "owner": {
            "id": "45465693150",
            "is_verified": false,
            "profile_pic_url": "https://instagram.fagc2-1.fna.fbcdn.net/v/t51.2885-19/s150x150/152596390_258191922430555_4017590640392751614_n.jpg?tp=1&_nc_ht=instagram.fagc2-1.fna.fbcdn.net&_nc_ohc=0uEghX5uGvAAX8r-tXA&ccb=7-4&oh=0aa690e2930bace657f1074972286553&oe=6087D0C1&_nc_sid=9fb510",
            "username": "_ygn_ibrahim_"
        },
        "likes_count": 0,
        "answers": [
            {
                "id": 17870422070251846,
                "created_at": 1611807735,
                "text": "@ibrahim_yogun_ whaat?",
                "owner": {
                    "id": "31345321949",
                    "is_verified": false,
                    "profile_pic_url": "https://instagram.fagc2-1.fna.fbcdn.net/v/t51.2885-19/s150x150/104655610_734890267265839_7042082510067431729_n.jpg?tp=1&_nc_ht=instagram.fagc2-1.fna.fbcdn.net&_nc_ohc=Q9yxDDyzyrwAX9Xuts8&ccb=7-4&oh=d86b1b6d639825b0f55d29acf1a38f6f&oe=608866EF&_nc_sid=9fb510",
                    "username": "airpods_case_1"
                },
                "likes_count": 0
            }
        ]
    },
    {
        "id": 17856122336356504,
        "created_at": 1609328373,
        "text": "How much for leather case ????",
        "owner": {
            "id": "38909870400",
            "is_verified": false,
            "profile_pic_url": "https://instagram.fagc2-1.fna.fbcdn.net/v/t51.2885-19/s150x150/156859013_1509161779287666_4532060043364197948_n.jpg?tp=1&_nc_ht=instagram.fagc2-1.fna.fbcdn.net&_nc_ohc=6NEZbnc2aqIAX8tpB0z&ccb=7-4&oh=8b04608d19b4163c88f668656bd3aa3d&oe=60885671&_nc_sid=9fb510",
            "username": "sultan_a_punjab"
        },
        "likes_count": 0,
        "answers": []
    },
    {
        "id": 17860203206243886,
        "created_at": 1606660215,
        "text": "Price??!",
        "owner": {
            "id": "32001343627",
            "is_verified": false,
            "profile_pic_url": "https://instagram.fagc2-1.fna.fbcdn.net/v/t51.2885-19/s150x150/132486409_391741611929030_6254056840431397592_n.jpg?tp=1&_nc_ht=instagram.fagc2-1.fna.fbcdn.net&_nc_ohc=Jhw6DcCSPU8AX8ibNIC&ccb=7-4&oh=5c2e97c78588ecf6929e39bac57cfe2b&oe=6088FB37&_nc_sid=9fb510",
            "username": "mohit_gola0001"
        },
        "likes_count": 0,
        "answers": [
            {
                "id": 17879769268943415,
                "created_at": 1606661859,
                "text": "@mohit_gola5 check dm",
                "owner": {
                    "id": "31345321949",
                    "is_verified": false,
                    "profile_pic_url": "https://instagram.fagc2-1.fna.fbcdn.net/v/t51.2885-19/s150x150/104655610_734890267265839_7042082510067431729_n.jpg?tp=1&_nc_ht=instagram.fagc2-1.fna.fbcdn.net&_nc_ohc=Q9yxDDyzyrwAX9Xuts8&ccb=7-4&oh=d86b1b6d639825b0f55d29acf1a38f6f&oe=608866EF&_nc_sid=9fb510",
                    "username": "airpods_case_1"
                },
                "likes_count": 0
            }
        ]
    },
    {
        "id": 17896613248596147,
        "created_at": 1600082301,
        "text": "Pp",
        "owner": {
            "id": "6827844163",
            "is_verified": false,
            "profile_pic_url": "https://instagram.fagc2-1.fna.fbcdn.net/v/t51.2885-19/s150x150/127285227_908596356340241_2315215347937135687_n.jpg?tp=1&_nc_ht=instagram.fagc2-1.fna.fbcdn.net&_nc_ohc=AeXodNIhtlIAX9JZ9gv&ccb=7-4&oh=89ba1dc6f42d80f81a5dfa1e3315d25e&oe=6089B923&_nc_sid=9fb510",
            "username": "kriti0_6"
        },
        "likes_count": 0,
        "answers": [
            {
                "id": 17860011629137880,
                "created_at": 1600082362,
                "text": "@kriti0_6 check your dm",
                "owner": {
                    "id": "31345321949",
                    "is_verified": false,
                    "profile_pic_url": "https://instagram.fagc2-1.fna.fbcdn.net/v/t51.2885-19/s150x150/104655610_734890267265839_7042082510067431729_n.jpg?tp=1&_nc_ht=instagram.fagc2-1.fna.fbcdn.net&_nc_ohc=Q9yxDDyzyrwAX9Xuts8&ccb=7-4&oh=d86b1b6d639825b0f55d29acf1a38f6f&oe=608866EF&_nc_sid=9fb510",
                    "username": "airpods_case_1"
                },
                "likes_count": 0
            }
        ]
    },
    {
        "id": 17855501612137246,
        "created_at": 1596535348,
        "text": "Pp",
        "owner": {
            "id": "5819393885",
            "is_verified": false,
            "profile_pic_url": "https://instagram.fagc2-1.fna.fbcdn.net/v/t51.2885-19/s150x150/164223883_215340417008735_5019975196222691893_n.jpg?tp=1&_nc_ht=instagram.fagc2-1.fna.fbcdn.net&_nc_ohc=IC0Gtcc5cToAX8b9_rW&ccb=7-4&oh=6046e7f4874ad7159a32a3010f9c8d64&oe=608926A3&_nc_sid=9fb510",
            "username": "its___gundeepsingh___23"
        },
        "likes_count": 0,
        "answers": []
    },
    {
        "id": 17846220431232695,
        "created_at": 1594313497,
        "text": "Cost ???",
        "owner": {
            "id": "2235796390",
            "is_verified": false,
            "profile_pic_url": "https://instagram.fagc2-1.fna.fbcdn.net/v/t51.2885-19/s150x150/123606252_408961203595393_7909756107218228360_n.jpg?tp=1&_nc_ht=instagram.fagc2-1.fna.fbcdn.net&_nc_ohc=1uQTP14apBwAX_LVjps&ccb=7-4&oh=82d035440cdcb02c8a5783daa0c36259&oe=6089D32D&_nc_sid=9fb510",
            "username": "prathul_shetty12"
        },
        "likes_count": 0,
        "answers": [
            {
                "id": 17849777330160630,
                "created_at": 1594325718,
                "text": "@prathul__s which one?",
                "owner": {
                    "id": "31345321949",
                    "is_verified": false,
                    "profile_pic_url": "https://instagram.fagc2-1.fna.fbcdn.net/v/t51.2885-19/s150x150/104655610_734890267265839_7042082510067431729_n.jpg?tp=1&_nc_ht=instagram.fagc2-1.fna.fbcdn.net&_nc_ohc=Q9yxDDyzyrwAX9Xuts8&ccb=7-4&oh=d86b1b6d639825b0f55d29acf1a38f6f&oe=608866EF&_nc_sid=9fb510",
                    "username": "airpods_case_1"
                },
                "likes_count": 0
            }
        ]
    }
]