[
    {
        "id": 18075268501255096,
        "created_at": 1615268174,
        "text": "Dm price",
        "owner": {
            "id": "221593118",
            "is_verified": false,
            "profile_pic_url": "https://instagram.fagc2-1.fna.fbcdn.net/v/t51.2885-19/s150x150/149516792_187209623157738_2370757167350140229_n.jpg?tp=1&_nc_ht=instagram.fagc2-1.fna.fbcdn.net&_nc_ohc=D1preCSj-7UAX-R6wO7&ccb=7-4&oh=7ebda335526b0dc1b77a16736bf1425b&oe=60881A00&_nc_sid=9fb510",
            "username": "faizal.salamon"
        },
        "likes_count": 1,
        "answers": []
    },
    {
        "id": 18130542652199333,
        "created_at": 1614168357,
        "text": "Price fr 2nd #gucci",
        "owner": {
            "id": "1770742829",
            "is_verified": false,
            "profile_pic_url": "https://instagram.fagc2-1.fna.fbcdn.net/v/t51.2885-19/s150x150/94317877_220066986098807_5220511629933805568_n.jpg?tp=1&_nc_ht=instagram.fagc2-1.fna.fbcdn.net&_nc_ohc=yrCe4EqHEOQAX-rUIku&ccb=7-4&oh=3a65fe86cde24be1ed96678210fcadf4&oe=60867968&_nc_sid=9fb510",
            "username": "bint_ilyas_"
        },
        "likes_count": 0,
        "answers": []
    },
    {
        "id": 17870045594328693,
        "created_at": 1614014152,
        "text": "Pp",
        "owner": {
            "id": "33026253867",
            "is_verified": false,
            "profile_pic_url": "https://instagram.fagc2-1.fna.fbcdn.net/v/t51.2885-19/s150x150/148506898_326097988821753_5771001209755844086_n.jpg?tp=1&_nc_ht=instagram.fagc2-1.fna.fbcdn.net&_nc_ohc=o6zmOnxLzvMAX_f2Sir&ccb=7-4&oh=aaf026bbfb929639f05748b42b828228&oe=60871F87&_nc_sid=9fb510",
            "username": "x._azay_.x"
        },
        "likes_count": 0,
        "answers": [
            {
                "id": 17865703607324934,
                "created_at": 1614014365,
                "text": "@x._azay_.x check dm",
                "owner": {
                    "id": "31345321949",
                    "is_verified": false,
                    "profile_pic_url": "https://instagram.fagc2-1.fna.fbcdn.net/v/t51.2885-19/s150x150/104655610_734890267265839_7042082510067431729_n.jpg?tp=1&_nc_ht=instagram.fagc2-1.fna.fbcdn.net&_nc_ohc=Q9yxDDyzyrwAX9Xuts8&ccb=7-4&oh=d86b1b6d639825b0f55d29acf1a38f6f&oe=608866EF&_nc_sid=9fb510",
                    "username": "airpods_case_1"
                },
                "likes_count": 0
            }
        ]
    },
    {
        "id": 17904949279681497,
        "created_at": 1613959419,
        "text": "Price",
        "owner": {
            "id": "633200435",
            "is_verified": false,
            "profile_pic_url": "https://instagram.fagc2-1.fna.fbcdn.net/v/t51.2885-19/s150x150/27575967_428473110937786_8026357702202490880_n.jpg?tp=1&_nc_ht=instagram.fagc2-1.fna.fbcdn.net&_nc_ohc=ctt8PzisTCgAX_TOPd-&ccb=7-4&oh=eeb659f7881e0c56bbd6dce88af9469f&oe=6088C3C4&_nc_sid=9fb510",
            "username": "myrul_akym"
        },
        "likes_count": 0,
        "answers": []
    },
    {
        "id": 17858260670489379,
        "created_at": 1613278367,
        "text": "Price",
        "owner": {
            "id": "7017290686",
            "is_verified": false,
            "profile_pic_url": "https://instagram.fagc2-1.fna.fbcdn.net/v/t51.2885-19/s150x150/46268755_2214176778907079_6954777530947600384_n.jpg?tp=1&_nc_ht=instagram.fagc2-1.fna.fbcdn.net&_nc_ohc=-7mpgN309joAX-Dfkit&ccb=7-4&oh=279200a2c047fd0aebd7e90bb8f5b686&oe=608868FE&_nc_sid=9fb510",
            "username": "jais_sahota"
        },
        "likes_count": 0,
        "answers": []
    },
    {
        "id": 17900453911750252,
        "created_at": 1612802811,
        "text": "Pp",
        "owner": {
            "id": "1505277585",
            "is_verified": false,
            "profile_pic_url": "https://instagram.fagc2-1.fna.fbcdn.net/v/t51.2885-19/s150x150/14553177_1657676871229557_3026181656944836608_a.jpg?tp=1&_nc_ht=instagram.fagc2-1.fna.fbcdn.net&_nc_ohc=O3wK3m52wkUAX9MEZW_&ccb=7-4&oh=b48d8b113cc5333d2182d06fafeb72b0&oe=6089554E&_nc_sid=9fb510",
            "username": "nikita_agrawal17"
        },
        "likes_count": 0,
        "answers": []
    },
    {
        "id": 17856082604457790,
        "created_at": 1612469729,
        "text": "Prince",
        "owner": {
            "id": "15175043346",
            "is_verified": false,
            "profile_pic_url": "https://instagram.fagc2-1.fna.fbcdn.net/v/t51.2885-19/s150x150/64713571_2383042748605516_1337330572615221248_n.jpg?tp=1&_nc_ht=instagram.fagc2-1.fna.fbcdn.net&_nc_ohc=HWtVw0EGs08AX8fECht&ccb=7-4&oh=04515b605e4f54efc131d092edac63f4&oe=6087CC89&_nc_sid=9fb510",
            "username": "asfandyaarkhan420"
        },
        "likes_count": 0,
        "answers": []
    },
    {
        "id": 17882509610059192,
        "created_at": 1612217082,
        "text": "Precio",
        "owner": {
            "id": "2031054857",
            "is_verified": false,
            "profile_pic_url": "https://instagram.fagc2-1.fna.fbcdn.net/v/t51.2885-19/s150x150/36905565_240066139940113_4639637987712303104_n.jpg?tp=1&_nc_ht=instagram.fagc2-1.fna.fbcdn.net&_nc_ohc=klptNQi81bUAX9OrEU6&ccb=7-4&oh=cb1b16dba5802e5c0d5b53a7b88e40ec&oe=608819B2&_nc_sid=9fb510",
            "username": "carloherrera_"
        },
        "likes_count": 0,
        "answers": [
            {
                "id": 17894295847857817,
                "created_at": 1612243060,
                "text": "@carloherrera_ check dm",
                "owner": {
                    "id": "31345321949",
                    "is_verified": false,
                    "profile_pic_url": "https://instagram.fagc2-1.fna.fbcdn.net/v/t51.2885-19/s150x150/104655610_734890267265839_7042082510067431729_n.jpg?tp=1&_nc_ht=instagram.fagc2-1.fna.fbcdn.net&_nc_ohc=Q9yxDDyzyrwAX9Xuts8&ccb=7-4&oh=d86b1b6d639825b0f55d29acf1a38f6f&oe=608866EF&_nc_sid=9fb510",
                    "username": "airpods_case_1"
                },
                "likes_count": 0
            }
        ]
    },
    {
        "id": 17896686307750820,
        "created_at": 1611825160,
        "text": "Price",
        "owner": {
            "id": "14016989945",
            "is_verified": false,
            "profile_pic_url": "https://instagram.fagc2-1.fna.fbcdn.net/v/t51.2885-19/s150x150/156613509_1153654968425755_7792397269487964768_n.jpg?tp=1&_nc_ht=instagram.fagc2-1.fna.fbcdn.net&_nc_ohc=e2bJwVTMX3kAX8S28ec&ccb=7-4&oh=b9507d2a43a812de4753551ff52c56ec&oe=6089E5DD&_nc_sid=9fb510",
            "username": "mr_johil_6419_"
        },
        "likes_count": 0,
        "answers": [
            {
                "id": 17863020761329486,
                "created_at": 1611825626,
                "text": "@mr_johil_6419_ check dm",
                "owner": {
                    "id": "31345321949",
                    "is_verified": false,
                    "profile_pic_url": "https://instagram.fagc2-1.fna.fbcdn.net/v/t51.2885-19/s150x150/104655610_734890267265839_7042082510067431729_n.jpg?tp=1&_nc_ht=instagram.fagc2-1.fna.fbcdn.net&_nc_ohc=Q9yxDDyzyrwAX9Xuts8&ccb=7-4&oh=d86b1b6d639825b0f55d29acf1a38f6f&oe=608866EF&_nc_sid=9fb510",
                    "username": "airpods_case_1"
                },
                "likes_count": 0
            }
        ]
    },
    {
        "id": 18187835209009731,
        "created_at": 1611410494,
        "text": "Pp",
        "owner": {
            "id": "39365968697",
            "is_verified": false,
            "profile_pic_url": "https://instagram.fagc2-1.fna.fbcdn.net/v/t51.2885-19/s150x150/142921673_417906719518859_1401006621143268648_n.jpg?tp=1&_nc_ht=instagram.fagc2-1.fna.fbcdn.net&_nc_ohc=DwjuPgoSelkAX8XJibp&ccb=7-4&oh=4edd67f5f276844d895855778e5a468c&oe=60865DF4&_nc_sid=9fb510",
            "username": "goaltolbsnaa"
        },
        "likes_count": 0,
        "answers": [
            {
                "id": 17920157542517598,
                "created_at": 1611411527,
                "text": "@allinonestore.0786 check dm",
                "owner": {
                    "id": "31345321949",
                    "is_verified": false,
                    "profile_pic_url": "https://instagram.fagc2-1.fna.fbcdn.net/v/t51.2885-19/s150x150/104655610_734890267265839_7042082510067431729_n.jpg?tp=1&_nc_ht=instagram.fagc2-1.fna.fbcdn.net&_nc_ohc=Q9yxDDyzyrwAX9Xuts8&ccb=7-4&oh=d86b1b6d639825b0f55d29acf1a38f6f&oe=608866EF&_nc_sid=9fb510",
                    "username": "airpods_case_1"
                },
                "likes_count": 0
            }
        ]
    },
    {
        "id": 17891509792890650,
        "created_at": 1610999611,
        "text": "Do u have red color in Ferrari one",
        "owner": {
            "id": "104865266",
            "is_verified": false,
            "profile_pic_url": "https://instagram.fagc2-1.fna.fbcdn.net/v/t51.2885-19/s150x150/131023442_723413094951446_1130705714930932209_n.jpg?tp=1&_nc_ht=instagram.fagc2-1.fna.fbcdn.net&_nc_ohc=nnFCwiYwqwoAX990hDS&ccb=7-4&oh=746018be939f5a269a05857f02439a98&oe=60866155&_nc_sid=9fb510",
            "username": "variedexperiences_by_aman"
        },
        "likes_count": 0,
        "answers": []
    },
    {
        "id": 17856617240403546,
        "created_at": 1610985841,
        "text": "Fiyat",
        "owner": {
            "id": "14567518912",
            "is_verified": false,
            "profile_pic_url": "https://instagram.fagc2-1.fna.fbcdn.net/v/t51.2885-19/s150x150/159963741_465039468171777_8853659247394855433_n.jpg?tp=1&_nc_ht=instagram.fagc2-1.fna.fbcdn.net&_nc_ohc=3nls1hREEEUAX8ecewD&ccb=7-4&oh=afd7f9663afc22fb927ce48c91940d23&oe=6087CCD2&_nc_sid=9fb510",
            "username": "xw_hiranurkarayel"
        },
        "likes_count": 0,
        "answers": []
    },
    {
        "id": 17870056136238613,
        "created_at": 1610806110,
        "text": "Price pls",
        "owner": {
            "id": "5428021887",
            "is_verified": false,
            "profile_pic_url": "https://instagram.fagc2-1.fna.fbcdn.net/v/t51.2885-19/s150x150/162054016_769455743677231_4383287830076002673_n.jpg?tp=1&_nc_ht=instagram.fagc2-1.fna.fbcdn.net&_nc_ohc=B5Wb93FqvAkAX_wydRd&ccb=7-4&oh=c5e82b67b2fe78c4d151cc768f60ad7d&oe=6089380B&_nc_sid=9fb510",
            "username": "broken_soul_2021"
        },
        "likes_count": 0,
        "answers": []
    },
    {
        "id": 17863171535337795,
        "created_at": 1610725479,
        "text": "Price",
        "owner": {
            "id": "1559660970",
            "is_verified": false,
            "profile_pic_url": "https://instagram.fagc2-1.fna.fbcdn.net/v/t51.2885-19/s150x150/16789295_1763079077341865_2915330719993561088_a.jpg?tp=1&_nc_ht=instagram.fagc2-1.fna.fbcdn.net&_nc_ohc=_vbQrJr1IvgAX_usd6U&ccb=7-4&oh=a66878a14547019d94bbd9b4689fb7ae&oe=60860D08&_nc_sid=9fb510",
            "username": "ankitjain9892"
        },
        "likes_count": 0,
        "answers": []
    },
    {
        "id": 17868125591265205,
        "created_at": 1610229411,
        "text": "Price",
        "owner": {
            "id": "1955151531",
            "is_verified": false,
            "profile_pic_url": "https://instagram.fagc2-1.fna.fbcdn.net/v/t51.2885-19/s150x150/138620176_2812642625662824_7889798714675989407_n.jpg?tp=1&_nc_ht=instagram.fagc2-1.fna.fbcdn.net&_nc_ohc=82MGvAtzih4AX9YsW6M&ccb=7-4&oh=e1282f31d0d488007d2b8a67297123c0&oe=60899244&_nc_sid=9fb510",
            "username": "young_lord.x"
        },
        "likes_count": 0,
        "answers": []
    },
    {
        "id": 17886020995945223,
        "created_at": 1610181511,
        "text": "Salam neceyedi bu air pods eve catdirilma var",
        "owner": {
            "id": "45050646007",
            "is_verified": false,
            "profile_pic_url": "https://scontent-for1-1.cdninstagram.com/v/t51.2885-19/44884218_345707102882519_2446069589734326272_n.jpg?_nc_ad=z-m&_nc_ht=scontent-for1-1.cdninstagram.com&_nc_ohc=hLTkwc3uTqUAX9uYtT0&ccb=7-4&oh=fce33d9f58f0ce5771a3dfdaf528ef91&oe=6087738F&_nc_sid=cff2a4&ig_cache_key=YW5vbnltb3VzX3Byb2ZpbGVfcGlj.2-ccb7-4",
            "username": "benj.i9897"
        },
        "likes_count": 0,
        "answers": []
    },
    {
        "id": 17862322424287844,
        "created_at": 1609328287,
        "text": "Price???",
        "owner": {
            "id": "38909870400",
            "is_verified": false,
            "profile_pic_url": "https://instagram.fagc2-1.fna.fbcdn.net/v/t51.2885-19/s150x150/156859013_1509161779287666_4532060043364197948_n.jpg?tp=1&_nc_ht=instagram.fagc2-1.fna.fbcdn.net&_nc_ohc=6NEZbnc2aqIAX8tpB0z&ccb=7-4&oh=8b04608d19b4163c88f668656bd3aa3d&oe=60885671&_nc_sid=9fb510",
            "username": "sultan_a_punjab"
        },
        "likes_count": 0,
        "answers": [
            {
                "id": 17855407745418425,
                "created_at": 1609328372,
                "text": "@sultan_a_punjab check dm",
                "owner": {
                    "id": "31345321949",
                    "is_verified": false,
                    "profile_pic_url": "https://instagram.fagc2-1.fna.fbcdn.net/v/t51.2885-19/s150x150/104655610_734890267265839_7042082510067431729_n.jpg?tp=1&_nc_ht=instagram.fagc2-1.fna.fbcdn.net&_nc_ohc=Q9yxDDyzyrwAX9Xuts8&ccb=7-4&oh=d86b1b6d639825b0f55d29acf1a38f6f&oe=608866EF&_nc_sid=9fb510",
                    "username": "airpods_case_1"
                },
                "likes_count": 0
            }
        ]
    },
    {
        "id": 17853699680457063,
        "created_at": 1609175306,
        "text": "How much these custom cases ???",
        "owner": {
            "id": "6640451529",
            "is_verified": false,
            "profile_pic_url": "https://instagram.fagc2-1.fna.fbcdn.net/v/t51.2885-19/s150x150/132415933_1053606268448814_8821611583155820570_n.jpg?tp=1&_nc_ht=instagram.fagc2-1.fna.fbcdn.net&_nc_ohc=bu8R-VklOkgAX_JaqxH&ccb=7-4&oh=6622d273c28a9c345d9cd8e35b7fb927&oe=6087702B&_nc_sid=9fb510",
            "username": "sriram_nrs"
        },
        "likes_count": 0,
        "answers": [
            {
                "id": 17898490567697436,
                "created_at": 1609176014,
                "text": "@sriram_nrs check dm",
                "owner": {
                    "id": "31345321949",
                    "is_verified": false,
                    "profile_pic_url": "https://instagram.fagc2-1.fna.fbcdn.net/v/t51.2885-19/s150x150/104655610_734890267265839_7042082510067431729_n.jpg?tp=1&_nc_ht=instagram.fagc2-1.fna.fbcdn.net&_nc_ohc=Q9yxDDyzyrwAX9Xuts8&ccb=7-4&oh=d86b1b6d639825b0f55d29acf1a38f6f&oe=608866EF&_nc_sid=9fb510",
                    "username": "airpods_case_1"
                },
                "likes_count": 0
            }
        ]
    },
    {
        "id": 17943150979419852,
        "created_at": 1608917795,
        "text": "pp",
        "owner": {
            "id": "1480194923",
            "is_verified": false,
            "profile_pic_url": "https://instagram.fagc2-1.fna.fbcdn.net/v/t51.2885-19/s150x150/159992570_140882641262658_4034933459694484632_n.jpg?tp=1&_nc_ht=instagram.fagc2-1.fna.fbcdn.net&_nc_ohc=hdIgFsldHBcAX_eIaYL&ccb=7-4&oh=18a0e9217abfb601d638f0a44fbb3a4f&oe=60885633&_nc_sid=9fb510",
            "username": "swati_tiwari3"
        },
        "likes_count": 0,
        "answers": []
    },
    {
        "id": 17864518352277325,
        "created_at": 1608651087,
        "text": "price??",
        "owner": {
            "id": "3868651035",
            "is_verified": false,
            "profile_pic_url": "https://instagram.fagc2-1.fna.fbcdn.net/v/t51.2885-19/s150x150/128822668_782655592284176_5142027406171920282_n.jpg?tp=1&_nc_ht=instagram.fagc2-1.fna.fbcdn.net&_nc_ohc=ImHVTO6os-8AX_lT92v&ccb=7-4&oh=d31122afefd1817a0c248bdc72625107&oe=60892561&_nc_sid=9fb510",
            "username": "yeh_bhi_theek_hai_15"
        },
        "likes_count": 0,
        "answers": [
            {
                "id": 17948944105396992,
                "created_at": 1608656505,
                "text": "@shweta_yadav_15 check dm",
                "owner": {
                    "id": "31345321949",
                    "is_verified": false,
                    "profile_pic_url": "https://instagram.fagc2-1.fna.fbcdn.net/v/t51.2885-19/s150x150/104655610_734890267265839_7042082510067431729_n.jpg?tp=1&_nc_ht=instagram.fagc2-1.fna.fbcdn.net&_nc_ohc=Q9yxDDyzyrwAX9Xuts8&ccb=7-4&oh=d86b1b6d639825b0f55d29acf1a38f6f&oe=608866EF&_nc_sid=9fb510",
                    "username": "airpods_case_1"
                },
                "likes_count": 0
            }
        ]
    },
    {
        "id": 17854986044376727,
        "created_at": 1608140064,
        "text": "Price?",
        "owner": {
            "id": "778498518",
            "is_verified": false,
            "profile_pic_url": "https://instagram.fagc2-1.fna.fbcdn.net/v/t51.2885-19/s150x150/16906708_426543971018788_2261054450300878848_a.jpg?tp=1&_nc_ht=instagram.fagc2-1.fna.fbcdn.net&_nc_ohc=mxViPNvSN0wAX_V7C1T&ccb=7-4&oh=f9af66956ab10f89e0f69d14f1c88d64&oe=608847EB&_nc_sid=9fb510",
            "username": "pramodkumar_9"
        },
        "likes_count": 0,
        "answers": [
            {
                "id": 17883072430922701,
                "created_at": 1608140179,
                "text": "@pramodkumar_9 check dm",
                "owner": {
                    "id": "31345321949",
                    "is_verified": false,
                    "profile_pic_url": "https://instagram.fagc2-1.fna.fbcdn.net/v/t51.2885-19/s150x150/104655610_734890267265839_7042082510067431729_n.jpg?tp=1&_nc_ht=instagram.fagc2-1.fna.fbcdn.net&_nc_ohc=Q9yxDDyzyrwAX9Xuts8&ccb=7-4&oh=d86b1b6d639825b0f55d29acf1a38f6f&oe=608866EF&_nc_sid=9fb510",
                    "username": "airpods_case_1"
                },
                "likes_count": 0
            }
        ]
    },
    {
        "id": 17876541086018863,
        "created_at": 1607524975,
        "text": "How much",
        "owner": {
            "id": "38730357901",
            "is_verified": false,
            "profile_pic_url": "https://instagram.fagc2-1.fna.fbcdn.net/v/t51.2885-19/s150x150/137267200_844494096284985_8492829862744892535_n.jpg?tp=1&_nc_ht=instagram.fagc2-1.fna.fbcdn.net&_nc_ohc=0cqVUWjzBkoAX-3rqFt&ccb=7-4&oh=a03672dabea2415a3bd425cce4c989c5&oe=60878014&_nc_sid=9fb510",
            "username": "haniya7887"
        },
        "likes_count": 0,
        "answers": [
            {
                "id": 18146941069100800,
                "created_at": 1607531096,
                "text": "@haniya7887 check dm",
                "owner": {
                    "id": "31345321949",
                    "is_verified": false,
                    "profile_pic_url": "https://instagram.fagc2-1.fna.fbcdn.net/v/t51.2885-19/s150x150/104655610_734890267265839_7042082510067431729_n.jpg?tp=1&_nc_ht=instagram.fagc2-1.fna.fbcdn.net&_nc_ohc=Q9yxDDyzyrwAX9Xuts8&ccb=7-4&oh=d86b1b6d639825b0f55d29acf1a38f6f&oe=608866EF&_nc_sid=9fb510",
                    "username": "airpods_case_1"
                },
                "likes_count": 0
            }
        ]
    },
    {
        "id": 17873215103063194,
        "created_at": 1606661896,
        "text": "Merhaba Gucci fiyat alabilirmiyim",
        "owner": {
            "id": "6615447803",
            "is_verified": false,
            "profile_pic_url": "https://instagram.fagc2-1.fna.fbcdn.net/v/t51.2885-19/s150x150/143997095_159921749230232_1280118113384044205_n.jpg?tp=1&_nc_ht=instagram.fagc2-1.fna.fbcdn.net&_nc_ohc=XHUmJw953T0AX-xbPjL&ccb=7-4&oh=80284b4a17ce4f81956e0915bf5d7fb5&oe=60890D3D&_nc_sid=9fb510",
            "username": "kaanteksoz"
        },
        "likes_count": 0,
        "answers": []
    },
    {
        "id": 18125187754151515,
        "created_at": 1606489883,
        "text": "Please Bata dan",
        "owner": {
            "id": "41011240948",
            "is_verified": false,
            "profile_pic_url": "https://instagram.fagc2-1.fna.fbcdn.net/v/t51.2885-19/s150x150/118780552_4354816237926246_4661763601770387879_n.jpg?tp=1&_nc_ht=instagram.fagc2-1.fna.fbcdn.net&_nc_ohc=PqakJc5Fv9YAX9LHMw9&ccb=7-4&oh=dc8275623ee890edd975392ac6e81ef2&oe=6087D16E&_nc_sid=9fb510",
            "username": "muhammadsaad2802"
        },
        "likes_count": 0,
        "answers": [
            {
                "id": 17945758810400446,
                "created_at": 1606490114,
                "text": "@muhammadsaad2802 check dm",
                "owner": {
                    "id": "31345321949",
                    "is_verified": false,
                    "profile_pic_url": "https://instagram.fagc2-1.fna.fbcdn.net/v/t51.2885-19/s150x150/104655610_734890267265839_7042082510067431729_n.jpg?tp=1&_nc_ht=instagram.fagc2-1.fna.fbcdn.net&_nc_ohc=Q9yxDDyzyrwAX9Xuts8&ccb=7-4&oh=d86b1b6d639825b0f55d29acf1a38f6f&oe=608866EF&_nc_sid=9fb510",
                    "username": "airpods_case_1"
                },
                "likes_count": 0
            }
        ]
    },
    {
        "id": 17898686746651651,
        "created_at": 1606489794,
        "text": "Ferrari case price",
        "owner": {
            "id": "41011240948",
            "is_verified": false,
            "profile_pic_url": "https://instagram.fagc2-1.fna.fbcdn.net/v/t51.2885-19/s150x150/118780552_4354816237926246_4661763601770387879_n.jpg?tp=1&_nc_ht=instagram.fagc2-1.fna.fbcdn.net&_nc_ohc=PqakJc5Fv9YAX9LHMw9&ccb=7-4&oh=dc8275623ee890edd975392ac6e81ef2&oe=6087D16E&_nc_sid=9fb510",
            "username": "muhammadsaad2802"
        },
        "likes_count": 0,
        "answers": [
            {
                "id": 17896018972675573,
                "created_at": 1606489839,
                "text": "@muhammadsaad2802 check dm",
                "owner": {
                    "id": "31345321949",
                    "is_verified": false,
                    "profile_pic_url": "https://instagram.fagc2-1.fna.fbcdn.net/v/t51.2885-19/s150x150/104655610_734890267265839_7042082510067431729_n.jpg?tp=1&_nc_ht=instagram.fagc2-1.fna.fbcdn.net&_nc_ohc=Q9yxDDyzyrwAX9Xuts8&ccb=7-4&oh=d86b1b6d639825b0f55d29acf1a38f6f&oe=608866EF&_nc_sid=9fb510",
                    "username": "airpods_case_1"
                },
                "likes_count": 1
            }
        ]
    },
    {
        "id": 18136405597126852,
        "created_at": 1606402757,
        "text": "Price i want for pro",
        "owner": {
            "id": "10625846707",
            "is_verified": false,
            "profile_pic_url": "https://instagram.fagc2-1.fna.fbcdn.net/v/t51.2885-19/s150x150/152247043_449745599669453_4493338093759593300_n.jpg?tp=1&_nc_ht=instagram.fagc2-1.fna.fbcdn.net&_nc_ohc=Q_KoZX_SbLsAX_drVjm&ccb=7-4&oh=8b08fca984baa16804a26677bd569791&oe=6088CB94&_nc_sid=9fb510",
            "username": "5uprit"
        },
        "likes_count": 0,
        "answers": [
            {
                "id": 17914681639496470,
                "created_at": 1606402782,
                "text": "@5uprit check dm",
                "owner": {
                    "id": "31345321949",
                    "is_verified": false,
                    "profile_pic_url": "https://instagram.fagc2-1.fna.fbcdn.net/v/t51.2885-19/s150x150/104655610_734890267265839_7042082510067431729_n.jpg?tp=1&_nc_ht=instagram.fagc2-1.fna.fbcdn.net&_nc_ohc=Q9yxDDyzyrwAX9Xuts8&ccb=7-4&oh=d86b1b6d639825b0f55d29acf1a38f6f&oe=608866EF&_nc_sid=9fb510",
                    "username": "airpods_case_1"
                },
                "likes_count": 0
            }
        ]
    },
    {
        "id": 17871899933038829,
        "created_at": 1606369919,
        "text": "How much",
        "owner": {
            "id": "6926239083",
            "is_verified": false,
            "profile_pic_url": "https://instagram.fagc2-1.fna.fbcdn.net/v/t51.2885-19/s150x150/60229161_398924544026457_5909016542707712000_n.jpg?tp=1&_nc_ht=instagram.fagc2-1.fna.fbcdn.net&_nc_ohc=CCsfv7npa-IAX_eWGaj&ccb=7-4&oh=6d00cf1376e42c295b7582a295cf7a74&oe=608785C0&_nc_sid=9fb510",
            "username": "d__o__m__i__b__o__y"
        },
        "likes_count": 0,
        "answers": [
            {
                "id": 18175596901058002,
                "created_at": 1606371259,
                "text": "@d__o__m__i__b__o__y check dm",
                "owner": {
                    "id": "31345321949",
                    "is_verified": false,
                    "profile_pic_url": "https://instagram.fagc2-1.fna.fbcdn.net/v/t51.2885-19/s150x150/104655610_734890267265839_7042082510067431729_n.jpg?tp=1&_nc_ht=instagram.fagc2-1.fna.fbcdn.net&_nc_ohc=Q9yxDDyzyrwAX9Xuts8&ccb=7-4&oh=d86b1b6d639825b0f55d29acf1a38f6f&oe=608866EF&_nc_sid=9fb510",
                    "username": "airpods_case_1"
                },
                "likes_count": 0
            }
        ]
    },
    {
        "id": 17857711346287019,
        "created_at": 1606324863,
        "text": "How much is a supreme one on the second page?",
        "owner": {
            "id": "43815052435",
            "is_verified": false,
            "profile_pic_url": "https://instagram.fagc2-1.fna.fbcdn.net/v/t51.2885-19/s150x150/137011531_819729131937972_2136333464408064704_n.jpg?tp=1&_nc_ht=instagram.fagc2-1.fna.fbcdn.net&_nc_ohc=OeKhHx-KN_AAX8IuCjt&ccb=7-4&oh=a5dcedcec8aae835450336aaf949c080&oe=60865DD2&_nc_sid=9fb510",
            "username": "duck_boi37"
        },
        "likes_count": 0,
        "answers": [
            {
                "id": 17847734177468376,
                "created_at": 1606325045,
                "text": "@kallynnn.hineline check dm",
                "owner": {
                    "id": "31345321949",
                    "is_verified": false,
                    "profile_pic_url": "https://instagram.fagc2-1.fna.fbcdn.net/v/t51.2885-19/s150x150/104655610_734890267265839_7042082510067431729_n.jpg?tp=1&_nc_ht=instagram.fagc2-1.fna.fbcdn.net&_nc_ohc=Q9yxDDyzyrwAX9Xuts8&ccb=7-4&oh=d86b1b6d639825b0f55d29acf1a38f6f&oe=608866EF&_nc_sid=9fb510",
                    "username": "airpods_case_1"
                },
                "likes_count": 0
            }
        ]
    },
    {
        "id": 17888422810809765,
        "created_at": 1606277205,
        "text": "\ud83d\ude0d\ud83d\ude0d\ud83d\ude2e\ud83d\ude2e\ud83d\udc4f\ud83d\udc4f\ud83d\udc4f\ud83d\udd25\ud83d\udd25\ud83d\udd25",
        "owner": {
            "id": "18098597985",
            "is_verified": false,
            "profile_pic_url": "https://instagram.fagc2-1.fna.fbcdn.net/v/t51.2885-19/s150x150/156719642_119767300147848_1833841062422600272_n.jpg?tp=1&_nc_ht=instagram.fagc2-1.fna.fbcdn.net&_nc_ohc=n9rzluZzs-wAX8UNFK4&ccb=7-4&oh=7b73f52ced2cc4d9a67c7c51dd8d0bf3&oe=6088C1B0&_nc_sid=9fb510",
            "username": "keshavgoel3"
        },
        "likes_count": 0,
        "answers": [
            {
                "id": 17887285738786018,
                "created_at": 1606280424,
                "text": "@keshavgoel3 you want?",
                "owner": {
                    "id": "31345321949",
                    "is_verified": false,
                    "profile_pic_url": "https://instagram.fagc2-1.fna.fbcdn.net/v/t51.2885-19/s150x150/104655610_734890267265839_7042082510067431729_n.jpg?tp=1&_nc_ht=instagram.fagc2-1.fna.fbcdn.net&_nc_ohc=Q9yxDDyzyrwAX9Xuts8&ccb=7-4&oh=d86b1b6d639825b0f55d29acf1a38f6f&oe=608866EF&_nc_sid=9fb510",
                    "username": "airpods_case_1"
                },
                "likes_count": 0
            }
        ]
    }
]