[
    {
        "id": 17862441704447825,
        "created_at": 1615061424,
        "text": "I need this",
        "owner": {
            "id": "1456181720",
            "is_verified": false,
            "profile_pic_url": "https://instagram.fagc2-1.fna.fbcdn.net/v/t51.2885-19/s150x150/161007141_469920134163357_7646609152172316308_n.jpg?tp=1&_nc_ht=instagram.fagc2-1.fna.fbcdn.net&_nc_ohc=IH3OjQO_WugAX-BpgYa&ccb=7-4&oh=0462684dd42732e994f70fc4998a73ab&oe=6088CD84&_nc_sid=9fb510",
            "username": "ishaan_morani"
        },
        "likes_count": 0,
        "answers": []
    },
    {
        "id": 17866930508365809,
        "created_at": 1614707247,
        "text": "Hrga",
        "owner": {
            "id": "2677571729",
            "is_verified": false,
            "profile_pic_url": "https://instagram.fagc2-1.fna.fbcdn.net/v/t51.2885-19/s150x150/131199158_410030863480255_2564920674189795928_n.jpg?tp=1&_nc_ht=instagram.fagc2-1.fna.fbcdn.net&_nc_ohc=QtO6cud183sAX8e8_5B&ccb=7-4&oh=37ad4ff7ca272d79fdf0a316a3a4e24e&oe=60861B63&_nc_sid=9fb510",
            "username": "shofie_iris"
        },
        "likes_count": 0,
        "answers": [
            {
                "id": 17927295976510916,
                "created_at": 1614710042,
                "text": "What",
                "owner": {
                    "id": "31345321949",
                    "is_verified": false,
                    "profile_pic_url": "https://instagram.fagc2-1.fna.fbcdn.net/v/t51.2885-19/s150x150/104655610_734890267265839_7042082510067431729_n.jpg?tp=1&_nc_ht=instagram.fagc2-1.fna.fbcdn.net&_nc_ohc=Q9yxDDyzyrwAX9Xuts8&ccb=7-4&oh=d86b1b6d639825b0f55d29acf1a38f6f&oe=608866EF&_nc_sid=9fb510",
                    "username": "airpods_case_1"
                },
                "likes_count": 0
            }
        ]
    },
    {
        "id": 17962000246375887,
        "created_at": 1614341664,
        "text": "Dm price",
        "owner": {
            "id": "325562923",
            "is_verified": false,
            "profile_pic_url": "https://instagram.fagc2-1.fna.fbcdn.net/v/t51.2885-19/s150x150/154672324_717281465616611_2427876221730960968_n.jpg?tp=1&_nc_ht=instagram.fagc2-1.fna.fbcdn.net&_nc_ohc=ryXGE8iHwskAX85Y2wA&ccb=7-4&oh=1ac1de91427b9d3736e0abad3f6f3ed1&oe=6089275E&_nc_sid=9fb510",
            "username": "nurfarahinibrahim"
        },
        "likes_count": 0,
        "answers": []
    },
    {
        "id": 17860599536467697,
        "created_at": 1613588825,
        "text": "@prerna_kh",
        "owner": {
            "id": "1278790984",
            "is_verified": false,
            "profile_pic_url": "https://instagram.fagc2-1.fna.fbcdn.net/v/t51.2885-19/s150x150/90248885_226827445090495_7519969264023896064_n.jpg?tp=1&_nc_ht=instagram.fagc2-1.fna.fbcdn.net&_nc_ohc=Tvw9ZNpXE8AAX8IteLv&ccb=7-4&oh=fe386720db5b81c8953b8200bb08ed08&oe=608853CB&_nc_sid=9fb510",
            "username": "heenasikri96"
        },
        "likes_count": 0,
        "answers": []
    },
    {
        "id": 17890663012941804,
        "created_at": 1613506507,
        "text": "Pp",
        "owner": {
            "id": "21610573640",
            "is_verified": false,
            "profile_pic_url": "https://instagram.fagc2-1.fna.fbcdn.net/v/t51.2885-19/s150x150/75341453_559026538005985_5266873663000412160_n.jpg?tp=1&_nc_ht=instagram.fagc2-1.fna.fbcdn.net&_nc_ohc=Wa1haosoT-0AX9v6rjp&ccb=7-4&oh=373b7495e0f687cb4f3b96b450a1ee9a&oe=6086847A&_nc_sid=9fb510",
            "username": "kudrati.fatema"
        },
        "likes_count": 0,
        "answers": [
            {
                "id": 17861730461357225,
                "created_at": 1613535304,
                "text": "@kudrati.fatema check dm",
                "owner": {
                    "id": "31345321949",
                    "is_verified": false,
                    "profile_pic_url": "https://instagram.fagc2-1.fna.fbcdn.net/v/t51.2885-19/s150x150/104655610_734890267265839_7042082510067431729_n.jpg?tp=1&_nc_ht=instagram.fagc2-1.fna.fbcdn.net&_nc_ohc=Q9yxDDyzyrwAX9Xuts8&ccb=7-4&oh=d86b1b6d639825b0f55d29acf1a38f6f&oe=608866EF&_nc_sid=9fb510",
                    "username": "airpods_case_1"
                },
                "likes_count": 0
            }
        ]
    },
    {
        "id": 17859745931374763,
        "created_at": 1612347475,
        "text": "Price",
        "owner": {
            "id": "3864779769",
            "is_verified": false,
            "profile_pic_url": "https://scontent.cdninstagram.com/v/t51.2885-19/44884218_345707102882519_2446069589734326272_n.jpg?_nc_ht=scontent.cdninstagram.com&_nc_ohc=hLTkwc3uTqUAX_i6C94&ccb=7-4&oh=4907287d1bf78d5578016ab7d88113fd&oe=6087738F&_nc_sid=c7f4db&ig_cache_key=YW5vbnltb3VzX3Byb2ZpbGVfcGlj.2-ccb7-4",
            "username": "shaina_kalra31"
        },
        "likes_count": 0,
        "answers": []
    },
    {
        "id": 17883373694024985,
        "created_at": 1612001225,
        "text": "Price plz",
        "owner": {
            "id": "872185876",
            "is_verified": false,
            "profile_pic_url": "https://instagram.fagc2-1.fna.fbcdn.net/v/t51.2885-19/s150x150/56498740_782469288798667_3098548724851277824_n.jpg?tp=1&_nc_ht=instagram.fagc2-1.fna.fbcdn.net&_nc_ohc=hlDAN1FEfxkAX80BZxV&ccb=7-4&oh=5e81eb8a059f4a7178420bb52237d876&oe=60869ED0&_nc_sid=9fb510",
            "username": "aakritjain"
        },
        "likes_count": 0,
        "answers": [
            {
                "id": 18188965738044406,
                "created_at": 1612009701,
                "text": "@aakritjain check again",
                "owner": {
                    "id": "31345321949",
                    "is_verified": false,
                    "profile_pic_url": "https://instagram.fagc2-1.fna.fbcdn.net/v/t51.2885-19/s150x150/104655610_734890267265839_7042082510067431729_n.jpg?tp=1&_nc_ht=instagram.fagc2-1.fna.fbcdn.net&_nc_ohc=Q9yxDDyzyrwAX9Xuts8&ccb=7-4&oh=d86b1b6d639825b0f55d29acf1a38f6f&oe=608866EF&_nc_sid=9fb510",
                    "username": "airpods_case_1"
                },
                "likes_count": 0
            },
            {
                "id": 17887844992961947,
                "created_at": 1612009574,
                "text": "@aakritjain check dm",
                "owner": {
                    "id": "31345321949",
                    "is_verified": false,
                    "profile_pic_url": "https://instagram.fagc2-1.fna.fbcdn.net/v/t51.2885-19/s150x150/104655610_734890267265839_7042082510067431729_n.jpg?tp=1&_nc_ht=instagram.fagc2-1.fna.fbcdn.net&_nc_ohc=Q9yxDDyzyrwAX9Xuts8&ccb=7-4&oh=d86b1b6d639825b0f55d29acf1a38f6f&oe=608866EF&_nc_sid=9fb510",
                    "username": "airpods_case_1"
                },
                "likes_count": 0
            },
            {
                "id": 17877432077127345,
                "created_at": 1612009659,
                "text": "@airpods_case_1  not recieved",
                "owner": {
                    "id": "872185876",
                    "is_verified": false,
                    "profile_pic_url": "https://instagram.fagc2-1.fna.fbcdn.net/v/t51.2885-19/s150x150/56498740_782469288798667_3098548724851277824_n.jpg?tp=1&_nc_ht=instagram.fagc2-1.fna.fbcdn.net&_nc_ohc=hlDAN1FEfxkAX80BZxV&ccb=7-4&oh=5e81eb8a059f4a7178420bb52237d876&oe=60869ED0&_nc_sid=9fb510",
                    "username": "aakritjain"
                },
                "likes_count": 0
            }
        ]
    },
    {
        "id": 17958406018376157,
        "created_at": 1611609677,
        "text": "What\u2019s the cost",
        "owner": {
            "id": "7549353956",
            "is_verified": false,
            "profile_pic_url": "https://instagram.fagc2-1.fna.fbcdn.net/v/t51.2885-19/s150x150/164016706_495414285165855_1321129216864318600_n.jpg?tp=1&_nc_ht=instagram.fagc2-1.fna.fbcdn.net&_nc_ohc=tTTiyECN_mgAX-2JfAa&ccb=7-4&oh=aebd46ce09c0e8d56e7b6a0be63defda&oe=6088B69E&_nc_sid=9fb510",
            "username": "_k.e.s.s.i.e_"
        },
        "likes_count": 0,
        "answers": [
            {
                "id": 17935022233460397,
                "created_at": 1611630315,
                "text": "@_k.e.s.s.i.e_ check dm",
                "owner": {
                    "id": "31345321949",
                    "is_verified": false,
                    "profile_pic_url": "https://instagram.fagc2-1.fna.fbcdn.net/v/t51.2885-19/s150x150/104655610_734890267265839_7042082510067431729_n.jpg?tp=1&_nc_ht=instagram.fagc2-1.fna.fbcdn.net&_nc_ohc=Q9yxDDyzyrwAX9Xuts8&ccb=7-4&oh=d86b1b6d639825b0f55d29acf1a38f6f&oe=608866EF&_nc_sid=9fb510",
                    "username": "airpods_case_1"
                },
                "likes_count": 0
            }
        ]
    },
    {
        "id": 18185287039045052,
        "created_at": 1609912876,
        "text": "Pp ??",
        "owner": {
            "id": "3634644134",
            "is_verified": false,
            "profile_pic_url": "https://instagram.fagc2-1.fna.fbcdn.net/v/t51.2885-19/s150x150/127820659_824642768319310_7165879153897687431_n.jpg?tp=1&_nc_ht=instagram.fagc2-1.fna.fbcdn.net&_nc_ohc=CTNV8o_FwLUAX9Xx07I&ccb=7-4&oh=0a4abad114825a5d0f8a75e391068c87&oe=6089C2A9&_nc_sid=9fb510",
            "username": "gurmehak_arora__"
        },
        "likes_count": 0,
        "answers": [
            {
                "id": 17890375891882307,
                "created_at": 1609913775,
                "text": "@gurmehak_arora__ check dm",
                "owner": {
                    "id": "31345321949",
                    "is_verified": false,
                    "profile_pic_url": "https://instagram.fagc2-1.fna.fbcdn.net/v/t51.2885-19/s150x150/104655610_734890267265839_7042082510067431729_n.jpg?tp=1&_nc_ht=instagram.fagc2-1.fna.fbcdn.net&_nc_ohc=Q9yxDDyzyrwAX9Xuts8&ccb=7-4&oh=d86b1b6d639825b0f55d29acf1a38f6f&oe=608866EF&_nc_sid=9fb510",
                    "username": "airpods_case_1"
                },
                "likes_count": 0
            }
        ]
    },
    {
        "id": 17966167492366033,
        "created_at": 1609912133,
        "text": "Do you have this available for air pod gen 2?",
        "owner": {
            "id": "569585499",
            "is_verified": false,
            "profile_pic_url": "https://instagram.fagc2-1.fna.fbcdn.net/v/t51.2885-19/s150x150/151088473_132538265412761_4148789233822380492_n.jpg?tp=1&_nc_ht=instagram.fagc2-1.fna.fbcdn.net&_nc_ohc=AaSRR-QAyI8AX_nCJRh&ccb=7-4&oh=a2c8a9bd9e496c363c05681db1865c95&oe=60875181&_nc_sid=9fb510",
            "username": "ash_249"
        },
        "likes_count": 0,
        "answers": []
    },
    {
        "id": 17874254246012670,
        "created_at": 1605524486,
        "text": "Price for this. Sir",
        "owner": {
            "id": "11700400769",
            "is_verified": false,
            "profile_pic_url": "https://instagram.fagc2-1.fna.fbcdn.net/v/t51.2885-19/s150x150/74522357_746847389076896_7630781885571923968_n.jpg?tp=1&_nc_ht=instagram.fagc2-1.fna.fbcdn.net&_nc_ohc=Fvl6f4MghocAX-6uTUT&ccb=7-4&oh=b4d184ae2417b3785ac9c9a1256f1a70&oe=60878890&_nc_sid=9fb510",
            "username": "ved_patel_93"
        },
        "likes_count": 0,
        "answers": [
            {
                "id": 17893512238702988,
                "created_at": 1605537908,
                "text": "@ved_patel_93 check dm",
                "owner": {
                    "id": "31345321949",
                    "is_verified": false,
                    "profile_pic_url": "https://instagram.fagc2-1.fna.fbcdn.net/v/t51.2885-19/s150x150/104655610_734890267265839_7042082510067431729_n.jpg?tp=1&_nc_ht=instagram.fagc2-1.fna.fbcdn.net&_nc_ohc=Q9yxDDyzyrwAX9Xuts8&ccb=7-4&oh=d86b1b6d639825b0f55d29acf1a38f6f&oe=608866EF&_nc_sid=9fb510",
                    "username": "airpods_case_1"
                },
                "likes_count": 0
            }
        ]
    }
]