[
    {
        "id": 17901235249772289,
        "created_at": 1616597246,
        "text": "Pp",
        "owner": {
            "id": "30963768003",
            "is_verified": false,
            "profile_pic_url": "https://instagram.fagc2-1.fna.fbcdn.net/v/t51.2885-19/s150x150/128704399_290685102362705_5739916268574776627_n.jpg?tp=1&_nc_ht=instagram.fagc2-1.fna.fbcdn.net&_nc_ohc=213Ff-r4aiAAX8DfkEp&ccb=7-4&oh=365e3d01d557bb09e193932730b0561d&oe=60866392&_nc_sid=9fb510",
            "username": "nishitha_mendraguthiiii"
        },
        "likes_count": 0,
        "answers": [
            {
                "id": 17935528702484635,
                "created_at": 1616597365,
                "text": "@nishitha_mendraguthiiii check dm",
                "owner": {
                    "id": "31345321949",
                    "is_verified": false,
                    "profile_pic_url": "https://instagram.fagc2-1.fna.fbcdn.net/v/t51.2885-19/s150x150/104655610_734890267265839_7042082510067431729_n.jpg?tp=1&_nc_ht=instagram.fagc2-1.fna.fbcdn.net&_nc_ohc=Q9yxDDyzyrwAX9Xuts8&ccb=7-4&oh=d86b1b6d639825b0f55d29acf1a38f6f&oe=608866EF&_nc_sid=9fb510",
                    "username": "airpods_case_1"
                },
                "likes_count": 0
            }
        ]
    },
    {
        "id": 17888961602043349,
        "created_at": 1616409763,
        "text": "Price",
        "owner": {
            "id": "39683404542",
            "is_verified": false,
            "profile_pic_url": "https://instagram.fagc2-1.fna.fbcdn.net/v/t51.2885-19/s150x150/139607737_419912595992301_4657106044487171054_n.jpg?tp=1&_nc_ht=instagram.fagc2-1.fna.fbcdn.net&_nc_ohc=2Tu57VpQtWcAX_S77L0&ccb=7-4&oh=ccc5dbab0c90d970da8b510a68a5543f&oe=60875EA9&_nc_sid=9fb510",
            "username": "dishasonar_15"
        },
        "likes_count": 0,
        "answers": []
    },
    {
        "id": 17943791332452568,
        "created_at": 1616075764,
        "text": "Pp",
        "owner": {
            "id": "4860219999",
            "is_verified": false,
            "profile_pic_url": "https://instagram.fcgk8-2.fna.fbcdn.net/v/t51.2885-19/44884218_345707102882519_2446069589734326272_n.jpg?_nc_ht=instagram.fcgk8-2.fna.fbcdn.net&_nc_cat=1&_nc_ohc=hLTkwc3uTqUAX-71mp6&ccb=7-4&oh=8d42e2c915417e43d49a1c8e41bf165a&oe=6087738F&_nc_sid=276363&ig_cache_key=YW5vbnltb3VzX3Byb2ZpbGVfcGlj.2-ccb7-4",
            "username": "aaditmehta"
        },
        "likes_count": 0,
        "answers": [
            {
                "id": 17912296525653290,
                "created_at": 1616083317,
                "text": "@aaditmehta check dm",
                "owner": {
                    "id": "31345321949",
                    "is_verified": false,
                    "profile_pic_url": "https://instagram.fagc2-1.fna.fbcdn.net/v/t51.2885-19/s150x150/104655610_734890267265839_7042082510067431729_n.jpg?tp=1&_nc_ht=instagram.fagc2-1.fna.fbcdn.net&_nc_ohc=Q9yxDDyzyrwAX9Xuts8&ccb=7-4&oh=d86b1b6d639825b0f55d29acf1a38f6f&oe=608866EF&_nc_sid=9fb510",
                    "username": "airpods_case_1"
                },
                "likes_count": 0
            }
        ]
    },
    {
        "id": 18142993663082345,
        "created_at": 1615738606,
        "text": "Pp",
        "owner": {
            "id": "4348520927",
            "is_verified": false,
            "profile_pic_url": "https://instagram.fagc2-1.fna.fbcdn.net/v/t51.2885-19/s150x150/161770988_1121498778274222_7015147670290740907_n.jpg?tp=1&_nc_ht=instagram.fagc2-1.fna.fbcdn.net&_nc_ohc=dbhXvrz5JgMAX-JsFN8&ccb=7-4&oh=e09cd386b3d4058ad7d9563bf3f490fc&oe=6086CE3F&_nc_sid=9fb510",
            "username": "_priyanka_kakkar"
        },
        "likes_count": 0,
        "answers": [
            {
                "id": 17911865344628802,
                "created_at": 1615739282,
                "text": "@_priyanka_kakkar check dm",
                "owner": {
                    "id": "31345321949",
                    "is_verified": false,
                    "profile_pic_url": "https://instagram.fagc2-1.fna.fbcdn.net/v/t51.2885-19/s150x150/104655610_734890267265839_7042082510067431729_n.jpg?tp=1&_nc_ht=instagram.fagc2-1.fna.fbcdn.net&_nc_ohc=Q9yxDDyzyrwAX9Xuts8&ccb=7-4&oh=d86b1b6d639825b0f55d29acf1a38f6f&oe=608866EF&_nc_sid=9fb510",
                    "username": "airpods_case_1"
                },
                "likes_count": 0
            }
        ]
    },
    {
        "id": 18096637477234182,
        "created_at": 1615474107,
        "text": "Is price for this expensive",
        "owner": {
            "id": "46279410022",
            "is_verified": false,
            "profile_pic_url": "https://instagram.fagc2-1.fna.fbcdn.net/v/t51.2885-19/s150x150/158589689_1114217602375410_5993750677430219300_n.jpg?tp=1&_nc_ht=instagram.fagc2-1.fna.fbcdn.net&_nc_ohc=tklg3FhTtEkAX8mszOX&ccb=7-4&oh=8651d6649cc37a16392c4cac9a87fea6&oe=6089CF0E&_nc_sid=9fb510",
            "username": "jana_milinkovic4"
        },
        "likes_count": 0,
        "answers": []
    },
    {
        "id": 17886937391056282,
        "created_at": 1614713195,
        "text": "Pp",
        "owner": {
            "id": "1527011893",
            "is_verified": false,
            "profile_pic_url": "https://instagram.fagc2-1.fna.fbcdn.net/v/t51.2885-19/s150x150/134979553_692121514782843_3905969309850268023_n.jpg?tp=1&_nc_ht=instagram.fagc2-1.fna.fbcdn.net&_nc_ohc=rcpxo3mO2PoAX9z6bjJ&ccb=7-4&oh=e6162098ae75f5616b7df0cf34be6636&oe=6087005E&_nc_sid=9fb510",
            "username": "pallavi.srivastava.33"
        },
        "likes_count": 0,
        "answers": [
            {
                "id": 17896211536827387,
                "created_at": 1614713234,
                "text": "@pallavi.srivastava.33 check dm",
                "owner": {
                    "id": "31345321949",
                    "is_verified": false,
                    "profile_pic_url": "https://instagram.fagc2-1.fna.fbcdn.net/v/t51.2885-19/s150x150/104655610_734890267265839_7042082510067431729_n.jpg?tp=1&_nc_ht=instagram.fagc2-1.fna.fbcdn.net&_nc_ohc=Q9yxDDyzyrwAX9Xuts8&ccb=7-4&oh=d86b1b6d639825b0f55d29acf1a38f6f&oe=608866EF&_nc_sid=9fb510",
                    "username": "airpods_case_1"
                },
                "likes_count": 0
            }
        ]
    },
    {
        "id": 17906996059673340,
        "created_at": 1613838577,
        "text": "Pp",
        "owner": {
            "id": "7818200443",
            "is_verified": false,
            "profile_pic_url": "https://instagram.fagc2-1.fna.fbcdn.net/v/t51.2885-19/s150x150/147425500_868997437009121_8183845812915542203_n.jpg?tp=1&_nc_ht=instagram.fagc2-1.fna.fbcdn.net&_nc_ohc=6KgIjpLpIi4AX9ci4o0&ccb=7-4&oh=1017463d5a5bfe74ca17c592005f2038&oe=60888848&_nc_sid=9fb510",
            "username": "neetutrehan"
        },
        "likes_count": 0,
        "answers": [
            {
                "id": 17858981189493529,
                "created_at": 1613838662,
                "text": "@neetutrehan check dm",
                "owner": {
                    "id": "31345321949",
                    "is_verified": false,
                    "profile_pic_url": "https://instagram.fagc2-1.fna.fbcdn.net/v/t51.2885-19/s150x150/104655610_734890267265839_7042082510067431729_n.jpg?tp=1&_nc_ht=instagram.fagc2-1.fna.fbcdn.net&_nc_ohc=Q9yxDDyzyrwAX9Xuts8&ccb=7-4&oh=d86b1b6d639825b0f55d29acf1a38f6f&oe=608866EF&_nc_sid=9fb510",
                    "username": "airpods_case_1"
                },
                "likes_count": 0
            }
        ]
    },
    {
        "id": 17880606440114837,
        "created_at": 1613669380,
        "text": "Pp",
        "owner": {
            "id": "1523402952",
            "is_verified": false,
            "profile_pic_url": "https://instagram.fagc2-1.fna.fbcdn.net/v/t51.2885-19/s150x150/43067434_1001996750001981_8633733384289386496_n.jpg?tp=1&_nc_ht=instagram.fagc2-1.fna.fbcdn.net&_nc_ohc=o3IXGAJLWhkAX9-Sq3l&ccb=7-4&oh=c9a7b1b1dd217b2c79836c1f15655984&oe=60880711&_nc_sid=9fb510",
            "username": "khyati92kt"
        },
        "likes_count": 0,
        "answers": [
            {
                "id": 17906094658684983,
                "created_at": 1613669502,
                "text": "@khyati92kt check dm",
                "owner": {
                    "id": "31345321949",
                    "is_verified": false,
                    "profile_pic_url": "https://instagram.fagc2-1.fna.fbcdn.net/v/t51.2885-19/s150x150/104655610_734890267265839_7042082510067431729_n.jpg?tp=1&_nc_ht=instagram.fagc2-1.fna.fbcdn.net&_nc_ohc=Q9yxDDyzyrwAX9Xuts8&ccb=7-4&oh=d86b1b6d639825b0f55d29acf1a38f6f&oe=608866EF&_nc_sid=9fb510",
                    "username": "airpods_case_1"
                },
                "likes_count": 0
            }
        ]
    },
    {
        "id": 17855850674468465,
        "created_at": 1613473201,
        "text": "Pp",
        "owner": {
            "id": "7360142817",
            "is_verified": false,
            "profile_pic_url": "https://instagram.fagc2-1.fna.fbcdn.net/v/t51.2885-19/s150x150/122711021_159746129145825_2451374369933023581_n.jpg?tp=1&_nc_ht=instagram.fagc2-1.fna.fbcdn.net&_nc_ohc=X8RkwiX2o7kAX-dp-zB&ccb=7-4&oh=2c7f13bb78171bb8e7540ed6334cd7af&oe=60873D22&_nc_sid=9fb510",
            "username": "sravani7901"
        },
        "likes_count": 0,
        "answers": [
            {
                "id": 17857362587440043,
                "created_at": 1613473360,
                "text": "@sravani7901 check dm",
                "owner": {
                    "id": "31345321949",
                    "is_verified": false,
                    "profile_pic_url": "https://instagram.fagc2-1.fna.fbcdn.net/v/t51.2885-19/s150x150/104655610_734890267265839_7042082510067431729_n.jpg?tp=1&_nc_ht=instagram.fagc2-1.fna.fbcdn.net&_nc_ohc=Q9yxDDyzyrwAX9Xuts8&ccb=7-4&oh=d86b1b6d639825b0f55d29acf1a38f6f&oe=608866EF&_nc_sid=9fb510",
                    "username": "airpods_case_1"
                },
                "likes_count": 0
            }
        ]
    },
    {
        "id": 17900342044776397,
        "created_at": 1613340476,
        "text": "\u0628\u0643\u0627\u0645",
        "owner": {
            "id": "28385604229",
            "is_verified": false,
            "profile_pic_url": "https://instagram.fagc2-1.fna.fbcdn.net/v/t51.2885-19/s150x150/159236952_467322557957366_5743550620977320102_n.jpg?tp=1&_nc_ht=instagram.fagc2-1.fna.fbcdn.net&_nc_ohc=eNHv6ulVhKMAX_N39Zv&ccb=7-4&oh=37bad4363781e72d96c961c4e3dfc27e&oe=60864669&_nc_sid=9fb510",
            "username": "hana_shawara009"
        },
        "likes_count": 1,
        "answers": []
    },
    {
        "id": 17858610662416990,
        "created_at": 1613228923,
        "text": "H.m",
        "owner": {
            "id": "28385604229",
            "is_verified": false,
            "profile_pic_url": "https://instagram.fagc2-1.fna.fbcdn.net/v/t51.2885-19/s150x150/159236952_467322557957366_5743550620977320102_n.jpg?tp=1&_nc_ht=instagram.fagc2-1.fna.fbcdn.net&_nc_ohc=eNHv6ulVhKMAX_N39Zv&ccb=7-4&oh=37bad4363781e72d96c961c4e3dfc27e&oe=60864669&_nc_sid=9fb510",
            "username": "hana_shawara009"
        },
        "likes_count": 1,
        "answers": [
            {
                "id": 17930141923491310,
                "created_at": 1613237651,
                "text": "@hana_shawara009 yes",
                "owner": {
                    "id": "31345321949",
                    "is_verified": false,
                    "profile_pic_url": "https://instagram.fagc2-1.fna.fbcdn.net/v/t51.2885-19/s150x150/104655610_734890267265839_7042082510067431729_n.jpg?tp=1&_nc_ht=instagram.fagc2-1.fna.fbcdn.net&_nc_ohc=Q9yxDDyzyrwAX9Xuts8&ccb=7-4&oh=d86b1b6d639825b0f55d29acf1a38f6f&oe=608866EF&_nc_sid=9fb510",
                    "username": "airpods_case_1"
                },
                "likes_count": 0
            },
            {
                "id": 17891316925888994,
                "created_at": 1613254000,
                "text": "@airpods_case_1 h.m",
                "owner": {
                    "id": "28385604229",
                    "is_verified": false,
                    "profile_pic_url": "https://instagram.fagc2-1.fna.fbcdn.net/v/t51.2885-19/s150x150/159236952_467322557957366_5743550620977320102_n.jpg?tp=1&_nc_ht=instagram.fagc2-1.fna.fbcdn.net&_nc_ohc=eNHv6ulVhKMAX_N39Zv&ccb=7-4&oh=37bad4363781e72d96c961c4e3dfc27e&oe=60864669&_nc_sid=9fb510",
                    "username": "hana_shawara009"
                },
                "likes_count": 0
            },
            {
                "id": 17861453444367582,
                "created_at": 1613278401,
                "text": "@hana_shawara009 yes",
                "owner": {
                    "id": "31345321949",
                    "is_verified": false,
                    "profile_pic_url": "https://instagram.fagc2-1.fna.fbcdn.net/v/t51.2885-19/s150x150/104655610_734890267265839_7042082510067431729_n.jpg?tp=1&_nc_ht=instagram.fagc2-1.fna.fbcdn.net&_nc_ohc=Q9yxDDyzyrwAX9Xuts8&ccb=7-4&oh=d86b1b6d639825b0f55d29acf1a38f6f&oe=608866EF&_nc_sid=9fb510",
                    "username": "airpods_case_1"
                },
                "likes_count": 0
            }
        ]
    },
    {
        "id": 17908215160635690,
        "created_at": 1612860184,
        "text": "17s ka",
        "owner": {
            "id": "39740817492",
            "is_verified": false,
            "profile_pic_url": "https://instagram.fagc2-1.fna.fbcdn.net/v/t51.2885-19/s150x150/164127860_429323765033088_3999317105957421777_n.jpg?tp=1&_nc_ht=instagram.fagc2-1.fna.fbcdn.net&_nc_ohc=VvAdTzWHORAAX8W_gMP&ccb=7-4&oh=4c538776c4d8339bbcd3eab3c2c54ccb&oe=60893F73&_nc_sid=9fb510",
            "username": "mohib_1789"
        },
        "likes_count": 0,
        "answers": []
    },
    {
        "id": 17876990774155652,
        "created_at": 1612860178,
        "text": "Case",
        "owner": {
            "id": "39740817492",
            "is_verified": false,
            "profile_pic_url": "https://instagram.fagc2-1.fna.fbcdn.net/v/t51.2885-19/s150x150/164127860_429323765033088_3999317105957421777_n.jpg?tp=1&_nc_ht=instagram.fagc2-1.fna.fbcdn.net&_nc_ohc=VvAdTzWHORAAX8W_gMP&ccb=7-4&oh=4c538776c4d8339bbcd3eab3c2c54ccb&oe=60893F73&_nc_sid=9fb510",
            "username": "mohib_1789"
        },
        "likes_count": 0,
        "answers": []
    },
    {
        "id": 17871482378305462,
        "created_at": 1612860171,
        "text": "Apka pass ek bhi nhi hai",
        "owner": {
            "id": "39740817492",
            "is_verified": false,
            "profile_pic_url": "https://instagram.fagc2-1.fna.fbcdn.net/v/t51.2885-19/s150x150/164127860_429323765033088_3999317105957421777_n.jpg?tp=1&_nc_ht=instagram.fagc2-1.fna.fbcdn.net&_nc_ohc=VvAdTzWHORAAX8W_gMP&ccb=7-4&oh=4c538776c4d8339bbcd3eab3c2c54ccb&oe=60893F73&_nc_sid=9fb510",
            "username": "mohib_1789"
        },
        "likes_count": 0,
        "answers": []
    },
    {
        "id": 17900114641736880,
        "created_at": 1612860018,
        "text": "Please agar ho tou bad da",
        "owner": {
            "id": "39740817492",
            "is_verified": false,
            "profile_pic_url": "https://instagram.fagc2-1.fna.fbcdn.net/v/t51.2885-19/s150x150/164127860_429323765033088_3999317105957421777_n.jpg?tp=1&_nc_ht=instagram.fagc2-1.fna.fbcdn.net&_nc_ohc=VvAdTzWHORAAX8W_gMP&ccb=7-4&oh=4c538776c4d8339bbcd3eab3c2c54ccb&oe=60893F73&_nc_sid=9fb510",
            "username": "mohib_1789"
        },
        "likes_count": 0,
        "answers": []
    },
    {
        "id": 17895275278864788,
        "created_at": 1612860002,
        "text": "Model 17s",
        "owner": {
            "id": "39740817492",
            "is_verified": false,
            "profile_pic_url": "https://instagram.fagc2-1.fna.fbcdn.net/v/t51.2885-19/s150x150/164127860_429323765033088_3999317105957421777_n.jpg?tp=1&_nc_ht=instagram.fagc2-1.fna.fbcdn.net&_nc_ohc=VvAdTzWHORAAX8W_gMP&ccb=7-4&oh=4c538776c4d8339bbcd3eab3c2c54ccb&oe=60893F73&_nc_sid=9fb510",
            "username": "mohib_1789"
        },
        "likes_count": 0,
        "answers": [
            {
                "id": 17859656480468536,
                "created_at": 1612860148,
                "text": "@mohib_1789 not available for i7s",
                "owner": {
                    "id": "31345321949",
                    "is_verified": false,
                    "profile_pic_url": "https://instagram.fagc2-1.fna.fbcdn.net/v/t51.2885-19/s150x150/104655610_734890267265839_7042082510067431729_n.jpg?tp=1&_nc_ht=instagram.fagc2-1.fna.fbcdn.net&_nc_ohc=Q9yxDDyzyrwAX9Xuts8&ccb=7-4&oh=d86b1b6d639825b0f55d29acf1a38f6f&oe=608866EF&_nc_sid=9fb510",
                    "username": "airpods_case_1"
                },
                "likes_count": 0
            }
        ]
    },
    {
        "id": 17881221740092174,
        "created_at": 1612859994,
        "text": "Aslam waliakam apka pass airpod case hn",
        "owner": {
            "id": "39740817492",
            "is_verified": false,
            "profile_pic_url": "https://instagram.fagc2-1.fna.fbcdn.net/v/t51.2885-19/s150x150/164127860_429323765033088_3999317105957421777_n.jpg?tp=1&_nc_ht=instagram.fagc2-1.fna.fbcdn.net&_nc_ohc=VvAdTzWHORAAX8W_gMP&ccb=7-4&oh=4c538776c4d8339bbcd3eab3c2c54ccb&oe=60893F73&_nc_sid=9fb510",
            "username": "mohib_1789"
        },
        "likes_count": 0,
        "answers": []
    },
    {
        "id": 17895032221865041,
        "created_at": 1612460015,
        "text": "pp",
        "owner": {
            "id": "1588854750",
            "is_verified": false,
            "profile_pic_url": "https://instagram.fagc2-1.fna.fbcdn.net/v/t51.2885-19/s150x150/155026376_1120070655087198_9143348431761000179_n.jpg?tp=1&_nc_ht=instagram.fagc2-1.fna.fbcdn.net&_nc_ohc=emo8MlN09oMAX9HbLjo&ccb=7-4&oh=907fdc66f84c651465be1e65ed3f0876&oe=6087C7FB&_nc_sid=9fb510",
            "username": "rrasleenkaur"
        },
        "likes_count": 0,
        "answers": []
    },
    {
        "id": 17887641379954147,
        "created_at": 1612198044,
        "text": "What the price for",
        "owner": {
            "id": "18525239743",
            "is_verified": false,
            "profile_pic_url": "https://instagram.fagc2-1.fna.fbcdn.net/v/t51.2885-19/s150x150/83578623_569444370320201_2396296639670124544_n.jpg?tp=1&_nc_ht=instagram.fagc2-1.fna.fbcdn.net&_nc_ohc=K7eZW4xAju8AX_B5yDA&ccb=7-4&oh=664ef68dd667f294c86be10a71ba66b7&oe=60888369&_nc_sid=9fb510",
            "username": "kedeshabrooks"
        },
        "likes_count": 0,
        "answers": [
            {
                "id": 17916053875566702,
                "created_at": 1612198217,
                "text": "@kedeshabrooks check dm",
                "owner": {
                    "id": "31345321949",
                    "is_verified": false,
                    "profile_pic_url": "https://instagram.fagc2-1.fna.fbcdn.net/v/t51.2885-19/s150x150/104655610_734890267265839_7042082510067431729_n.jpg?tp=1&_nc_ht=instagram.fagc2-1.fna.fbcdn.net&_nc_ohc=Q9yxDDyzyrwAX9Xuts8&ccb=7-4&oh=d86b1b6d639825b0f55d29acf1a38f6f&oe=608866EF&_nc_sid=9fb510",
                    "username": "airpods_case_1"
                },
                "likes_count": 0
            }
        ]
    },
    {
        "id": 18028518616288710,
        "created_at": 1611497087,
        "text": "hm",
        "owner": {
            "id": "16724595271",
            "is_verified": false,
            "profile_pic_url": "https://instagram.fagc2-1.fna.fbcdn.net/v/t51.2885-19/s150x150/136355600_2685467288372843_250352379639341685_n.jpg?tp=1&_nc_ht=instagram.fagc2-1.fna.fbcdn.net&_nc_ohc=0yHymN55hZkAX-cHUIn&ccb=7-4&oh=dfb7aedd073d7c8cec274e172b17861d&oe=6086CEFD&_nc_sid=9fb510",
            "username": "nona_wael_sadek"
        },
        "likes_count": 0,
        "answers": []
    },
    {
        "id": 17857281545483828,
        "created_at": 1611393217,
        "text": "Pp",
        "owner": {
            "id": "4349594907",
            "is_verified": false,
            "profile_pic_url": "https://instagram.fagc2-1.fna.fbcdn.net/v/t51.2885-19/s150x150/121963924_810760489758734_2200514348600868584_n.jpg?tp=1&_nc_ht=instagram.fagc2-1.fna.fbcdn.net&_nc_ohc=30U5qVO7UugAX-i9Y9o&ccb=7-4&oh=2d98fffa4243cbe57b888cfc64ff8523&oe=6089F24C&_nc_sid=9fb510",
            "username": "harman_komal"
        },
        "likes_count": 0,
        "answers": [
            {
                "id": 17979920353339249,
                "created_at": 1611393367,
                "text": "@harman_komal check dm",
                "owner": {
                    "id": "31345321949",
                    "is_verified": false,
                    "profile_pic_url": "https://instagram.fagc2-1.fna.fbcdn.net/v/t51.2885-19/s150x150/104655610_734890267265839_7042082510067431729_n.jpg?tp=1&_nc_ht=instagram.fagc2-1.fna.fbcdn.net&_nc_ohc=Q9yxDDyzyrwAX9Xuts8&ccb=7-4&oh=d86b1b6d639825b0f55d29acf1a38f6f&oe=608866EF&_nc_sid=9fb510",
                    "username": "airpods_case_1"
                },
                "likes_count": 0
            }
        ]
    },
    {
        "id": 17897844712778844,
        "created_at": 1611341448,
        "text": "Price",
        "owner": {
            "id": "40202182825",
            "is_verified": false,
            "profile_pic_url": "https://instagram.fagc2-1.fna.fbcdn.net/v/t51.2885-19/s150x150/117971313_111845043966584_8717994223254468203_n.jpg?tp=1&_nc_ht=instagram.fagc2-1.fna.fbcdn.net&_nc_ohc=fetdPJwrUJsAX8QrXLF&ccb=7-4&oh=167fbdf9ffc6695931de0f3c162115ff&oe=60874F56&_nc_sid=9fb510",
            "username": "prepared.dishes"
        },
        "likes_count": 0,
        "answers": []
    },
    {
        "id": 17895706042760712,
        "created_at": 1611252507,
        "text": "how much",
        "owner": {
            "id": "42728838982",
            "is_verified": false,
            "profile_pic_url": "https://instagram.fagc2-1.fna.fbcdn.net/v/t51.2885-19/s150x150/119984653_158980159203655_3459640858440625277_n.jpg?tp=1&_nc_ht=instagram.fagc2-1.fna.fbcdn.net&_nc_ohc=eZpz6CBsMZQAX9chTLz&ccb=7-4&oh=57846be6f405e7f4b3d2b6c1ff519c44&oe=60877BBD&_nc_sid=9fb510",
            "username": "mohammed.rouh"
        },
        "likes_count": 0,
        "answers": [
            {
                "id": 17943109450429168,
                "created_at": 1611254476,
                "text": "@mohammed.rouh check dm",
                "owner": {
                    "id": "31345321949",
                    "is_verified": false,
                    "profile_pic_url": "https://instagram.fagc2-1.fna.fbcdn.net/v/t51.2885-19/s150x150/104655610_734890267265839_7042082510067431729_n.jpg?tp=1&_nc_ht=instagram.fagc2-1.fna.fbcdn.net&_nc_ohc=Q9yxDDyzyrwAX9Xuts8&ccb=7-4&oh=d86b1b6d639825b0f55d29acf1a38f6f&oe=608866EF&_nc_sid=9fb510",
                    "username": "airpods_case_1"
                },
                "likes_count": 0
            }
        ]
    },
    {
        "id": 17882990693020145,
        "created_at": 1610896454,
        "text": "Pp",
        "owner": {
            "id": "2288407378",
            "is_verified": false,
            "profile_pic_url": "https://instagram.fagc2-1.fna.fbcdn.net/v/t51.2885-19/s150x150/18011330_1819170131743299_3551788020778663936_a.jpg?tp=1&_nc_ht=instagram.fagc2-1.fna.fbcdn.net&_nc_ohc=q1ugI5iRKPwAX8brpyf&ccb=7-4&oh=831b6d5e20700e58b3d9fa0f4606f261&oe=6086CC29&_nc_sid=9fb510",
            "username": "rt_1217"
        },
        "likes_count": 0,
        "answers": []
    },
    {
        "id": 17869350464260483,
        "created_at": 1610891247,
        "text": "Price",
        "owner": {
            "id": "2633260144",
            "is_verified": false,
            "profile_pic_url": "https://instagram.fagc2-1.fna.fbcdn.net/v/t51.2885-19/s150x150/155226528_341437953837090_3166512748820002320_n.jpg?tp=1&_nc_ht=instagram.fagc2-1.fna.fbcdn.net&_nc_ohc=d4keOu6urAQAX_FarVB&ccb=7-4&oh=6ca76ac2c3e7b0e4cc262c7022ff83a8&oe=6088C404&_nc_sid=9fb510",
            "username": "parminder_singhg"
        },
        "likes_count": 0,
        "answers": [
            {
                "id": 17861346452365765,
                "created_at": 1610900194,
                "text": "@parminder_singhg check dm",
                "owner": {
                    "id": "31345321949",
                    "is_verified": false,
                    "profile_pic_url": "https://instagram.fagc2-1.fna.fbcdn.net/v/t51.2885-19/s150x150/104655610_734890267265839_7042082510067431729_n.jpg?tp=1&_nc_ht=instagram.fagc2-1.fna.fbcdn.net&_nc_ohc=Q9yxDDyzyrwAX9Xuts8&ccb=7-4&oh=d86b1b6d639825b0f55d29acf1a38f6f&oe=608866EF&_nc_sid=9fb510",
                    "username": "airpods_case_1"
                },
                "likes_count": 0
            }
        ]
    },
    {
        "id": 18144782119127645,
        "created_at": 1610559840,
        "text": "Precio?",
        "owner": {
            "id": "5646105742",
            "is_verified": false,
            "profile_pic_url": "https://instagram.fagc2-1.fna.fbcdn.net/v/t51.2885-19/s150x150/150607721_418824709421854_933300674904380490_n.jpg?tp=1&_nc_ht=instagram.fagc2-1.fna.fbcdn.net&_nc_ohc=CkBZ0-sE_u0AX80kmSS&ccb=7-4&oh=56e977655ab4e22fdfc4d457cec008cf&oe=608726F9&_nc_sid=9fb510",
            "username": "nayeli_camila_25"
        },
        "likes_count": 0,
        "answers": [
            {
                "id": 17897084044747339,
                "created_at": 1610563908,
                "text": "@nayeli_camila_25 what",
                "owner": {
                    "id": "31345321949",
                    "is_verified": false,
                    "profile_pic_url": "https://instagram.fagc2-1.fna.fbcdn.net/v/t51.2885-19/s150x150/104655610_734890267265839_7042082510067431729_n.jpg?tp=1&_nc_ht=instagram.fagc2-1.fna.fbcdn.net&_nc_ohc=Q9yxDDyzyrwAX9Xuts8&ccb=7-4&oh=d86b1b6d639825b0f55d29acf1a38f6f&oe=608866EF&_nc_sid=9fb510",
                    "username": "airpods_case_1"
                },
                "likes_count": 0
            }
        ]
    },
    {
        "id": 17904684418644685,
        "created_at": 1609911920,
        "text": "Hi is this available for purchase?",
        "owner": {
            "id": "569585499",
            "is_verified": false,
            "profile_pic_url": "https://instagram.fagc2-1.fna.fbcdn.net/v/t51.2885-19/s150x150/151088473_132538265412761_4148789233822380492_n.jpg?tp=1&_nc_ht=instagram.fagc2-1.fna.fbcdn.net&_nc_ohc=AaSRR-QAyI8AX_nCJRh&ccb=7-4&oh=a2c8a9bd9e496c363c05681db1865c95&oe=60875181&_nc_sid=9fb510",
            "username": "ash_249"
        },
        "likes_count": 0,
        "answers": [
            {
                "id": 17855527982389734,
                "created_at": 1609913758,
                "text": "@ash_249 yesss",
                "owner": {
                    "id": "31345321949",
                    "is_verified": false,
                    "profile_pic_url": "https://instagram.fagc2-1.fna.fbcdn.net/v/t51.2885-19/s150x150/104655610_734890267265839_7042082510067431729_n.jpg?tp=1&_nc_ht=instagram.fagc2-1.fna.fbcdn.net&_nc_ohc=Q9yxDDyzyrwAX9Xuts8&ccb=7-4&oh=d86b1b6d639825b0f55d29acf1a38f6f&oe=608866EF&_nc_sid=9fb510",
                    "username": "airpods_case_1"
                },
                "likes_count": 0
            }
        ]
    },
    {
        "id": 17868637094241968,
        "created_at": 1609644280,
        "text": "Pp",
        "owner": {
            "id": "31336782383",
            "is_verified": false,
            "profile_pic_url": "https://instagram.fagc2-1.fna.fbcdn.net/v/t51.2885-19/s150x150/162341890_1791836754317373_5037826270801679267_n.jpg?tp=1&_nc_ht=instagram.fagc2-1.fna.fbcdn.net&_nc_ohc=9DvVpQLPw94AX_i49Rd&ccb=7-4&oh=7b31e3b2b22035ab09a43b9a1fb08a01&oe=608636CC&_nc_sid=9fb510",
            "username": "maryam_salam05"
        },
        "likes_count": 1,
        "answers": [
            {
                "id": 17980931572331426,
                "created_at": 1609651010,
                "text": "@maryam_salam05 check dm",
                "owner": {
                    "id": "31345321949",
                    "is_verified": false,
                    "profile_pic_url": "https://instagram.fagc2-1.fna.fbcdn.net/v/t51.2885-19/s150x150/104655610_734890267265839_7042082510067431729_n.jpg?tp=1&_nc_ht=instagram.fagc2-1.fna.fbcdn.net&_nc_ohc=Q9yxDDyzyrwAX9Xuts8&ccb=7-4&oh=d86b1b6d639825b0f55d29acf1a38f6f&oe=608866EF&_nc_sid=9fb510",
                    "username": "airpods_case_1"
                },
                "likes_count": 1
            }
        ]
    },
    {
        "id": 17858065703353195,
        "created_at": 1608986454,
        "text": "Available",
        "owner": {
            "id": "44650141690",
            "is_verified": false,
            "profile_pic_url": "https://instagram.fagc2-1.fna.fbcdn.net/v/t51.2885-19/s150x150/149370648_466261094532529_6694557631789710234_n.jpg?tp=1&_nc_ht=instagram.fagc2-1.fna.fbcdn.net&_nc_ohc=VIfFAP9DRfwAX8FjN_g&ccb=7-4&oh=5f06b6151876185dc23f2e8251fbc56b&oe=6086DDE6&_nc_sid=9fb510",
            "username": "692malak"
        },
        "likes_count": 0,
        "answers": []
    },
    {
        "id": 17895169873739126,
        "created_at": 1608581398,
        "text": "Prize yooo",
        "owner": {
            "id": "9050109654",
            "is_verified": false,
            "profile_pic_url": "https://instagram.fagc2-1.fna.fbcdn.net/v/t51.2885-19/s150x150/162873473_324278872362170_7092265819830646092_n.jpg?tp=1&_nc_ht=instagram.fagc2-1.fna.fbcdn.net&_nc_ohc=YxpKY0Bra-QAX91lfPU&ccb=7-4&oh=56bd224825c5393067b70d9d999771df&oe=60898DB2&_nc_sid=9fb510",
            "username": "meeroo__khalid"
        },
        "likes_count": 0,
        "answers": []
    }
]