[
    {
        "id": 17853671147431746,
        "created_at": 1608787652,
        "text": "Which price Nd cash on delivery",
        "owner": {
            "id": "9911118549",
            "is_verified": false,
            "profile_pic_url": "https://scontent-pmo1-1.cdninstagram.com/v/t51.2885-19/44884218_345707102882519_2446069589734326272_n.jpg?_nc_ht=scontent-pmo1-1.cdninstagram.com&_nc_ohc=hLTkwc3uTqUAX9E1aTb&ccb=7-4&oh=e59e8a674fb492162559df45e3a7dae5&oe=6087738F&_nc_sid=a9513d&ig_cache_key=YW5vbnltb3VzX3Byb2ZpbGVfcGlj.2-ccb7-4",
            "username": "queen6899899"
        },
        "likes_count": 0,
        "answers": [
            {
                "id": 17902094836650360,
                "created_at": 1608795651,
                "text": "@queen6899899 check dm",
                "owner": {
                    "id": "31345321949",
                    "is_verified": false,
                    "profile_pic_url": "https://instagram.fagc2-1.fna.fbcdn.net/v/t51.2885-19/s150x150/104655610_734890267265839_7042082510067431729_n.jpg?tp=1&_nc_ht=instagram.fagc2-1.fna.fbcdn.net&_nc_ohc=Q9yxDDyzyrwAX9Xuts8&ccb=7-4&oh=d86b1b6d639825b0f55d29acf1a38f6f&oe=608866EF&_nc_sid=9fb510",
                    "username": "airpods_case_1"
                },
                "likes_count": 0
            }
        ]
    },
    {
        "id": 17906310091608300,
        "created_at": 1608787639,
        "text": "Hlo",
        "owner": {
            "id": "9911118549",
            "is_verified": false,
            "profile_pic_url": "https://scontent-pmo1-1.cdninstagram.com/v/t51.2885-19/44884218_345707102882519_2446069589734326272_n.jpg?_nc_ht=scontent-pmo1-1.cdninstagram.com&_nc_ohc=hLTkwc3uTqUAX9E1aTb&ccb=7-4&oh=e59e8a674fb492162559df45e3a7dae5&oe=6087738F&_nc_sid=a9513d&ig_cache_key=YW5vbnltb3VzX3Byb2ZpbGVfcGlj.2-ccb7-4",
            "username": "queen6899899"
        },
        "likes_count": 0,
        "answers": []
    },
    {
        "id": 17870706011120259,
        "created_at": 1607439810,
        "text": "Price..? 4th",
        "owner": {
            "id": "39511617091",
            "is_verified": false,
            "profile_pic_url": "https://instagram.fagc2-1.fna.fbcdn.net/v/t51.2885-19/s150x150/120406173_131040618730528_5853408211504597156_n.jpg?tp=1&_nc_ht=instagram.fagc2-1.fna.fbcdn.net&_nc_ohc=iawfyCioStMAX8dnSwZ&ccb=7-4&oh=f5d9fca378a0c69c9ce96f967989609c&oe=60892816&_nc_sid=9fb510",
            "username": "_sangeeta26_"
        },
        "likes_count": 0,
        "answers": [
            {
                "id": 17862850187259918,
                "created_at": 1607443885,
                "text": "@itz_sangeeta_26 check dm",
                "owner": {
                    "id": "31345321949",
                    "is_verified": false,
                    "profile_pic_url": "https://instagram.fagc2-1.fna.fbcdn.net/v/t51.2885-19/s150x150/104655610_734890267265839_7042082510067431729_n.jpg?tp=1&_nc_ht=instagram.fagc2-1.fna.fbcdn.net&_nc_ohc=Q9yxDDyzyrwAX9Xuts8&ccb=7-4&oh=d86b1b6d639825b0f55d29acf1a38f6f&oe=608866EF&_nc_sid=9fb510",
                    "username": "airpods_case_1"
                },
                "likes_count": 0
            }
        ]
    }
]