[
    {
        "id": 17873171867253163,
        "created_at": 1614154836,
        "text": "Price",
        "owner": {
            "id": "3019567685",
            "is_verified": false,
            "profile_pic_url": "https://instagram.fagc2-1.fna.fbcdn.net/v/t51.2885-19/s150x150/75306181_466781814031859_210483505224744960_n.jpg?tp=1&_nc_ht=instagram.fagc2-1.fna.fbcdn.net&_nc_ohc=UqwE7e9hhmQAX8JUU0R&ccb=7-4&oh=792daf690249e369445dfe8e6bb6b14f&oe=6086A6F7&_nc_sid=9fb510",
            "username": "bhaveshpatil_97"
        },
        "likes_count": 0,
        "answers": []
    },
    {
        "id": 17918362822565118,
        "created_at": 1613959451,
        "text": "Price",
        "owner": {
            "id": "633200435",
            "is_verified": false,
            "profile_pic_url": "https://instagram.fagc2-1.fna.fbcdn.net/v/t51.2885-19/s150x150/27575967_428473110937786_8026357702202490880_n.jpg?tp=1&_nc_ht=instagram.fagc2-1.fna.fbcdn.net&_nc_ohc=ctt8PzisTCgAX_TOPd-&ccb=7-4&oh=eeb659f7881e0c56bbd6dce88af9469f&oe=6088C3C4&_nc_sid=9fb510",
            "username": "myrul_akym"
        },
        "likes_count": 0,
        "answers": [
            {
                "id": 17960919280390424,
                "created_at": 1613962804,
                "text": "@myrul_akym check dm",
                "owner": {
                    "id": "31345321949",
                    "is_verified": false,
                    "profile_pic_url": "https://instagram.fagc2-1.fna.fbcdn.net/v/t51.2885-19/s150x150/104655610_734890267265839_7042082510067431729_n.jpg?tp=1&_nc_ht=instagram.fagc2-1.fna.fbcdn.net&_nc_ohc=Q9yxDDyzyrwAX9Xuts8&ccb=7-4&oh=d86b1b6d639825b0f55d29acf1a38f6f&oe=608866EF&_nc_sid=9fb510",
                    "username": "airpods_case_1"
                },
                "likes_count": 0
            }
        ]
    },
    {
        "id": 17907748915655328,
        "created_at": 1613196768,
        "text": "airpods pro price?",
        "owner": {
            "id": "10018802056",
            "is_verified": false,
            "profile_pic_url": "https://instagram.fagc2-1.fna.fbcdn.net/v/t51.2885-19/s150x150/155244538_189052953022158_3088221362122619880_n.jpg?tp=1&_nc_ht=instagram.fagc2-1.fna.fbcdn.net&_nc_ohc=pU8zW0CdRw4AX-NAKHe&ccb=7-4&oh=4e8fa2f06cd92a2c04f8a5b2fd266dad&oe=6089532E&_nc_sid=9fb510",
            "username": "carlosdneil"
        },
        "likes_count": 0,
        "answers": [
            {
                "id": 17897090881787027,
                "created_at": 1613205354,
                "text": "@carlosdneil check dm",
                "owner": {
                    "id": "31345321949",
                    "is_verified": false,
                    "profile_pic_url": "https://instagram.fagc2-1.fna.fbcdn.net/v/t51.2885-19/s150x150/104655610_734890267265839_7042082510067431729_n.jpg?tp=1&_nc_ht=instagram.fagc2-1.fna.fbcdn.net&_nc_ohc=Q9yxDDyzyrwAX9Xuts8&ccb=7-4&oh=d86b1b6d639825b0f55d29acf1a38f6f&oe=608866EF&_nc_sid=9fb510",
                    "username": "airpods_case_1"
                },
                "likes_count": 0
            }
        ]
    },
    {
        "id": 18137411266087611,
        "created_at": 1611729759,
        "text": "Hm",
        "owner": {
            "id": "977741272",
            "is_verified": false,
            "profile_pic_url": "https://instagram.fagc2-1.fna.fbcdn.net/v/t51.2885-19/s150x150/130354492_190591862726090_5719613699286284102_n.jpg?tp=1&_nc_ht=instagram.fagc2-1.fna.fbcdn.net&_nc_ohc=lKBINj5cB8kAX8Swhrs&ccb=7-4&oh=e2164a0c6608be08a22ddeb3eb4b1438&oe=6086DD19&_nc_sid=9fb510",
            "username": "aynour_dawood"
        },
        "likes_count": 0,
        "answers": [
            {
                "id": 18161064199103757,
                "created_at": 1611739333,
                "text": "@aynour_dawood yes?",
                "owner": {
                    "id": "31345321949",
                    "is_verified": false,
                    "profile_pic_url": "https://instagram.fagc2-1.fna.fbcdn.net/v/t51.2885-19/s150x150/104655610_734890267265839_7042082510067431729_n.jpg?tp=1&_nc_ht=instagram.fagc2-1.fna.fbcdn.net&_nc_ohc=Q9yxDDyzyrwAX9Xuts8&ccb=7-4&oh=d86b1b6d639825b0f55d29acf1a38f6f&oe=608866EF&_nc_sid=9fb510",
                    "username": "airpods_case_1"
                },
                "likes_count": 0
            }
        ]
    },
    {
        "id": 17929845244474907,
        "created_at": 1610409701,
        "text": "Pp?",
        "owner": {
            "id": "3499189621",
            "is_verified": false,
            "profile_pic_url": "https://instagram.fagc2-1.fna.fbcdn.net/v/t51.2885-19/s150x150/164047057_2832138697000633_2977246802368018222_n.jpg?tp=1&_nc_ht=instagram.fagc2-1.fna.fbcdn.net&_nc_ohc=HN8x5-dw-DUAX-UZfIK&ccb=7-4&oh=d326d66f4e44d553eb4013958278c21a&oe=6089C1CB&_nc_sid=9fb510",
            "username": "ramsha.asad29"
        },
        "likes_count": 0,
        "answers": [
            {
                "id": 17883800032991876,
                "created_at": 1610424069,
                "text": "@ramsha.asad29 check dm",
                "owner": {
                    "id": "31345321949",
                    "is_verified": false,
                    "profile_pic_url": "https://instagram.fagc2-1.fna.fbcdn.net/v/t51.2885-19/s150x150/104655610_734890267265839_7042082510067431729_n.jpg?tp=1&_nc_ht=instagram.fagc2-1.fna.fbcdn.net&_nc_ohc=Q9yxDDyzyrwAX9Xuts8&ccb=7-4&oh=d86b1b6d639825b0f55d29acf1a38f6f&oe=608866EF&_nc_sid=9fb510",
                    "username": "airpods_case_1"
                },
                "likes_count": 0
            }
        ]
    },
    {
        "id": 18123411667198597,
        "created_at": 1609851954,
        "text": "Price \u092a\u094d\u0932\u0940\u091c\u093c",
        "owner": {
            "id": "2167199231",
            "is_verified": false,
            "profile_pic_url": "https://instagram.fagc2-1.fna.fbcdn.net/v/t51.2885-19/s150x150/35001695_222617865018406_6832410850372878336_n.jpg?tp=1&_nc_ht=instagram.fagc2-1.fna.fbcdn.net&_nc_ohc=jr72hqORP6gAX9r2exW&ccb=7-4&oh=9d20321018968bcfd45bb50680d2b1e1&oe=60863D06&_nc_sid=9fb510",
            "username": "ranjanimesh"
        },
        "likes_count": 0,
        "answers": [
            {
                "id": 17884419130913869,
                "created_at": 1609861707,
                "text": "@ranjanimesh check dm",
                "owner": {
                    "id": "31345321949",
                    "is_verified": false,
                    "profile_pic_url": "https://instagram.fagc2-1.fna.fbcdn.net/v/t51.2885-19/s150x150/104655610_734890267265839_7042082510067431729_n.jpg?tp=1&_nc_ht=instagram.fagc2-1.fna.fbcdn.net&_nc_ohc=Q9yxDDyzyrwAX9Xuts8&ccb=7-4&oh=d86b1b6d639825b0f55d29acf1a38f6f&oe=608866EF&_nc_sid=9fb510",
                    "username": "airpods_case_1"
                },
                "likes_count": 0
            }
        ]
    },
    {
        "id": 18124527322160576,
        "created_at": 1609801468,
        "text": "Hm",
        "owner": {
            "id": "36980226158",
            "is_verified": false,
            "profile_pic_url": "https://instagram.fagc2-1.fna.fbcdn.net/v/t51.2885-19/s150x150/156979721_281098976718497_4082789832400308757_n.jpg?tp=1&_nc_ht=instagram.fagc2-1.fna.fbcdn.net&_nc_ohc=jk0ZVcbf2AkAX_Sx7IS&ccb=7-4&oh=75d973aa98072bd67bd0f6e2b7e65632&oe=608855DA&_nc_sid=9fb510",
            "username": "aliahassan30"
        },
        "likes_count": 0,
        "answers": [
            {
                "id": 17857582391353013,
                "created_at": 1609820305,
                "text": "@aliahassan30 check dm",
                "owner": {
                    "id": "31345321949",
                    "is_verified": false,
                    "profile_pic_url": "https://instagram.fagc2-1.fna.fbcdn.net/v/t51.2885-19/s150x150/104655610_734890267265839_7042082510067431729_n.jpg?tp=1&_nc_ht=instagram.fagc2-1.fna.fbcdn.net&_nc_ohc=Q9yxDDyzyrwAX9Xuts8&ccb=7-4&oh=d86b1b6d639825b0f55d29acf1a38f6f&oe=608866EF&_nc_sid=9fb510",
                    "username": "airpods_case_1"
                },
                "likes_count": 0
            }
        ]
    },
    {
        "id": 17875163627084048,
        "created_at": 1608798486,
        "text": "What\u2019s the price?",
        "owner": {
            "id": "1685365514",
            "is_verified": false,
            "profile_pic_url": "https://instagram.fagc2-1.fna.fbcdn.net/v/t51.2885-19/s150x150/162112519_198756475379117_3776231431181885892_n.jpg?tp=1&_nc_ht=instagram.fagc2-1.fna.fbcdn.net&_nc_ohc=iGx70q3EXTwAX_0VEmY&ccb=7-4&oh=531375fa65400189e5f62bc66cc5a9c7&oe=60898D28&_nc_sid=9fb510",
            "username": "evi_tsouramani"
        },
        "likes_count": 0,
        "answers": []
    },
    {
        "id": 17879107810945233,
        "created_at": 1606234392,
        "text": "Pp",
        "owner": {
            "id": "1194928861",
            "is_verified": false,
            "profile_pic_url": "https://instagram.fagc2-1.fna.fbcdn.net/v/t51.2885-19/s150x150/91442558_1096305174101413_6461660803706650624_n.jpg?tp=1&_nc_ht=instagram.fagc2-1.fna.fbcdn.net&_nc_ohc=RBQQVS5S1YAAX_bLCxM&ccb=7-4&oh=57a773e8e7e42db9dc86f9bb60830eeb&oe=6086C973&_nc_sid=9fb510",
            "username": "abhinav_shokeen"
        },
        "likes_count": 0,
        "answers": [
            {
                "id": 17929502758451879,
                "created_at": 1606234908,
                "text": "@abhinav_shokeen check dm",
                "owner": {
                    "id": "31345321949",
                    "is_verified": false,
                    "profile_pic_url": "https://instagram.fagc2-1.fna.fbcdn.net/v/t51.2885-19/s150x150/104655610_734890267265839_7042082510067431729_n.jpg?tp=1&_nc_ht=instagram.fagc2-1.fna.fbcdn.net&_nc_ohc=Q9yxDDyzyrwAX9Xuts8&ccb=7-4&oh=d86b1b6d639825b0f55d29acf1a38f6f&oe=608866EF&_nc_sid=9fb510",
                    "username": "airpods_case_1"
                },
                "likes_count": 0
            }
        ]
    },
    {
        "id": 17892409921669423,
        "created_at": 1602916663,
        "text": "Pp",
        "owner": {
            "id": "1470116064",
            "is_verified": false,
            "profile_pic_url": "https://instagram.fagc2-1.fna.fbcdn.net/v/t51.2885-19/s150x150/135645655_253007079575033_988910409980482865_n.jpg?tp=1&_nc_ht=instagram.fagc2-1.fna.fbcdn.net&_nc_ohc=roFcS4JYr8IAX-8y8ma&ccb=7-4&oh=bfdc423e875b7f8ddab663394d7c9aeb&oe=608827AA&_nc_sid=9fb510",
            "username": "madhushriomkumar"
        },
        "likes_count": 0,
        "answers": [
            {
                "id": 17847718343381607,
                "created_at": 1602917902,
                "text": "@madhushriomkumar check dm",
                "owner": {
                    "id": "31345321949",
                    "is_verified": false,
                    "profile_pic_url": "https://instagram.fagc2-1.fna.fbcdn.net/v/t51.2885-19/s150x150/104655610_734890267265839_7042082510067431729_n.jpg?tp=1&_nc_ht=instagram.fagc2-1.fna.fbcdn.net&_nc_ohc=Q9yxDDyzyrwAX9Xuts8&ccb=7-4&oh=d86b1b6d639825b0f55d29acf1a38f6f&oe=608866EF&_nc_sid=9fb510",
                    "username": "airpods_case_1"
                },
                "likes_count": 0
            }
        ]
    },
    {
        "id": 17853951710278587,
        "created_at": 1602752338,
        "text": "Pp",
        "owner": {
            "id": "21846639975",
            "is_verified": false,
            "profile_pic_url": "https://instagram.fagc2-1.fna.fbcdn.net/v/t51.2885-19/s150x150/70730025_411795079537945_6185824663789109248_n.jpg?tp=1&_nc_ht=instagram.fagc2-1.fna.fbcdn.net&_nc_ohc=Bk42kh5XypUAX_IzihH&ccb=7-4&oh=d3700d22c3f4722bb67dfb3f2ea256b5&oe=6086BFF3&_nc_sid=9fb510",
            "username": "stalkem09"
        },
        "likes_count": 0,
        "answers": []
    },
    {
        "id": 17924005702450765,
        "created_at": 1601989530,
        "text": "Price",
        "owner": {
            "id": "391001623",
            "is_verified": false,
            "profile_pic_url": "https://instagram.fagc2-1.fna.fbcdn.net/v/t51.2885-19/s150x150/126156143_700619904193360_7777823026218423542_n.jpg?tp=1&_nc_ht=instagram.fagc2-1.fna.fbcdn.net&_nc_ohc=3yrOLsDHHo8AX8-riB8&ccb=7-4&oh=e12449db6769e18328618c93b8d9098b&oe=60879CE5&_nc_sid=9fb510",
            "username": "dhankanirohit"
        },
        "likes_count": 0,
        "answers": [
            {
                "id": 17958157561349481,
                "created_at": 1601989775,
                "text": "@dhankanirohit check dm",
                "owner": {
                    "id": "31345321949",
                    "is_verified": false,
                    "profile_pic_url": "https://instagram.fagc2-1.fna.fbcdn.net/v/t51.2885-19/s150x150/104655610_734890267265839_7042082510067431729_n.jpg?tp=1&_nc_ht=instagram.fagc2-1.fna.fbcdn.net&_nc_ohc=Q9yxDDyzyrwAX9Xuts8&ccb=7-4&oh=d86b1b6d639825b0f55d29acf1a38f6f&oe=608866EF&_nc_sid=9fb510",
                    "username": "airpods_case_1"
                },
                "likes_count": 0
            }
        ]
    }
]