[
    {
        "id": 17911213342675142,
        "created_at": 1616696840,
        "text": "Price?",
        "owner": {
            "id": "1559455690",
            "is_verified": false,
            "profile_pic_url": "https://instagram.fagc2-1.fna.fbcdn.net/v/t51.2885-19/s150x150/83822798_492366091428831_8859310461154230272_n.jpg?tp=1&_nc_ht=instagram.fagc2-1.fna.fbcdn.net&_nc_ohc=N_Je0ekY36QAX8Zobk1&ccb=7-4&oh=6a054fb567e36101735dfb3399b0cffc&oe=608835FF&_nc_sid=9fb510",
            "username": "shreyanssurana15"
        },
        "likes_count": 0,
        "answers": []
    },
    {
        "id": 17927342239502741,
        "created_at": 1616660392,
        "text": "Pp?",
        "owner": {
            "id": "12002564248",
            "is_verified": false,
            "profile_pic_url": "https://instagram.fagc2-1.fna.fbcdn.net/v/t51.2885-19/s150x150/158438413_345851246726122_8227883237081149597_n.jpg?tp=1&_nc_ht=instagram.fagc2-1.fna.fbcdn.net&_nc_ohc=_uJOKdKxnMsAX9S3th5&ccb=7-4&oh=26bc39d6857e80a3be190cdde52e54e7&oe=6087EB27&_nc_sid=9fb510",
            "username": "rehmat_khuranaa"
        },
        "likes_count": 0,
        "answers": [
            {
                "id": 17891998673002361,
                "created_at": 1616669010,
                "text": "@rehmat_khuranaa check dm",
                "owner": {
                    "id": "31345321949",
                    "is_verified": false,
                    "profile_pic_url": "https://instagram.fagc2-1.fna.fbcdn.net/v/t51.2885-19/s150x150/104655610_734890267265839_7042082510067431729_n.jpg?tp=1&_nc_ht=instagram.fagc2-1.fna.fbcdn.net&_nc_ohc=Q9yxDDyzyrwAX9Xuts8&ccb=7-4&oh=d86b1b6d639825b0f55d29acf1a38f6f&oe=608866EF&_nc_sid=9fb510",
                    "username": "airpods_case_1"
                },
                "likes_count": 0
            }
        ]
    },
    {
        "id": 17888024881913003,
        "created_at": 1612777620,
        "text": "How much b?",
        "owner": {
            "id": "4024567917",
            "is_verified": false,
            "profile_pic_url": "https://instagram.fagc2-1.fna.fbcdn.net/v/t51.2885-19/s150x150/159962648_152954030014407_7252892038142946263_n.jpg?tp=1&_nc_ht=instagram.fagc2-1.fna.fbcdn.net&_nc_ohc=DFdejuIYwxEAX-Xgs_E&ccb=7-4&oh=1e0bfa1ee77c3965b68a2a71254ecc61&oe=608836B8&_nc_sid=9fb510",
            "username": "vathana_sorn"
        },
        "likes_count": 0,
        "answers": [
            {
                "id": 18155987833113093,
                "created_at": 1612778134,
                "text": "@vathana_sorn check dm",
                "owner": {
                    "id": "31345321949",
                    "is_verified": false,
                    "profile_pic_url": "https://instagram.fagc2-1.fna.fbcdn.net/v/t51.2885-19/s150x150/104655610_734890267265839_7042082510067431729_n.jpg?tp=1&_nc_ht=instagram.fagc2-1.fna.fbcdn.net&_nc_ohc=Q9yxDDyzyrwAX9Xuts8&ccb=7-4&oh=d86b1b6d639825b0f55d29acf1a38f6f&oe=608866EF&_nc_sid=9fb510",
                    "username": "airpods_case_1"
                },
                "likes_count": 0
            }
        ]
    },
    {
        "id": 17860194695382566,
        "created_at": 1610778467,
        "text": "Pp? @airpods_case_1",
        "owner": {
            "id": "11125561457",
            "is_verified": false,
            "profile_pic_url": "https://instagram.fagc2-1.fna.fbcdn.net/v/t51.2885-19/s150x150/67532526_2308562169192801_2940547838787977216_n.jpg?tp=1&_nc_ht=instagram.fagc2-1.fna.fbcdn.net&_nc_ohc=vd6zaru-7YAAX9KXmW-&ccb=7-4&oh=8d360b1cf9f74ce7564aafe0ccaad0d1&oe=6088D438&_nc_sid=9fb510",
            "username": "kp053989"
        },
        "likes_count": 0,
        "answers": [
            {
                "id": 17857313723464564,
                "created_at": 1610778651,
                "text": "@kp053989 check dm",
                "owner": {
                    "id": "31345321949",
                    "is_verified": false,
                    "profile_pic_url": "https://instagram.fagc2-1.fna.fbcdn.net/v/t51.2885-19/s150x150/104655610_734890267265839_7042082510067431729_n.jpg?tp=1&_nc_ht=instagram.fagc2-1.fna.fbcdn.net&_nc_ohc=Q9yxDDyzyrwAX9Xuts8&ccb=7-4&oh=d86b1b6d639825b0f55d29acf1a38f6f&oe=608866EF&_nc_sid=9fb510",
                    "username": "airpods_case_1"
                },
                "likes_count": 0
            }
        ]
    },
    {
        "id": 17962873873373827,
        "created_at": 1610473099,
        "text": "Pp",
        "owner": {
            "id": "179282195",
            "is_verified": false,
            "profile_pic_url": "https://instagram.fagc2-1.fna.fbcdn.net/v/t51.2885-19/s150x150/97142969_697561591097744_1607861418604888064_n.jpg?tp=1&_nc_ht=instagram.fagc2-1.fna.fbcdn.net&_nc_ohc=RqCvFe58VZoAX9d2Lvt&ccb=7-4&oh=76d00d724345ddc60d08a9de0213567e&oe=60870997&_nc_sid=9fb510",
            "username": "vamsi_medara"
        },
        "likes_count": 0,
        "answers": [
            {
                "id": 18090830041230339,
                "created_at": 1610473393,
                "text": "@vamsi_medara check dm",
                "owner": {
                    "id": "31345321949",
                    "is_verified": false,
                    "profile_pic_url": "https://instagram.fagc2-1.fna.fbcdn.net/v/t51.2885-19/s150x150/104655610_734890267265839_7042082510067431729_n.jpg?tp=1&_nc_ht=instagram.fagc2-1.fna.fbcdn.net&_nc_ohc=Q9yxDDyzyrwAX9Xuts8&ccb=7-4&oh=d86b1b6d639825b0f55d29acf1a38f6f&oe=608866EF&_nc_sid=9fb510",
                    "username": "airpods_case_1"
                },
                "likes_count": 0
            }
        ]
    },
    {
        "id": 18120440935198020,
        "created_at": 1608551541,
        "text": "price??",
        "owner": {
            "id": "4139017546",
            "is_verified": false,
            "profile_pic_url": "https://instagram.fagc2-1.fna.fbcdn.net/v/t51.2885-19/s150x150/161658663_272334034455542_2724140087598179702_n.jpg?tp=1&_nc_ht=instagram.fagc2-1.fna.fbcdn.net&_nc_ohc=HEuObeOa2z8AX_ZWEXM&ccb=7-4&oh=330405cc2031a17dfc3ad59206a90f49&oe=60891EE9&_nc_sid=9fb510",
            "username": "tusharthakur949"
        },
        "likes_count": 0,
        "answers": []
    },
    {
        "id": 17871745183973016,
        "created_at": 1602675579,
        "text": "What is the price for this?",
        "owner": {
            "id": "3424433370",
            "is_verified": false,
            "profile_pic_url": "https://instagram.fagc2-1.fna.fbcdn.net/v/t51.2885-19/s150x150/158854531_438816680708801_7348943398628102419_n.jpg?tp=1&_nc_ht=instagram.fagc2-1.fna.fbcdn.net&_nc_ohc=uMsLHT7GM-kAX-EYSB6&ccb=7-4&oh=931a23425d3e1ec776a1c7db880c2767&oe=6086E205&_nc_sid=9fb510",
            "username": "alekhya.chandramouli"
        },
        "likes_count": 0,
        "answers": [
            {
                "id": 17856510584222355,
                "created_at": 1602677043,
                "text": "@alekhya.chandramouli check your dm",
                "owner": {
                    "id": "31345321949",
                    "is_verified": false,
                    "profile_pic_url": "https://instagram.fagc2-1.fna.fbcdn.net/v/t51.2885-19/s150x150/104655610_734890267265839_7042082510067431729_n.jpg?tp=1&_nc_ht=instagram.fagc2-1.fna.fbcdn.net&_nc_ohc=Q9yxDDyzyrwAX9Xuts8&ccb=7-4&oh=d86b1b6d639825b0f55d29acf1a38f6f&oe=608866EF&_nc_sid=9fb510",
                    "username": "airpods_case_1"
                },
                "likes_count": 0
            }
        ]
    }
]