[
    {
        "id": 17888416216986829,
        "created_at": 1613645825,
        "text": "Pp?",
        "owner": {
            "id": "264709321",
            "is_verified": false,
            "profile_pic_url": "https://instagram.fagc2-1.fna.fbcdn.net/v/t51.2885-19/s150x150/150182305_805378920046949_4121798686739682703_n.jpg?tp=1&_nc_ht=instagram.fagc2-1.fna.fbcdn.net&_nc_ohc=5XkD4DQ2iCYAX_sY565&ccb=7-4&oh=6584fdf8b3a48817411562a97f68088f&oe=6086FCD5&_nc_sid=9fb510",
            "username": "paridhi_21"
        },
        "likes_count": 0,
        "answers": []
    },
    {
        "id": 17888185939918470,
        "created_at": 1613033412,
        "text": "Pp",
        "owner": {
            "id": "37719682724",
            "is_verified": false,
            "profile_pic_url": "https://instagram.fagc2-1.fna.fbcdn.net/v/t51.2885-19/s150x150/129763354_111076774180549_961357218522458938_n.jpg?tp=1&_nc_ht=instagram.fagc2-1.fna.fbcdn.net&_nc_ohc=bk-6Mtn18BEAX82drcB&ccb=7-4&oh=ca488155d2d9e84fc0c60cfba22a6694&oe=6089E1E3&_nc_sid=9fb510",
            "username": "premi_moment_capture"
        },
        "likes_count": 0,
        "answers": [
            {
                "id": 17894888839873009,
                "created_at": 1613037456,
                "text": "@premi_moment_capture check dm",
                "owner": {
                    "id": "31345321949",
                    "is_verified": false,
                    "profile_pic_url": "https://instagram.fagc2-1.fna.fbcdn.net/v/t51.2885-19/s150x150/104655610_734890267265839_7042082510067431729_n.jpg?tp=1&_nc_ht=instagram.fagc2-1.fna.fbcdn.net&_nc_ohc=Q9yxDDyzyrwAX9Xuts8&ccb=7-4&oh=d86b1b6d639825b0f55d29acf1a38f6f&oe=608866EF&_nc_sid=9fb510",
                    "username": "airpods_case_1"
                },
                "likes_count": 0
            }
        ]
    },
    {
        "id": 17878559084091588,
        "created_at": 1610799266,
        "text": "Hm",
        "owner": {
            "id": "3159143619",
            "is_verified": false,
            "profile_pic_url": "https://instagram.fagc2-1.fna.fbcdn.net/v/t51.2885-19/s150x150/160307044_154455993203938_3941430630383317731_n.jpg?tp=1&_nc_ht=instagram.fagc2-1.fna.fbcdn.net&_nc_ohc=2B0RxZRJmvIAX8qsq_p&ccb=7-4&oh=8ff1793d0101dda00faa4d6582ef7e5d&oe=60887BA4&_nc_sid=9fb510",
            "username": "habiba_weshahy"
        },
        "likes_count": 0,
        "answers": []
    },
    {
        "id": 17899963621705499,
        "created_at": 1609595251,
        "text": "Pp",
        "owner": {
            "id": "18499196725",
            "is_verified": false,
            "profile_pic_url": "https://instagram.fagc2-1.fna.fbcdn.net/v/t51.2885-19/s150x150/155846468_713484615995075_4045675791395448441_n.jpg?tp=1&_nc_ht=instagram.fagc2-1.fna.fbcdn.net&_nc_ohc=8c55z4l_WwwAX_K1Ry7&ccb=7-4&oh=597845c3656f92622cc4c485cb972c80&oe=60872A4B&_nc_sid=9fb510",
            "username": "vaishhhhhhhhhh10"
        },
        "likes_count": 0,
        "answers": []
    },
    {
        "id": 17847244439408801,
        "created_at": 1605301167,
        "text": "Pp",
        "owner": {
            "id": "1453707784",
            "is_verified": false,
            "profile_pic_url": "https://instagram.fagc2-1.fna.fbcdn.net/v/t51.2885-19/s150x150/159551107_279458470441761_6594466627821471352_n.jpg?tp=1&_nc_ht=instagram.fagc2-1.fna.fbcdn.net&_nc_ohc=c92t51kamHcAX8vUW9X&ccb=7-4&oh=e6bcdcffdb08bf74dc03c97e3a84a43f&oe=60889912&_nc_sid=9fb510",
            "username": "kriti.singh_1204"
        },
        "likes_count": 0,
        "answers": [
            {
                "id": 17879392387909743,
                "created_at": 1605327977,
                "text": "@kriti.singh89 check dm",
                "owner": {
                    "id": "31345321949",
                    "is_verified": false,
                    "profile_pic_url": "https://instagram.fagc2-1.fna.fbcdn.net/v/t51.2885-19/s150x150/104655610_734890267265839_7042082510067431729_n.jpg?tp=1&_nc_ht=instagram.fagc2-1.fna.fbcdn.net&_nc_ohc=Q9yxDDyzyrwAX9Xuts8&ccb=7-4&oh=d86b1b6d639825b0f55d29acf1a38f6f&oe=608866EF&_nc_sid=9fb510",
                    "username": "airpods_case_1"
                },
                "likes_count": 0
            }
        ]
    },
    {
        "id": 17882417761863810,
        "created_at": 1604211564,
        "text": "Pp",
        "owner": {
            "id": "37561405955",
            "is_verified": false,
            "profile_pic_url": "https://instagram.fagc2-1.fna.fbcdn.net/v/t51.2885-19/s150x150/104278679_1098972510500608_8133840999406462885_n.jpg?tp=1&_nc_ht=instagram.fagc2-1.fna.fbcdn.net&_nc_ohc=BtprWrv5pb4AX_Zl33Z&ccb=7-4&oh=652f1a82aae7596cd08b038605713f27&oe=608893D6&_nc_sid=9fb510",
            "username": "anitagoel.jindal"
        },
        "likes_count": 0,
        "answers": [
            {
                "id": 17848277723399409,
                "created_at": 1604212484,
                "text": "@anitagoel.jindal check dm",
                "owner": {
                    "id": "31345321949",
                    "is_verified": false,
                    "profile_pic_url": "https://instagram.fagc2-1.fna.fbcdn.net/v/t51.2885-19/s150x150/104655610_734890267265839_7042082510067431729_n.jpg?tp=1&_nc_ht=instagram.fagc2-1.fna.fbcdn.net&_nc_ohc=Q9yxDDyzyrwAX9Xuts8&ccb=7-4&oh=d86b1b6d639825b0f55d29acf1a38f6f&oe=608866EF&_nc_sid=9fb510",
                    "username": "airpods_case_1"
                },
                "likes_count": 0
            }
        ]
    },
    {
        "id": 18131558404121682,
        "created_at": 1602642152,
        "text": "Pp",
        "owner": {
            "id": "4754358324",
            "is_verified": false,
            "profile_pic_url": "https://instagram.fagc2-1.fna.fbcdn.net/v/t51.2885-19/s150x150/78828939_595084491258700_9134264530753290240_n.jpg?tp=1&_nc_ht=instagram.fagc2-1.fna.fbcdn.net&_nc_ohc=aNkgnWbSB98AX_GleuT&ccb=7-4&oh=3abd73ce700b312ed7e83e9af6ea10d5&oe=60870015&_nc_sid=9fb510",
            "username": "amihvi"
        },
        "likes_count": 0,
        "answers": [
            {
                "id": 18167382133040023,
                "created_at": 1602642307,
                "text": "@amihvi dm*",
                "owner": {
                    "id": "31345321949",
                    "profile_pic_url": "https://instagram.fagc2-1.fna.fbcdn.net/v/t51.2885-19/s150x150/104655610_734890267265839_7042082510067431729_n.jpg?tp=1&_nc_ht=instagram.fagc2-1.fna.fbcdn.net&_nc_ohc=Q9yxDDyzyrwAX9Xuts8&ccb=7-4&oh=d86b1b6d639825b0f55d29acf1a38f6f&oe=608866EF&_nc_sid=3f1853",
                    "username": "airpods_case_1"
                },
                "likes_count": 0
            },
            {
                "id": 18072705118241100,
                "created_at": 1602642229,
                "text": "I want only one",
                "owner": {
                    "id": "4754358324",
                    "profile_pic_url": "https://instagram.fagc2-1.fna.fbcdn.net/v/t51.2885-19/s150x150/78828939_595084491258700_9134264530753290240_n.jpg?tp=1&_nc_ht=instagram.fagc2-1.fna.fbcdn.net&_nc_ohc=aNkgnWbSB98AX_GleuT&ccb=7-4&oh=3abd73ce700b312ed7e83e9af6ea10d5&oe=60870015&_nc_sid=3f1853",
                    "username": "amihvi"
                },
                "likes_count": 0
            },
            {
                "id": 17882095681822369,
                "created_at": 1602642299,
                "text": "@amihvi check your d",
                "owner": {
                    "id": "31345321949",
                    "profile_pic_url": "https://instagram.fagc2-1.fna.fbcdn.net/v/t51.2885-19/s150x150/104655610_734890267265839_7042082510067431729_n.jpg?tp=1&_nc_ht=instagram.fagc2-1.fna.fbcdn.net&_nc_ohc=Q9yxDDyzyrwAX9Xuts8&ccb=7-4&oh=d86b1b6d639825b0f55d29acf1a38f6f&oe=608866EF&_nc_sid=3f1853",
                    "username": "airpods_case_1"
                },
                "likes_count": 0
            },
            {
                "id": 17863210049103182,
                "created_at": 1602642200,
                "text": "@amihvi check dm",
                "owner": {
                    "id": "31345321949",
                    "profile_pic_url": "https://instagram.fagc2-1.fna.fbcdn.net/v/t51.2885-19/s150x150/104655610_734890267265839_7042082510067431729_n.jpg?tp=1&_nc_ht=instagram.fagc2-1.fna.fbcdn.net&_nc_ohc=Q9yxDDyzyrwAX9Xuts8&ccb=7-4&oh=d86b1b6d639825b0f55d29acf1a38f6f&oe=608866EF&_nc_sid=3f1853",
                    "username": "airpods_case_1"
                },
                "likes_count": 0
            },
            {
                "id": 17852516402305951,
                "created_at": 1602642380,
                "text": "I want only one",
                "owner": {
                    "id": "4754358324",
                    "profile_pic_url": "https://instagram.fagc2-1.fna.fbcdn.net/v/t51.2885-19/s150x150/78828939_595084491258700_9134264530753290240_n.jpg?tp=1&_nc_ht=instagram.fagc2-1.fna.fbcdn.net&_nc_ohc=aNkgnWbSB98AX_GleuT&ccb=7-4&oh=3abd73ce700b312ed7e83e9af6ea10d5&oe=60870015&_nc_sid=3f1853",
                    "username": "amihvi"
                },
                "likes_count": 0
            }
        ]
    },
    {
        "id": 17895795907615772,
        "created_at": 1602581797,
        "text": "Pp",
        "owner": {
            "id": "32260149559",
            "is_verified": false,
            "profile_pic_url": "https://instagram.fagc2-1.fna.fbcdn.net/v/t51.2885-19/s150x150/118642713_153684696369029_1908726590832825664_n.jpg?tp=1&_nc_ht=instagram.fagc2-1.fna.fbcdn.net&_nc_ohc=wc_ZPoPay2YAX81VmPy&ccb=7-4&oh=33ef0131d1138543fd31dec6e44c2ceb&oe=6087A9D3&_nc_sid=9fb510",
            "username": "shivi.parmar92"
        },
        "likes_count": 0,
        "answers": [
            {
                "id": 17863269854104885,
                "created_at": 1602581956,
                "text": "@shivi.parmar92 check dm",
                "owner": {
                    "id": "31345321949",
                    "is_verified": false,
                    "profile_pic_url": "https://instagram.fagc2-1.fna.fbcdn.net/v/t51.2885-19/s150x150/104655610_734890267265839_7042082510067431729_n.jpg?tp=1&_nc_ht=instagram.fagc2-1.fna.fbcdn.net&_nc_ohc=Q9yxDDyzyrwAX9Xuts8&ccb=7-4&oh=d86b1b6d639825b0f55d29acf1a38f6f&oe=608866EF&_nc_sid=9fb510",
                    "username": "airpods_case_1"
                },
                "likes_count": 1
            }
        ]
    },
    {
        "id": 17872335481911969,
        "created_at": 1601297246,
        "text": "Are these available for airpods pro?",
        "owner": {
            "id": "1966190280",
            "is_verified": false,
            "profile_pic_url": "https://instagram.fagc2-1.fna.fbcdn.net/v/t51.2885-19/s150x150/137226495_786704795248171_1248253826867064076_n.jpg?tp=1&_nc_ht=instagram.fagc2-1.fna.fbcdn.net&_nc_ohc=Ji3DOW6MsnUAX9Vt8iZ&ccb=7-4&oh=3735dc5d4b8675de0fff95d323bf156a&oe=60878EDD&_nc_sid=9fb510",
            "username": "ayushreeperiwal"
        },
        "likes_count": 0,
        "answers": [
            {
                "id": 17883033634783665,
                "created_at": 1601297909,
                "text": "@ayushreeperiwal i have send you some pics for pro check in dm",
                "owner": {
                    "id": "31345321949",
                    "is_verified": false,
                    "profile_pic_url": "https://instagram.fagc2-1.fna.fbcdn.net/v/t51.2885-19/s150x150/104655610_734890267265839_7042082510067431729_n.jpg?tp=1&_nc_ht=instagram.fagc2-1.fna.fbcdn.net&_nc_ohc=Q9yxDDyzyrwAX9Xuts8&ccb=7-4&oh=d86b1b6d639825b0f55d29acf1a38f6f&oe=608866EF&_nc_sid=9fb510",
                    "username": "airpods_case_1"
                },
                "likes_count": 1
            }
        ]
    },
    {
        "id": 17876116366810868,
        "created_at": 1597952469,
        "text": "Pp",
        "owner": {
            "id": "3458091332",
            "is_verified": false,
            "profile_pic_url": "https://instagram.fagc2-1.fna.fbcdn.net/v/t51.2885-19/s150x150/90089175_636456273820483_9121237431088054272_n.jpg?tp=1&_nc_ht=instagram.fagc2-1.fna.fbcdn.net&_nc_ohc=GNtgMI_hf5gAX-EABEB&ccb=7-4&oh=43a740652ee490da82c999e3c6a5044a&oe=6086F145&_nc_sid=9fb510",
            "username": "shreyaj_80"
        },
        "likes_count": 0,
        "answers": [
            {
                "id": 17846931995306970,
                "created_at": 1597977387,
                "text": "@shreyaj_80 450",
                "owner": {
                    "id": "31345321949",
                    "is_verified": false,
                    "profile_pic_url": "https://instagram.fagc2-1.fna.fbcdn.net/v/t51.2885-19/s150x150/104655610_734890267265839_7042082510067431729_n.jpg?tp=1&_nc_ht=instagram.fagc2-1.fna.fbcdn.net&_nc_ohc=Q9yxDDyzyrwAX9Xuts8&ccb=7-4&oh=d86b1b6d639825b0f55d29acf1a38f6f&oe=608866EF&_nc_sid=9fb510",
                    "username": "airpods_case_1"
                },
                "likes_count": 0
            }
        ]
    }
]