[
    {
        "id": 17940506284462300,
        "created_at": 1616343507,
        "text": "@leone24",
        "owner": {
            "id": "253047981",
            "is_verified": false,
            "profile_pic_url": "https://instagram.fagc2-1.fna.fbcdn.net/v/t51.2885-19/s150x150/150460200_789944581731242_7159380448481213175_n.jpg?tp=1&_nc_ht=instagram.fagc2-1.fna.fbcdn.net&_nc_ohc=L4NIXjQWhCMAX9trP8F&ccb=7-4&oh=cd12f8afa7daa448e6b3a9fcffbfecb1&oe=6088D4BF&_nc_sid=9fb510",
            "username": "mywavelove"
        },
        "likes_count": 1,
        "answers": []
    },
    {
        "id": 17911032547645392,
        "created_at": 1615223377,
        "text": "Pp",
        "owner": {
            "id": "6512948180",
            "is_verified": false,
            "profile_pic_url": "https://instagram.fagc2-1.fna.fbcdn.net/v/t51.2885-19/s150x150/152099666_244615083962258_8713316120085793657_n.jpg?tp=1&_nc_ht=instagram.fagc2-1.fna.fbcdn.net&_nc_ohc=AGQO5h-dmp4AX-UKWUZ&ccb=7-4&oh=3c72c0f04d55abad851725d57e0bbbb0&oe=60880383&_nc_sid=9fb510",
            "username": "mananjain252709"
        },
        "likes_count": 0,
        "answers": []
    },
    {
        "id": 17889808606991737,
        "created_at": 1615223369,
        "text": "Price",
        "owner": {
            "id": "6512948180",
            "is_verified": false,
            "profile_pic_url": "https://instagram.fagc2-1.fna.fbcdn.net/v/t51.2885-19/s150x150/152099666_244615083962258_8713316120085793657_n.jpg?tp=1&_nc_ht=instagram.fagc2-1.fna.fbcdn.net&_nc_ohc=AGQO5h-dmp4AX-UKWUZ&ccb=7-4&oh=3c72c0f04d55abad851725d57e0bbbb0&oe=60880383&_nc_sid=9fb510",
            "username": "mananjain252709"
        },
        "likes_count": 0,
        "answers": []
    },
    {
        "id": 17921932915550576,
        "created_at": 1614073229,
        "text": "Price??",
        "owner": {
            "id": "2086929774",
            "is_verified": false,
            "profile_pic_url": "https://instagram.fagc2-1.fna.fbcdn.net/v/t51.2885-19/s150x150/135050862_3942443892432795_6923418150852372089_n.jpg?tp=1&_nc_ht=instagram.fagc2-1.fna.fbcdn.net&_nc_ohc=MonCVt-INrUAX9k0p9v&ccb=7-4&oh=9ccc4e2c4ec614c192a08e02ea36018b&oe=60863797&_nc_sid=9fb510",
            "username": "_abu_bakar_zia"
        },
        "likes_count": 0,
        "answers": [
            {
                "id": 17909747698616230,
                "created_at": 1614073443,
                "text": "@_abu_bakar_zia check dm",
                "owner": {
                    "id": "31345321949",
                    "is_verified": false,
                    "profile_pic_url": "https://instagram.fagc2-1.fna.fbcdn.net/v/t51.2885-19/s150x150/104655610_734890267265839_7042082510067431729_n.jpg?tp=1&_nc_ht=instagram.fagc2-1.fna.fbcdn.net&_nc_ohc=Q9yxDDyzyrwAX9Xuts8&ccb=7-4&oh=d86b1b6d639825b0f55d29acf1a38f6f&oe=608866EF&_nc_sid=9fb510",
                    "username": "airpods_case_1"
                },
                "likes_count": 0
            }
        ]
    },
    {
        "id": 17885257757061847,
        "created_at": 1613993127,
        "text": "Pp",
        "owner": {
            "id": "12014066043",
            "is_verified": false,
            "profile_pic_url": "https://instagram.fagc2-1.fna.fbcdn.net/v/t51.2885-19/s150x150/160021254_1671998939669136_7397895801752911342_n.jpg?tp=1&_nc_ht=instagram.fagc2-1.fna.fbcdn.net&_nc_ohc=JT4ZAsv29ugAX8orgJ4&ccb=7-4&oh=5bf9401c9549b298b013164aa83863f7&oe=6089B48F&_nc_sid=9fb510",
            "username": "surbhisingh.25"
        },
        "likes_count": 0,
        "answers": [
            {
                "id": 17862304244358227,
                "created_at": 1613995191,
                "text": "Check dm",
                "owner": {
                    "id": "31345321949",
                    "is_verified": false,
                    "profile_pic_url": "https://instagram.fagc2-1.fna.fbcdn.net/v/t51.2885-19/s150x150/104655610_734890267265839_7042082510067431729_n.jpg?tp=1&_nc_ht=instagram.fagc2-1.fna.fbcdn.net&_nc_ohc=Q9yxDDyzyrwAX9Xuts8&ccb=7-4&oh=d86b1b6d639825b0f55d29acf1a38f6f&oe=608866EF&_nc_sid=9fb510",
                    "username": "airpods_case_1"
                },
                "likes_count": 0
            }
        ]
    },
    {
        "id": 17904424945709951,
        "created_at": 1612597513,
        "text": "I want is one",
        "owner": {
            "id": "9033383243",
            "is_verified": false,
            "profile_pic_url": "https://instagram.fagc2-1.fna.fbcdn.net/v/t51.2885-19/s150x150/103663021_2291673101141405_1278499613460296516_n.jpg?tp=1&_nc_ht=instagram.fagc2-1.fna.fbcdn.net&_nc_ohc=tsJpXl3jPA4AX8noHED&ccb=7-4&oh=ff0736265fab89478667881ba3d26533&oe=608935DB&_nc_sid=9fb510",
            "username": "sharbinroy"
        },
        "likes_count": 0,
        "answers": [
            {
                "id": 17859157367483399,
                "created_at": 1612597676,
                "text": "@sharbinroy check dm",
                "owner": {
                    "id": "31345321949",
                    "is_verified": false,
                    "profile_pic_url": "https://instagram.fagc2-1.fna.fbcdn.net/v/t51.2885-19/s150x150/104655610_734890267265839_7042082510067431729_n.jpg?tp=1&_nc_ht=instagram.fagc2-1.fna.fbcdn.net&_nc_ohc=Q9yxDDyzyrwAX9Xuts8&ccb=7-4&oh=d86b1b6d639825b0f55d29acf1a38f6f&oe=608866EF&_nc_sid=9fb510",
                    "username": "airpods_case_1"
                },
                "likes_count": 0
            }
        ]
    },
    {
        "id": 17931638122472656,
        "created_at": 1611866056,
        "text": "Rate",
        "owner": {
            "id": "1512423754",
            "is_verified": false,
            "profile_pic_url": "https://instagram.fagc2-1.fna.fbcdn.net/v/t51.2885-19/s150x150/163650366_2770326346613541_5622147210751039387_n.jpg?tp=1&_nc_ht=instagram.fagc2-1.fna.fbcdn.net&_nc_ohc=nWIyffq1AFIAX_5oXmx&ccb=7-4&oh=6364900fcd9f25591dcc3af593bffb20&oe=608652C3&_nc_sid=9fb510",
            "username": "itz__unico"
        },
        "likes_count": 0,
        "answers": [
            {
                "id": 17860118339400522,
                "created_at": 1611891853,
                "text": "@itz__unico check dm",
                "owner": {
                    "id": "31345321949",
                    "is_verified": false,
                    "profile_pic_url": "https://instagram.fagc2-1.fna.fbcdn.net/v/t51.2885-19/s150x150/104655610_734890267265839_7042082510067431729_n.jpg?tp=1&_nc_ht=instagram.fagc2-1.fna.fbcdn.net&_nc_ohc=Q9yxDDyzyrwAX9Xuts8&ccb=7-4&oh=d86b1b6d639825b0f55d29acf1a38f6f&oe=608866EF&_nc_sid=9fb510",
                    "username": "airpods_case_1"
                },
                "likes_count": 0
            }
        ]
    },
    {
        "id": 17898796714761491,
        "created_at": 1611823230,
        "text": "Pp",
        "owner": {
            "id": "3938392931",
            "is_verified": false,
            "profile_pic_url": "https://instagram.fagc2-1.fna.fbcdn.net/v/t51.2885-19/s150x150/164715303_466177821482513_3244241865618589732_n.jpg?tp=1&_nc_ht=instagram.fagc2-1.fna.fbcdn.net&_nc_ohc=Sk5tcTnXU9oAX8pKLPC&ccb=7-4&oh=005b07cebc9b5ff5aa6ce3936d90b030&oe=60887434&_nc_sid=9fb510",
            "username": "dr.soudhaminigoud"
        },
        "likes_count": 0,
        "answers": [
            {
                "id": 17970634222363928,
                "created_at": 1611824682,
                "text": "@dr.soudhaminigoud check dm",
                "owner": {
                    "id": "31345321949",
                    "is_verified": false,
                    "profile_pic_url": "https://instagram.fagc2-1.fna.fbcdn.net/v/t51.2885-19/s150x150/104655610_734890267265839_7042082510067431729_n.jpg?tp=1&_nc_ht=instagram.fagc2-1.fna.fbcdn.net&_nc_ohc=Q9yxDDyzyrwAX9Xuts8&ccb=7-4&oh=d86b1b6d639825b0f55d29acf1a38f6f&oe=608866EF&_nc_sid=9fb510",
                    "username": "airpods_case_1"
                },
                "likes_count": 0
            }
        ]
    },
    {
        "id": 17898253843782729,
        "created_at": 1611810675,
        "text": "@ishvigilia",
        "owner": {
            "id": "11402151",
            "is_verified": false,
            "profile_pic_url": "https://instagram.fagc2-1.fna.fbcdn.net/v/t51.2885-19/s150x150/162569241_3776005419151820_4452055868900425491_n.jpg?tp=1&_nc_ht=instagram.fagc2-1.fna.fbcdn.net&_nc_ohc=OcjhBftaId0AX_GzDol&ccb=7-4&oh=e5ebdd067f8695c582899a82c6876a23&oe=60887AB8&_nc_sid=9fb510",
            "username": "ejnble"
        },
        "likes_count": 0,
        "answers": []
    },
    {
        "id": 17888623960898765,
        "created_at": 1611252486,
        "text": "how much",
        "owner": {
            "id": "42728838982",
            "is_verified": false,
            "profile_pic_url": "https://instagram.fagc2-1.fna.fbcdn.net/v/t51.2885-19/s150x150/119984653_158980159203655_3459640858440625277_n.jpg?tp=1&_nc_ht=instagram.fagc2-1.fna.fbcdn.net&_nc_ohc=eZpz6CBsMZQAX9chTLz&ccb=7-4&oh=57846be6f405e7f4b3d2b6c1ff519c44&oe=60877BBD&_nc_sid=9fb510",
            "username": "mohammed.rouh"
        },
        "likes_count": 0,
        "answers": []
    },
    {
        "id": 17868986150205042,
        "created_at": 1611099101,
        "text": "How much",
        "owner": {
            "id": "5952475848",
            "is_verified": false,
            "profile_pic_url": "https://instagram.fagc2-1.fna.fbcdn.net/v/t51.2885-19/s150x150/149354027_251100013186160_2392461244185694475_n.jpg?tp=1&_nc_ht=instagram.fagc2-1.fna.fbcdn.net&_nc_ohc=DWzvJJ3ygRoAX_ummgh&ccb=7-4&oh=1cea4a16a88363afe15bcb0329ad5358&oe=60885FEC&_nc_sid=9fb510",
            "username": "r.h.o.u.a.t"
        },
        "likes_count": 0,
        "answers": [
            {
                "id": 17876074163079160,
                "created_at": 1611108103,
                "text": "@r.h.o.u.a.t check dm",
                "owner": {
                    "id": "31345321949",
                    "is_verified": false,
                    "profile_pic_url": "https://instagram.fagc2-1.fna.fbcdn.net/v/t51.2885-19/s150x150/104655610_734890267265839_7042082510067431729_n.jpg?tp=1&_nc_ht=instagram.fagc2-1.fna.fbcdn.net&_nc_ohc=Q9yxDDyzyrwAX9Xuts8&ccb=7-4&oh=d86b1b6d639825b0f55d29acf1a38f6f&oe=608866EF&_nc_sid=9fb510",
                    "username": "airpods_case_1"
                },
                "likes_count": 0
            }
        ]
    },
    {
        "id": 17952317728402894,
        "created_at": 1610719100,
        "text": "Price ky hai",
        "owner": {
            "id": "7974265273",
            "is_verified": false,
            "profile_pic_url": "https://instagram.fagc2-1.fna.fbcdn.net/v/t51.2885-19/s150x150/139164235_488827215451690_4867239303702115791_n.jpg?tp=1&_nc_ht=instagram.fagc2-1.fna.fbcdn.net&_nc_ohc=IhgAiZBOvxUAX98dcPI&ccb=7-4&oh=b15b78004ce709cbeda4ccddd118d237&oe=6086B9EE&_nc_sid=9fb510",
            "username": "qfaizan818"
        },
        "likes_count": 0,
        "answers": [
            {
                "id": 18142935184137744,
                "created_at": 1610724713,
                "text": "@qfaizan818 check dm",
                "owner": {
                    "id": "31345321949",
                    "is_verified": false,
                    "profile_pic_url": "https://instagram.fagc2-1.fna.fbcdn.net/v/t51.2885-19/s150x150/104655610_734890267265839_7042082510067431729_n.jpg?tp=1&_nc_ht=instagram.fagc2-1.fna.fbcdn.net&_nc_ohc=Q9yxDDyzyrwAX9Xuts8&ccb=7-4&oh=d86b1b6d639825b0f55d29acf1a38f6f&oe=608866EF&_nc_sid=9fb510",
                    "username": "airpods_case_1"
                },
                "likes_count": 0
            }
        ]
    },
    {
        "id": 17864572481333914,
        "created_at": 1610620778,
        "text": "Pp",
        "owner": {
            "id": "1410496937",
            "is_verified": false,
            "profile_pic_url": "https://instagram.fagc2-1.fna.fbcdn.net/v/t51.2885-19/s150x150/148204663_2883955995265021_2393933405995181765_n.jpg?tp=1&_nc_ht=instagram.fagc2-1.fna.fbcdn.net&_nc_ohc=nyBt10es0YAAX8FM0fz&ccb=7-4&oh=2ac3b5c38644338322744bb937f63a20&oe=60893D21&_nc_sid=9fb510",
            "username": "kiranchopra"
        },
        "likes_count": 0,
        "answers": [
            {
                "id": 18187097011005499,
                "created_at": 1610622863,
                "text": "@kiranchopra check dm",
                "owner": {
                    "id": "31345321949",
                    "is_verified": false,
                    "profile_pic_url": "https://instagram.fagc2-1.fna.fbcdn.net/v/t51.2885-19/s150x150/104655610_734890267265839_7042082510067431729_n.jpg?tp=1&_nc_ht=instagram.fagc2-1.fna.fbcdn.net&_nc_ohc=Q9yxDDyzyrwAX9Xuts8&ccb=7-4&oh=d86b1b6d639825b0f55d29acf1a38f6f&oe=608866EF&_nc_sid=9fb510",
                    "username": "airpods_case_1"
                },
                "likes_count": 0
            }
        ]
    },
    {
        "id": 17881241972042331,
        "created_at": 1610459519,
        "text": "Price??",
        "owner": {
            "id": "25844873149",
            "is_verified": false,
            "profile_pic_url": "https://instagram.fagc2-1.fna.fbcdn.net/v/t51.2885-19/s150x150/120430049_190159942660265_4312818347997966759_n.jpg?tp=1&_nc_ht=instagram.fagc2-1.fna.fbcdn.net&_nc_ohc=k3kQKiw4cycAX9Kq-nO&ccb=7-4&oh=7f72b6d436dc6777254e5d7aa2111e4a&oe=6087A068&_nc_sid=9fb510",
            "username": "savvy_backpacker1710"
        },
        "likes_count": 1,
        "answers": []
    },
    {
        "id": 17873670839163735,
        "created_at": 1610201218,
        "text": "Pp",
        "owner": {
            "id": "3452462658",
            "is_verified": false,
            "profile_pic_url": "https://instagram.fagc2-1.fna.fbcdn.net/v/t51.2885-19/s150x150/81614368_498479987452189_4783513679821799424_n.jpg?tp=1&_nc_ht=instagram.fagc2-1.fna.fbcdn.net&_nc_ohc=NFkWQbRu4fIAX906Xhm&ccb=7-4&oh=91610be2e2b94dbcc3947c04cc9ee6ae&oe=60889B54&_nc_sid=9fb510",
            "username": "aditis58"
        },
        "likes_count": 1,
        "answers": [
            {
                "id": 17920058998521798,
                "created_at": 1610204683,
                "text": "@aditis58 check dm",
                "owner": {
                    "id": "31345321949",
                    "is_verified": false,
                    "profile_pic_url": "https://instagram.fagc2-1.fna.fbcdn.net/v/t51.2885-19/s150x150/104655610_734890267265839_7042082510067431729_n.jpg?tp=1&_nc_ht=instagram.fagc2-1.fna.fbcdn.net&_nc_ohc=Q9yxDDyzyrwAX9Xuts8&ccb=7-4&oh=d86b1b6d639825b0f55d29acf1a38f6f&oe=608866EF&_nc_sid=9fb510",
                    "username": "airpods_case_1"
                },
                "likes_count": 0
            }
        ]
    },
    {
        "id": 17847554093497031,
        "created_at": 1609769001,
        "text": "\ud83d\udcaf\ud83d\udcaf",
        "owner": {
            "id": "44601294729",
            "is_verified": false,
            "profile_pic_url": "https://instagram.fagc2-1.fna.fbcdn.net/v/t51.2885-19/s150x150/131381282_1012682849215441_926319149999378470_n.jpg?tp=1&_nc_ht=instagram.fagc2-1.fna.fbcdn.net&_nc_ohc=Q2THIAb0sJAAX_0JKm5&ccb=7-4&oh=82d2d2875b139f7c618311158f04485d&oe=60879339&_nc_sid=9fb510",
            "username": "ruyamterlikl"
        },
        "likes_count": 1,
        "answers": []
    },
    {
        "id": 18186514372055314,
        "created_at": 1609768989,
        "text": "Merhaba",
        "owner": {
            "id": "44601294729",
            "is_verified": false,
            "profile_pic_url": "https://instagram.fagc2-1.fna.fbcdn.net/v/t51.2885-19/s150x150/131381282_1012682849215441_926319149999378470_n.jpg?tp=1&_nc_ht=instagram.fagc2-1.fna.fbcdn.net&_nc_ohc=Q2THIAb0sJAAX_0JKm5&ccb=7-4&oh=82d2d2875b139f7c618311158f04485d&oe=60879339&_nc_sid=9fb510",
            "username": "ruyamterlikl"
        },
        "likes_count": 1,
        "answers": []
    },
    {
        "id": 17867375498200393,
        "created_at": 1608986425,
        "text": "Is it available",
        "owner": {
            "id": "44650141690",
            "is_verified": false,
            "profile_pic_url": "https://instagram.fagc2-1.fna.fbcdn.net/v/t51.2885-19/s150x150/149370648_466261094532529_6694557631789710234_n.jpg?tp=1&_nc_ht=instagram.fagc2-1.fna.fbcdn.net&_nc_ohc=VIfFAP9DRfwAX8FjN_g&ccb=7-4&oh=5f06b6151876185dc23f2e8251fbc56b&oe=6086DDE6&_nc_sid=9fb510",
            "username": "692malak"
        },
        "likes_count": 1,
        "answers": [
            {
                "id": 17898371710722491,
                "created_at": 1608987254,
                "text": "@692malak check dm",
                "owner": {
                    "id": "31345321949",
                    "is_verified": false,
                    "profile_pic_url": "https://instagram.fagc2-1.fna.fbcdn.net/v/t51.2885-19/s150x150/104655610_734890267265839_7042082510067431729_n.jpg?tp=1&_nc_ht=instagram.fagc2-1.fna.fbcdn.net&_nc_ohc=Q9yxDDyzyrwAX9Xuts8&ccb=7-4&oh=d86b1b6d639825b0f55d29acf1a38f6f&oe=608866EF&_nc_sid=9fb510",
                    "username": "airpods_case_1"
                },
                "likes_count": 0
            }
        ]
    },
    {
        "id": 18096220504201199,
        "created_at": 1608322595,
        "text": "Pp",
        "owner": {
            "id": "1754569167",
            "is_verified": false,
            "profile_pic_url": "https://instagram.fagc2-1.fna.fbcdn.net/v/t51.2885-19/s150x150/154130176_427475715202649_8625757961780128503_n.jpg?tp=1&_nc_ht=instagram.fagc2-1.fna.fbcdn.net&_nc_ohc=DmBnNYwzLKQAX-F6Rfy&ccb=7-4&oh=83743dea007acf8c8e38d0651d4d3745&oe=60897DBD&_nc_sid=9fb510",
            "username": "sneha_gupta24"
        },
        "likes_count": 1,
        "answers": [
            {
                "id": 18177063367058775,
                "created_at": 1608344385,
                "text": "@sneha_gupta24 check dm",
                "owner": {
                    "id": "31345321949",
                    "is_verified": false,
                    "profile_pic_url": "https://instagram.fagc2-1.fna.fbcdn.net/v/t51.2885-19/s150x150/104655610_734890267265839_7042082510067431729_n.jpg?tp=1&_nc_ht=instagram.fagc2-1.fna.fbcdn.net&_nc_ohc=Q9yxDDyzyrwAX9Xuts8&ccb=7-4&oh=d86b1b6d639825b0f55d29acf1a38f6f&oe=608866EF&_nc_sid=9fb510",
                    "username": "airpods_case_1"
                },
                "likes_count": 0
            }
        ]
    },
    {
        "id": 17889548542836391,
        "created_at": 1608287138,
        "text": "How much",
        "owner": {
            "id": "4046829841",
            "is_verified": false,
            "profile_pic_url": "https://instagram.fagc2-1.fna.fbcdn.net/v/t51.2885-19/s150x150/39494131_305441243342361_1661375341018480640_n.jpg?tp=1&_nc_ht=instagram.fagc2-1.fna.fbcdn.net&_nc_ohc=axQc75qVkEMAX9khV42&ccb=7-4&oh=ef9a2de39b3290ee56fc361849756ede&oe=608894E3&_nc_sid=9fb510",
            "username": "sudeepsrivatsav"
        },
        "likes_count": 1,
        "answers": []
    }
]