[
    {
        "id": 18095784490232407,
        "created_at": 1615193955,
        "text": "Price of minions case",
        "owner": {
            "id": "7736540924",
            "is_verified": false,
            "profile_pic_url": "https://instagram.fagc2-1.fna.fbcdn.net/v/t51.2885-19/s150x150/162488695_299611964918451_3089098421192625771_n.jpg?tp=1&_nc_ht=instagram.fagc2-1.fna.fbcdn.net&_nc_ohc=EVx-p3jCDBsAX9NxEEJ&ccb=7-4&oh=87c26b173cd5fd623b1bb8cc97f698b4&oe=60887A49&_nc_sid=9fb510",
            "username": "oyesirjann"
        },
        "likes_count": 0,
        "answers": []
    },
    {
        "id": 18059753797273300,
        "created_at": 1614188007,
        "text": "Can this fit to boat 131 airdops?",
        "owner": {
            "id": "4032229522",
            "is_verified": false,
            "profile_pic_url": "https://instagram.fagc2-1.fna.fbcdn.net/v/t51.2885-19/s150x150/130913184_210774733998634_2027107815247300689_n.jpg?tp=1&_nc_ht=instagram.fagc2-1.fna.fbcdn.net&_nc_ohc=k23m_kmhTQ0AX-iDlMn&ccb=7-4&oh=a1bbf5dc35753e9571ebc47c8e2011ae&oe=6089B0BE&_nc_sid=9fb510",
            "username": "swati.goyal124"
        },
        "likes_count": 0,
        "answers": [
            {
                "id": 18063997690263367,
                "created_at": 1614188631,
                "text": "@swati.goyal124 only apple airpods",
                "owner": {
                    "id": "31345321949",
                    "is_verified": false,
                    "profile_pic_url": "https://instagram.fagc2-1.fna.fbcdn.net/v/t51.2885-19/s150x150/104655610_734890267265839_7042082510067431729_n.jpg?tp=1&_nc_ht=instagram.fagc2-1.fna.fbcdn.net&_nc_ohc=Q9yxDDyzyrwAX9Xuts8&ccb=7-4&oh=d86b1b6d639825b0f55d29acf1a38f6f&oe=608866EF&_nc_sid=9fb510",
                    "username": "airpods_case_1"
                },
                "likes_count": 0
            }
        ]
    },
    {
        "id": 17859657701470005,
        "created_at": 1612782691,
        "text": "Price???",
        "owner": {
            "id": "4871496967",
            "is_verified": false,
            "profile_pic_url": "https://instagram.fagc2-1.fna.fbcdn.net/v/t51.2885-19/s150x150/164282043_445253456755185_4736000497015809274_n.jpg?tp=1&_nc_ht=instagram.fagc2-1.fna.fbcdn.net&_nc_ohc=xlkFKeF-Q1cAX_2zspp&ccb=7-4&oh=b5e11a6050eb59bb7f03c96d68aa86ce&oe=6089565E&_nc_sid=9fb510",
            "username": "official_pabitra_007"
        },
        "likes_count": 0,
        "answers": [
            {
                "id": 17872559075188095,
                "created_at": 1612783331,
                "text": "@mr_pabitra_kumar_143 check dm",
                "owner": {
                    "id": "31345321949",
                    "is_verified": false,
                    "profile_pic_url": "https://instagram.fagc2-1.fna.fbcdn.net/v/t51.2885-19/s150x150/104655610_734890267265839_7042082510067431729_n.jpg?tp=1&_nc_ht=instagram.fagc2-1.fna.fbcdn.net&_nc_ohc=Q9yxDDyzyrwAX9Xuts8&ccb=7-4&oh=d86b1b6d639825b0f55d29acf1a38f6f&oe=608866EF&_nc_sid=9fb510",
                    "username": "airpods_case_1"
                },
                "likes_count": 0
            }
        ]
    },
    {
        "id": 17976424792345585,
        "created_at": 1610867274,
        "text": "Price ?",
        "owner": {
            "id": "1509737408",
            "is_verified": false,
            "profile_pic_url": "https://instagram.fagc2-1.fna.fbcdn.net/v/t51.2885-19/s150x150/134481399_453649005652077_8339214283309978973_n.jpg?tp=1&_nc_ht=instagram.fagc2-1.fna.fbcdn.net&_nc_ohc=717QtlkpdVIAX_pzOr5&ccb=7-4&oh=6c6596429fa8c4188c1c97c927935426&oe=6087841D&_nc_sid=9fb510",
            "username": "poonam.sharma2612"
        },
        "likes_count": 1,
        "answers": [
            {
                "id": 17881482797003335,
                "created_at": 1610867697,
                "text": "Check dm",
                "owner": {
                    "id": "31345321949",
                    "is_verified": false,
                    "profile_pic_url": "https://instagram.fagc2-1.fna.fbcdn.net/v/t51.2885-19/s150x150/104655610_734890267265839_7042082510067431729_n.jpg?tp=1&_nc_ht=instagram.fagc2-1.fna.fbcdn.net&_nc_ohc=Q9yxDDyzyrwAX9Xuts8&ccb=7-4&oh=d86b1b6d639825b0f55d29acf1a38f6f&oe=608866EF&_nc_sid=9fb510",
                    "username": "airpods_case_1"
                },
                "likes_count": 0
            }
        ]
    },
    {
        "id": 17868777011187949,
        "created_at": 1609787606,
        "text": "Pp",
        "owner": {
            "id": "11319945212",
            "is_verified": false,
            "profile_pic_url": "https://instagram.feyp1-1.fna.fbcdn.net/v/t51.2885-19/44884218_345707102882519_2446069589734326272_n.jpg?_nc_ht=instagram.feyp1-1.fna.fbcdn.net&_nc_ohc=hLTkwc3uTqUAX9X26sn&ccb=7-4&oh=169e39a1150de67577a0c87ed3fce255&oe=6087738F&_nc_sid=276363&ig_cache_key=YW5vbnltb3VzX3Byb2ZpbGVfcGlj.2-ccb7-4",
            "username": "_brazilia_13"
        },
        "likes_count": 0,
        "answers": [
            {
                "id": 17906778451625502,
                "created_at": 1609788161,
                "text": "@_brazilia_13 check dm",
                "owner": {
                    "id": "31345321949",
                    "is_verified": false,
                    "profile_pic_url": "https://instagram.fagc2-1.fna.fbcdn.net/v/t51.2885-19/s150x150/104655610_734890267265839_7042082510067431729_n.jpg?tp=1&_nc_ht=instagram.fagc2-1.fna.fbcdn.net&_nc_ohc=Q9yxDDyzyrwAX9Xuts8&ccb=7-4&oh=d86b1b6d639825b0f55d29acf1a38f6f&oe=608866EF&_nc_sid=9fb510",
                    "username": "airpods_case_1"
                },
                "likes_count": 0
            }
        ]
    },
    {
        "id": 17859184160354705,
        "created_at": 1609489072,
        "text": "Price please",
        "owner": {
            "id": "1779557900",
            "is_verified": false,
            "profile_pic_url": "https://instagram.fagc2-1.fna.fbcdn.net/v/t51.2885-19/s150x150/44921348_586010531840862_2954666611765673984_n.jpg?tp=1&_nc_ht=instagram.fagc2-1.fna.fbcdn.net&_nc_ohc=i3w2hGDMuLsAX8M4AJj&ccb=7-4&oh=63c69836b83465c6b8bbbfccac22b877&oe=6087C358&_nc_sid=9fb510",
            "username": "ajinkya.jadhav16"
        },
        "likes_count": 0,
        "answers": [
            {
                "id": 17909703697593060,
                "created_at": 1609491447,
                "text": "@ajinkya.jadhav16 check dm",
                "owner": {
                    "id": "31345321949",
                    "is_verified": false,
                    "profile_pic_url": "https://instagram.fagc2-1.fna.fbcdn.net/v/t51.2885-19/s150x150/104655610_734890267265839_7042082510067431729_n.jpg?tp=1&_nc_ht=instagram.fagc2-1.fna.fbcdn.net&_nc_ohc=Q9yxDDyzyrwAX9Xuts8&ccb=7-4&oh=d86b1b6d639825b0f55d29acf1a38f6f&oe=608866EF&_nc_sid=9fb510",
                    "username": "airpods_case_1"
                },
                "likes_count": 0
            }
        ]
    },
    {
        "id": 17910434899568382,
        "created_at": 1608824366,
        "text": "Price please",
        "owner": {
            "id": "3651047972",
            "is_verified": false,
            "profile_pic_url": "https://instagram.fagc2-1.fna.fbcdn.net/v/t51.2885-19/s150x150/127007461_175250477584130_4538425928503522691_n.jpg?tp=1&_nc_ht=instagram.fagc2-1.fna.fbcdn.net&_nc_ohc=hVD9tlg3BTgAX_OsELl&ccb=7-4&oh=d5f389a03d14a86fca2be86326a98ff3&oe=6088D7CF&_nc_sid=9fb510",
            "username": "muqaddas_habib"
        },
        "likes_count": 0,
        "answers": []
    },
    {
        "id": 17923988122488128,
        "created_at": 1608824354,
        "text": "I need this case for AirPod pro",
        "owner": {
            "id": "3651047972",
            "is_verified": false,
            "profile_pic_url": "https://instagram.fagc2-1.fna.fbcdn.net/v/t51.2885-19/s150x150/127007461_175250477584130_4538425928503522691_n.jpg?tp=1&_nc_ht=instagram.fagc2-1.fna.fbcdn.net&_nc_ohc=hVD9tlg3BTgAX_OsELl&ccb=7-4&oh=d5f389a03d14a86fca2be86326a98ff3&oe=6088D7CF&_nc_sid=9fb510",
            "username": "muqaddas_habib"
        },
        "likes_count": 0,
        "answers": [
            {
                "id": 18171297976066072,
                "created_at": 1608826164,
                "text": "@muqaddas_habib check dm",
                "owner": {
                    "id": "31345321949",
                    "is_verified": false,
                    "profile_pic_url": "https://instagram.fagc2-1.fna.fbcdn.net/v/t51.2885-19/s150x150/104655610_734890267265839_7042082510067431729_n.jpg?tp=1&_nc_ht=instagram.fagc2-1.fna.fbcdn.net&_nc_ohc=Q9yxDDyzyrwAX9Xuts8&ccb=7-4&oh=d86b1b6d639825b0f55d29acf1a38f6f&oe=608866EF&_nc_sid=9fb510",
                    "username": "airpods_case_1"
                },
                "likes_count": 0
            }
        ]
    },
    {
        "id": 17904622708602196,
        "created_at": 1607092269,
        "text": "Pp?",
        "owner": {
            "id": "2116711882",
            "is_verified": false,
            "profile_pic_url": "https://instagram.fagc2-1.fna.fbcdn.net/v/t51.2885-19/s150x150/163274923_260810642429311_2533015079246405877_n.jpg?tp=1&_nc_ht=instagram.fagc2-1.fna.fbcdn.net&_nc_ohc=y6h43v9eIFIAX-hzJ71&ccb=7-4&oh=1ad4f938b76cd91562728a38baed22a8&oe=6086D1C5&_nc_sid=9fb510",
            "username": "khuranasamiksha"
        },
        "likes_count": 0,
        "answers": []
    },
    {
        "id": 17845367993449546,
        "created_at": 1604863309,
        "text": "Pp",
        "owner": {
            "id": "1732990714",
            "is_verified": false,
            "profile_pic_url": "https://instagram.fagc2-1.fna.fbcdn.net/v/t51.2885-19/s150x150/122906952_202121337949326_2916711667435784832_n.jpg?tp=1&_nc_ht=instagram.fagc2-1.fna.fbcdn.net&_nc_ohc=r6t5ED8fXqEAX9xn9xZ&ccb=7-4&oh=f11ad15954e72cfe7507f0ce0d6d5f2f&oe=60865FAF&_nc_sid=9fb510",
            "username": "anchalbansal7777"
        },
        "likes_count": 0,
        "answers": [
            {
                "id": 18076718521238006,
                "created_at": 1604888378,
                "text": "@anchalbansal7777 dm",
                "owner": {
                    "id": "31345321949",
                    "is_verified": false,
                    "profile_pic_url": "https://instagram.fagc2-1.fna.fbcdn.net/v/t51.2885-19/s150x150/104655610_734890267265839_7042082510067431729_n.jpg?tp=1&_nc_ht=instagram.fagc2-1.fna.fbcdn.net&_nc_ohc=Q9yxDDyzyrwAX9Xuts8&ccb=7-4&oh=d86b1b6d639825b0f55d29acf1a38f6f&oe=608866EF&_nc_sid=9fb510",
                    "username": "airpods_case_1"
                },
                "likes_count": 0
            }
        ]
    },
    {
        "id": 17884345753792561,
        "created_at": 1604395886,
        "text": "Price please",
        "owner": {
            "id": "1567765518",
            "is_verified": false,
            "profile_pic_url": "https://instagram.fagc2-1.fna.fbcdn.net/v/t51.2885-19/s150x150/123144105_216157053191345_4805165692822622681_n.jpg?tp=1&_nc_ht=instagram.fagc2-1.fna.fbcdn.net&_nc_ohc=GITxonHakmAAX_GsNuZ&ccb=7-4&oh=ca849f4a37da4ca93edcfed6611b887e&oe=60888FFA&_nc_sid=9fb510",
            "username": "swatimaithani"
        },
        "likes_count": 0,
        "answers": [
            {
                "id": 17907824287533161,
                "created_at": 1604398034,
                "text": "@swatimaithani check dm",
                "owner": {
                    "id": "31345321949",
                    "is_verified": false,
                    "profile_pic_url": "https://instagram.fagc2-1.fna.fbcdn.net/v/t51.2885-19/s150x150/104655610_734890267265839_7042082510067431729_n.jpg?tp=1&_nc_ht=instagram.fagc2-1.fna.fbcdn.net&_nc_ohc=Q9yxDDyzyrwAX9Xuts8&ccb=7-4&oh=d86b1b6d639825b0f55d29acf1a38f6f&oe=608866EF&_nc_sid=9fb510",
                    "username": "airpods_case_1"
                },
                "likes_count": 0
            }
        ]
    },
    {
        "id": 17915761414486372,
        "created_at": 1602930922,
        "text": "Pp",
        "owner": {
            "id": "34686730387",
            "is_verified": false,
            "profile_pic_url": "https://instagram.fagc2-1.fna.fbcdn.net/v/t51.2885-19/s150x150/149376698_148606287076760_3076939387011139505_n.jpg?tp=1&_nc_ht=instagram.fagc2-1.fna.fbcdn.net&_nc_ohc=EHDh8LQ1JnAAX-T9Qn4&ccb=7-4&oh=5810a12c36acc185ac758fa813f7bfb7&oe=6086C40F&_nc_sid=9fb510",
            "username": "krati.tan"
        },
        "likes_count": 0,
        "answers": [
            {
                "id": 17863653317139007,
                "created_at": 1602930942,
                "text": "@krati.tan check dm",
                "owner": {
                    "id": "31345321949",
                    "is_verified": false,
                    "profile_pic_url": "https://instagram.fagc2-1.fna.fbcdn.net/v/t51.2885-19/s150x150/104655610_734890267265839_7042082510067431729_n.jpg?tp=1&_nc_ht=instagram.fagc2-1.fna.fbcdn.net&_nc_ohc=Q9yxDDyzyrwAX9Xuts8&ccb=7-4&oh=d86b1b6d639825b0f55d29acf1a38f6f&oe=608866EF&_nc_sid=9fb510",
                    "username": "airpods_case_1"
                },
                "likes_count": 0
            }
        ]
    },
    {
        "id": 18166611634026978,
        "created_at": 1602595173,
        "text": "pp",
        "owner": {
            "id": "38985368609",
            "is_verified": false,
            "profile_pic_url": "https://instagram.fagc2-1.fna.fbcdn.net/v/t51.2885-19/s150x150/159598704_711181189575003_2615577645140912871_n.jpg?tp=1&_nc_ht=instagram.fagc2-1.fna.fbcdn.net&_nc_ohc=BjeqUpHebckAX92D-tw&ccb=7-4&oh=2e104d3b423d91e281bf189509637fbf&oe=6088421B&_nc_sid=9fb510",
            "username": "ravleenkaur000"
        },
        "likes_count": 0,
        "answers": []
    },
    {
        "id": 17844604427353765,
        "created_at": 1600621562,
        "text": "Price?",
        "owner": {
            "id": "1797268721",
            "is_verified": false,
            "profile_pic_url": "https://instagram.fagc2-1.fna.fbcdn.net/v/t51.2885-19/s150x150/132791892_3440515352719777_6670988356734496175_n.jpg?tp=1&_nc_ht=instagram.fagc2-1.fna.fbcdn.net&_nc_ohc=Cn424rNkL9IAX_i4Lbw&ccb=7-4&oh=b584f76c5edfe7976286ef5641ac1bf5&oe=60879090&_nc_sid=9fb510",
            "username": "nimishabhagat59"
        },
        "likes_count": 0,
        "answers": [
            {
                "id": 17867221325025428,
                "created_at": 1600621941,
                "text": "@nimishabhagat59 check your dm",
                "owner": {
                    "id": "31345321949",
                    "is_verified": false,
                    "profile_pic_url": "https://instagram.fagc2-1.fna.fbcdn.net/v/t51.2885-19/s150x150/104655610_734890267265839_7042082510067431729_n.jpg?tp=1&_nc_ht=instagram.fagc2-1.fna.fbcdn.net&_nc_ohc=Q9yxDDyzyrwAX9Xuts8&ccb=7-4&oh=d86b1b6d639825b0f55d29acf1a38f6f&oe=608866EF&_nc_sid=9fb510",
                    "username": "airpods_case_1"
                },
                "likes_count": 0
            }
        ]
    },
    {
        "id": 17852467280252008,
        "created_at": 1600402686,
        "text": "Pp",
        "owner": {
            "id": "11436310563",
            "is_verified": false,
            "profile_pic_url": "https://instagram.fagc2-1.fna.fbcdn.net/v/t51.2885-19/s150x150/159375530_290849559127529_3661377742478343896_n.jpg?tp=1&_nc_ht=instagram.fagc2-1.fna.fbcdn.net&_nc_ohc=2xM0MTRx1fYAX_6gdOs&ccb=7-4&oh=6c6a53c7ce4a0bffd7c82e43f7828bd4&oe=608618E1&_nc_sid=9fb510",
            "username": "hari_priya_likhitha"
        },
        "likes_count": 0,
        "answers": [
            {
                "id": 18116803777177858,
                "created_at": 1600404349,
                "text": "@hari_priya_likhitha check dm",
                "owner": {
                    "id": "31345321949",
                    "is_verified": false,
                    "profile_pic_url": "https://instagram.fagc2-1.fna.fbcdn.net/v/t51.2885-19/s150x150/104655610_734890267265839_7042082510067431729_n.jpg?tp=1&_nc_ht=instagram.fagc2-1.fna.fbcdn.net&_nc_ohc=Q9yxDDyzyrwAX9Xuts8&ccb=7-4&oh=d86b1b6d639825b0f55d29acf1a38f6f&oe=608866EF&_nc_sid=9fb510",
                    "username": "airpods_case_1"
                },
                "likes_count": 0
            }
        ]
    },
    {
        "id": 17861770034048853,
        "created_at": 1596641985,
        "text": "Pp",
        "owner": {
            "id": "4238944277",
            "is_verified": false,
            "profile_pic_url": "https://instagram.fagc2-1.fna.fbcdn.net/v/t51.2885-19/s150x150/164293407_278566146967080_5758601143333925474_n.jpg?tp=1&_nc_ht=instagram.fagc2-1.fna.fbcdn.net&_nc_ohc=OiYivzoROqwAX8RMwHZ&ccb=7-4&oh=ca51b0f4fe71936d49785accf584dbab&oe=6088E0B7&_nc_sid=9fb510",
            "username": "miss_shah1999"
        },
        "likes_count": 0,
        "answers": []
    }
]