[
    {
        "id": 17915685943621606,
        "created_at": 1616480039,
        "text": "Pp",
        "owner": {
            "id": "2413465632",
            "is_verified": false,
            "profile_pic_url": "https://instagram.fagc2-1.fna.fbcdn.net/v/t51.2885-19/s150x150/122509078_1076244806128682_8348998214819151858_n.jpg?tp=1&_nc_ht=instagram.fagc2-1.fna.fbcdn.net&_nc_ohc=JAQzbjXhHZ8AX_YVHd-&ccb=7-4&oh=638d64a85886c150b70abd9130cab1ea&oe=60873BAC&_nc_sid=9fb510",
            "username": "shreya2207"
        },
        "likes_count": 0,
        "answers": [
            {
                "id": 17902181119810239,
                "created_at": 1616480410,
                "text": "@shreya2207 available for airpods 1/2 only",
                "owner": {
                    "id": "31345321949",
                    "is_verified": false,
                    "profile_pic_url": "https://instagram.fagc2-1.fna.fbcdn.net/v/t51.2885-19/s150x150/104655610_734890267265839_7042082510067431729_n.jpg?tp=1&_nc_ht=instagram.fagc2-1.fna.fbcdn.net&_nc_ohc=Q9yxDDyzyrwAX9Xuts8&ccb=7-4&oh=d86b1b6d639825b0f55d29acf1a38f6f&oe=608866EF&_nc_sid=9fb510",
                    "username": "airpods_case_1"
                },
                "likes_count": 0
            }
        ]
    },
    {
        "id": 17885339915056523,
        "created_at": 1616402196,
        "text": "Airpod 1",
        "owner": {
            "id": "750001871",
            "is_verified": false,
            "profile_pic_url": "https://instagram.fagc2-1.fna.fbcdn.net/v/t51.2885-19/s150x150/25007946_195137964368277_5020939948686049280_n.jpg?tp=1&_nc_ht=instagram.fagc2-1.fna.fbcdn.net&_nc_ohc=OtnUfJwYHVQAX8Ypl2s&ccb=7-4&oh=5df7cb34b1179cd6bf1547f3ab89d182&oe=608714DC&_nc_sid=9fb510",
            "username": "8053nr"
        },
        "likes_count": 0,
        "answers": [
            {
                "id": 17865229217430531,
                "created_at": 1616409824,
                "text": "@8053nr available check dm",
                "owner": {
                    "id": "31345321949",
                    "is_verified": false,
                    "profile_pic_url": "https://instagram.fagc2-1.fna.fbcdn.net/v/t51.2885-19/s150x150/104655610_734890267265839_7042082510067431729_n.jpg?tp=1&_nc_ht=instagram.fagc2-1.fna.fbcdn.net&_nc_ohc=Q9yxDDyzyrwAX9Xuts8&ccb=7-4&oh=d86b1b6d639825b0f55d29acf1a38f6f&oe=608866EF&_nc_sid=9fb510",
                    "username": "airpods_case_1"
                },
                "likes_count": 0
            }
        ]
    },
    {
        "id": 17874771752221060,
        "created_at": 1616402190,
        "text": "Rate",
        "owner": {
            "id": "750001871",
            "is_verified": false,
            "profile_pic_url": "https://instagram.fagc2-1.fna.fbcdn.net/v/t51.2885-19/s150x150/25007946_195137964368277_5020939948686049280_n.jpg?tp=1&_nc_ht=instagram.fagc2-1.fna.fbcdn.net&_nc_ohc=OtnUfJwYHVQAX8Ypl2s&ccb=7-4&oh=5df7cb34b1179cd6bf1547f3ab89d182&oe=608714DC&_nc_sid=9fb510",
            "username": "8053nr"
        },
        "likes_count": 0,
        "answers": []
    },
    {
        "id": 17986909114341955,
        "created_at": 1616167314,
        "text": "Pp plz",
        "owner": {
            "id": "38989409375",
            "is_verified": false,
            "profile_pic_url": "https://instagram.fagc2-1.fna.fbcdn.net/v/t51.2885-19/s150x150/125433531_377248203512025_458180726124436653_n.jpg?tp=1&_nc_ht=instagram.fagc2-1.fna.fbcdn.net&_nc_ohc=WpFzpXqbhOQAX86zuQK&ccb=7-4&oh=c9ea1c315ba360585c9b1f9299ae688a&oe=60886B21&_nc_sid=9fb510",
            "username": "tanyaprincetaneja"
        },
        "likes_count": 0,
        "answers": [
            {
                "id": 17853098186521419,
                "created_at": 1616168105,
                "text": "@tanyaprincetaneja check dm",
                "owner": {
                    "id": "31345321949",
                    "is_verified": false,
                    "profile_pic_url": "https://instagram.fagc2-1.fna.fbcdn.net/v/t51.2885-19/s150x150/104655610_734890267265839_7042082510067431729_n.jpg?tp=1&_nc_ht=instagram.fagc2-1.fna.fbcdn.net&_nc_ohc=Q9yxDDyzyrwAX9Xuts8&ccb=7-4&oh=d86b1b6d639825b0f55d29acf1a38f6f&oe=608866EF&_nc_sid=9fb510",
                    "username": "airpods_case_1"
                },
                "likes_count": 0
            }
        ]
    },
    {
        "id": 18099691891217597,
        "created_at": 1615474147,
        "text": "Is it real Luise",
        "owner": {
            "id": "46279410022",
            "is_verified": false,
            "profile_pic_url": "https://instagram.fagc2-1.fna.fbcdn.net/v/t51.2885-19/s150x150/158589689_1114217602375410_5993750677430219300_n.jpg?tp=1&_nc_ht=instagram.fagc2-1.fna.fbcdn.net&_nc_ohc=tklg3FhTtEkAX8mszOX&ccb=7-4&oh=8651d6649cc37a16392c4cac9a87fea6&oe=6089CF0E&_nc_sid=9fb510",
            "username": "jana_milinkovic4"
        },
        "likes_count": 0,
        "answers": []
    },
    {
        "id": 17894320531878980,
        "created_at": 1615251526,
        "text": "Price",
        "owner": {
            "id": "5499209048",
            "is_verified": false,
            "profile_pic_url": "https://instagram.fagc2-1.fna.fbcdn.net/v/t51.2885-19/s150x150/138598527_435807457568403_1012193065936915823_n.jpg?tp=1&_nc_ht=instagram.fagc2-1.fna.fbcdn.net&_nc_ohc=NEkm80j_ow8AX-jJEX9&ccb=7-4&oh=d0d7aef6f05bdffe3551164028eaa1da&oe=6087527E&_nc_sid=9fb510",
            "username": "bosslady_.vana"
        },
        "likes_count": 0,
        "answers": [
            {
                "id": 17936613352476453,
                "created_at": 1615277586,
                "text": "@bosslady_.vana check dm",
                "owner": {
                    "id": "31345321949",
                    "is_verified": false,
                    "profile_pic_url": "https://instagram.fagc2-1.fna.fbcdn.net/v/t51.2885-19/s150x150/104655610_734890267265839_7042082510067431729_n.jpg?tp=1&_nc_ht=instagram.fagc2-1.fna.fbcdn.net&_nc_ohc=Q9yxDDyzyrwAX9Xuts8&ccb=7-4&oh=d86b1b6d639825b0f55d29acf1a38f6f&oe=608866EF&_nc_sid=9fb510",
                    "username": "airpods_case_1"
                },
                "likes_count": 0
            }
        ]
    },
    {
        "id": 17900068198810140,
        "created_at": 1615063271,
        "text": "Do you have in the airpods?",
        "owner": {
            "id": "1335657434",
            "is_verified": false,
            "profile_pic_url": "https://instagram.fagc2-1.fna.fbcdn.net/v/t51.2885-19/s150x150/120410151_628998191135428_2705164218873552589_n.jpg?tp=1&_nc_ht=instagram.fagc2-1.fna.fbcdn.net&_nc_ohc=wsGSl-WU4SsAX9BCdga&ccb=7-4&oh=ae77a3de2cecb976d766b6fa03429d9d&oe=60876DB4&_nc_sid=9fb510",
            "username": "_____the_fatlady"
        },
        "likes_count": 0,
        "answers": [
            {
                "id": 17900672686817704,
                "created_at": 1615090342,
                "text": "@_____the_fatlady yes we have",
                "owner": {
                    "id": "31345321949",
                    "is_verified": false,
                    "profile_pic_url": "https://instagram.fagc2-1.fna.fbcdn.net/v/t51.2885-19/s150x150/104655610_734890267265839_7042082510067431729_n.jpg?tp=1&_nc_ht=instagram.fagc2-1.fna.fbcdn.net&_nc_ohc=Q9yxDDyzyrwAX9Xuts8&ccb=7-4&oh=d86b1b6d639825b0f55d29acf1a38f6f&oe=608866EF&_nc_sid=9fb510",
                    "username": "airpods_case_1"
                },
                "likes_count": 0
            }
        ]
    },
    {
        "id": 18130943557196227,
        "created_at": 1614953641,
        "text": "Is this available for airpods 1",
        "owner": {
            "id": "45976879587",
            "is_verified": false,
            "profile_pic_url": "https://instagram.fagc2-1.fna.fbcdn.net/v/t51.2885-19/s150x150/158463309_265814481777980_3164447521383192039_n.jpg?tp=1&_nc_ht=instagram.fagc2-1.fna.fbcdn.net&_nc_ohc=xPP9qgA2X1cAX-DMbBN&ccb=7-4&oh=9c93c2661ef173cd6bef5a983a67b474&oe=60866070&_nc_sid=9fb510",
            "username": "tavleen2803"
        },
        "likes_count": 0,
        "answers": [
            {
                "id": 17922977560523768,
                "created_at": 1614961596,
                "text": "@tavleen2803 yes available",
                "owner": {
                    "id": "31345321949",
                    "is_verified": false,
                    "profile_pic_url": "https://instagram.fagc2-1.fna.fbcdn.net/v/t51.2885-19/s150x150/104655610_734890267265839_7042082510067431729_n.jpg?tp=1&_nc_ht=instagram.fagc2-1.fna.fbcdn.net&_nc_ohc=Q9yxDDyzyrwAX9Xuts8&ccb=7-4&oh=d86b1b6d639825b0f55d29acf1a38f6f&oe=608866EF&_nc_sid=9fb510",
                    "username": "airpods_case_1"
                },
                "likes_count": 0
            }
        ]
    },
    {
        "id": 17874772106244746,
        "created_at": 1614687024,
        "text": "Pm",
        "owner": {
            "id": "25697852",
            "is_verified": false,
            "profile_pic_url": "https://instagram.fagc2-1.fna.fbcdn.net/v/t51.2885-19/s150x150/101476854_2755951651294335_1602471097209454592_n.jpg?tp=1&_nc_ht=instagram.fagc2-1.fna.fbcdn.net&_nc_ohc=_zewWH-ZBsAAX_93uQ2&ccb=7-4&oh=885a132e385db2e5b35c1989b278b37c&oe=60864DF3&_nc_sid=9fb510",
            "username": "queenie_chan"
        },
        "likes_count": 0,
        "answers": []
    },
    {
        "id": 17901430735776509,
        "created_at": 1614349851,
        "text": "Price please",
        "owner": {
            "id": "45331889354",
            "is_verified": false,
            "profile_pic_url": "https://instagram.fagc2-1.fna.fbcdn.net/v/t51.2885-19/s150x150/140675608_231416751813489_5835190677927982044_n.jpg?tp=1&_nc_ht=instagram.fagc2-1.fna.fbcdn.net&_nc_ohc=kFE_SZT4ZswAX-QoInM&ccb=7-4&oh=d98c9e2da919b14f61f3c1eecb60fa8b&oe=608962EA&_nc_sid=9fb510",
            "username": "pradhan_hr"
        },
        "likes_count": 0,
        "answers": []
    },
    {
        "id": 17860389719395486,
        "created_at": 1614100969,
        "text": "price?",
        "owner": {
            "id": "29076798207",
            "is_verified": false,
            "profile_pic_url": "https://instagram.fagc2-1.fna.fbcdn.net/v/t51.2885-19/s150x150/161547780_187762026207492_5199870534511491337_n.jpg?tp=1&_nc_ht=instagram.fagc2-1.fna.fbcdn.net&_nc_ohc=ZTJX-75-HbkAX_fP3Zq&ccb=7-4&oh=d603d433d5b663e0a6edf3baa6f13560&oe=608758F4&_nc_sid=9fb510",
            "username": "heenakheeva"
        },
        "likes_count": 0,
        "answers": [
            {
                "id": 17887699331004775,
                "created_at": 1614132121,
                "text": "@heenakheeva check dm",
                "owner": {
                    "id": "31345321949",
                    "is_verified": false,
                    "profile_pic_url": "https://instagram.fagc2-1.fna.fbcdn.net/v/t51.2885-19/s150x150/104655610_734890267265839_7042082510067431729_n.jpg?tp=1&_nc_ht=instagram.fagc2-1.fna.fbcdn.net&_nc_ohc=Q9yxDDyzyrwAX9Xuts8&ccb=7-4&oh=d86b1b6d639825b0f55d29acf1a38f6f&oe=608866EF&_nc_sid=9fb510",
                    "username": "airpods_case_1"
                },
                "likes_count": 0
            }
        ]
    },
    {
        "id": 17923869412506066,
        "created_at": 1614054048,
        "text": "Rates",
        "owner": {
            "id": "1834709152",
            "is_verified": false,
            "profile_pic_url": "https://instagram.fagc2-1.fna.fbcdn.net/v/t51.2885-19/s150x150/123278574_572916576834912_1309130644293326872_n.jpg?tp=1&_nc_ht=instagram.fagc2-1.fna.fbcdn.net&_nc_ohc=jK1UR8T_DU0AX-hvkHz&ccb=7-4&oh=76941d4748eb40a6ddf106ad510ae499&oe=6089E1AA&_nc_sid=9fb510",
            "username": "parthpatelheree"
        },
        "likes_count": 0,
        "answers": []
    },
    {
        "id": 18192724915060971,
        "created_at": 1613296156,
        "text": "I love dis how much",
        "owner": {
            "id": "8369952053",
            "is_verified": false,
            "profile_pic_url": "https://instagram.fagc2-1.fna.fbcdn.net/v/t51.2885-19/s150x150/127401439_701400110505532_6875507921925931537_n.jpg?tp=1&_nc_ht=instagram.fagc2-1.fna.fbcdn.net&_nc_ohc=J2PWh9w7SaYAX8O6EHe&ccb=7-4&oh=79379572a95ef63989eb3b43189e015a&oe=60861BFE&_nc_sid=9fb510",
            "username": "sexly_mira"
        },
        "likes_count": 0,
        "answers": [
            {
                "id": 17930393365490536,
                "created_at": 1613296964,
                "text": "@sexly_mira check dm",
                "owner": {
                    "id": "31345321949",
                    "is_verified": false,
                    "profile_pic_url": "https://instagram.fagc2-1.fna.fbcdn.net/v/t51.2885-19/s150x150/104655610_734890267265839_7042082510067431729_n.jpg?tp=1&_nc_ht=instagram.fagc2-1.fna.fbcdn.net&_nc_ohc=Q9yxDDyzyrwAX9Xuts8&ccb=7-4&oh=d86b1b6d639825b0f55d29acf1a38f6f&oe=608866EF&_nc_sid=9fb510",
                    "username": "airpods_case_1"
                },
                "likes_count": 0
            }
        ]
    },
    {
        "id": 17904410911695674,
        "created_at": 1612982111,
        "text": "Price?",
        "owner": {
            "id": "8711285267",
            "is_verified": false,
            "profile_pic_url": "https://instagram.fagc2-1.fna.fbcdn.net/v/t51.2885-19/s150x150/139237837_161558622109477_6221809885472109316_n.jpg?tp=1&_nc_ht=instagram.fagc2-1.fna.fbcdn.net&_nc_ohc=9tptwEhCGuwAX8oUla6&ccb=7-4&oh=c82a2cf8ff710283f37bb1d25d1e7046&oe=6086DC7F&_nc_sid=9fb510",
            "username": "mohitabrol3"
        },
        "likes_count": 0,
        "answers": [
            {
                "id": 17888102293965850,
                "created_at": 1612982139,
                "text": "@mohitabrol3 check dm",
                "owner": {
                    "id": "31345321949",
                    "is_verified": false,
                    "profile_pic_url": "https://instagram.fagc2-1.fna.fbcdn.net/v/t51.2885-19/s150x150/104655610_734890267265839_7042082510067431729_n.jpg?tp=1&_nc_ht=instagram.fagc2-1.fna.fbcdn.net&_nc_ohc=Q9yxDDyzyrwAX9Xuts8&ccb=7-4&oh=d86b1b6d639825b0f55d29acf1a38f6f&oe=608866EF&_nc_sid=9fb510",
                    "username": "airpods_case_1"
                },
                "likes_count": 0
            }
        ]
    },
    {
        "id": 17889934114940835,
        "created_at": 1612771223,
        "text": "Price?",
        "owner": {
            "id": "1674144113",
            "is_verified": false,
            "profile_pic_url": "https://instagram.fagc2-1.fna.fbcdn.net/v/t51.2885-19/s150x150/159450644_815733979018802_4562512541125311419_n.jpg?tp=1&_nc_ht=instagram.fagc2-1.fna.fbcdn.net&_nc_ohc=l4firqmnDUAAX8pfcKX&ccb=7-4&oh=d8bcfb635b8b6a03c648dbfffb45b746&oe=6088F093&_nc_sid=9fb510",
            "username": "iamsonalihanda"
        },
        "likes_count": 0,
        "answers": [
            {
                "id": 17857649207491319,
                "created_at": 1612772269,
                "text": "@iamsonalihanda check dm",
                "owner": {
                    "id": "31345321949",
                    "is_verified": false,
                    "profile_pic_url": "https://instagram.fagc2-1.fna.fbcdn.net/v/t51.2885-19/s150x150/104655610_734890267265839_7042082510067431729_n.jpg?tp=1&_nc_ht=instagram.fagc2-1.fna.fbcdn.net&_nc_ohc=Q9yxDDyzyrwAX9Xuts8&ccb=7-4&oh=d86b1b6d639825b0f55d29acf1a38f6f&oe=608866EF&_nc_sid=9fb510",
                    "username": "airpods_case_1"
                },
                "likes_count": 0
            }
        ]
    },
    {
        "id": 17919431479554706,
        "created_at": 1612584969,
        "text": "Price",
        "owner": {
            "id": "2933059378",
            "is_verified": false,
            "profile_pic_url": "https://instagram.fagc2-1.fna.fbcdn.net/v/t51.2885-19/s150x150/157358386_432138671376203_1482060615355459567_n.jpg?tp=1&_nc_ht=instagram.fagc2-1.fna.fbcdn.net&_nc_ohc=Whn9qkdmR_cAX9bAgBT&ccb=7-4&oh=c6a08806ed097c6f8c8fee7acec199f2&oe=60873495&_nc_sid=9fb510",
            "username": "i.rxsandhu13"
        },
        "likes_count": 0,
        "answers": [
            {
                "id": 17985010666334866,
                "created_at": 1612588024,
                "text": "@sandhu7robin check dm",
                "owner": {
                    "id": "31345321949",
                    "is_verified": false,
                    "profile_pic_url": "https://instagram.fagc2-1.fna.fbcdn.net/v/t51.2885-19/s150x150/104655610_734890267265839_7042082510067431729_n.jpg?tp=1&_nc_ht=instagram.fagc2-1.fna.fbcdn.net&_nc_ohc=Q9yxDDyzyrwAX9Xuts8&ccb=7-4&oh=d86b1b6d639825b0f55d29acf1a38f6f&oe=608866EF&_nc_sid=9fb510",
                    "username": "airpods_case_1"
                },
                "likes_count": 0
            }
        ]
    },
    {
        "id": 17893961806824507,
        "created_at": 1611909459,
        "text": "Pp",
        "owner": {
            "id": "12171658188",
            "is_verified": false,
            "profile_pic_url": "https://instagram.fagc2-1.fna.fbcdn.net/v/t51.2885-19/s150x150/160821986_511594173164615_5320662053202269440_n.jpg?tp=1&_nc_ht=instagram.fagc2-1.fna.fbcdn.net&_nc_ohc=D-8-4TT6JNIAX9fCeVZ&ccb=7-4&oh=b579d5cbab0de4529ca22322ed8da85d&oe=6089A2C8&_nc_sid=9fb510",
            "username": "miss.euro"
        },
        "likes_count": 0,
        "answers": [
            {
                "id": 17995269934314865,
                "created_at": 1611909745,
                "text": "@miss.euro check dm",
                "owner": {
                    "id": "31345321949",
                    "is_verified": false,
                    "profile_pic_url": "https://instagram.fagc2-1.fna.fbcdn.net/v/t51.2885-19/s150x150/104655610_734890267265839_7042082510067431729_n.jpg?tp=1&_nc_ht=instagram.fagc2-1.fna.fbcdn.net&_nc_ohc=Q9yxDDyzyrwAX9Xuts8&ccb=7-4&oh=d86b1b6d639825b0f55d29acf1a38f6f&oe=608866EF&_nc_sid=9fb510",
                    "username": "airpods_case_1"
                },
                "likes_count": 0
            }
        ]
    },
    {
        "id": 17892809242885887,
        "created_at": 1611847771,
        "text": "How much ?",
        "owner": {
            "id": "28448019201",
            "is_verified": false,
            "profile_pic_url": "https://instagram.fagc2-1.fna.fbcdn.net/v/t51.2885-19/s150x150/120278790_136676874816917_1673387304454021882_n.jpg?tp=1&_nc_ht=instagram.fagc2-1.fna.fbcdn.net&_nc_ohc=qbLQW21mFEMAX_H7jHR&ccb=7-4&oh=2b5e3ec5d6435049e4ec9b14fa45f3d9&oe=6087A6E0&_nc_sid=9fb510",
            "username": "_.coolie.__"
        },
        "likes_count": 0,
        "answers": [
            {
                "id": 17869312355214481,
                "created_at": 1611848355,
                "text": "@_.coolie.__ check dm",
                "owner": {
                    "id": "31345321949",
                    "is_verified": false,
                    "profile_pic_url": "https://instagram.fagc2-1.fna.fbcdn.net/v/t51.2885-19/s150x150/104655610_734890267265839_7042082510067431729_n.jpg?tp=1&_nc_ht=instagram.fagc2-1.fna.fbcdn.net&_nc_ohc=Q9yxDDyzyrwAX9Xuts8&ccb=7-4&oh=d86b1b6d639825b0f55d29acf1a38f6f&oe=608866EF&_nc_sid=9fb510",
                    "username": "airpods_case_1"
                },
                "likes_count": 0
            }
        ]
    },
    {
        "id": 18190010239003736,
        "created_at": 1611754721,
        "text": "Price",
        "owner": {
            "id": "2243531104",
            "is_verified": false,
            "profile_pic_url": "https://instagram.fagc2-1.fna.fbcdn.net/v/t51.2885-19/s150x150/118991432_730365067821467_6510610580635289510_n.jpg?tp=1&_nc_ht=instagram.fagc2-1.fna.fbcdn.net&_nc_ohc=uXyE7AdehpkAX9dk_ff&ccb=7-4&oh=1c245276a14ae8b8636f3976edcccd6d&oe=6086C5AC&_nc_sid=9fb510",
            "username": "bishap_patial"
        },
        "likes_count": 1,
        "answers": [
            {
                "id": 17895348628778925,
                "created_at": 1611755058,
                "text": "@bishap_patial check dm",
                "owner": {
                    "id": "31345321949",
                    "is_verified": false,
                    "profile_pic_url": "https://instagram.fagc2-1.fna.fbcdn.net/v/t51.2885-19/s150x150/104655610_734890267265839_7042082510067431729_n.jpg?tp=1&_nc_ht=instagram.fagc2-1.fna.fbcdn.net&_nc_ohc=Q9yxDDyzyrwAX9Xuts8&ccb=7-4&oh=d86b1b6d639825b0f55d29acf1a38f6f&oe=608866EF&_nc_sid=9fb510",
                    "username": "airpods_case_1"
                },
                "likes_count": 0
            }
        ]
    },
    {
        "id": 17984141881328296,
        "created_at": 1611633897,
        "text": "Info",
        "owner": {
            "id": "7077920368",
            "is_verified": false,
            "profile_pic_url": "https://instagram.fagc2-1.fna.fbcdn.net/v/t51.2885-19/s150x150/116134393_286794812606212_5579156318351927434_n.jpg?tp=1&_nc_ht=instagram.fagc2-1.fna.fbcdn.net&_nc_ohc=5IRf7AfDJqYAX-21g7E&ccb=7-4&oh=daa9466e85a04e294eda4b4cdf4ff00d&oe=60877AC7&_nc_sid=9fb510",
            "username": "emmy_palacio"
        },
        "likes_count": 0,
        "answers": [
            {
                "id": 17982967021329243,
                "created_at": 1611637059,
                "text": "@emmy_palacio check dm",
                "owner": {
                    "id": "31345321949",
                    "is_verified": false,
                    "profile_pic_url": "https://instagram.fagc2-1.fna.fbcdn.net/v/t51.2885-19/s150x150/104655610_734890267265839_7042082510067431729_n.jpg?tp=1&_nc_ht=instagram.fagc2-1.fna.fbcdn.net&_nc_ohc=Q9yxDDyzyrwAX9Xuts8&ccb=7-4&oh=d86b1b6d639825b0f55d29acf1a38f6f&oe=608866EF&_nc_sid=9fb510",
                    "username": "airpods_case_1"
                },
                "likes_count": 0
            }
        ]
    },
    {
        "id": 18136875796092541,
        "created_at": 1611587785,
        "text": "Pp",
        "owner": {
            "id": "1594790048",
            "is_verified": false,
            "profile_pic_url": "https://instagram.fagc2-1.fna.fbcdn.net/v/t51.2885-19/s150x150/19051354_195507251009255_1340362222525743104_n.jpg?tp=1&_nc_ht=instagram.fagc2-1.fna.fbcdn.net&_nc_ohc=HL3X_EevyUAAX8_kgcN&ccb=7-4&oh=2cc290b6fe872e59e1c15045509ac9d2&oe=60878081&_nc_sid=9fb510",
            "username": "nikhildodeja"
        },
        "likes_count": 0,
        "answers": [
            {
                "id": 17851071968489258,
                "created_at": 1611588472,
                "text": "@nikhildodeja check dm",
                "owner": {
                    "id": "31345321949",
                    "is_verified": false,
                    "profile_pic_url": "https://instagram.fagc2-1.fna.fbcdn.net/v/t51.2885-19/s150x150/104655610_734890267265839_7042082510067431729_n.jpg?tp=1&_nc_ht=instagram.fagc2-1.fna.fbcdn.net&_nc_ohc=Q9yxDDyzyrwAX9Xuts8&ccb=7-4&oh=d86b1b6d639825b0f55d29acf1a38f6f&oe=608866EF&_nc_sid=9fb510",
                    "username": "airpods_case_1"
                },
                "likes_count": 0
            }
        ]
    },
    {
        "id": 18139701550130485,
        "created_at": 1611546449,
        "text": "Can you deliver to Nigeria??",
        "owner": {
            "id": "2931923395",
            "is_verified": false,
            "profile_pic_url": "https://instagram.fagc2-1.fna.fbcdn.net/v/t51.2885-19/s150x150/133793650_405399134239660_6923457345105280063_n.jpg?tp=1&_nc_ht=instagram.fagc2-1.fna.fbcdn.net&_nc_ohc=3tqkC_59tPgAX-qf_oa&ccb=7-4&oh=4e83db90396d41b9a2d00e21d6c17989&oe=60886D2E&_nc_sid=9fb510",
            "username": "sirmykorf"
        },
        "likes_count": 0,
        "answers": [
            {
                "id": 17903590018668231,
                "created_at": 1611548084,
                "text": "@sirmykorf noopee\ud83d\ude05",
                "owner": {
                    "id": "31345321949",
                    "is_verified": false,
                    "profile_pic_url": "https://instagram.fagc2-1.fna.fbcdn.net/v/t51.2885-19/s150x150/104655610_734890267265839_7042082510067431729_n.jpg?tp=1&_nc_ht=instagram.fagc2-1.fna.fbcdn.net&_nc_ohc=Q9yxDDyzyrwAX9Xuts8&ccb=7-4&oh=d86b1b6d639825b0f55d29acf1a38f6f&oe=608866EF&_nc_sid=9fb510",
                    "username": "airpods_case_1"
                },
                "likes_count": 0
            }
        ]
    },
    {
        "id": 17878552619104685,
        "created_at": 1611286596,
        "text": "Precio",
        "owner": {
            "id": "45457993921",
            "is_verified": false,
            "profile_pic_url": "https://instagram.fagc2-1.fna.fbcdn.net/v/t51.2885-19/s150x150/139394003_164034391824439_5202494477371643224_n.jpg?tp=1&_nc_ht=instagram.fagc2-1.fna.fbcdn.net&_nc_ohc=3Pl8Ikdx9PwAX_OXAxA&ccb=7-4&oh=34d83dd0741ed46c618d64df864acf2e&oe=60866287&_nc_sid=9fb510",
            "username": "yerdalis_mdm"
        },
        "likes_count": 1,
        "answers": []
    },
    {
        "id": 17931022579476562,
        "created_at": 1611252563,
        "text": "how much",
        "owner": {
            "id": "42728838982",
            "is_verified": false,
            "profile_pic_url": "https://instagram.fagc2-1.fna.fbcdn.net/v/t51.2885-19/s150x150/119984653_158980159203655_3459640858440625277_n.jpg?tp=1&_nc_ht=instagram.fagc2-1.fna.fbcdn.net&_nc_ohc=eZpz6CBsMZQAX9chTLz&ccb=7-4&oh=57846be6f405e7f4b3d2b6c1ff519c44&oe=60877BBD&_nc_sid=9fb510",
            "username": "mohammed.rouh"
        },
        "likes_count": 1,
        "answers": []
    },
    {
        "id": 17967841606368074,
        "created_at": 1611134589,
        "text": "Pp?",
        "owner": {
            "id": "5545704572",
            "is_verified": false,
            "profile_pic_url": "https://instagram.fluh3-1.fna.fbcdn.net/v/t51.2885-19/44884218_345707102882519_2446069589734326272_n.jpg?_nc_ht=instagram.fluh3-1.fna.fbcdn.net&_nc_ohc=hLTkwc3uTqUAX8H04hJ&ccb=7-4&oh=70d440c8d37e9ef575b7421d67591bee&oe=6087738F&_nc_sid=cff2a4&ig_cache_key=YW5vbnltb3VzX3Byb2ZpbGVfcGlj.2-ccb7-4",
            "username": "3187_lakshgoel"
        },
        "likes_count": 0,
        "answers": [
            {
                "id": 17900486809735653,
                "created_at": 1611139941,
                "text": "@3187_lakshgoel check dm",
                "owner": {
                    "id": "31345321949",
                    "is_verified": false,
                    "profile_pic_url": "https://instagram.fagc2-1.fna.fbcdn.net/v/t51.2885-19/s150x150/104655610_734890267265839_7042082510067431729_n.jpg?tp=1&_nc_ht=instagram.fagc2-1.fna.fbcdn.net&_nc_ohc=Q9yxDDyzyrwAX9Xuts8&ccb=7-4&oh=d86b1b6d639825b0f55d29acf1a38f6f&oe=608866EF&_nc_sid=9fb510",
                    "username": "airpods_case_1"
                },
                "likes_count": 0
            }
        ]
    },
    {
        "id": 18132778297152118,
        "created_at": 1611080225,
        "text": "pp",
        "owner": {
            "id": "8080311067",
            "is_verified": false,
            "profile_pic_url": "https://instagram.fagc2-1.fna.fbcdn.net/v/t51.2885-19/s150x150/47691410_2270826666530375_6865721156431773696_n.jpg?tp=1&_nc_ht=instagram.fagc2-1.fna.fbcdn.net&_nc_ohc=QnGBtaEV9KAAX90yZxy&ccb=7-4&oh=3e3cfc5c4530acdc114869754aafc297&oe=608777D6&_nc_sid=9fb510",
            "username": "parveenmalik63"
        },
        "likes_count": 0,
        "answers": [
            {
                "id": 18136479553179671,
                "created_at": 1611080300,
                "text": "@parveenmalik63 check dm",
                "owner": {
                    "id": "31345321949",
                    "is_verified": false,
                    "profile_pic_url": "https://instagram.fagc2-1.fna.fbcdn.net/v/t51.2885-19/s150x150/104655610_734890267265839_7042082510067431729_n.jpg?tp=1&_nc_ht=instagram.fagc2-1.fna.fbcdn.net&_nc_ohc=Q9yxDDyzyrwAX9Xuts8&ccb=7-4&oh=d86b1b6d639825b0f55d29acf1a38f6f&oe=608866EF&_nc_sid=9fb510",
                    "username": "airpods_case_1"
                },
                "likes_count": 0
            }
        ]
    },
    {
        "id": 17889587755877088,
        "created_at": 1610999569,
        "text": "Pp",
        "owner": {
            "id": "104865266",
            "is_verified": false,
            "profile_pic_url": "https://instagram.fagc2-1.fna.fbcdn.net/v/t51.2885-19/s150x150/131023442_723413094951446_1130705714930932209_n.jpg?tp=1&_nc_ht=instagram.fagc2-1.fna.fbcdn.net&_nc_ohc=nnFCwiYwqwoAX990hDS&ccb=7-4&oh=746018be939f5a269a05857f02439a98&oe=60866155&_nc_sid=9fb510",
            "username": "variedexperiences_by_aman"
        },
        "likes_count": 0,
        "answers": [
            {
                "id": 17885801527970379,
                "created_at": 1611029685,
                "text": "@variedexperiences_by_aman check dm",
                "owner": {
                    "id": "31345321949",
                    "is_verified": false,
                    "profile_pic_url": "https://instagram.fagc2-1.fna.fbcdn.net/v/t51.2885-19/s150x150/104655610_734890267265839_7042082510067431729_n.jpg?tp=1&_nc_ht=instagram.fagc2-1.fna.fbcdn.net&_nc_ohc=Q9yxDDyzyrwAX9Xuts8&ccb=7-4&oh=d86b1b6d639825b0f55d29acf1a38f6f&oe=608866EF&_nc_sid=9fb510",
                    "username": "airpods_case_1"
                },
                "likes_count": 0
            }
        ]
    },
    {
        "id": 18136172722095721,
        "created_at": 1610904878,
        "text": "Pp",
        "owner": {
            "id": "1561087222",
            "is_verified": false,
            "profile_pic_url": "https://instagram.fagc2-1.fna.fbcdn.net/v/t51.2885-19/s150x150/57506341_416069539177257_4145762292505509888_n.jpg?tp=1&_nc_ht=instagram.fagc2-1.fna.fbcdn.net&_nc_ohc=1syVPwpiEKAAX8uDKOt&ccb=7-4&oh=c9059f4f39189518f36596ef55772f6a&oe=6089F37A&_nc_sid=9fb510",
            "username": "birat_poon_mgr"
        },
        "likes_count": 0,
        "answers": [
            {
                "id": 17870509625239961,
                "created_at": 1610905310,
                "text": "@birat_poon_mgr check dm",
                "owner": {
                    "id": "31345321949",
                    "is_verified": false,
                    "profile_pic_url": "https://instagram.fagc2-1.fna.fbcdn.net/v/t51.2885-19/s150x150/104655610_734890267265839_7042082510067431729_n.jpg?tp=1&_nc_ht=instagram.fagc2-1.fna.fbcdn.net&_nc_ohc=Q9yxDDyzyrwAX9Xuts8&ccb=7-4&oh=d86b1b6d639825b0f55d29acf1a38f6f&oe=608866EF&_nc_sid=9fb510",
                    "username": "airpods_case_1"
                },
                "likes_count": 0
            }
        ]
    },
    {
        "id": 17892772849842283,
        "created_at": 1610896488,
        "text": "Pp",
        "owner": {
            "id": "2288407378",
            "is_verified": false,
            "profile_pic_url": "https://instagram.fagc2-1.fna.fbcdn.net/v/t51.2885-19/s150x150/18011330_1819170131743299_3551788020778663936_a.jpg?tp=1&_nc_ht=instagram.fagc2-1.fna.fbcdn.net&_nc_ohc=q1ugI5iRKPwAX8brpyf&ccb=7-4&oh=831b6d5e20700e58b3d9fa0f4606f261&oe=6086CC29&_nc_sid=9fb510",
            "username": "rt_1217"
        },
        "likes_count": 0,
        "answers": [
            {
                "id": 17868146315312915,
                "created_at": 1610900234,
                "text": "@rt_1217 check dm",
                "owner": {
                    "id": "31345321949",
                    "is_verified": false,
                    "profile_pic_url": "https://instagram.fagc2-1.fna.fbcdn.net/v/t51.2885-19/s150x150/104655610_734890267265839_7042082510067431729_n.jpg?tp=1&_nc_ht=instagram.fagc2-1.fna.fbcdn.net&_nc_ohc=Q9yxDDyzyrwAX9Xuts8&ccb=7-4&oh=d86b1b6d639825b0f55d29acf1a38f6f&oe=608866EF&_nc_sid=9fb510",
                    "username": "airpods_case_1"
                },
                "likes_count": 0
            }
        ]
    },
    {
        "id": 17865579158325959,
        "created_at": 1610693195,
        "text": "\u210e\ud835\udc5a?",
        "owner": {
            "id": "44194142704",
            "is_verified": false,
            "profile_pic_url": "https://instagram.fagc2-1.fna.fbcdn.net/v/t51.2885-19/s150x150/161669661_787898358830828_5703339656593491604_n.jpg?tp=1&_nc_ht=instagram.fagc2-1.fna.fbcdn.net&_nc_ohc=ThMdLlJTYkEAX92VldU&ccb=7-4&oh=d3500f107dd630b098dab985d9596fe6&oe=6086C53E&_nc_sid=9fb510",
            "username": "bannetugap"
        },
        "likes_count": 0,
        "answers": []
    },
    {
        "id": 17882185127013033,
        "created_at": 1610452921,
        "text": "pp",
        "owner": {
            "id": "4264069137",
            "is_verified": false,
            "profile_pic_url": "https://instagram.fagc2-1.fna.fbcdn.net/v/t51.2885-19/s150x150/127002050_197844258461696_3200148798477441826_n.jpg?tp=1&_nc_ht=instagram.fagc2-1.fna.fbcdn.net&_nc_ohc=Xp2dUniwcjkAX_ykWEq&ccb=7-4&oh=d4a22aef6d47457d5dec7938e74c28cd&oe=608818E7&_nc_sid=9fb510",
            "username": "evamarinsek"
        },
        "likes_count": 0,
        "answers": [
            {
                "id": 17864307275336416,
                "created_at": 1610453405,
                "text": "@evamarinsek check dm",
                "owner": {
                    "id": "31345321949",
                    "is_verified": false,
                    "profile_pic_url": "https://instagram.fagc2-1.fna.fbcdn.net/v/t51.2885-19/s150x150/104655610_734890267265839_7042082510067431729_n.jpg?tp=1&_nc_ht=instagram.fagc2-1.fna.fbcdn.net&_nc_ohc=Q9yxDDyzyrwAX9Xuts8&ccb=7-4&oh=d86b1b6d639825b0f55d29acf1a38f6f&oe=608866EF&_nc_sid=9fb510",
                    "username": "airpods_case_1"
                },
                "likes_count": 0
            }
        ]
    },
    {
        "id": 17907319360620883,
        "created_at": 1610204138,
        "text": "Pp",
        "owner": {
            "id": "1365273903",
            "is_verified": false,
            "profile_pic_url": "https://instagram.fluh3-1.fna.fbcdn.net/v/t51.2885-19/44884218_345707102882519_2446069589734326272_n.jpg?_nc_ht=instagram.fluh3-1.fna.fbcdn.net&_nc_ohc=hLTkwc3uTqUAX8H04hJ&ccb=7-4&oh=70d440c8d37e9ef575b7421d67591bee&oe=6087738F&_nc_sid=cff2a4&ig_cache_key=YW5vbnltb3VzX3Byb2ZpbGVfcGlj.2-ccb7-4",
            "username": "khushbu.jain.35"
        },
        "likes_count": 0,
        "answers": [
            {
                "id": 17898298267740981,
                "created_at": 1610204743,
                "text": "@khushbu.jain.35 check dm",
                "owner": {
                    "id": "31345321949",
                    "is_verified": false,
                    "profile_pic_url": "https://instagram.fagc2-1.fna.fbcdn.net/v/t51.2885-19/s150x150/104655610_734890267265839_7042082510067431729_n.jpg?tp=1&_nc_ht=instagram.fagc2-1.fna.fbcdn.net&_nc_ohc=Q9yxDDyzyrwAX9Xuts8&ccb=7-4&oh=d86b1b6d639825b0f55d29acf1a38f6f&oe=608866EF&_nc_sid=9fb510",
                    "username": "airpods_case_1"
                },
                "likes_count": 0
            }
        ]
    },
    {
        "id": 17851853138478150,
        "created_at": 1610201231,
        "text": "Pp",
        "owner": {
            "id": "3452462658",
            "is_verified": false,
            "profile_pic_url": "https://instagram.fagc2-1.fna.fbcdn.net/v/t51.2885-19/s150x150/81614368_498479987452189_4783513679821799424_n.jpg?tp=1&_nc_ht=instagram.fagc2-1.fna.fbcdn.net&_nc_ohc=NFkWQbRu4fIAX906Xhm&ccb=7-4&oh=91610be2e2b94dbcc3947c04cc9ee6ae&oe=60889B54&_nc_sid=9fb510",
            "username": "aditis58"
        },
        "likes_count": 0,
        "answers": []
    },
    {
        "id": 17874019856146048,
        "created_at": 1609985875,
        "text": "pp",
        "owner": {
            "id": "7519613204",
            "is_verified": false,
            "profile_pic_url": "https://instagram.fagc2-1.fna.fbcdn.net/v/t51.2885-19/s150x150/148833927_538390677079158_5483500311513271755_n.jpg?tp=1&_nc_ht=instagram.fagc2-1.fna.fbcdn.net&_nc_ohc=dKqmHsoeB-0AX_EBYVs&ccb=7-4&oh=6298ff8c49b058755adbfc90107b3515&oe=608757D2&_nc_sid=9fb510",
            "username": "11th_julyy"
        },
        "likes_count": 0,
        "answers": [
            {
                "id": 17921066398499935,
                "created_at": 1609992647,
                "text": "@11th_julyy check dm",
                "owner": {
                    "id": "31345321949",
                    "is_verified": false,
                    "profile_pic_url": "https://instagram.fagc2-1.fna.fbcdn.net/v/t51.2885-19/s150x150/104655610_734890267265839_7042082510067431729_n.jpg?tp=1&_nc_ht=instagram.fagc2-1.fna.fbcdn.net&_nc_ohc=Q9yxDDyzyrwAX9Xuts8&ccb=7-4&oh=d86b1b6d639825b0f55d29acf1a38f6f&oe=608866EF&_nc_sid=9fb510",
                    "username": "airpods_case_1"
                },
                "likes_count": 0
            }
        ]
    },
    {
        "id": 17872865267114264,
        "created_at": 1609959867,
        "text": "Pp",
        "owner": {
            "id": "1700595796",
            "is_verified": false,
            "profile_pic_url": "https://instagram.fagc2-1.fna.fbcdn.net/v/t51.2885-19/s150x150/120812969_381260429709136_6804521518757870780_n.jpg?tp=1&_nc_ht=instagram.fagc2-1.fna.fbcdn.net&_nc_ohc=yeyM8EXvJsEAX8v-82S&ccb=7-4&oh=31570a5f22be873dddee548f852d274c&oe=60874A6B&_nc_sid=9fb510",
            "username": "_sonali_agarwal"
        },
        "likes_count": 0,
        "answers": [
            {
                "id": 17891649178843219,
                "created_at": 1609992599,
                "text": "@_sonali_agarwal check dm",
                "owner": {
                    "id": "31345321949",
                    "is_verified": false,
                    "profile_pic_url": "https://instagram.fagc2-1.fna.fbcdn.net/v/t51.2885-19/s150x150/104655610_734890267265839_7042082510067431729_n.jpg?tp=1&_nc_ht=instagram.fagc2-1.fna.fbcdn.net&_nc_ohc=Q9yxDDyzyrwAX9Xuts8&ccb=7-4&oh=d86b1b6d639825b0f55d29acf1a38f6f&oe=608866EF&_nc_sid=9fb510",
                    "username": "airpods_case_1"
                },
                "likes_count": 0
            }
        ]
    },
    {
        "id": 17912929912561472,
        "created_at": 1609692300,
        "text": "Price",
        "owner": {
            "id": "5719857277",
            "is_verified": false,
            "profile_pic_url": "https://instagram.fagc2-1.fna.fbcdn.net/v/t51.2885-19/s150x150/147888395_3709527332435382_4078611873884170604_n.jpg?tp=1&_nc_ht=instagram.fagc2-1.fna.fbcdn.net&_nc_ohc=EAHqyWk7aa8AX_t-EA_&ccb=7-4&oh=aff96d9a6fd4682a6d9adcf98f6211f2&oe=608856F7&_nc_sid=9fb510",
            "username": "darshan._456"
        },
        "likes_count": 0,
        "answers": [
            {
                "id": 18120779173194650,
                "created_at": 1609693468,
                "text": "@darshan._456 check dm",
                "owner": {
                    "id": "31345321949",
                    "is_verified": false,
                    "profile_pic_url": "https://instagram.fagc2-1.fna.fbcdn.net/v/t51.2885-19/s150x150/104655610_734890267265839_7042082510067431729_n.jpg?tp=1&_nc_ht=instagram.fagc2-1.fna.fbcdn.net&_nc_ohc=Q9yxDDyzyrwAX9Xuts8&ccb=7-4&oh=d86b1b6d639825b0f55d29acf1a38f6f&oe=608866EF&_nc_sid=9fb510",
                    "username": "airpods_case_1"
                },
                "likes_count": 0
            }
        ]
    },
    {
        "id": 18094772926214923,
        "created_at": 1609528396,
        "text": "Pp ?",
        "owner": {
            "id": "949679656",
            "is_verified": false,
            "profile_pic_url": "https://instagram.fagc2-1.fna.fbcdn.net/v/t51.2885-19/s150x150/158595795_133855955309682_2661835510609063122_n.jpg?tp=1&_nc_ht=instagram.fagc2-1.fna.fbcdn.net&_nc_ohc=0jIDKQ8qksAAX-sxVU_&ccb=7-4&oh=94f6292394bb4283751c1366a47f4d5b&oe=60862B3D&_nc_sid=9fb510",
            "username": "eshachawla30"
        },
        "likes_count": 0,
        "answers": []
    },
    {
        "id": 17915276089534663,
        "created_at": 1609239081,
        "text": "Pp",
        "owner": {
            "id": "630301815",
            "is_verified": false,
            "profile_pic_url": "https://instagram.fagc2-1.fna.fbcdn.net/v/t51.2885-19/s150x150/21371983_139717109969089_1728837165430865920_a.jpg?tp=1&_nc_ht=instagram.fagc2-1.fna.fbcdn.net&_nc_ohc=8Oz_hTGIS94AX8hrKow&ccb=7-4&oh=30fb8ff83290ac8a0a24ddf1cc9c18f3&oe=60892D64&_nc_sid=9fb510",
            "username": "vaisshali_1411"
        },
        "likes_count": 0,
        "answers": [
            {
                "id": 17954552977376791,
                "created_at": 1609239140,
                "text": "@vaisshali_1411 check dm",
                "owner": {
                    "id": "31345321949",
                    "is_verified": false,
                    "profile_pic_url": "https://instagram.fagc2-1.fna.fbcdn.net/v/t51.2885-19/s150x150/104655610_734890267265839_7042082510067431729_n.jpg?tp=1&_nc_ht=instagram.fagc2-1.fna.fbcdn.net&_nc_ohc=Q9yxDDyzyrwAX9Xuts8&ccb=7-4&oh=d86b1b6d639825b0f55d29acf1a38f6f&oe=608866EF&_nc_sid=9fb510",
                    "username": "airpods_case_1"
                },
                "likes_count": 0
            }
        ]
    },
    {
        "id": 17865547847282578,
        "created_at": 1609038171,
        "text": "Pp",
        "owner": {
            "id": "1493367819",
            "is_verified": false,
            "profile_pic_url": "https://instagram.fagc2-1.fna.fbcdn.net/v/t51.2885-19/s150x150/31571443_171104686922018_9216610216437612544_n.jpg?tp=1&_nc_ht=instagram.fagc2-1.fna.fbcdn.net&_nc_ohc=BEtOI-I3IPoAX85WCPd&ccb=7-4&oh=cab5e54a91aa3a3a983fcd75dc606c7b&oe=60882EF1&_nc_sid=9fb510",
            "username": "hairul_tabshira"
        },
        "likes_count": 0,
        "answers": [
            {
                "id": 17883579673943738,
                "created_at": 1609046354,
                "text": "@hairul_tabshira check dm",
                "owner": {
                    "id": "31345321949",
                    "is_verified": false,
                    "profile_pic_url": "https://instagram.fagc2-1.fna.fbcdn.net/v/t51.2885-19/s150x150/104655610_734890267265839_7042082510067431729_n.jpg?tp=1&_nc_ht=instagram.fagc2-1.fna.fbcdn.net&_nc_ohc=Q9yxDDyzyrwAX9Xuts8&ccb=7-4&oh=d86b1b6d639825b0f55d29acf1a38f6f&oe=608866EF&_nc_sid=9fb510",
                    "username": "airpods_case_1"
                },
                "likes_count": 0
            }
        ]
    },
    {
        "id": 17916343921515818,
        "created_at": 1608941114,
        "text": "Hm",
        "owner": {
            "id": "1621492689",
            "is_verified": false,
            "profile_pic_url": "https://instagram.fagc2-1.fna.fbcdn.net/v/t51.2885-19/s150x150/150210539_3766848243398661_7097547077385494344_n.jpg?tp=1&_nc_ht=instagram.fagc2-1.fna.fbcdn.net&_nc_ohc=3hLDxj2JPQ8AX_XTeIO&ccb=7-4&oh=fc4d3c872d42259e323e99691ae468ca&oe=6088F71A&_nc_sid=9fb510",
            "username": "neama_youssef"
        },
        "likes_count": 0,
        "answers": []
    },
    {
        "id": 17919777916498089,
        "created_at": 1607946946,
        "text": "Price",
        "owner": {
            "id": "7914706697",
            "is_verified": false,
            "profile_pic_url": "https://instagram.fagc2-1.fna.fbcdn.net/v/t51.2885-19/s150x150/160739360_226441572544049_5880053870402547548_n.jpg?tp=1&_nc_ht=instagram.fagc2-1.fna.fbcdn.net&_nc_ohc=eJNUIitplC4AX-0acfK&ccb=7-4&oh=c5737518cdd0bb32fbde51f77ea8696a&oe=60883F41&_nc_sid=9fb510",
            "username": "seema6goel"
        },
        "likes_count": 0,
        "answers": []
    },
    {
        "id": 17853656102383518,
        "created_at": 1607946384,
        "text": "How much",
        "owner": {
            "id": "2019123002",
            "is_verified": false,
            "profile_pic_url": "https://instagram.fagc2-1.fna.fbcdn.net/v/t51.2885-19/s150x150/116334509_389523888677935_6702769466465216344_n.jpg?tp=1&_nc_ht=instagram.fagc2-1.fna.fbcdn.net&_nc_ohc=bgij2qjFjKIAX8wSurA&ccb=7-4&oh=f64251c1d38f93f8cc9d2b04c7d6fd0d&oe=6087783C&_nc_sid=9fb510",
            "username": "natasyaaraesya"
        },
        "likes_count": 0,
        "answers": [
            {
                "id": 17896053034729409,
                "created_at": 1607946566,
                "text": "@natasyaaraesya check dm",
                "owner": {
                    "id": "31345321949",
                    "is_verified": false,
                    "profile_pic_url": "https://instagram.fagc2-1.fna.fbcdn.net/v/t51.2885-19/s150x150/104655610_734890267265839_7042082510067431729_n.jpg?tp=1&_nc_ht=instagram.fagc2-1.fna.fbcdn.net&_nc_ohc=Q9yxDDyzyrwAX9Xuts8&ccb=7-4&oh=d86b1b6d639825b0f55d29acf1a38f6f&oe=608866EF&_nc_sid=9fb510",
                    "username": "airpods_case_1"
                },
                "likes_count": 0
            }
        ]
    },
    {
        "id": 17868488024111278,
        "created_at": 1607789697,
        "text": "Cost",
        "owner": {
            "id": "19044600895",
            "is_verified": false,
            "profile_pic_url": "https://instagram.fluh3-1.fna.fbcdn.net/v/t51.2885-19/44884218_345707102882519_2446069589734326272_n.jpg?_nc_ht=instagram.fluh3-1.fna.fbcdn.net&_nc_ohc=hLTkwc3uTqUAX8H04hJ&ccb=7-4&oh=70d440c8d37e9ef575b7421d67591bee&oe=6087738F&_nc_sid=cff2a4&ig_cache_key=YW5vbnltb3VzX3Byb2ZpbGVfcGlj.2-ccb7-4",
            "username": "desibrand17"
        },
        "likes_count": 0,
        "answers": [
            {
                "id": 17880215524951416,
                "created_at": 1607789731,
                "text": "@desibrand17  check dm",
                "owner": {
                    "id": "31345321949",
                    "is_verified": false,
                    "profile_pic_url": "https://instagram.fagc2-1.fna.fbcdn.net/v/t51.2885-19/s150x150/104655610_734890267265839_7042082510067431729_n.jpg?tp=1&_nc_ht=instagram.fagc2-1.fna.fbcdn.net&_nc_ohc=Q9yxDDyzyrwAX9Xuts8&ccb=7-4&oh=d86b1b6d639825b0f55d29acf1a38f6f&oe=608866EF&_nc_sid=9fb510",
                    "username": "airpods_case_1"
                },
                "likes_count": 0
            }
        ]
    },
    {
        "id": 17853501674383244,
        "created_at": 1607685399,
        "text": "hm po?",
        "owner": {
            "id": "2276820635",
            "is_verified": false,
            "profile_pic_url": "https://instagram.fagc2-1.fna.fbcdn.net/v/t51.2885-19/s150x150/156359079_388155135948668_4288782755601762103_n.jpg?tp=1&_nc_ht=instagram.fagc2-1.fna.fbcdn.net&_nc_ohc=a__2SgnbfuEAX9p3T3p&ccb=7-4&oh=2f3ef79cd587161f01b1ce0eeeaa4109&oe=608775F3&_nc_sid=9fb510",
            "username": "luv_amarie"
        },
        "likes_count": 0,
        "answers": []
    }
]