[
    {
        "id": 17909000872657944,
        "created_at": 1614267532,
        "text": "?",
        "owner": {
            "id": "10940057376",
            "is_verified": false,
            "profile_pic_url": "https://instagram.fagc2-1.fna.fbcdn.net/v/t51.2885-19/s150x150/162836536_283816369916583_8496568192171914579_n.jpg?tp=1&_nc_ht=instagram.fagc2-1.fna.fbcdn.net&_nc_ohc=dg8cuJT8K18AX-_rHKN&ccb=7-4&oh=e06cb39ee1093baaea576f7123fb937e&oe=6087D9EF&_nc_sid=9fb510",
            "username": "timurmagomedov499"
        },
        "likes_count": 0,
        "answers": []
    },
    {
        "id": 17859511823493910,
        "created_at": 1614267529,
        "text": "How much is this for 11PROMAX",
        "owner": {
            "id": "10940057376",
            "is_verified": false,
            "profile_pic_url": "https://instagram.fagc2-1.fna.fbcdn.net/v/t51.2885-19/s150x150/162836536_283816369916583_8496568192171914579_n.jpg?tp=1&_nc_ht=instagram.fagc2-1.fna.fbcdn.net&_nc_ohc=dg8cuJT8K18AX-_rHKN&ccb=7-4&oh=e06cb39ee1093baaea576f7123fb937e&oe=6087D9EF&_nc_sid=9fb510",
            "username": "timurmagomedov499"
        },
        "likes_count": 0,
        "answers": []
    },
    {
        "id": 17870198858086933,
        "created_at": 1607757350,
        "text": "Price",
        "owner": {
            "id": "38111310485",
            "is_verified": false,
            "profile_pic_url": "https://instagram.fagc2-1.fna.fbcdn.net/v/t51.2885-19/s150x150/106915463_674343366755208_6414814481340928713_n.jpg?tp=1&_nc_ht=instagram.fagc2-1.fna.fbcdn.net&_nc_ohc=gpH9p2qg7zwAX-YcvIG&ccb=7-4&oh=1ba483dea86b5628bcd3e5d93494e314&oe=6089AF18&_nc_sid=9fb510",
            "username": "faizishah2020"
        },
        "likes_count": 0,
        "answers": [
            {
                "id": 17879655664970421,
                "created_at": 1607763039,
                "text": "@faizishah2020 check dm",
                "owner": {
                    "id": "31345321949",
                    "is_verified": false,
                    "profile_pic_url": "https://instagram.fagc2-1.fna.fbcdn.net/v/t51.2885-19/s150x150/104655610_734890267265839_7042082510067431729_n.jpg?tp=1&_nc_ht=instagram.fagc2-1.fna.fbcdn.net&_nc_ohc=Q9yxDDyzyrwAX9Xuts8&ccb=7-4&oh=d86b1b6d639825b0f55d29acf1a38f6f&oe=608866EF&_nc_sid=9fb510",
                    "username": "airpods_case_1"
                },
                "likes_count": 0
            }
        ]
    },
    {
        "id": 17872695742807254,
        "created_at": 1595223354,
        "text": "Pp",
        "owner": {
            "id": "327644465",
            "is_verified": false,
            "profile_pic_url": "https://instagram.fagc2-1.fna.fbcdn.net/v/t51.2885-19/s150x150/66448310_708234762934495_5966948818237784064_n.jpg?tp=1&_nc_ht=instagram.fagc2-1.fna.fbcdn.net&_nc_ohc=aIcHA5RIrfAAX-BajBi&ccb=7-4&oh=1cf6a741dcb0fe0ba9cabf76f3eab6a5&oe=6086A870&_nc_sid=9fb510",
            "username": "sanchitbudhiraja"
        },
        "likes_count": 0,
        "answers": [
            {
                "id": 18042804556256684,
                "created_at": 1595226440,
                "text": "@sanchitbudhiraja 1250",
                "owner": {
                    "id": "31345321949",
                    "is_verified": false,
                    "profile_pic_url": "https://instagram.fagc2-1.fna.fbcdn.net/v/t51.2885-19/s150x150/104655610_734890267265839_7042082510067431729_n.jpg?tp=1&_nc_ht=instagram.fagc2-1.fna.fbcdn.net&_nc_ohc=Q9yxDDyzyrwAX9Xuts8&ccb=7-4&oh=d86b1b6d639825b0f55d29acf1a38f6f&oe=608866EF&_nc_sid=9fb510",
                    "username": "airpods_case_1"
                },
                "likes_count": 0
            },
            {
                "id": 17876183791760290,
                "created_at": 1595223407,
                "text": "@sanchitbudhiraja model?",
                "owner": {
                    "id": "31345321949",
                    "is_verified": false,
                    "profile_pic_url": "https://instagram.fagc2-1.fna.fbcdn.net/v/t51.2885-19/s150x150/104655610_734890267265839_7042082510067431729_n.jpg?tp=1&_nc_ht=instagram.fagc2-1.fna.fbcdn.net&_nc_ohc=Q9yxDDyzyrwAX9Xuts8&ccb=7-4&oh=d86b1b6d639825b0f55d29acf1a38f6f&oe=608866EF&_nc_sid=9fb510",
                    "username": "airpods_case_1"
                },
                "likes_count": 0
            },
            {
                "id": 17866551193917119,
                "created_at": 1595226270,
                "text": "@airpods_case_1 iphoneX",
                "owner": {
                    "id": "327644465",
                    "is_verified": false,
                    "profile_pic_url": "https://instagram.fagc2-1.fna.fbcdn.net/v/t51.2885-19/s150x150/66448310_708234762934495_5966948818237784064_n.jpg?tp=1&_nc_ht=instagram.fagc2-1.fna.fbcdn.net&_nc_ohc=aIcHA5RIrfAAX-BajBi&ccb=7-4&oh=1cf6a741dcb0fe0ba9cabf76f3eab6a5&oe=6086A870&_nc_sid=9fb510",
                    "username": "sanchitbudhiraja"
                },
                "likes_count": 0
            }
        ]
    }
]