[
    {
        "id": 17842684133554825,
        "created_at": 1615134126,
        "text": "Hm",
        "owner": {
            "id": "1369943255",
            "is_verified": false,
            "profile_pic_url": "https://instagram.fagc2-1.fna.fbcdn.net/v/t51.2885-19/s150x150/54800574_2168999093181459_3750220320217235456_n.jpg?tp=1&_nc_ht=instagram.fagc2-1.fna.fbcdn.net&_nc_ohc=FjdXCF9thAEAX91JqEY&ccb=7-4&oh=567994b56f1d7433f0f2216c7b1a7f83&oe=6087823F&_nc_sid=9fb510",
            "username": "zelhouette"
        },
        "likes_count": 1,
        "answers": []
    },
    {
        "id": 17852908103463941,
        "created_at": 1608588792,
        "text": "Price?",
        "owner": {
            "id": "34617020252",
            "is_verified": false,
            "profile_pic_url": "https://instagram.fagc2-1.fna.fbcdn.net/v/t51.2885-19/s150x150/95418725_645045416080257_2215286248002551808_n.jpg?tp=1&_nc_ht=instagram.fagc2-1.fna.fbcdn.net&_nc_ohc=sl6kE_poyhcAX8VFoOs&ccb=7-4&oh=816f6e2b9b099f83e86094bb98f7c2a4&oe=60871426&_nc_sid=9fb510",
            "username": "maxvredeveld"
        },
        "likes_count": 0,
        "answers": []
    },
    {
        "id": 17856820100258731,
        "created_at": 1604249044,
        "text": "Rs",
        "owner": {
            "id": "36731913423",
            "is_verified": false,
            "profile_pic_url": "https://instagram.fagc2-1.fna.fbcdn.net/v/t51.2885-19/s150x150/163691682_755996441695595_2350588208858158202_n.jpg?tp=1&_nc_ht=instagram.fagc2-1.fna.fbcdn.net&_nc_ohc=Lr_MaNn1_-UAX9HgAe5&ccb=7-4&oh=c3a5def92108e9e0251337bfbd868c1b&oe=6089C4C4&_nc_sid=9fb510",
            "username": "ha_se_eb__10__"
        },
        "likes_count": 0,
        "answers": []
    },
    {
        "id": 17883220921807011,
        "created_at": 1602620456,
        "text": "Price please?",
        "owner": {
            "id": "693478622",
            "is_verified": false,
            "profile_pic_url": "https://instagram.fagc2-1.fna.fbcdn.net/v/t51.2885-19/s150x150/152388227_167625831667079_2367842877543450556_n.jpg?tp=1&_nc_ht=instagram.fagc2-1.fna.fbcdn.net&_nc_ohc=HBzqjVT8yNEAX9tki7_&ccb=7-4&oh=73d542f1d7ab6a85f0f3a8ef3d059257&oe=6087902E&_nc_sid=9fb510",
            "username": "dlima_jerris"
        },
        "likes_count": 0,
        "answers": [
            {
                "id": 17954150221368530,
                "created_at": 1602621285,
                "text": "@dlima_jerris check dm",
                "owner": {
                    "id": "31345321949",
                    "is_verified": false,
                    "profile_pic_url": "https://instagram.fagc2-1.fna.fbcdn.net/v/t51.2885-19/s150x150/104655610_734890267265839_7042082510067431729_n.jpg?tp=1&_nc_ht=instagram.fagc2-1.fna.fbcdn.net&_nc_ohc=Q9yxDDyzyrwAX9Xuts8&ccb=7-4&oh=d86b1b6d639825b0f55d29acf1a38f6f&oe=608866EF&_nc_sid=9fb510",
                    "username": "airpods_case_1"
                },
                "likes_count": 0
            }
        ]
    },
    {
        "id": 17845651790388855,
        "created_at": 1602407910,
        "text": "Price",
        "owner": {
            "id": "7440477067",
            "is_verified": false,
            "profile_pic_url": "https://instagram.fagc2-1.fna.fbcdn.net/v/t51.2885-19/s150x150/84348460_483032779029648_6294154996103512064_n.jpg?tp=1&_nc_ht=instagram.fagc2-1.fna.fbcdn.net&_nc_ohc=RPoqFKPR1IQAX89vK-I&ccb=7-4&oh=532f32c6edb605b5e5f1635b19ea5fa6&oe=6089A037&_nc_sid=9fb510",
            "username": "md__rehan_ansari.8"
        },
        "likes_count": 0,
        "answers": [
            {
                "id": 18158752129064497,
                "created_at": 1602410282,
                "text": "@md__rehan_ansari.8 check dm",
                "owner": {
                    "id": "31345321949",
                    "is_verified": false,
                    "profile_pic_url": "https://instagram.fagc2-1.fna.fbcdn.net/v/t51.2885-19/s150x150/104655610_734890267265839_7042082510067431729_n.jpg?tp=1&_nc_ht=instagram.fagc2-1.fna.fbcdn.net&_nc_ohc=Q9yxDDyzyrwAX9Xuts8&ccb=7-4&oh=d86b1b6d639825b0f55d29acf1a38f6f&oe=608866EF&_nc_sid=9fb510",
                    "username": "airpods_case_1"
                },
                "likes_count": 0
            }
        ]
    },
    {
        "id": 17871391450992304,
        "created_at": 1602368903,
        "text": "Price ?",
        "owner": {
            "id": "477848908",
            "is_verified": false,
            "profile_pic_url": "https://instagram.fagc2-1.fna.fbcdn.net/v/t51.2885-19/s150x150/141456990_3930207953670475_3540072209004055086_n.jpg?tp=1&_nc_ht=instagram.fagc2-1.fna.fbcdn.net&_nc_ohc=msdGVDlsjj8AX-7reFK&ccb=7-4&oh=f96aa978729b501e9af653b4fc0740eb&oe=6087FBC6&_nc_sid=9fb510",
            "username": "pulkit93"
        },
        "likes_count": 0,
        "answers": [
            {
                "id": 17908451995502502,
                "created_at": 1602388826,
                "text": "@pulkit93 check dm",
                "owner": {
                    "id": "31345321949",
                    "is_verified": false,
                    "profile_pic_url": "https://instagram.fagc2-1.fna.fbcdn.net/v/t51.2885-19/s150x150/104655610_734890267265839_7042082510067431729_n.jpg?tp=1&_nc_ht=instagram.fagc2-1.fna.fbcdn.net&_nc_ohc=Q9yxDDyzyrwAX9Xuts8&ccb=7-4&oh=d86b1b6d639825b0f55d29acf1a38f6f&oe=608866EF&_nc_sid=9fb510",
                    "username": "airpods_case_1"
                },
                "likes_count": 0
            }
        ]
    },
    {
        "id": 18047437645269907,
        "created_at": 1602363127,
        "text": "Pp??",
        "owner": {
            "id": "1423325857",
            "is_verified": false,
            "profile_pic_url": "https://instagram.fagc2-1.fna.fbcdn.net/v/t51.2885-19/s150x150/158193812_222361292972360_1001487952628221_n.jpg?tp=1&_nc_ht=instagram.fagc2-1.fna.fbcdn.net&_nc_ohc=rSZTwEz-9EsAX9KhWU9&ccb=7-4&oh=66c7416ed0cb5e92773648b735456ae1&oe=60892526&_nc_sid=9fb510",
            "username": "rishabh_75"
        },
        "likes_count": 0,
        "answers": [
            {
                "id": 17872918741965793,
                "created_at": 1602388791,
                "text": "@rishabh_75 check dm",
                "owner": {
                    "id": "31345321949",
                    "is_verified": false,
                    "profile_pic_url": "https://instagram.fagc2-1.fna.fbcdn.net/v/t51.2885-19/s150x150/104655610_734890267265839_7042082510067431729_n.jpg?tp=1&_nc_ht=instagram.fagc2-1.fna.fbcdn.net&_nc_ohc=Q9yxDDyzyrwAX9Xuts8&ccb=7-4&oh=d86b1b6d639825b0f55d29acf1a38f6f&oe=608866EF&_nc_sid=9fb510",
                    "username": "airpods_case_1"
                },
                "likes_count": 0
            }
        ]
    },
    {
        "id": 18116020867154984,
        "created_at": 1602327396,
        "text": "Ubon airpod cases available?",
        "owner": {
            "id": "33013473984",
            "is_verified": false,
            "profile_pic_url": "https://instagram.fagc2-1.fna.fbcdn.net/v/t51.2885-19/s150x150/155414905_770624820522796_2110656256352035987_n.jpg?tp=1&_nc_ht=instagram.fagc2-1.fna.fbcdn.net&_nc_ohc=Ne1zhnKyEhgAX-mSeKz&ccb=7-4&oh=4d84db1c18a264b59a5a696fa3bfa829&oe=60864677&_nc_sid=9fb510",
            "username": "englishwithkritika"
        },
        "likes_count": 0,
        "answers": [
            {
                "id": 17866025147094096,
                "created_at": 1602337299,
                "text": "@kritikatalks only apple \ud83d\ude05",
                "owner": {
                    "id": "31345321949",
                    "is_verified": false,
                    "profile_pic_url": "https://instagram.fagc2-1.fna.fbcdn.net/v/t51.2885-19/s150x150/104655610_734890267265839_7042082510067431729_n.jpg?tp=1&_nc_ht=instagram.fagc2-1.fna.fbcdn.net&_nc_ohc=Q9yxDDyzyrwAX9Xuts8&ccb=7-4&oh=d86b1b6d639825b0f55d29acf1a38f6f&oe=608866EF&_nc_sid=9fb510",
                    "username": "airpods_case_1"
                },
                "likes_count": 0
            }
        ]
    }
]