[
    {
        "id": 17881706567129557,
        "created_at": 1615303294,
        "text": "groot price????????????????????????????????????????????",
        "owner": {
            "id": "31732079577",
            "is_verified": false,
            "profile_pic_url": "https://instagram.fagc2-1.fna.fbcdn.net/v/t51.2885-19/s150x150/123738795_666412107395390_1489785210786908490_n.jpg?tp=1&_nc_ht=instagram.fagc2-1.fna.fbcdn.net&_nc_ohc=2ZmQFyn2SIYAX9uu_Ph&ccb=7-4&oh=19221bfc7589fbc85f50efda206e1a0e&oe=6087CA78&_nc_sid=9fb510",
            "username": "k__u__t__t__a__"
        },
        "likes_count": 1,
        "answers": []
    },
    {
        "id": 17870562056207155,
        "created_at": 1612444930,
        "text": "Are these Pro cases ?",
        "owner": {
            "id": "6235794654",
            "is_verified": false,
            "profile_pic_url": "https://instagram.fagc2-1.fna.fbcdn.net/v/t51.2885-19/s150x150/142261949_128075065756703_1185356940283126806_n.jpg?tp=1&_nc_ht=instagram.fagc2-1.fna.fbcdn.net&_nc_ohc=HL6ynqnASh8AX-cUk6I&ccb=7-4&oh=b95ca8a41db1b982196a9af74a29d3bf&oe=6086E248&_nc_sid=9fb510",
            "username": "_prasiddhaa_"
        },
        "likes_count": 0,
        "answers": []
    },
    {
        "id": 17860163576418394,
        "created_at": 1612374567,
        "text": "Available ?",
        "owner": {
            "id": "34408263569",
            "is_verified": false,
            "profile_pic_url": "https://instagram.fagc2-1.fna.fbcdn.net/v/t51.2885-19/s150x150/130403056_3583610105065282_7451403778099115174_n.jpg?tp=1&_nc_ht=instagram.fagc2-1.fna.fbcdn.net&_nc_ohc=HQO2A95lGigAX9TKcRc&ccb=7-4&oh=74d9b4315196fd1f4cb945e91ed80dff&oe=6089578C&_nc_sid=9fb510",
            "username": "login__acc"
        },
        "likes_count": 0,
        "answers": [
            {
                "id": 17887946734959914,
                "created_at": 1612374821,
                "text": "@login__acc yes",
                "owner": {
                    "id": "31345321949",
                    "is_verified": false,
                    "profile_pic_url": "https://instagram.fagc2-1.fna.fbcdn.net/v/t51.2885-19/s150x150/104655610_734890267265839_7042082510067431729_n.jpg?tp=1&_nc_ht=instagram.fagc2-1.fna.fbcdn.net&_nc_ohc=Q9yxDDyzyrwAX9Xuts8&ccb=7-4&oh=d86b1b6d639825b0f55d29acf1a38f6f&oe=608866EF&_nc_sid=9fb510",
                    "username": "airpods_case_1"
                },
                "likes_count": 0
            },
            {
                "id": 17880640583097786,
                "created_at": 1612375537,
                "text": "@login__acc that one not available",
                "owner": {
                    "id": "31345321949",
                    "is_verified": false,
                    "profile_pic_url": "https://instagram.fagc2-1.fna.fbcdn.net/v/t51.2885-19/s150x150/104655610_734890267265839_7042082510067431729_n.jpg?tp=1&_nc_ht=instagram.fagc2-1.fna.fbcdn.net&_nc_ohc=Q9yxDDyzyrwAX9Xuts8&ccb=7-4&oh=d86b1b6d639825b0f55d29acf1a38f6f&oe=608866EF&_nc_sid=9fb510",
                    "username": "airpods_case_1"
                },
                "likes_count": 1
            },
            {
                "id": 17872203809188010,
                "created_at": 1612374896,
                "text": "@airpods_case_1 okay I want the pooh one !! Available ?",
                "owner": {
                    "id": "34408263569",
                    "is_verified": false,
                    "profile_pic_url": "https://instagram.fagc2-1.fna.fbcdn.net/v/t51.2885-19/s150x150/130403056_3583610105065282_7451403778099115174_n.jpg?tp=1&_nc_ht=instagram.fagc2-1.fna.fbcdn.net&_nc_ohc=HQO2A95lGigAX9TKcRc&ccb=7-4&oh=74d9b4315196fd1f4cb945e91ed80dff&oe=6089578C&_nc_sid=9fb510",
                    "username": "login__acc"
                },
                "likes_count": 0
            }
        ]
    },
    {
        "id": 18027649192290635,
        "created_at": 1611478914,
        "text": "Pp plz",
        "owner": {
            "id": "41164491774",
            "is_verified": false,
            "profile_pic_url": "https://instagram.fagc2-1.fna.fbcdn.net/v/t51.2885-19/s150x150/143802801_2865354903720019_572143316750639607_n.jpg?tp=1&_nc_ht=instagram.fagc2-1.fna.fbcdn.net&_nc_ohc=2wvod1u5CdgAX_agAfj&ccb=7-4&oh=90331b68c7ead8af93c52829295a16cc&oe=60886A66&_nc_sid=9fb510",
            "username": "tarajaymahhi_lovers"
        },
        "likes_count": 0,
        "answers": [
            {
                "id": 17886868600959577,
                "created_at": 1611479454,
                "text": "@tarajaymahhi_lovers check dm",
                "owner": {
                    "id": "31345321949",
                    "is_verified": false,
                    "profile_pic_url": "https://instagram.fagc2-1.fna.fbcdn.net/v/t51.2885-19/s150x150/104655610_734890267265839_7042082510067431729_n.jpg?tp=1&_nc_ht=instagram.fagc2-1.fna.fbcdn.net&_nc_ohc=Q9yxDDyzyrwAX9Xuts8&ccb=7-4&oh=d86b1b6d639825b0f55d29acf1a38f6f&oe=608866EF&_nc_sid=9fb510",
                    "username": "airpods_case_1"
                },
                "likes_count": 0
            }
        ]
    },
    {
        "id": 17859438857389381,
        "created_at": 1611314861,
        "text": "Pp",
        "owner": {
            "id": "2242635799",
            "is_verified": false,
            "profile_pic_url": "https://instagram.fagc2-1.fna.fbcdn.net/v/t51.2885-19/s150x150/132264839_407160297071197_7580934248855194164_n.jpg?tp=1&_nc_ht=instagram.fagc2-1.fna.fbcdn.net&_nc_ohc=zo5i-oAtsTIAX9vVaCq&ccb=7-4&oh=1a15d8b2f73d72939f9f9a7636158e2e&oe=6089C3A6&_nc_sid=9fb510",
            "username": "archu.amala"
        },
        "likes_count": 0,
        "answers": [
            {
                "id": 18189845365053579,
                "created_at": 1611315707,
                "text": "@archu.amala check dm",
                "owner": {
                    "id": "31345321949",
                    "is_verified": false,
                    "profile_pic_url": "https://instagram.fagc2-1.fna.fbcdn.net/v/t51.2885-19/s150x150/104655610_734890267265839_7042082510067431729_n.jpg?tp=1&_nc_ht=instagram.fagc2-1.fna.fbcdn.net&_nc_ohc=Q9yxDDyzyrwAX9Xuts8&ccb=7-4&oh=d86b1b6d639825b0f55d29acf1a38f6f&oe=608866EF&_nc_sid=9fb510",
                    "username": "airpods_case_1"
                },
                "likes_count": 0
            }
        ]
    },
    {
        "id": 17910573487571141,
        "created_at": 1610019874,
        "text": "Pp",
        "owner": {
            "id": "7956074731",
            "is_verified": false,
            "profile_pic_url": "https://instagram.fagc2-1.fna.fbcdn.net/v/t51.2885-19/s150x150/155229182_115112353929540_5945239687678957995_n.jpg?tp=1&_nc_ht=instagram.fagc2-1.fna.fbcdn.net&_nc_ohc=w-p8q_qLGjAAX9AgObi&ccb=7-4&oh=56832ed448b540ee67bbe2b430465d26&oe=6089E125&_nc_sid=9fb510",
            "username": "afsasiddiqui"
        },
        "likes_count": 0,
        "answers": [
            {
                "id": 17867185892228170,
                "created_at": 1610020090,
                "text": "@afsasiddiqui check dm",
                "owner": {
                    "id": "31345321949",
                    "is_verified": false,
                    "profile_pic_url": "https://instagram.fagc2-1.fna.fbcdn.net/v/t51.2885-19/s150x150/104655610_734890267265839_7042082510067431729_n.jpg?tp=1&_nc_ht=instagram.fagc2-1.fna.fbcdn.net&_nc_ohc=Q9yxDDyzyrwAX9Xuts8&ccb=7-4&oh=d86b1b6d639825b0f55d29acf1a38f6f&oe=608866EF&_nc_sid=9fb510",
                    "username": "airpods_case_1"
                },
                "likes_count": 1
            }
        ]
    },
    {
        "id": 17907289996566814,
        "created_at": 1607092207,
        "text": "Pp!",
        "owner": {
            "id": "2116711882",
            "is_verified": false,
            "profile_pic_url": "https://instagram.fagc2-1.fna.fbcdn.net/v/t51.2885-19/s150x150/163274923_260810642429311_2533015079246405877_n.jpg?tp=1&_nc_ht=instagram.fagc2-1.fna.fbcdn.net&_nc_ohc=y6h43v9eIFIAX-hzJ71&ccb=7-4&oh=1ad4f938b76cd91562728a38baed22a8&oe=6086D1C5&_nc_sid=9fb510",
            "username": "khuranasamiksha"
        },
        "likes_count": 0,
        "answers": []
    },
    {
        "id": 17877797407932735,
        "created_at": 1606050602,
        "text": "Price",
        "owner": {
            "id": "8141474715",
            "is_verified": false,
            "profile_pic_url": "https://instagram.fagc2-1.fna.fbcdn.net/v/t51.2885-19/s150x150/66618375_2316328508609133_8139042555829420032_n.jpg?tp=1&_nc_ht=instagram.fagc2-1.fna.fbcdn.net&_nc_ohc=biFHPre7VmIAX-HEQcu&ccb=7-4&oh=ea2b2b847cafe5f4c2e2a90a6b15b8b2&oe=60883F11&_nc_sid=9fb510",
            "username": "the.virsa"
        },
        "likes_count": 0,
        "answers": [
            {
                "id": 17894220442702293,
                "created_at": 1606050861,
                "text": "@the.virsa only groot one is abavailable from these rest is out of stock",
                "owner": {
                    "id": "31345321949",
                    "is_verified": false,
                    "profile_pic_url": "https://instagram.fagc2-1.fna.fbcdn.net/v/t51.2885-19/s150x150/104655610_734890267265839_7042082510067431729_n.jpg?tp=1&_nc_ht=instagram.fagc2-1.fna.fbcdn.net&_nc_ohc=Q9yxDDyzyrwAX9Xuts8&ccb=7-4&oh=d86b1b6d639825b0f55d29acf1a38f6f&oe=608866EF&_nc_sid=9fb510",
                    "username": "airpods_case_1"
                },
                "likes_count": 0
            }
        ]
    },
    {
        "id": 17879407168899742,
        "created_at": 1605528348,
        "text": "how much",
        "owner": {
            "id": "34888120146",
            "is_verified": false,
            "profile_pic_url": "https://instagram.fagc2-1.fna.fbcdn.net/v/t51.2885-19/s150x150/95568134_689349031892199_8524801279812173824_n.jpg?tp=1&_nc_ht=instagram.fagc2-1.fna.fbcdn.net&_nc_ohc=IVY7yAcRpPMAX_tnHgs&ccb=7-4&oh=2e5d808072e1377deab291b8dcc703c4&oe=6086D164&_nc_sid=9fb510",
            "username": "hotbri.z2"
        },
        "likes_count": 0,
        "answers": [
            {
                "id": 17865786623161189,
                "created_at": 1605537894,
                "text": "@hotbri.z2 check dm",
                "owner": {
                    "id": "31345321949",
                    "is_verified": false,
                    "profile_pic_url": "https://instagram.fagc2-1.fna.fbcdn.net/v/t51.2885-19/s150x150/104655610_734890267265839_7042082510067431729_n.jpg?tp=1&_nc_ht=instagram.fagc2-1.fna.fbcdn.net&_nc_ohc=Q9yxDDyzyrwAX9Xuts8&ccb=7-4&oh=d86b1b6d639825b0f55d29acf1a38f6f&oe=608866EF&_nc_sid=9fb510",
                    "username": "airpods_case_1"
                },
                "likes_count": 1
            }
        ]
    },
    {
        "id": 17918418802475600,
        "created_at": 1605259476,
        "text": "Starbucks price please\u2764\ufe0f",
        "owner": {
            "id": "1930328163",
            "is_verified": false,
            "profile_pic_url": "https://instagram.fdmm2-2.fna.fbcdn.net/v/t51.2885-19/44884218_345707102882519_2446069589734326272_n.jpg?_nc_ht=instagram.fdmm2-2.fna.fbcdn.net&_nc_ohc=hLTkwc3uTqUAX_kO1yq&ccb=7-4&oh=54a7b0cc96342c2f70cba0c2e822545b&oe=6087738F&_nc_sid=3ae735&ig_cache_key=YW5vbnltb3VzX3Byb2ZpbGVfcGlj.2-ccb7-4",
            "username": "richu_shrth"
        },
        "likes_count": 0,
        "answers": [
            {
                "id": 18077467099227958,
                "created_at": 1605262892,
                "text": "@richu_shrth check dm",
                "owner": {
                    "id": "31345321949",
                    "is_verified": false,
                    "profile_pic_url": "https://instagram.fagc2-1.fna.fbcdn.net/v/t51.2885-19/s150x150/104655610_734890267265839_7042082510067431729_n.jpg?tp=1&_nc_ht=instagram.fagc2-1.fna.fbcdn.net&_nc_ohc=Q9yxDDyzyrwAX9Xuts8&ccb=7-4&oh=d86b1b6d639825b0f55d29acf1a38f6f&oe=608866EF&_nc_sid=9fb510",
                    "username": "airpods_case_1"
                },
                "likes_count": 0
            }
        ]
    },
    {
        "id": 17876706148955677,
        "created_at": 1604824209,
        "text": "Pp",
        "owner": {
            "id": "15778689924",
            "is_verified": false,
            "profile_pic_url": "https://instagram.fagc2-1.fna.fbcdn.net/v/t51.2885-19/s150x150/105486425_2708345286071932_4269782206609711875_n.jpg?tp=1&_nc_ht=instagram.fagc2-1.fna.fbcdn.net&_nc_ohc=7rY9iYSYh9IAX-h-KVa&ccb=7-4&oh=56452302671e538329ed323558e38642&oe=608818C7&_nc_sid=9fb510",
            "username": "yummy_diariez"
        },
        "likes_count": 0,
        "answers": []
    },
    {
        "id": 17874059419991976,
        "created_at": 1604561457,
        "text": "pp",
        "owner": {
            "id": "38985368609",
            "is_verified": false,
            "profile_pic_url": "https://instagram.fagc2-1.fna.fbcdn.net/v/t51.2885-19/s150x150/159598704_711181189575003_2615577645140912871_n.jpg?tp=1&_nc_ht=instagram.fagc2-1.fna.fbcdn.net&_nc_ohc=BjeqUpHebckAX92D-tw&ccb=7-4&oh=2e104d3b423d91e281bf189509637fbf&oe=6088421B&_nc_sid=9fb510",
            "username": "ravleenkaur000"
        },
        "likes_count": 0,
        "answers": [
            {
                "id": 17849212826350288,
                "created_at": 1604561524,
                "text": "@ravleenkaur000 chech dm",
                "owner": {
                    "id": "31345321949",
                    "is_verified": false,
                    "profile_pic_url": "https://instagram.fagc2-1.fna.fbcdn.net/v/t51.2885-19/s150x150/104655610_734890267265839_7042082510067431729_n.jpg?tp=1&_nc_ht=instagram.fagc2-1.fna.fbcdn.net&_nc_ohc=Q9yxDDyzyrwAX9Xuts8&ccb=7-4&oh=d86b1b6d639825b0f55d29acf1a38f6f&oe=608866EF&_nc_sid=9fb510",
                    "username": "airpods_case_1"
                },
                "likes_count": 0
            }
        ]
    }
]