[
    {
        "id": 17918022433579545,
        "created_at": 1615357083,
        "text": "Price",
        "owner": {
            "id": "3274292428",
            "is_verified": false,
            "profile_pic_url": "https://instagram.fagc2-1.fna.fbcdn.net/v/t51.2885-19/s150x150/159594239_2161243760677991_3408104237142567283_n.jpg?tp=1&_nc_ht=instagram.fagc2-1.fna.fbcdn.net&_nc_ohc=NsvoG1sf_FgAX_sTLmv&ccb=7-4&oh=d6224294a8fdf773e8418b8cbf52df4a&oe=60883A5B&_nc_sid=9fb510",
            "username": "sabbir_safat_official"
        },
        "likes_count": 0,
        "answers": [
            {
                "id": 17863631777436959,
                "created_at": 1615357596,
                "text": "@sabbir_safat_official check dm",
                "owner": {
                    "id": "31345321949",
                    "is_verified": false,
                    "profile_pic_url": "https://instagram.fagc2-1.fna.fbcdn.net/v/t51.2885-19/s150x150/104655610_734890267265839_7042082510067431729_n.jpg?tp=1&_nc_ht=instagram.fagc2-1.fna.fbcdn.net&_nc_ohc=Q9yxDDyzyrwAX9Xuts8&ccb=7-4&oh=d86b1b6d639825b0f55d29acf1a38f6f&oe=608866EF&_nc_sid=9fb510",
                    "username": "airpods_case_1"
                },
                "likes_count": 0
            }
        ]
    },
    {
        "id": 17893979365816040,
        "created_at": 1611828909,
        "text": "Pp",
        "owner": {
            "id": "1979266291",
            "is_verified": false,
            "profile_pic_url": "https://instagram.fagc2-1.fna.fbcdn.net/v/t51.2885-19/s150x150/135037950_404919297285046_4105026545935802971_n.jpg?tp=1&_nc_ht=instagram.fagc2-1.fna.fbcdn.net&_nc_ohc=Xt51_r8umLQAX_ckd2D&ccb=7-4&oh=1df857412c9a4920aac6b77c208a06ab&oe=608668C1&_nc_sid=9fb510",
            "username": "__devanshvora__"
        },
        "likes_count": 0,
        "answers": [
            {
                "id": 17972582920360486,
                "created_at": 1611855268,
                "text": "@__devanshvora__ check dm",
                "owner": {
                    "id": "31345321949",
                    "is_verified": false,
                    "profile_pic_url": "https://instagram.fagc2-1.fna.fbcdn.net/v/t51.2885-19/s150x150/104655610_734890267265839_7042082510067431729_n.jpg?tp=1&_nc_ht=instagram.fagc2-1.fna.fbcdn.net&_nc_ohc=Q9yxDDyzyrwAX9Xuts8&ccb=7-4&oh=d86b1b6d639825b0f55d29acf1a38f6f&oe=608866EF&_nc_sid=9fb510",
                    "username": "airpods_case_1"
                },
                "likes_count": 0
            }
        ]
    },
    {
        "id": 17893357747728980,
        "created_at": 1608006705,
        "text": "Pp",
        "owner": {
            "id": "1273935597",
            "is_verified": false,
            "profile_pic_url": "https://instagram.fagc2-1.fna.fbcdn.net/v/t51.2885-19/s150x150/72288255_578179962985155_7126603362685943808_n.jpg?tp=1&_nc_ht=instagram.fagc2-1.fna.fbcdn.net&_nc_ohc=caJ86fQAglEAX9DPWSx&ccb=7-4&oh=95c39ca75da93165de3bff497d28dab2&oe=60872B55&_nc_sid=9fb510",
            "username": "anmol_mantri"
        },
        "likes_count": 0,
        "answers": [
            {
                "id": 17915010946525535,
                "created_at": 1608008538,
                "text": "@anmol_mantri check dm",
                "owner": {
                    "id": "31345321949",
                    "is_verified": false,
                    "profile_pic_url": "https://instagram.fagc2-1.fna.fbcdn.net/v/t51.2885-19/s150x150/104655610_734890267265839_7042082510067431729_n.jpg?tp=1&_nc_ht=instagram.fagc2-1.fna.fbcdn.net&_nc_ohc=Q9yxDDyzyrwAX9Xuts8&ccb=7-4&oh=d86b1b6d639825b0f55d29acf1a38f6f&oe=608866EF&_nc_sid=9fb510",
                    "username": "airpods_case_1"
                },
                "likes_count": 0
            }
        ]
    },
    {
        "id": 17860315550233329,
        "created_at": 1605902576,
        "text": "Pp",
        "owner": {
            "id": "1936859504",
            "is_verified": false,
            "profile_pic_url": "https://instagram.fagc2-1.fna.fbcdn.net/v/t51.2885-19/s150x150/133005001_2850487258522312_4558289279604765720_n.jpg?tp=1&_nc_ht=instagram.fagc2-1.fna.fbcdn.net&_nc_ohc=t2CY7Nhx2kUAX_MNgxG&ccb=7-4&oh=0f7bb6ac8b6a0af4c52231f638916b73&oe=60879221&_nc_sid=9fb510",
            "username": "divyachugh_26"
        },
        "likes_count": 0,
        "answers": [
            {
                "id": 18173123179055313,
                "created_at": 1605934119,
                "text": "@divyachugh_26 check dm",
                "owner": {
                    "id": "31345321949",
                    "is_verified": false,
                    "profile_pic_url": "https://instagram.fagc2-1.fna.fbcdn.net/v/t51.2885-19/s150x150/104655610_734890267265839_7042082510067431729_n.jpg?tp=1&_nc_ht=instagram.fagc2-1.fna.fbcdn.net&_nc_ohc=Q9yxDDyzyrwAX9Xuts8&ccb=7-4&oh=d86b1b6d639825b0f55d29acf1a38f6f&oe=608866EF&_nc_sid=9fb510",
                    "username": "airpods_case_1"
                },
                "likes_count": 0
            }
        ]
    }
]