[
    {
        "id": 18088874005242614,
        "created_at": 1612012662,
        "text": "How would I buy this",
        "owner": {
            "id": "22719115274",
            "is_verified": false,
            "profile_pic_url": "https://instagram.fagc2-1.fna.fbcdn.net/v/t51.2885-19/s150x150/157830711_3028742420687691_3764650568743762985_n.jpg?tp=1&_nc_ht=instagram.fagc2-1.fna.fbcdn.net&_nc_ohc=vMKMOhvCW14AX9e01u9&ccb=7-4&oh=46b597904108adeff7c7f8520f4df781&oe=6086782A&_nc_sid=9fb510",
            "username": "prashu_0682"
        },
        "likes_count": 0,
        "answers": [
            {
                "id": 17907334822653141,
                "created_at": 1612019938,
                "text": "@prashu_0682 check dm",
                "owner": {
                    "id": "31345321949",
                    "is_verified": false,
                    "profile_pic_url": "https://instagram.fagc2-1.fna.fbcdn.net/v/t51.2885-19/s150x150/104655610_734890267265839_7042082510067431729_n.jpg?tp=1&_nc_ht=instagram.fagc2-1.fna.fbcdn.net&_nc_ohc=Q9yxDDyzyrwAX9Xuts8&ccb=7-4&oh=d86b1b6d639825b0f55d29acf1a38f6f&oe=608866EF&_nc_sid=9fb510",
                    "username": "airpods_case_1"
                },
                "likes_count": 0
            }
        ]
    },
    {
        "id": 17882219317999264,
        "created_at": 1611305813,
        "text": "Pp",
        "owner": {
            "id": "2298097869",
            "is_verified": false,
            "profile_pic_url": "https://instagram.fagc2-1.fna.fbcdn.net/v/t51.2885-19/s150x150/14073209_898789626918469_1654806584_a.jpg?tp=1&_nc_ht=instagram.fagc2-1.fna.fbcdn.net&_nc_ohc=ZOrDc4w8Y_sAX-AioT1&ccb=7-4&oh=f297af68758aad6246111a96bcbf5493&oe=60881577&_nc_sid=9fb510",
            "username": "makwana.bhavna"
        },
        "likes_count": 0,
        "answers": [
            {
                "id": 17871416654199738,
                "created_at": 1611306506,
                "text": "@makwana.bhavna check dm",
                "owner": {
                    "id": "31345321949",
                    "is_verified": false,
                    "profile_pic_url": "https://instagram.fagc2-1.fna.fbcdn.net/v/t51.2885-19/s150x150/104655610_734890267265839_7042082510067431729_n.jpg?tp=1&_nc_ht=instagram.fagc2-1.fna.fbcdn.net&_nc_ohc=Q9yxDDyzyrwAX9Xuts8&ccb=7-4&oh=d86b1b6d639825b0f55d29acf1a38f6f&oe=608866EF&_nc_sid=9fb510",
                    "username": "airpods_case_1"
                },
                "likes_count": 0
            }
        ]
    }
]