[
    {
        "id": 18067474186276893,
        "created_at": 1616779332,
        "text": "Price ??",
        "owner": {
            "id": "2724891218",
            "is_verified": false,
            "profile_pic_url": "https://instagram.fagc2-1.fna.fbcdn.net/v/t51.2885-19/s150x150/161688564_744294239608029_6240978484944810502_n.jpg?tp=1&_nc_ht=instagram.fagc2-1.fna.fbcdn.net&_nc_ohc=UYB2PnODXIYAX8CNmLy&ccb=7-4&oh=3cdcf480f4015522939484d0da5b7c48&oe=6088DC3F&_nc_sid=9fb510",
            "username": "meharnisa167"
        },
        "likes_count": 0,
        "answers": [
            {
                "id": 17889198167061092,
                "created_at": 1616780900,
                "text": "Check dm",
                "owner": {
                    "id": "31345321949",
                    "is_verified": false,
                    "profile_pic_url": "https://instagram.fagc2-1.fna.fbcdn.net/v/t51.2885-19/s150x150/104655610_734890267265839_7042082510067431729_n.jpg?tp=1&_nc_ht=instagram.fagc2-1.fna.fbcdn.net&_nc_ohc=Q9yxDDyzyrwAX9Xuts8&ccb=7-4&oh=d86b1b6d639825b0f55d29acf1a38f6f&oe=608866EF&_nc_sid=9fb510",
                    "username": "airpods_case_1"
                },
                "likes_count": 0
            }
        ]
    },
    {
        "id": 17863147199489475,
        "created_at": 1616058309,
        "text": "Price",
        "owner": {
            "id": "8225400909",
            "is_verified": false,
            "profile_pic_url": "https://instagram.fagc2-1.fna.fbcdn.net/v/t51.2885-19/s150x150/131538556_722602665329841_7546828105482566264_n.jpg?tp=1&_nc_ht=instagram.fagc2-1.fna.fbcdn.net&_nc_ohc=LejFXgJELZ4AX8oJ637&ccb=7-4&oh=a9bc7586149e002edb188cc0e12251be&oe=608676B0&_nc_sid=9fb510",
            "username": "tasnim.rubiya"
        },
        "likes_count": 0,
        "answers": []
    },
    {
        "id": 17864590997434685,
        "created_at": 1615832211,
        "text": "Pp",
        "owner": {
            "id": "3019076619",
            "is_verified": false,
            "profile_pic_url": "https://instagram.fagc2-1.fna.fbcdn.net/v/t51.2885-19/s150x150/122432078_947039299154842_8257618965005621238_n.jpg?tp=1&_nc_ht=instagram.fagc2-1.fna.fbcdn.net&_nc_ohc=_0zlpS2mLDEAX-Otf81&ccb=7-4&oh=c69ba516bad8cb0d7e13faacc8abf8de&oe=60876A43&_nc_sid=9fb510",
            "username": "nishav1103"
        },
        "likes_count": 0,
        "answers": [
            {
                "id": 17898633580820813,
                "created_at": 1615832485,
                "text": "@nishav1103 these are out of stock",
                "owner": {
                    "id": "31345321949",
                    "is_verified": false,
                    "profile_pic_url": "https://instagram.fagc2-1.fna.fbcdn.net/v/t51.2885-19/s150x150/104655610_734890267265839_7042082510067431729_n.jpg?tp=1&_nc_ht=instagram.fagc2-1.fna.fbcdn.net&_nc_ohc=Q9yxDDyzyrwAX9Xuts8&ccb=7-4&oh=d86b1b6d639825b0f55d29acf1a38f6f&oe=608866EF&_nc_sid=9fb510",
                    "username": "airpods_case_1"
                },
                "likes_count": 0
            }
        ]
    },
    {
        "id": 17903651053764887,
        "created_at": 1615621479,
        "text": "Price",
        "owner": {
            "id": "3563387754",
            "is_verified": false,
            "profile_pic_url": "https://instagram.fagc2-1.fna.fbcdn.net/v/t51.2885-19/s150x150/164065576_2740032472993780_9132971670288066876_n.jpg?tp=1&_nc_ht=instagram.fagc2-1.fna.fbcdn.net&_nc_ohc=kpYzE6xQKPsAX9HAyVS&tn=iTiWGTzsfyw2kV0K&ccb=7-4&oh=fa6ff00a10cefec11feede2b4ea0fa92&oe=6089A727&_nc_sid=9fb510",
            "username": "aj_anju9000"
        },
        "likes_count": 0,
        "answers": []
    },
    {
        "id": 17842512287553382,
        "created_at": 1615094648,
        "text": "Price ??",
        "owner": {
            "id": "1540240177",
            "is_verified": false,
            "profile_pic_url": "https://instagram.fagc2-1.fna.fbcdn.net/v/t51.2885-19/s150x150/139764493_440302103995024_5489998198908760592_n.jpg?tp=1&_nc_ht=instagram.fagc2-1.fna.fbcdn.net&_nc_ohc=BhaRjYsrxgQAX_4uNoc&tn=BDxaH-tASWxvpAce&ccb=7-4&oh=3d89ef6a008060ef690523852037b03c&oe=60893705&_nc_sid=9fb510",
            "username": "sohi_japleen"
        },
        "likes_count": 0,
        "answers": []
    },
    {
        "id": 17872965308214782,
        "created_at": 1615008324,
        "text": "Pp",
        "owner": {
            "id": "3197855659",
            "is_verified": false,
            "profile_pic_url": "https://instagram.fagc2-1.fna.fbcdn.net/v/t51.2885-19/s150x150/156950877_456965705426894_7771136467364857986_n.jpg?tp=1&_nc_ht=instagram.fagc2-1.fna.fbcdn.net&_nc_ohc=pZu65LhATLQAX9D8-nt&ccb=7-4&oh=ca0872f473ad41996e7935c3e0333abc&oe=60869AC4&_nc_sid=9fb510",
            "username": "malikashana"
        },
        "likes_count": 0,
        "answers": [
            {
                "id": 18098448862217812,
                "created_at": 1615008864,
                "text": "@malikashana check dm",
                "owner": {
                    "id": "31345321949",
                    "is_verified": false,
                    "profile_pic_url": "https://instagram.fagc2-1.fna.fbcdn.net/v/t51.2885-19/s150x150/104655610_734890267265839_7042082510067431729_n.jpg?tp=1&_nc_ht=instagram.fagc2-1.fna.fbcdn.net&_nc_ohc=Q9yxDDyzyrwAX9Xuts8&ccb=7-4&oh=d86b1b6d639825b0f55d29acf1a38f6f&oe=608866EF&_nc_sid=9fb510",
                    "username": "airpods_case_1"
                },
                "likes_count": 0
            }
        ]
    },
    {
        "id": 17860018754425426,
        "created_at": 1614953670,
        "text": "Pp",
        "owner": {
            "id": "45976879587",
            "is_verified": false,
            "profile_pic_url": "https://instagram.fagc2-1.fna.fbcdn.net/v/t51.2885-19/s150x150/158463309_265814481777980_3164447521383192039_n.jpg?tp=1&_nc_ht=instagram.fagc2-1.fna.fbcdn.net&_nc_ohc=xPP9qgA2X1cAX-DMbBN&ccb=7-4&oh=9c93c2661ef173cd6bef5a983a67b474&oe=60866070&_nc_sid=9fb510",
            "username": "tavleen2803"
        },
        "likes_count": 0,
        "answers": []
    },
    {
        "id": 17905332172690603,
        "created_at": 1613143028,
        "text": "Pp",
        "owner": {
            "id": "12145954244",
            "is_verified": false,
            "profile_pic_url": "https://instagram.fagc2-1.fna.fbcdn.net/v/t51.2885-19/s150x150/119073277_321626292404751_6514707824840068340_n.jpg?tp=1&_nc_ht=instagram.fagc2-1.fna.fbcdn.net&_nc_ohc=tAtYFuZ8aZUAX_w01D3&ccb=7-4&oh=5e889320196bdfca8c514c260b5e0c2e&oe=6088F30F&_nc_sid=9fb510",
            "username": "rashmipunjabi2807"
        },
        "likes_count": 0,
        "answers": [
            {
                "id": 17974250941360712,
                "created_at": 1613148529,
                "text": "@rashmipunjabi2807 check dm",
                "owner": {
                    "id": "31345321949",
                    "is_verified": false,
                    "profile_pic_url": "https://instagram.fagc2-1.fna.fbcdn.net/v/t51.2885-19/s150x150/104655610_734890267265839_7042082510067431729_n.jpg?tp=1&_nc_ht=instagram.fagc2-1.fna.fbcdn.net&_nc_ohc=Q9yxDDyzyrwAX9Xuts8&ccb=7-4&oh=d86b1b6d639825b0f55d29acf1a38f6f&oe=608866EF&_nc_sid=9fb510",
                    "username": "airpods_case_1"
                },
                "likes_count": 0
            }
        ]
    },
    {
        "id": 17890527022928277,
        "created_at": 1612687720,
        "text": "How much",
        "owner": {
            "id": "12808056563",
            "is_verified": false,
            "profile_pic_url": "https://instagram.fagc2-1.fna.fbcdn.net/v/t51.2885-19/s150x150/133852809_834905837081057_8728189289330072322_n.jpg?tp=1&_nc_ht=instagram.fagc2-1.fna.fbcdn.net&_nc_ohc=E1RTuh8AMmUAX-G0EOt&ccb=7-4&oh=9576d7cf191a0c36b133349304e61c0f&oe=6089F5F4&_nc_sid=9fb510",
            "username": "samasmasm2"
        },
        "likes_count": 0,
        "answers": [
            {
                "id": 17856360116455439,
                "created_at": 1612690138,
                "text": "@samasmasm2 check dm",
                "owner": {
                    "id": "31345321949",
                    "is_verified": false,
                    "profile_pic_url": "https://instagram.fagc2-1.fna.fbcdn.net/v/t51.2885-19/s150x150/104655610_734890267265839_7042082510067431729_n.jpg?tp=1&_nc_ht=instagram.fagc2-1.fna.fbcdn.net&_nc_ohc=Q9yxDDyzyrwAX9Xuts8&ccb=7-4&oh=d86b1b6d639825b0f55d29acf1a38f6f&oe=608866EF&_nc_sid=9fb510",
                    "username": "airpods_case_1"
                },
                "likes_count": 0
            }
        ]
    },
    {
        "id": 18190352722062666,
        "created_at": 1612652530,
        "text": "Hm",
        "owner": {
            "id": "12808056563",
            "is_verified": false,
            "profile_pic_url": "https://instagram.fagc2-1.fna.fbcdn.net/v/t51.2885-19/s150x150/133852809_834905837081057_8728189289330072322_n.jpg?tp=1&_nc_ht=instagram.fagc2-1.fna.fbcdn.net&_nc_ohc=E1RTuh8AMmUAX-G0EOt&ccb=7-4&oh=9576d7cf191a0c36b133349304e61c0f&oe=6089F5F4&_nc_sid=9fb510",
            "username": "samasmasm2"
        },
        "likes_count": 0,
        "answers": [
            {
                "id": 17910376927622017,
                "created_at": 1612671597,
                "text": "@samasmasm2 yess",
                "owner": {
                    "id": "31345321949",
                    "is_verified": false,
                    "profile_pic_url": "https://instagram.fagc2-1.fna.fbcdn.net/v/t51.2885-19/s150x150/104655610_734890267265839_7042082510067431729_n.jpg?tp=1&_nc_ht=instagram.fagc2-1.fna.fbcdn.net&_nc_ohc=Q9yxDDyzyrwAX9Xuts8&ccb=7-4&oh=d86b1b6d639825b0f55d29acf1a38f6f&oe=608866EF&_nc_sid=9fb510",
                    "username": "airpods_case_1"
                },
                "likes_count": 0
            }
        ]
    },
    {
        "id": 17895898264778380,
        "created_at": 1612086487,
        "text": "Pp pls",
        "owner": {
            "id": "18097168909",
            "is_verified": false,
            "profile_pic_url": "https://instagram.fagc2-1.fna.fbcdn.net/v/t51.2885-19/s150x150/164435792_1229934360754766_7097341428468122172_n.jpg?tp=1&_nc_ht=instagram.fagc2-1.fna.fbcdn.net&_nc_ohc=xnCx-JkXUKkAX-MJAEV&ccb=7-4&oh=1cd776737ebb0e3f23d33776ca8b0f3d&oe=6086A949&_nc_sid=9fb510",
            "username": "raj_neet28"
        },
        "likes_count": 0,
        "answers": [
            {
                "id": 17892540889879937,
                "created_at": 1612086775,
                "text": "@raj_neet28 check dm",
                "owner": {
                    "id": "31345321949",
                    "is_verified": false,
                    "profile_pic_url": "https://instagram.fagc2-1.fna.fbcdn.net/v/t51.2885-19/s150x150/104655610_734890267265839_7042082510067431729_n.jpg?tp=1&_nc_ht=instagram.fagc2-1.fna.fbcdn.net&_nc_ohc=Q9yxDDyzyrwAX9Xuts8&ccb=7-4&oh=d86b1b6d639825b0f55d29acf1a38f6f&oe=608866EF&_nc_sid=9fb510",
                    "username": "airpods_case_1"
                },
                "likes_count": 0
            }
        ]
    },
    {
        "id": 17862062969377570,
        "created_at": 1612019846,
        "text": "Price",
        "owner": {
            "id": "36813873568",
            "is_verified": false,
            "profile_pic_url": "https://instagram.fagc2-1.fna.fbcdn.net/v/t51.2885-19/s150x150/143814370_163753331961042_6020181983303572468_n.jpg?tp=1&_nc_ht=instagram.fagc2-1.fna.fbcdn.net&_nc_ohc=iss2hjy33FcAX9bjEcz&ccb=7-4&oh=db07901336336b49232c17e0946e6cca&oe=60861EEE&_nc_sid=9fb510",
            "username": "raoroha909"
        },
        "likes_count": 0,
        "answers": [
            {
                "id": 17922342664520859,
                "created_at": 1612019969,
                "text": "@raoroha909 check dm",
                "owner": {
                    "id": "31345321949",
                    "is_verified": false,
                    "profile_pic_url": "https://instagram.fagc2-1.fna.fbcdn.net/v/t51.2885-19/s150x150/104655610_734890267265839_7042082510067431729_n.jpg?tp=1&_nc_ht=instagram.fagc2-1.fna.fbcdn.net&_nc_ohc=Q9yxDDyzyrwAX9Xuts8&ccb=7-4&oh=d86b1b6d639825b0f55d29acf1a38f6f&oe=608866EF&_nc_sid=9fb510",
                    "username": "airpods_case_1"
                },
                "likes_count": 0
            }
        ]
    },
    {
        "id": 17903604247679637,
        "created_at": 1610725150,
        "text": "Pp",
        "owner": {
            "id": "8461497802",
            "is_verified": false,
            "profile_pic_url": "https://instagram.fagc2-1.fna.fbcdn.net/v/t51.2885-19/s150x150/136448691_159342785635593_1401674689988164632_n.jpg?tp=1&_nc_ht=instagram.fagc2-1.fna.fbcdn.net&_nc_ohc=WysUtOE_hU8AX-WOXzT&ccb=7-4&oh=623b72acecf1c02f6b4ae3f3c269e6f2&oe=60896B92&_nc_sid=9fb510",
            "username": "iamneelsingh1911"
        },
        "likes_count": 0,
        "answers": []
    },
    {
        "id": 18143445967127570,
        "created_at": 1609927565,
        "text": "Pp?",
        "owner": {
            "id": "43291111332",
            "is_verified": false,
            "profile_pic_url": "https://instagram.fagc2-1.fna.fbcdn.net/v/t51.2885-19/s150x150/139167519_408851880535698_6522356431317060904_n.jpg?tp=1&_nc_ht=instagram.fagc2-1.fna.fbcdn.net&_nc_ohc=kpxA8ixyssYAX_imokW&ccb=7-4&oh=59bec79ff42f5747e2507095f1a05474&oe=6087DFA5&_nc_sid=9fb510",
            "username": "mithuva_shiju"
        },
        "likes_count": 0,
        "answers": []
    },
    {
        "id": 17883528970980336,
        "created_at": 1609609038,
        "text": "I want",
        "owner": {
            "id": "30534268680",
            "is_verified": false,
            "profile_pic_url": "https://instagram.fagc2-1.fna.fbcdn.net/v/t51.2885-19/s150x150/87217611_630306921092959_5818499535713861632_n.jpg?tp=1&_nc_ht=instagram.fagc2-1.fna.fbcdn.net&_nc_ohc=L0w_00-8N0kAX-FOLFa&ccb=7-4&oh=fce0b0192c1a49d5c6a6d79468ab9dc2&oe=60887056&_nc_sid=9fb510",
            "username": "oumaimazakhbat"
        },
        "likes_count": 0,
        "answers": [
            {
                "id": 17906403844619261,
                "created_at": 1609610458,
                "text": "@oumaimazakhbat check dm",
                "owner": {
                    "id": "31345321949",
                    "is_verified": false,
                    "profile_pic_url": "https://instagram.fagc2-1.fna.fbcdn.net/v/t51.2885-19/s150x150/104655610_734890267265839_7042082510067431729_n.jpg?tp=1&_nc_ht=instagram.fagc2-1.fna.fbcdn.net&_nc_ohc=Q9yxDDyzyrwAX9Xuts8&ccb=7-4&oh=d86b1b6d639825b0f55d29acf1a38f6f&oe=608866EF&_nc_sid=9fb510",
                    "username": "airpods_case_1"
                },
                "likes_count": 0
            }
        ]
    },
    {
        "id": 17868865994191629,
        "created_at": 1608827708,
        "text": "Pp",
        "owner": {
            "id": "1510770968",
            "is_verified": false,
            "profile_pic_url": "https://instagram.fagc2-1.fna.fbcdn.net/v/t51.2885-19/s150x150/158545972_491019751892518_7617245564347245672_n.jpg?tp=1&_nc_ht=instagram.fagc2-1.fna.fbcdn.net&_nc_ohc=IWOHgamy2FoAX-4GbFa&ccb=7-4&oh=f0c988ff5e5ee458ac3b8394f09d8c4b&oe=60885B59&_nc_sid=9fb510",
            "username": "kapoorkanishaka"
        },
        "likes_count": 0,
        "answers": [
            {
                "id": 17881965916966399,
                "created_at": 1608827765,
                "text": "@kapoorkanishaka check dm",
                "owner": {
                    "id": "31345321949",
                    "is_verified": false,
                    "profile_pic_url": "https://instagram.fagc2-1.fna.fbcdn.net/v/t51.2885-19/s150x150/104655610_734890267265839_7042082510067431729_n.jpg?tp=1&_nc_ht=instagram.fagc2-1.fna.fbcdn.net&_nc_ohc=Q9yxDDyzyrwAX9Xuts8&ccb=7-4&oh=d86b1b6d639825b0f55d29acf1a38f6f&oe=608866EF&_nc_sid=9fb510",
                    "username": "airpods_case_1"
                },
                "likes_count": 0
            }
        ]
    },
    {
        "id": 17910218347540004,
        "created_at": 1607965463,
        "text": "Pp",
        "owner": {
            "id": "5420689729",
            "is_verified": false,
            "profile_pic_url": "https://instagram.fagc2-1.fna.fbcdn.net/v/t51.2885-19/s150x150/79865336_562699814309936_7309465250330312704_n.jpg?tp=1&_nc_ht=instagram.fagc2-1.fna.fbcdn.net&_nc_ohc=i5GsKAWdJ_EAX8YnXbu&ccb=7-4&oh=aae04ff23afc2cb2c310655a76b7176b&oe=6087CBE7&_nc_sid=9fb510",
            "username": "khusalitaunk"
        },
        "likes_count": 0,
        "answers": [
            {
                "id": 18145186393116654,
                "created_at": 1607965478,
                "text": "@khusalitaunk check dm",
                "owner": {
                    "id": "31345321949",
                    "is_verified": false,
                    "profile_pic_url": "https://instagram.fagc2-1.fna.fbcdn.net/v/t51.2885-19/s150x150/104655610_734890267265839_7042082510067431729_n.jpg?tp=1&_nc_ht=instagram.fagc2-1.fna.fbcdn.net&_nc_ohc=Q9yxDDyzyrwAX9Xuts8&ccb=7-4&oh=d86b1b6d639825b0f55d29acf1a38f6f&oe=608866EF&_nc_sid=9fb510",
                    "username": "airpods_case_1"
                },
                "likes_count": 0
            }
        ]
    },
    {
        "id": 17860940549248733,
        "created_at": 1607761813,
        "text": "Pp",
        "owner": {
            "id": "2127456554",
            "is_verified": false,
            "profile_pic_url": "https://instagram.fagc2-1.fna.fbcdn.net/v/t51.2885-19/s150x150/159898567_885264248710018_986059334621108390_n.jpg?tp=1&_nc_ht=instagram.fagc2-1.fna.fbcdn.net&_nc_ohc=k-it4f2jNvgAX9Nqfqv&ccb=7-4&oh=beab56318afa767f5971c76f62703138&oe=608751C3&_nc_sid=9fb510",
            "username": "gunnu_kapoor"
        },
        "likes_count": 0,
        "answers": []
    },
    {
        "id": 17873015627062276,
        "created_at": 1606571270,
        "text": "Which price",
        "owner": {
            "id": "38562427553",
            "is_verified": false,
            "profile_pic_url": "https://instagram.fagc2-1.fna.fbcdn.net/v/t51.2885-19/s150x150/157378625_192381268904102_6237183492277164478_n.jpg?tp=1&_nc_ht=instagram.fagc2-1.fna.fbcdn.net&_nc_ohc=cS022O3eRn0AX_6mjzK&ccb=7-4&oh=6e70b932b78bfaad9b1ada79f955e62a&oe=60877A3C&_nc_sid=9fb510",
            "username": "jyotika_laddu"
        },
        "likes_count": 0,
        "answers": [
            {
                "id": 17887366426830553,
                "created_at": 1606576899,
                "text": "@jyotika_7736 check dm",
                "owner": {
                    "id": "31345321949",
                    "is_verified": false,
                    "profile_pic_url": "https://instagram.fagc2-1.fna.fbcdn.net/v/t51.2885-19/s150x150/104655610_734890267265839_7042082510067431729_n.jpg?tp=1&_nc_ht=instagram.fagc2-1.fna.fbcdn.net&_nc_ohc=Q9yxDDyzyrwAX9Xuts8&ccb=7-4&oh=d86b1b6d639825b0f55d29acf1a38f6f&oe=608866EF&_nc_sid=9fb510",
                    "username": "airpods_case_1"
                },
                "likes_count": 0
            }
        ]
    },
    {
        "id": 17847383186400337,
        "created_at": 1604680104,
        "text": "Pricd",
        "owner": {
            "id": "21533840368",
            "is_verified": false,
            "profile_pic_url": "https://instagram.fagc2-1.fna.fbcdn.net/v/t51.2885-19/s150x150/117226069_113678486968122_253685480896565233_n.jpg?tp=1&_nc_ht=instagram.fagc2-1.fna.fbcdn.net&_nc_ohc=GCmKmTsHIcQAX_5dzHs&ccb=7-4&oh=a3a7223361d0133d2b92e07f1a6436d5&oe=6086B730&_nc_sid=9fb510",
            "username": "muapayaltuteja"
        },
        "likes_count": 0,
        "answers": []
    },
    {
        "id": 17936155687418575,
        "created_at": 1604346008,
        "text": "Pric?",
        "owner": {
            "id": "30095006909",
            "is_verified": false,
            "profile_pic_url": "https://instagram.fagc2-1.fna.fbcdn.net/v/t51.2885-19/s150x150/128858254_474964146824054_7099152322527602087_n.jpg?tp=1&_nc_ht=instagram.fagc2-1.fna.fbcdn.net&_nc_ohc=tcdHxwyZcREAX9McPi-&ccb=7-4&oh=b380f958fdd93ea1c66e3d864bd24387&oe=6086B987&_nc_sid=9fb510",
            "username": "fizifari"
        },
        "likes_count": 0,
        "answers": []
    },
    {
        "id": 17866076429085915,
        "created_at": 1602201925,
        "text": "Price plz",
        "owner": {
            "id": "2230261579",
            "is_verified": false,
            "profile_pic_url": "https://instagram.fagc2-1.fna.fbcdn.net/v/t51.2885-19/s150x150/125443453_1693353364158040_1150929332854143893_n.jpg?tp=1&_nc_ht=instagram.fagc2-1.fna.fbcdn.net&_nc_ohc=pVOhHMHXg-YAX9nYNbd&ccb=7-4&oh=b2faab6b8fc92d4b934ec2f8e9320673&oe=60877FC0&_nc_sid=9fb510",
            "username": "sahithi.deshapathi"
        },
        "likes_count": 0,
        "answers": [
            {
                "id": 17872922674966979,
                "created_at": 1602211562,
                "text": "@sahithi.deshapathi check dm",
                "owner": {
                    "id": "31345321949",
                    "is_verified": false,
                    "profile_pic_url": "https://instagram.fagc2-1.fna.fbcdn.net/v/t51.2885-19/s150x150/104655610_734890267265839_7042082510067431729_n.jpg?tp=1&_nc_ht=instagram.fagc2-1.fna.fbcdn.net&_nc_ohc=Q9yxDDyzyrwAX9Xuts8&ccb=7-4&oh=d86b1b6d639825b0f55d29acf1a38f6f&oe=608866EF&_nc_sid=9fb510",
                    "username": "airpods_case_1"
                },
                "likes_count": 0
            }
        ]
    },
    {
        "id": 17894964397628275,
        "created_at": 1601789909,
        "text": "price plz?",
        "owner": {
            "id": "38644430528",
            "is_verified": false,
            "profile_pic_url": "https://scontent-lga3-2.cdninstagram.com/v/t51.2885-19/44884218_345707102882519_2446069589734326272_n.jpg?_nc_ht=scontent-lga3-2.cdninstagram.com&_nc_ohc=hLTkwc3uTqUAX8Xl8-r&ccb=7-4&oh=6302b5c1e927c9ce20cb7e09a91bcf1e&oe=6087738F&_nc_sid=cff2a4&ig_cache_key=YW5vbnltb3VzX3Byb2ZpbGVfcGlj.2-ccb7-4",
            "username": "samansyed1709"
        },
        "likes_count": 0,
        "answers": [
            {
                "id": 17926681504442612,
                "created_at": 1601794060,
                "text": "@samansyed1709 check dm",
                "owner": {
                    "id": "31345321949",
                    "is_verified": false,
                    "profile_pic_url": "https://instagram.fagc2-1.fna.fbcdn.net/v/t51.2885-19/s150x150/104655610_734890267265839_7042082510067431729_n.jpg?tp=1&_nc_ht=instagram.fagc2-1.fna.fbcdn.net&_nc_ohc=Q9yxDDyzyrwAX9Xuts8&ccb=7-4&oh=d86b1b6d639825b0f55d29acf1a38f6f&oe=608866EF&_nc_sid=9fb510",
                    "username": "airpods_case_1"
                },
                "likes_count": 0
            }
        ]
    },
    {
        "id": 17892692113629239,
        "created_at": 1601741181,
        "text": "Price",
        "owner": {
            "id": "4347552026",
            "is_verified": false,
            "profile_pic_url": "https://instagram.fagc2-1.fna.fbcdn.net/v/t51.2885-19/s150x150/164335267_242576570912555_5595004253784771893_n.jpg?tp=1&_nc_ht=instagram.fagc2-1.fna.fbcdn.net&_nc_ohc=FY7Ql3eaW_4AX9_D1DX&ccb=7-4&oh=eeb8916e3faf1971b8a20090ffce4692&oe=608873CC&_nc_sid=9fb510",
            "username": "_kridayvermaaa"
        },
        "likes_count": 0,
        "answers": [
            {
                "id": 17875132843908050,
                "created_at": 1601742503,
                "text": "@kriday222 check dm",
                "owner": {
                    "id": "31345321949",
                    "is_verified": false,
                    "profile_pic_url": "https://instagram.fagc2-1.fna.fbcdn.net/v/t51.2885-19/s150x150/104655610_734890267265839_7042082510067431729_n.jpg?tp=1&_nc_ht=instagram.fagc2-1.fna.fbcdn.net&_nc_ohc=Q9yxDDyzyrwAX9Xuts8&ccb=7-4&oh=d86b1b6d639825b0f55d29acf1a38f6f&oe=608866EF&_nc_sid=9fb510",
                    "username": "airpods_case_1"
                },
                "likes_count": 0
            }
        ]
    },
    {
        "id": 17867141429067072,
        "created_at": 1601719656,
        "text": "Price plz",
        "owner": {
            "id": "3630579988",
            "is_verified": false,
            "profile_pic_url": "https://instagram.fagc2-1.fna.fbcdn.net/v/t51.2885-19/s150x150/143767216_423559925657144_7436004362387022407_n.jpg?tp=1&_nc_ht=instagram.fagc2-1.fna.fbcdn.net&_nc_ohc=MTMH71t62UEAX-PKUU4&ccb=7-4&oh=c961ab977486eb426cf4aa81f2f2350f&oe=608906BD&_nc_sid=9fb510",
            "username": "kavithaghattamaneni"
        },
        "likes_count": 0,
        "answers": [
            {
                "id": 17855448329230156,
                "created_at": 1601720028,
                "text": "@kavithaghattamaneni check dm",
                "owner": {
                    "id": "31345321949",
                    "is_verified": false,
                    "profile_pic_url": "https://instagram.fagc2-1.fna.fbcdn.net/v/t51.2885-19/s150x150/104655610_734890267265839_7042082510067431729_n.jpg?tp=1&_nc_ht=instagram.fagc2-1.fna.fbcdn.net&_nc_ohc=Q9yxDDyzyrwAX9Xuts8&ccb=7-4&oh=d86b1b6d639825b0f55d29acf1a38f6f&oe=608866EF&_nc_sid=9fb510",
                    "username": "airpods_case_1"
                },
                "likes_count": 0
            }
        ]
    }
]