[
    {
        "id": 18190036933017667,
        "created_at": 1612372236,
        "text": "Pp? For AirPods pro?",
        "owner": {
            "id": "2284356392",
            "is_verified": false,
            "profile_pic_url": "https://instagram.fagc2-1.fna.fbcdn.net/v/t51.2885-19/s150x150/46065269_364670797600714_1371755152104488960_n.jpg?tp=1&_nc_ht=instagram.fagc2-1.fna.fbcdn.net&_nc_ohc=vzqkt2D6GH4AX8-QCDb&ccb=7-4&oh=bfea3dd3b95dc84300edd4cb2701bfe7&oe=60882F34&_nc_sid=9fb510",
            "username": "priyaaggarwal0720"
        },
        "likes_count": 0,
        "answers": [
            {
                "id": 17887726756951856,
                "created_at": 1612372724,
                "text": "@priyaaggarwal0720 not available for pro",
                "owner": {
                    "id": "31345321949",
                    "is_verified": false,
                    "profile_pic_url": "https://instagram.fagc2-1.fna.fbcdn.net/v/t51.2885-19/s150x150/104655610_734890267265839_7042082510067431729_n.jpg?tp=1&_nc_ht=instagram.fagc2-1.fna.fbcdn.net&_nc_ohc=Q9yxDDyzyrwAX9Xuts8&ccb=7-4&oh=d86b1b6d639825b0f55d29acf1a38f6f&oe=608866EF&_nc_sid=9fb510",
                    "username": "airpods_case_1"
                },
                "likes_count": 0
            }
        ]
    },
    {
        "id": 17896291297811563,
        "created_at": 1611341520,
        "text": "Price",
        "owner": {
            "id": "40202182825",
            "is_verified": false,
            "profile_pic_url": "https://instagram.fagc2-1.fna.fbcdn.net/v/t51.2885-19/s150x150/117971313_111845043966584_8717994223254468203_n.jpg?tp=1&_nc_ht=instagram.fagc2-1.fna.fbcdn.net&_nc_ohc=fetdPJwrUJsAX8QrXLF&ccb=7-4&oh=167fbdf9ffc6695931de0f3c162115ff&oe=60874F56&_nc_sid=9fb510",
            "username": "prepared.dishes"
        },
        "likes_count": 0,
        "answers": []
    },
    {
        "id": 18001787911306570,
        "created_at": 1609480504,
        "text": "Isme.white colour hai",
        "owner": {
            "id": "10936806670",
            "is_verified": false,
            "profile_pic_url": "https://instagram.fagc2-1.fna.fbcdn.net/v/t51.2885-19/s150x150/132016349_3557363824376939_3466283017467509171_n.jpg?tp=1&_nc_ht=instagram.fagc2-1.fna.fbcdn.net&_nc_ohc=qVzl4WwzKHcAX8d2urB&ccb=7-4&oh=5fa07e66e5d7444ef55dba21b1a415b3&oe=6089AC3D&_nc_sid=9fb510",
            "username": "pratham3439"
        },
        "likes_count": 0,
        "answers": [
            {
                "id": 17879699018046879,
                "created_at": 1609483927,
                "text": "@pratham3439 hnji hai check dm",
                "owner": {
                    "id": "31345321949",
                    "is_verified": false,
                    "profile_pic_url": "https://instagram.fagc2-1.fna.fbcdn.net/v/t51.2885-19/s150x150/104655610_734890267265839_7042082510067431729_n.jpg?tp=1&_nc_ht=instagram.fagc2-1.fna.fbcdn.net&_nc_ohc=Q9yxDDyzyrwAX9Xuts8&ccb=7-4&oh=d86b1b6d639825b0f55d29acf1a38f6f&oe=608866EF&_nc_sid=9fb510",
                    "username": "airpods_case_1"
                },
                "likes_count": 0
            }
        ]
    }
]