[
    {
        "id": 18205572895058978,
        "created_at": 1615972184,
        "text": "5s rate",
        "owner": {
            "id": "3052090357",
            "is_verified": false,
            "profile_pic_url": "https://instagram.fagc2-1.fna.fbcdn.net/v/t51.2885-19/s150x150/130722529_313845253106921_8656585727472878504_n.jpg?tp=1&_nc_ht=instagram.fagc2-1.fna.fbcdn.net&_nc_ohc=NIyUQyJHG-8AX-ac-ex&ccb=7-4&oh=67d1b11247d356db173a0b55fdaa3077&oe=60869FE3&_nc_sid=9fb510",
            "username": "gunjanaaahuja"
        },
        "likes_count": 0,
        "answers": []
    }
]