[
    {
        "id": 17876792795167935,
        "created_at": 1615676569,
        "text": "Price",
        "owner": {
            "id": "8246303216",
            "is_verified": false,
            "profile_pic_url": "https://instagram.fagc2-1.fna.fbcdn.net/v/t51.2885-19/s150x150/164966150_745562302827570_3408481406538043744_n.jpg?tp=1&_nc_ht=instagram.fagc2-1.fna.fbcdn.net&_nc_ohc=vnPErKfD_rYAX_vCmfm&ccb=7-4&oh=ef93ed306fe8680a04cb777713b1e6ed&oe=6089BD09&_nc_sid=9fb510",
            "username": "its___ahmedd"
        },
        "likes_count": 0,
        "answers": [
            {
                "id": 17864601863483981,
                "created_at": 1615692108,
                "text": "Check dm",
                "owner": {
                    "id": "31345321949",
                    "is_verified": false,
                    "profile_pic_url": "https://instagram.fagc2-1.fna.fbcdn.net/v/t51.2885-19/s150x150/104655610_734890267265839_7042082510067431729_n.jpg?tp=1&_nc_ht=instagram.fagc2-1.fna.fbcdn.net&_nc_ohc=Q9yxDDyzyrwAX9Xuts8&ccb=7-4&oh=d86b1b6d639825b0f55d29acf1a38f6f&oe=608866EF&_nc_sid=9fb510",
                    "username": "airpods_case_1"
                },
                "likes_count": 0
            }
        ]
    },
    {
        "id": 17874961052133726,
        "created_at": 1612519642,
        "text": "Cost??",
        "owner": {
            "id": "6630582703",
            "is_verified": false,
            "profile_pic_url": "https://instagram.fagc2-1.fna.fbcdn.net/v/t51.2885-19/s150x150/158872315_989987314870604_6837641660877880485_n.jpg?tp=1&_nc_ht=instagram.fagc2-1.fna.fbcdn.net&_nc_ohc=lu22D86fDaYAX9AliOO&ccb=7-4&oh=5566a7e5a10d129ef9a0433d80b37aaf&oe=60860EA4&_nc_sid=9fb510",
            "username": "__tazim__4"
        },
        "likes_count": 0,
        "answers": [
            {
                "id": 18138053530090551,
                "created_at": 1612520519,
                "text": "@tazim_qureshi_4 check dm",
                "owner": {
                    "id": "31345321949",
                    "is_verified": false,
                    "profile_pic_url": "https://instagram.fagc2-1.fna.fbcdn.net/v/t51.2885-19/s150x150/104655610_734890267265839_7042082510067431729_n.jpg?tp=1&_nc_ht=instagram.fagc2-1.fna.fbcdn.net&_nc_ohc=Q9yxDDyzyrwAX9Xuts8&ccb=7-4&oh=d86b1b6d639825b0f55d29acf1a38f6f&oe=608866EF&_nc_sid=9fb510",
                    "username": "airpods_case_1"
                },
                "likes_count": 0
            }
        ]
    },
    {
        "id": 17873948747015110,
        "created_at": 1605372965,
        "text": "What\u2019s the cost of this",
        "owner": {
            "id": "1523258251",
            "is_verified": false,
            "profile_pic_url": "https://instagram.fagc2-1.fna.fbcdn.net/v/t51.2885-19/s150x150/100919868_285712602831098_8056770563193962496_n.jpg?tp=1&_nc_ht=instagram.fagc2-1.fna.fbcdn.net&_nc_ohc=mKFcj4i0DOMAX8rmjX9&ccb=7-4&oh=10240f6f15db27eeab75218bc5fbccbd&oe=60899134&_nc_sid=9fb510",
            "username": "sunil_pop"
        },
        "likes_count": 0,
        "answers": [
            {
                "id": 17909023279528660,
                "created_at": 1605376130,
                "text": "@sunil_pop check dm",
                "owner": {
                    "id": "31345321949",
                    "is_verified": false,
                    "profile_pic_url": "https://instagram.fagc2-1.fna.fbcdn.net/v/t51.2885-19/s150x150/104655610_734890267265839_7042082510067431729_n.jpg?tp=1&_nc_ht=instagram.fagc2-1.fna.fbcdn.net&_nc_ohc=Q9yxDDyzyrwAX9Xuts8&ccb=7-4&oh=d86b1b6d639825b0f55d29acf1a38f6f&oe=608866EF&_nc_sid=9fb510",
                    "username": "airpods_case_1"
                },
                "likes_count": 0
            }
        ]
    },
    {
        "id": 17870278742039321,
        "created_at": 1603204132,
        "text": "Price",
        "owner": {
            "id": "38913549270",
            "is_verified": false,
            "profile_pic_url": "https://instagram.fagc2-1.fna.fbcdn.net/v/t51.2885-19/s150x150/106433430_269173901173733_3199616830075434237_n.jpg?tp=1&_nc_ht=instagram.fagc2-1.fna.fbcdn.net&_nc_ohc=QtwjbXSK7YcAX82tq72&ccb=7-4&oh=b88a8a2ac2492a8d26b301ae4d1e2ea2&oe=6087496C&_nc_sid=9fb510",
            "username": "varsha.talreja.9216"
        },
        "likes_count": 0,
        "answers": [
            {
                "id": 17849532260353584,
                "created_at": 1603204289,
                "text": "@varsha.talreja.9216 check dm",
                "owner": {
                    "id": "31345321949",
                    "is_verified": false,
                    "profile_pic_url": "https://instagram.fagc2-1.fna.fbcdn.net/v/t51.2885-19/s150x150/104655610_734890267265839_7042082510067431729_n.jpg?tp=1&_nc_ht=instagram.fagc2-1.fna.fbcdn.net&_nc_ohc=Q9yxDDyzyrwAX9Xuts8&ccb=7-4&oh=d86b1b6d639825b0f55d29acf1a38f6f&oe=608866EF&_nc_sid=9fb510",
                    "username": "airpods_case_1"
                },
                "likes_count": 0
            }
        ]
    },
    {
        "id": 17894179033638734,
        "created_at": 1602942632,
        "text": "Price",
        "owner": {
            "id": "10486672546",
            "is_verified": false,
            "profile_pic_url": "https://instagram.fagc2-1.fna.fbcdn.net/v/t51.2885-19/s150x150/153549836_1665542896985953_1456940898284976921_n.jpg?tp=1&_nc_ht=instagram.fagc2-1.fna.fbcdn.net&_nc_ohc=5qpZ9Ikhuu8AX8emjzf&ccb=7-4&oh=8efbcab07bae9ef9b0f55e0a1e09f090&oe=6087DACF&_nc_sid=9fb510",
            "username": "guru.singh13"
        },
        "likes_count": 0,
        "answers": []
    },
    {
        "id": 17871254956989338,
        "created_at": 1602177259,
        "text": "How much does it cost?",
        "owner": {
            "id": "4926766064",
            "is_verified": false,
            "profile_pic_url": "https://instagram.fagc2-1.fna.fbcdn.net/v/t51.2885-19/s150x150/152683808_422276245692742_1697840548516068998_n.jpg?tp=1&_nc_ht=instagram.fagc2-1.fna.fbcdn.net&_nc_ohc=NSDnZxVSjesAX8k0H1t&ccb=7-4&oh=f8e91864ff2c7d2f77e1781ad28896e9&oe=6088A426&_nc_sid=9fb510",
            "username": "onkarrr__4"
        },
        "likes_count": 0,
        "answers": [
            {
                "id": 17969055280326713,
                "created_at": 1602178461,
                "text": "@onkarrr__4 check in dm",
                "owner": {
                    "id": "31345321949",
                    "is_verified": false,
                    "profile_pic_url": "https://instagram.fagc2-1.fna.fbcdn.net/v/t51.2885-19/s150x150/104655610_734890267265839_7042082510067431729_n.jpg?tp=1&_nc_ht=instagram.fagc2-1.fna.fbcdn.net&_nc_ohc=Q9yxDDyzyrwAX9Xuts8&ccb=7-4&oh=d86b1b6d639825b0f55d29acf1a38f6f&oe=608866EF&_nc_sid=9fb510",
                    "username": "airpods_case_1"
                },
                "likes_count": 0
            }
        ]
    },
    {
        "id": 17861709085941887,
        "created_at": 1592391670,
        "text": "Follow me \ud83d\udcabcheck my Profile",
        "owner": {
            "id": "7870072295",
            "is_verified": false,
            "profile_pic_url": "https://instagram.fagc2-1.fna.fbcdn.net/v/t51.2885-19/s150x150/136776268_2839534089659015_1001050757626190890_n.jpg?tp=1&_nc_ht=instagram.fagc2-1.fna.fbcdn.net&_nc_ohc=DqQrqrwTmGMAX_7PCc1&ccb=7-4&oh=93d206468b639ef2ebefce9c6b9c61eb&oe=608969D1&_nc_sid=9fb510",
            "username": "sharafu_dhee_"
        },
        "likes_count": 0,
        "answers": []
    }
]