[
    {
        "id": 18144587623134596,
        "created_at": 1614869870,
        "text": "Price",
        "owner": {
            "id": "1728405886",
            "is_verified": false,
            "profile_pic_url": "https://instagram.fagc2-1.fna.fbcdn.net/v/t51.2885-19/s150x150/150600396_174184360857436_1006959665913119512_n.jpg?tp=1&_nc_ht=instagram.fagc2-1.fna.fbcdn.net&_nc_ohc=c_hLlCy0RM8AX9eiX0Q&ccb=7-4&oh=f216f85c5e90fcca2c42b87a6d43451a&oe=60875407&_nc_sid=9fb510",
            "username": "rayannsammak"
        },
        "likes_count": 0,
        "answers": []
    },
    {
        "id": 17889900592908443,
        "created_at": 1614530998,
        "text": "Price",
        "owner": {
            "id": "41041527342",
            "is_verified": false,
            "profile_pic_url": "https://scontent-ort2-1.cdninstagram.com/v/t51.2885-19/44884218_345707102882519_2446069589734326272_n.jpg?_nc_ht=scontent-ort2-1.cdninstagram.com&_nc_ohc=hLTkwc3uTqUAX8VHAAb&ccb=7-4&oh=ceb7afc7e9125ddad1b2a3a0195a8962&oe=6087738F&_nc_sid=cff2a4&ig_cache_key=YW5vbnltb3VzX3Byb2ZpbGVfcGlj.2-ccb7-4",
            "username": "gaurav_duggal123"
        },
        "likes_count": 0,
        "answers": [
            {
                "id": 18095432596228745,
                "created_at": 1614531178,
                "text": "@gaurav_duggal123 check dm",
                "owner": {
                    "id": "31345321949",
                    "is_verified": false,
                    "profile_pic_url": "https://instagram.fagc2-1.fna.fbcdn.net/v/t51.2885-19/s150x150/104655610_734890267265839_7042082510067431729_n.jpg?tp=1&_nc_ht=instagram.fagc2-1.fna.fbcdn.net&_nc_ohc=Q9yxDDyzyrwAX9Xuts8&ccb=7-4&oh=d86b1b6d639825b0f55d29acf1a38f6f&oe=608866EF&_nc_sid=9fb510",
                    "username": "airpods_case_1"
                },
                "likes_count": 0
            }
        ]
    },
    {
        "id": 17986951885333393,
        "created_at": 1614426379,
        "text": "Airpod",
        "owner": {
            "id": "29889198642",
            "is_verified": false,
            "profile_pic_url": "https://instagram.fagc2-1.fna.fbcdn.net/v/t51.2885-19/s150x150/148235898_438137890572480_1064515948957915674_n.jpg?tp=1&_nc_ht=instagram.fagc2-1.fna.fbcdn.net&_nc_ohc=UfybJh42bIAAX_husZA&ccb=7-4&oh=7272a96d04f51d756b84458d6e5039c4&oe=6086AB70&_nc_sid=9fb510",
            "username": "wiyaauyuni"
        },
        "likes_count": 0,
        "answers": []
    },
    {
        "id": 18161574127100666,
        "created_at": 1614426372,
        "text": "Bpe tu bos??",
        "owner": {
            "id": "29889198642",
            "is_verified": false,
            "profile_pic_url": "https://instagram.fagc2-1.fna.fbcdn.net/v/t51.2885-19/s150x150/148235898_438137890572480_1064515948957915674_n.jpg?tp=1&_nc_ht=instagram.fagc2-1.fna.fbcdn.net&_nc_ohc=UfybJh42bIAAX_husZA&ccb=7-4&oh=7272a96d04f51d756b84458d6e5039c4&oe=6086AB70&_nc_sid=9fb510",
            "username": "wiyaauyuni"
        },
        "likes_count": 0,
        "answers": []
    },
    {
        "id": 18094407886237696,
        "created_at": 1613947969,
        "text": "Rate",
        "owner": {
            "id": "5358030614",
            "is_verified": false,
            "profile_pic_url": "https://instagram.fagc2-1.fna.fbcdn.net/v/t51.2885-19/s150x150/142763513_330183351755587_2803061932747629651_n.jpg?tp=1&_nc_ht=instagram.fagc2-1.fna.fbcdn.net&_nc_ohc=HeWXVfUep34AX8XJD9S&ccb=7-4&oh=90ed2866ae392b1aaf8e1465414024fc&oe=60896671&_nc_sid=9fb510",
            "username": "mohakshah__"
        },
        "likes_count": 0,
        "answers": [
            {
                "id": 17899316956753779,
                "created_at": 1613962768,
                "text": "@mohakshah__ check dm",
                "owner": {
                    "id": "31345321949",
                    "is_verified": false,
                    "profile_pic_url": "https://instagram.fagc2-1.fna.fbcdn.net/v/t51.2885-19/s150x150/104655610_734890267265839_7042082510067431729_n.jpg?tp=1&_nc_ht=instagram.fagc2-1.fna.fbcdn.net&_nc_ohc=Q9yxDDyzyrwAX9Xuts8&ccb=7-4&oh=d86b1b6d639825b0f55d29acf1a38f6f&oe=608866EF&_nc_sid=9fb510",
                    "username": "airpods_case_1"
                },
                "likes_count": 0
            }
        ]
    },
    {
        "id": 17864709845331143,
        "created_at": 1613644076,
        "text": "Ki price kya hai",
        "owner": {
            "id": "44950266203",
            "is_verified": false,
            "profile_pic_url": "https://instagram.fagc2-1.fna.fbcdn.net/v/t51.2885-19/s150x150/140080935_436598587654643_5301214679844233883_n.jpg?tp=1&_nc_ht=instagram.fagc2-1.fna.fbcdn.net&_nc_ohc=DS2dZGXk3y8AX_pHa_w&ccb=7-4&oh=3666cfa312a2afe4736b88c18cade81b&oe=60877532&_nc_sid=9fb510",
            "username": "piyushkukreja7"
        },
        "likes_count": 0,
        "answers": [
            {
                "id": 18192311914024884,
                "created_at": 1613645209,
                "text": "@piyushkukreja7 check dm",
                "owner": {
                    "id": "31345321949",
                    "is_verified": false,
                    "profile_pic_url": "https://instagram.fagc2-1.fna.fbcdn.net/v/t51.2885-19/s150x150/104655610_734890267265839_7042082510067431729_n.jpg?tp=1&_nc_ht=instagram.fagc2-1.fna.fbcdn.net&_nc_ohc=Q9yxDDyzyrwAX9Xuts8&ccb=7-4&oh=d86b1b6d639825b0f55d29acf1a38f6f&oe=608866EF&_nc_sid=9fb510",
                    "username": "airpods_case_1"
                },
                "likes_count": 0
            }
        ]
    },
    {
        "id": 17861151065398809,
        "created_at": 1612718972,
        "text": "Pp",
        "owner": {
            "id": "6854909223",
            "is_verified": false,
            "profile_pic_url": "https://instagram.fagc2-1.fna.fbcdn.net/v/t51.2885-19/s150x150/162302412_477654820252769_2352545680930879670_n.jpg?tp=1&_nc_ht=instagram.fagc2-1.fna.fbcdn.net&_nc_ohc=nagV1DeBu1IAX-vgi2R&ccb=7-4&oh=c92a0739044de86c4911d9cb8d73ac52&oe=6087D5A4&_nc_sid=9fb510",
            "username": "soam_saab_avnish"
        },
        "likes_count": 0,
        "answers": []
    },
    {
        "id": 17893847002878747,
        "created_at": 1612322947,
        "text": "Lowest?",
        "owner": {
            "id": "26593859533",
            "is_verified": false,
            "profile_pic_url": "https://instagram.fagc2-1.fna.fbcdn.net/v/t51.2885-19/s150x150/161011564_1931810023667610_7599022643150755513_n.jpg?tp=1&_nc_ht=instagram.fagc2-1.fna.fbcdn.net&_nc_ohc=Fawq8W53WJkAX8luJPA&ccb=7-4&oh=7525e2035c4d37214f3ad4f102ede282&oe=6087B474&_nc_sid=9fb510",
            "username": "08.jaqueline"
        },
        "likes_count": 0,
        "answers": []
    },
    {
        "id": 17870333660282520,
        "created_at": 1611847051,
        "text": "Fiyati nedir",
        "owner": {
            "id": "45408203014",
            "is_verified": false,
            "profile_pic_url": "https://instagram.fagc2-1.fna.fbcdn.net/v/t51.2885-19/s150x150/135894084_2820949258182269_574980637968316907_n.jpg?tp=1&_nc_ht=instagram.fagc2-1.fna.fbcdn.net&_nc_ohc=8Fwi14uojPYAX_4Dphr&ccb=7-4&oh=e912d295316ea21a54177a019c9dd919&oe=6087989D&_nc_sid=9fb510",
            "username": "e_cem_talay_o6o6"
        },
        "likes_count": 0,
        "answers": []
    },
    {
        "id": 17924563012484347,
        "created_at": 1611647017,
        "text": "Price",
        "owner": {
            "id": "723191362",
            "is_verified": false,
            "profile_pic_url": "https://scontent-ort2-1.cdninstagram.com/v/t51.2885-19/44884218_345707102882519_2446069589734326272_n.jpg?_nc_ht=scontent-ort2-1.cdninstagram.com&_nc_ohc=hLTkwc3uTqUAX8VHAAb&ccb=7-4&oh=ceb7afc7e9125ddad1b2a3a0195a8962&oe=6087738F&_nc_sid=cff2a4&ig_cache_key=YW5vbnltb3VzX3Byb2ZpbGVfcGlj.2-ccb7-4",
            "username": "alinahussain93"
        },
        "likes_count": 0,
        "answers": [
            {
                "id": 17857901237481370,
                "created_at": 1611647257,
                "text": "@alinahussain93 check dm",
                "owner": {
                    "id": "31345321949",
                    "is_verified": false,
                    "profile_pic_url": "https://instagram.fagc2-1.fna.fbcdn.net/v/t51.2885-19/s150x150/104655610_734890267265839_7042082510067431729_n.jpg?tp=1&_nc_ht=instagram.fagc2-1.fna.fbcdn.net&_nc_ohc=Q9yxDDyzyrwAX9Xuts8&ccb=7-4&oh=d86b1b6d639825b0f55d29acf1a38f6f&oe=608866EF&_nc_sid=9fb510",
                    "username": "airpods_case_1"
                },
                "likes_count": 0
            }
        ]
    },
    {
        "id": 17882213024048866,
        "created_at": 1611229690,
        "text": "Price for that one",
        "owner": {
            "id": "39269087107",
            "is_verified": false,
            "profile_pic_url": "https://instagram.fagc2-1.fna.fbcdn.net/v/t51.2885-19/s150x150/157943220_909813369777869_4840492432979643620_n.jpg?tp=1&_nc_ht=instagram.fagc2-1.fna.fbcdn.net&_nc_ohc=Ma4Nx9yGDQ8AX-J33fA&ccb=7-4&oh=8774a347b6eb3ac086f118e3a3b21417&oe=6086905B&_nc_sid=9fb510",
            "username": "kip.2585"
        },
        "likes_count": 0,
        "answers": [
            {
                "id": 17983060456327144,
                "created_at": 1611230332,
                "text": "Check dm",
                "owner": {
                    "id": "31345321949",
                    "is_verified": false,
                    "profile_pic_url": "https://instagram.fagc2-1.fna.fbcdn.net/v/t51.2885-19/s150x150/104655610_734890267265839_7042082510067431729_n.jpg?tp=1&_nc_ht=instagram.fagc2-1.fna.fbcdn.net&_nc_ohc=Q9yxDDyzyrwAX9Xuts8&ccb=7-4&oh=d86b1b6d639825b0f55d29acf1a38f6f&oe=608866EF&_nc_sid=9fb510",
                    "username": "airpods_case_1"
                },
                "likes_count": 0
            }
        ]
    },
    {
        "id": 17891119537875896,
        "created_at": 1610127105,
        "text": "Price ?",
        "owner": {
            "id": "8091917304",
            "is_verified": false,
            "profile_pic_url": "https://instagram.fagc2-1.fna.fbcdn.net/v/t51.2885-19/s150x150/156497312_751500289127738_6183554437889743821_n.jpg?tp=1&_nc_ht=instagram.fagc2-1.fna.fbcdn.net&_nc_ohc=i1P-0WgZNW4AX_OfLYo&ccb=7-4&oh=33a3e4c4d916d94a26e1a1500f76384e&oe=6086E38E&_nc_sid=9fb510",
            "username": "sknaif_51"
        },
        "likes_count": 0,
        "answers": [
            {
                "id": 17860698467347611,
                "created_at": 1610127252,
                "text": "@sknaif_51 check dm",
                "owner": {
                    "id": "31345321949",
                    "is_verified": false,
                    "profile_pic_url": "https://instagram.fagc2-1.fna.fbcdn.net/v/t51.2885-19/s150x150/104655610_734890267265839_7042082510067431729_n.jpg?tp=1&_nc_ht=instagram.fagc2-1.fna.fbcdn.net&_nc_ohc=Q9yxDDyzyrwAX9Xuts8&ccb=7-4&oh=d86b1b6d639825b0f55d29acf1a38f6f&oe=608866EF&_nc_sid=9fb510",
                    "username": "airpods_case_1"
                },
                "likes_count": 0
            }
        ]
    },
    {
        "id": 17854376045479534,
        "created_at": 1609444665,
        "text": "Price",
        "owner": {
            "id": "14772718253",
            "is_verified": false,
            "profile_pic_url": "https://instagram.fagc2-1.fna.fbcdn.net/v/t51.2885-19/s150x150/156752763_496339731367313_8215818262226682563_n.jpg?tp=1&_nc_ht=instagram.fagc2-1.fna.fbcdn.net&_nc_ohc=Q2VHFIY7s5UAX8HdZrb&ccb=7-4&oh=432a955deaee20a9f6bcfe71a922b440&oe=60875BE0&_nc_sid=9fb510",
            "username": "khadijatulqubra24"
        },
        "likes_count": 0,
        "answers": [
            {
                "id": 18139425964187913,
                "created_at": 1609473814,
                "text": "@khadijatulqubra24 check dm",
                "owner": {
                    "id": "31345321949",
                    "is_verified": false,
                    "profile_pic_url": "https://instagram.fagc2-1.fna.fbcdn.net/v/t51.2885-19/s150x150/104655610_734890267265839_7042082510067431729_n.jpg?tp=1&_nc_ht=instagram.fagc2-1.fna.fbcdn.net&_nc_ohc=Q9yxDDyzyrwAX9Xuts8&ccb=7-4&oh=d86b1b6d639825b0f55d29acf1a38f6f&oe=608866EF&_nc_sid=9fb510",
                    "username": "airpods_case_1"
                },
                "likes_count": 0
            }
        ]
    },
    {
        "id": 18151155010079497,
        "created_at": 1602004380,
        "text": "Price",
        "owner": {
            "id": "391001623",
            "is_verified": false,
            "profile_pic_url": "https://instagram.fagc2-1.fna.fbcdn.net/v/t51.2885-19/s150x150/126156143_700619904193360_7777823026218423542_n.jpg?tp=1&_nc_ht=instagram.fagc2-1.fna.fbcdn.net&_nc_ohc=3yrOLsDHHo8AX8-riB8&ccb=7-4&oh=e12449db6769e18328618c93b8d9098b&oe=60879CE5&_nc_sid=9fb510",
            "username": "dhankanirohit"
        },
        "likes_count": 0,
        "answers": [
            {
                "id": 17855036759272976,
                "created_at": 1602005341,
                "text": "@dhankanirohit check dm",
                "owner": {
                    "id": "31345321949",
                    "is_verified": false,
                    "profile_pic_url": "https://instagram.fagc2-1.fna.fbcdn.net/v/t51.2885-19/s150x150/104655610_734890267265839_7042082510067431729_n.jpg?tp=1&_nc_ht=instagram.fagc2-1.fna.fbcdn.net&_nc_ohc=Q9yxDDyzyrwAX9Xuts8&ccb=7-4&oh=d86b1b6d639825b0f55d29acf1a38f6f&oe=608866EF&_nc_sid=9fb510",
                    "username": "airpods_case_1"
                },
                "likes_count": 0
            }
        ]
    },
    {
        "id": 17877200743879490,
        "created_at": 1601356640,
        "text": "Price ?",
        "owner": {
            "id": "1388821007",
            "is_verified": false,
            "profile_pic_url": "https://instagram.fagc2-1.fna.fbcdn.net/v/t51.2885-19/s150x150/96406622_3014290425281202_4024245890901344256_n.jpg?tp=1&_nc_ht=instagram.fagc2-1.fna.fbcdn.net&_nc_ohc=eeCJasWD7iUAX9qjnnw&ccb=7-4&oh=0464b310b0916a8c2512580e52112115&oe=6089E4B9&_nc_sid=9fb510",
            "username": "its_me_rajj"
        },
        "likes_count": 0,
        "answers": [
            {
                "id": 17900368348562388,
                "created_at": 1601356683,
                "text": "@its_me_rajj check your dm",
                "owner": {
                    "id": "31345321949",
                    "is_verified": false,
                    "profile_pic_url": "https://instagram.fagc2-1.fna.fbcdn.net/v/t51.2885-19/s150x150/104655610_734890267265839_7042082510067431729_n.jpg?tp=1&_nc_ht=instagram.fagc2-1.fna.fbcdn.net&_nc_ohc=Q9yxDDyzyrwAX9Xuts8&ccb=7-4&oh=d86b1b6d639825b0f55d29acf1a38f6f&oe=608866EF&_nc_sid=9fb510",
                    "username": "airpods_case_1"
                },
                "likes_count": 0
            }
        ]
    }
]