[
    {
        "id": 17853958412520469,
        "created_at": 1616602346,
        "text": "Price",
        "owner": {
            "id": "1416620292",
            "is_verified": false,
            "profile_pic_url": "https://instagram.fagc2-1.fna.fbcdn.net/v/t51.2885-19/s150x150/85121378_190177115411391_8078186300923969536_n.jpg?tp=1&_nc_ht=instagram.fagc2-1.fna.fbcdn.net&_nc_ohc=fsN6h2GAXjIAX8uITXw&ccb=7-4&oh=1fbb31d01936bff38ec89430c1bc6d10&oe=60887891&_nc_sid=9fb510",
            "username": "ananyasuneja"
        },
        "likes_count": 0,
        "answers": [
            {
                "id": 17876961008191501,
                "created_at": 1616604272,
                "text": "@ananyasuneja check dm",
                "owner": {
                    "id": "31345321949",
                    "is_verified": false,
                    "profile_pic_url": "https://instagram.fagc2-1.fna.fbcdn.net/v/t51.2885-19/s150x150/104655610_734890267265839_7042082510067431729_n.jpg?tp=1&_nc_ht=instagram.fagc2-1.fna.fbcdn.net&_nc_ohc=Q9yxDDyzyrwAX9Xuts8&ccb=7-4&oh=d86b1b6d639825b0f55d29acf1a38f6f&oe=608866EF&_nc_sid=9fb510",
                    "username": "airpods_case_1"
                },
                "likes_count": 0
            }
        ]
    },
    {
        "id": 17908893376696326,
        "created_at": 1616576553,
        "text": "Pp",
        "owner": {
            "id": "16411978659",
            "is_verified": false,
            "profile_pic_url": "https://instagram.fagc2-1.fna.fbcdn.net/v/t51.2885-19/s150x150/90982838_1211860172317881_8853399439398666240_n.jpg?tp=1&_nc_ht=instagram.fagc2-1.fna.fbcdn.net&_nc_ohc=ooXrMP6gIikAX9ZNN1o&ccb=7-4&oh=7c5f802ca69bcea2fa93b85a62ab817d&oe=6087390F&_nc_sid=9fb510",
            "username": "basant.surya"
        },
        "likes_count": 0,
        "answers": []
    },
    {
        "id": 18142445017089014,
        "created_at": 1615071361,
        "text": "Price",
        "owner": {
            "id": "44331056752",
            "is_verified": false,
            "profile_pic_url": "https://instagram.fagc2-1.fna.fbcdn.net/v/t51.2885-19/s150x150/141868858_226752758989848_6457771289615305110_n.jpg?tp=1&_nc_ht=instagram.fagc2-1.fna.fbcdn.net&_nc_ohc=W8scNZkYJ9UAX_uWx8t&ccb=7-4&oh=a5d963f6d05ad4935a05d5b5099189d4&oe=60895149&_nc_sid=9fb510",
            "username": "anime.fun.girl7"
        },
        "likes_count": 0,
        "answers": []
    },
    {
        "id": 17877606926121384,
        "created_at": 1614066699,
        "text": "Where r u based . And how much ? Do you deliver to Mumbai ?",
        "owner": {
            "id": "295131048",
            "is_verified": false,
            "profile_pic_url": "https://instagram.fagc2-1.fna.fbcdn.net/v/t51.2885-19/s150x150/69392152_2353215668119372_3491094575198502912_n.jpg?tp=1&_nc_ht=instagram.fagc2-1.fna.fbcdn.net&_nc_ohc=KDH7dOiE8egAX9yP7u5&ccb=7-4&oh=b0817e82b46e746f1abccc6216fcfaba&oe=60875477&_nc_sid=9fb510",
            "username": "krishmadoshi"
        },
        "likes_count": 0,
        "answers": [
            {
                "id": 17883430754078595,
                "created_at": 1614069919,
                "text": "@krishmadoshi yes check dm",
                "owner": {
                    "id": "31345321949",
                    "is_verified": false,
                    "profile_pic_url": "https://instagram.fagc2-1.fna.fbcdn.net/v/t51.2885-19/s150x150/104655610_734890267265839_7042082510067431729_n.jpg?tp=1&_nc_ht=instagram.fagc2-1.fna.fbcdn.net&_nc_ohc=Q9yxDDyzyrwAX9Xuts8&ccb=7-4&oh=d86b1b6d639825b0f55d29acf1a38f6f&oe=608866EF&_nc_sid=9fb510",
                    "username": "airpods_case_1"
                },
                "likes_count": 0
            }
        ]
    },
    {
        "id": 17928469948485703,
        "created_at": 1611674697,
        "text": "Price",
        "owner": {
            "id": "34664979888",
            "is_verified": false,
            "profile_pic_url": "https://instagram.fagc2-1.fna.fbcdn.net/v/t51.2885-19/s150x150/162100080_171083518060754_9165459977764474617_n.jpg?tp=1&_nc_ht=instagram.fagc2-1.fna.fbcdn.net&_nc_ohc=9NOPdCOOTzQAX_Jv2G9&ccb=7-4&oh=00fe30fb83653a47a34950dc3396b08a&oe=6086E707&_nc_sid=9fb510",
            "username": "hayakhan3036"
        },
        "likes_count": 0,
        "answers": []
    },
    {
        "id": 17881753139068825,
        "created_at": 1611674679,
        "text": "Price",
        "owner": {
            "id": "34664979888",
            "is_verified": false,
            "profile_pic_url": "https://instagram.fagc2-1.fna.fbcdn.net/v/t51.2885-19/s150x150/162100080_171083518060754_9165459977764474617_n.jpg?tp=1&_nc_ht=instagram.fagc2-1.fna.fbcdn.net&_nc_ohc=9NOPdCOOTzQAX_Jv2G9&ccb=7-4&oh=00fe30fb83653a47a34950dc3396b08a&oe=6086E707&_nc_sid=9fb510",
            "username": "hayakhan3036"
        },
        "likes_count": 0,
        "answers": [
            {
                "id": 17878063091115708,
                "created_at": 1611677811,
                "text": "@hayakhan3036 check dm",
                "owner": {
                    "id": "31345321949",
                    "is_verified": false,
                    "profile_pic_url": "https://instagram.fagc2-1.fna.fbcdn.net/v/t51.2885-19/s150x150/104655610_734890267265839_7042082510067431729_n.jpg?tp=1&_nc_ht=instagram.fagc2-1.fna.fbcdn.net&_nc_ohc=Q9yxDDyzyrwAX9Xuts8&ccb=7-4&oh=d86b1b6d639825b0f55d29acf1a38f6f&oe=608866EF&_nc_sid=9fb510",
                    "username": "airpods_case_1"
                },
                "likes_count": 0
            }
        ]
    },
    {
        "id": 17871828275188512,
        "created_at": 1610578688,
        "text": "hw much",
        "owner": {
            "id": "36499233099",
            "is_verified": false,
            "profile_pic_url": "https://instagram.fagc2-1.fna.fbcdn.net/v/t51.2885-19/s150x150/117887033_307689930509204_1739556107868166533_n.jpg?tp=1&_nc_ht=instagram.fagc2-1.fna.fbcdn.net&_nc_ohc=wAWRP28ZIOYAX8jZKVD&ccb=7-4&oh=2c3747244dc69838ca876c88b08eca81&oe=6086A945&_nc_sid=9fb510",
            "username": "hotspot820"
        },
        "likes_count": 0,
        "answers": []
    },
    {
        "id": 18027274669291014,
        "created_at": 1610578682,
        "text": "hw much",
        "owner": {
            "id": "36499233099",
            "is_verified": false,
            "profile_pic_url": "https://instagram.fagc2-1.fna.fbcdn.net/v/t51.2885-19/s150x150/117887033_307689930509204_1739556107868166533_n.jpg?tp=1&_nc_ht=instagram.fagc2-1.fna.fbcdn.net&_nc_ohc=wAWRP28ZIOYAX8jZKVD&ccb=7-4&oh=2c3747244dc69838ca876c88b08eca81&oe=6086A945&_nc_sid=9fb510",
            "username": "hotspot820"
        },
        "likes_count": 0,
        "answers": []
    },
    {
        "id": 17927148706490529,
        "created_at": 1610578581,
        "text": "hw much",
        "owner": {
            "id": "36499233099",
            "is_verified": false,
            "profile_pic_url": "https://instagram.fagc2-1.fna.fbcdn.net/v/t51.2885-19/s150x150/117887033_307689930509204_1739556107868166533_n.jpg?tp=1&_nc_ht=instagram.fagc2-1.fna.fbcdn.net&_nc_ohc=wAWRP28ZIOYAX8jZKVD&ccb=7-4&oh=2c3747244dc69838ca876c88b08eca81&oe=6086A945&_nc_sid=9fb510",
            "username": "hotspot820"
        },
        "likes_count": 0,
        "answers": []
    },
    {
        "id": 17922963835506664,
        "created_at": 1610578503,
        "text": "hw much",
        "owner": {
            "id": "36499233099",
            "is_verified": false,
            "profile_pic_url": "https://instagram.fagc2-1.fna.fbcdn.net/v/t51.2885-19/s150x150/117887033_307689930509204_1739556107868166533_n.jpg?tp=1&_nc_ht=instagram.fagc2-1.fna.fbcdn.net&_nc_ohc=wAWRP28ZIOYAX8jZKVD&ccb=7-4&oh=2c3747244dc69838ca876c88b08eca81&oe=6086A945&_nc_sid=9fb510",
            "username": "hotspot820"
        },
        "likes_count": 0,
        "answers": []
    },
    {
        "id": 17916853723558682,
        "created_at": 1610578467,
        "text": "hw much",
        "owner": {
            "id": "36499233099",
            "is_verified": false,
            "profile_pic_url": "https://instagram.fagc2-1.fna.fbcdn.net/v/t51.2885-19/s150x150/117887033_307689930509204_1739556107868166533_n.jpg?tp=1&_nc_ht=instagram.fagc2-1.fna.fbcdn.net&_nc_ohc=wAWRP28ZIOYAX8jZKVD&ccb=7-4&oh=2c3747244dc69838ca876c88b08eca81&oe=6086A945&_nc_sid=9fb510",
            "username": "hotspot820"
        },
        "likes_count": 0,
        "answers": []
    },
    {
        "id": 18187250740046620,
        "created_at": 1610375847,
        "text": "How much dude",
        "owner": {
            "id": "1126719918",
            "is_verified": false,
            "profile_pic_url": "https://instagram.fagc2-1.fna.fbcdn.net/v/t51.2885-19/s150x150/65692635_2312042165728103_2607812221241131008_n.jpg?tp=1&_nc_ht=instagram.fagc2-1.fna.fbcdn.net&_nc_ohc=dOQ032HtKJoAX8LwZ8Z&ccb=7-4&oh=93ca10c6b7bfcc0775a8e3b7bc1c82e8&oe=608642D2&_nc_sid=9fb510",
            "username": "dhiren_05"
        },
        "likes_count": 0,
        "answers": [
            {
                "id": 17855246234414856,
                "created_at": 1610376595,
                "text": "@dhiren_05 check dm",
                "owner": {
                    "id": "31345321949",
                    "is_verified": false,
                    "profile_pic_url": "https://instagram.fagc2-1.fna.fbcdn.net/v/t51.2885-19/s150x150/104655610_734890267265839_7042082510067431729_n.jpg?tp=1&_nc_ht=instagram.fagc2-1.fna.fbcdn.net&_nc_ohc=Q9yxDDyzyrwAX9Xuts8&ccb=7-4&oh=d86b1b6d639825b0f55d29acf1a38f6f&oe=608866EF&_nc_sid=9fb510",
                    "username": "airpods_case_1"
                },
                "likes_count": 0
            }
        ]
    },
    {
        "id": 17900128882654689,
        "created_at": 1608287085,
        "text": "How much",
        "owner": {
            "id": "4046829841",
            "is_verified": false,
            "profile_pic_url": "https://instagram.fagc2-1.fna.fbcdn.net/v/t51.2885-19/s150x150/39494131_305441243342361_1661375341018480640_n.jpg?tp=1&_nc_ht=instagram.fagc2-1.fna.fbcdn.net&_nc_ohc=axQc75qVkEMAX9khV42&ccb=7-4&oh=ef9a2de39b3290ee56fc361849756ede&oe=608894E3&_nc_sid=9fb510",
            "username": "sudeepsrivatsav"
        },
        "likes_count": 0,
        "answers": []
    },
    {
        "id": 17878609043000337,
        "created_at": 1608100338,
        "text": "Price",
        "owner": {
            "id": "18566618645",
            "is_verified": false,
            "profile_pic_url": "https://instagram.fagc2-1.fna.fbcdn.net/v/t51.2885-19/s150x150/164333659_555781359157793_5865834111592596475_n.jpg?tp=1&_nc_ht=instagram.fagc2-1.fna.fbcdn.net&_nc_ohc=xg2hE7ATltsAX9QeCZb&ccb=7-4&oh=efbde4b7b456ff35e0f52488d4750420&oe=60892B22&_nc_sid=9fb510",
            "username": "jaydya20_"
        },
        "likes_count": 0,
        "answers": [
            {
                "id": 17862989192216642,
                "created_at": 1608105483,
                "text": "@jaydya12_ check dm",
                "owner": {
                    "id": "31345321949",
                    "is_verified": false,
                    "profile_pic_url": "https://instagram.fagc2-1.fna.fbcdn.net/v/t51.2885-19/s150x150/104655610_734890267265839_7042082510067431729_n.jpg?tp=1&_nc_ht=instagram.fagc2-1.fna.fbcdn.net&_nc_ohc=Q9yxDDyzyrwAX9Xuts8&ccb=7-4&oh=d86b1b6d639825b0f55d29acf1a38f6f&oe=608866EF&_nc_sid=9fb510",
                    "username": "airpods_case_1"
                },
                "likes_count": 0
            }
        ]
    },
    {
        "id": 17897075665688723,
        "created_at": 1607690653,
        "text": "Price???",
        "owner": {
            "id": "44433897032",
            "is_verified": false,
            "profile_pic_url": "https://instagram.fagc2-1.fna.fbcdn.net/v/t51.2885-19/s150x150/163232806_152293293430478_6179547577642710768_n.jpg?tp=1&_nc_ht=instagram.fagc2-1.fna.fbcdn.net&_nc_ohc=plSDP_zRgJsAX8P5Ta5&ccb=7-4&oh=76c41b96fa63f0b4649ea0c75252dcd0&oe=60891BB7&_nc_sid=9fb510",
            "username": "official.evil.gamer.yt"
        },
        "likes_count": 0,
        "answers": [
            {
                "id": 17875991603028069,
                "created_at": 1607693281,
                "text": "@official.evil.gamer.yt check dm",
                "owner": {
                    "id": "31345321949",
                    "is_verified": false,
                    "profile_pic_url": "https://instagram.fagc2-1.fna.fbcdn.net/v/t51.2885-19/s150x150/104655610_734890267265839_7042082510067431729_n.jpg?tp=1&_nc_ht=instagram.fagc2-1.fna.fbcdn.net&_nc_ohc=Q9yxDDyzyrwAX9Xuts8&ccb=7-4&oh=d86b1b6d639825b0f55d29acf1a38f6f&oe=608866EF&_nc_sid=9fb510",
                    "username": "airpods_case_1"
                },
                "likes_count": 0
            }
        ]
    },
    {
        "id": 17865838130187258,
        "created_at": 1607095268,
        "text": "Prize?",
        "owner": {
            "id": "7860689915",
            "is_verified": false,
            "profile_pic_url": "https://instagram.fagc2-1.fna.fbcdn.net/v/t51.2885-19/s150x150/160517939_472029220654223_1840716473588371803_n.jpg?tp=1&_nc_ht=instagram.fagc2-1.fna.fbcdn.net&_nc_ohc=1YPxfBzONacAX-Sp00L&ccb=7-4&oh=dfbe4d15729a5840003b302b676e5bb8&oe=608984FE&_nc_sid=9fb510",
            "username": "vivek_sarode_1.6"
        },
        "likes_count": 0,
        "answers": []
    },
    {
        "id": 17851323989359429,
        "created_at": 1606414947,
        "text": "Price ?",
        "owner": {
            "id": "1507004541",
            "is_verified": false,
            "profile_pic_url": "https://instagram.fagc2-1.fna.fbcdn.net/v/t51.2885-19/s150x150/135323788_1080359945740416_438841095313736447_n.jpg?tp=1&_nc_ht=instagram.fagc2-1.fna.fbcdn.net&_nc_ohc=DGRs_1To3dQAX-gWEwk&ccb=7-4&oh=fd32325b8b2d9d51b29460a83c9bd35f&oe=6089BA36&_nc_sid=9fb510",
            "username": "_therealravi"
        },
        "likes_count": 0,
        "answers": [
            {
                "id": 17897036728659994,
                "created_at": 1606431861,
                "text": "@_therealravi check dm",
                "owner": {
                    "id": "31345321949",
                    "is_verified": false,
                    "profile_pic_url": "https://instagram.fagc2-1.fna.fbcdn.net/v/t51.2885-19/s150x150/104655610_734890267265839_7042082510067431729_n.jpg?tp=1&_nc_ht=instagram.fagc2-1.fna.fbcdn.net&_nc_ohc=Q9yxDDyzyrwAX9Xuts8&ccb=7-4&oh=d86b1b6d639825b0f55d29acf1a38f6f&oe=608866EF&_nc_sid=9fb510",
                    "username": "airpods_case_1"
                },
                "likes_count": 0
            }
        ]
    }
]