[
    {
        "id": 17951174692424819,
        "created_at": 1615152884,
        "text": "Price please",
        "owner": {
            "id": "7969058464",
            "is_verified": false,
            "profile_pic_url": "https://instagram.fagc2-1.fna.fbcdn.net/v/t51.2885-19/s150x150/126084884_137356951129516_4206231530096724965_n.jpg?tp=1&_nc_ht=instagram.fagc2-1.fna.fbcdn.net&_nc_ohc=dO11f8qSQ_AAX-sfdhj&ccb=7-4&oh=b3e394692472ef8e3f1cb49724bd5990&oe=608933A3&_nc_sid=9fb510",
            "username": "t_h_u_n_d__e_r"
        },
        "likes_count": 0,
        "answers": [
            {
                "id": 17898900091794007,
                "created_at": 1615164471,
                "text": "@t_h_u_n_d__e_r check dm",
                "owner": {
                    "id": "31345321949",
                    "is_verified": false,
                    "profile_pic_url": "https://instagram.fagc2-1.fna.fbcdn.net/v/t51.2885-19/s150x150/104655610_734890267265839_7042082510067431729_n.jpg?tp=1&_nc_ht=instagram.fagc2-1.fna.fbcdn.net&_nc_ohc=Q9yxDDyzyrwAX9Xuts8&ccb=7-4&oh=d86b1b6d639825b0f55d29acf1a38f6f&oe=608866EF&_nc_sid=9fb510",
                    "username": "airpods_case_1"
                },
                "likes_count": 0
            }
        ]
    },
    {
        "id": 17874992819209858,
        "created_at": 1613993109,
        "text": "Pp",
        "owner": {
            "id": "12014066043",
            "is_verified": false,
            "profile_pic_url": "https://instagram.fagc2-1.fna.fbcdn.net/v/t51.2885-19/s150x150/160021254_1671998939669136_7397895801752911342_n.jpg?tp=1&_nc_ht=instagram.fagc2-1.fna.fbcdn.net&_nc_ohc=JT4ZAsv29ugAX8orgJ4&ccb=7-4&oh=5bf9401c9549b298b013164aa83863f7&oe=6089B48F&_nc_sid=9fb510",
            "username": "surbhisingh.25"
        },
        "likes_count": 0,
        "answers": []
    },
    {
        "id": 18195056968047669,
        "created_at": 1613586111,
        "text": "@prerna_kh",
        "owner": {
            "id": "1278790984",
            "is_verified": false,
            "profile_pic_url": "https://instagram.fagc2-1.fna.fbcdn.net/v/t51.2885-19/s150x150/90248885_226827445090495_7519969264023896064_n.jpg?tp=1&_nc_ht=instagram.fagc2-1.fna.fbcdn.net&_nc_ohc=Tvw9ZNpXE8AAX8IteLv&ccb=7-4&oh=fe386720db5b81c8953b8200bb08ed08&oe=608853CB&_nc_sid=9fb510",
            "username": "heenasikri96"
        },
        "likes_count": 1,
        "answers": []
    },
    {
        "id": 17899171603772803,
        "created_at": 1612627929,
        "text": "\u0426\u0456\u043d\u0430 ?",
        "owner": {
            "id": "39628644336",
            "is_verified": false,
            "profile_pic_url": "https://instagram.fagc2-1.fna.fbcdn.net/v/t51.2885-19/s150x150/139794875_160096582312914_2034376439780183038_n.jpg?tp=1&_nc_ht=instagram.fagc2-1.fna.fbcdn.net&_nc_ohc=M4X7FqOZlH4AX9BvP-s&ccb=7-4&oh=207fd18db3c9ed31f9fa7beee39ed103&oe=6087E835&_nc_sid=9fb510",
            "username": "madmax________________"
        },
        "likes_count": 0,
        "answers": []
    },
    {
        "id": 17883890647984646,
        "created_at": 1612032447,
        "text": "Price",
        "owner": {
            "id": "12816011390",
            "is_verified": false,
            "profile_pic_url": "https://instagram.fagc2-1.fna.fbcdn.net/v/t51.2885-19/s150x150/73470560_451200875799523_1461365495797121024_n.jpg?tp=1&_nc_ht=instagram.fagc2-1.fna.fbcdn.net&_nc_ohc=TAnA8Vc0H4IAX8tF6l8&ccb=7-4&oh=53c85d14b74b622877b9c18315a9ea41&oe=6088208C&_nc_sid=9fb510",
            "username": "le.dojo"
        },
        "likes_count": 0,
        "answers": []
    },
    {
        "id": 17918599276540228,
        "created_at": 1611341799,
        "text": "How much",
        "owner": {
            "id": "40202182825",
            "is_verified": false,
            "profile_pic_url": "https://instagram.fagc2-1.fna.fbcdn.net/v/t51.2885-19/s150x150/117971313_111845043966584_8717994223254468203_n.jpg?tp=1&_nc_ht=instagram.fagc2-1.fna.fbcdn.net&_nc_ohc=fetdPJwrUJsAX8QrXLF&ccb=7-4&oh=167fbdf9ffc6695931de0f3c162115ff&oe=60874F56&_nc_sid=9fb510",
            "username": "prepared.dishes"
        },
        "likes_count": 0,
        "answers": []
    },
    {
        "id": 18005128387306369,
        "created_at": 1611238710,
        "text": "Price",
        "owner": {
            "id": "45176570503",
            "is_verified": false,
            "profile_pic_url": "https://instagram.fagc2-1.fna.fbcdn.net/v/t51.2885-19/s150x150/146281141_120830909932924_230680620230383668_n.jpg?tp=1&_nc_ht=instagram.fagc2-1.fna.fbcdn.net&_nc_ohc=poBCyGZEHY0AX8z38C6&ccb=7-4&oh=2d454b466704abd93fe40949d34aee84&oe=6089E404&_nc_sid=9fb510",
            "username": "irempolat.21x"
        },
        "likes_count": 0,
        "answers": [
            {
                "id": 17857666496439400,
                "created_at": 1611254429,
                "text": "@ba.im.priw check dm",
                "owner": {
                    "id": "31345321949",
                    "is_verified": false,
                    "profile_pic_url": "https://instagram.fagc2-1.fna.fbcdn.net/v/t51.2885-19/s150x150/104655610_734890267265839_7042082510067431729_n.jpg?tp=1&_nc_ht=instagram.fagc2-1.fna.fbcdn.net&_nc_ohc=Q9yxDDyzyrwAX9Xuts8&ccb=7-4&oh=d86b1b6d639825b0f55d29acf1a38f6f&oe=608866EF&_nc_sid=9fb510",
                    "username": "airpods_case_1"
                },
                "likes_count": 1
            }
        ]
    },
    {
        "id": 17848855754499243,
        "created_at": 1610867502,
        "text": "Pp",
        "owner": {
            "id": "8439570009",
            "is_verified": false,
            "profile_pic_url": "https://instagram.fagc2-1.fna.fbcdn.net/v/t51.2885-19/s150x150/162567070_1360916744273096_1902816507660601741_n.jpg?tp=1&_nc_ht=instagram.fagc2-1.fna.fbcdn.net&_nc_ohc=X7n3dpYFQ0AAX9QpzRZ&ccb=7-4&oh=117f085cff54b92495f92b1ae3da7b48&oe=608886AC&_nc_sid=9fb510",
            "username": "_syed.liza"
        },
        "likes_count": 0,
        "answers": []
    },
    {
        "id": 17876827562112738,
        "created_at": 1610725425,
        "text": "Price",
        "owner": {
            "id": "11868411751",
            "is_verified": false,
            "profile_pic_url": "https://instagram.fagc2-1.fna.fbcdn.net/v/t51.2885-19/s150x150/125786557_3515515795191079_2030879070587141141_n.jpg?tp=1&_nc_ht=instagram.fagc2-1.fna.fbcdn.net&_nc_ohc=Yrs5VFcx0K4AX8boDIy&ccb=7-4&oh=840627e7aa64664fd3334a6e56a1c221&oe=60883407&_nc_sid=9fb510",
            "username": "tooms296"
        },
        "likes_count": 0,
        "answers": [
            {
                "id": 17885364601932282,
                "created_at": 1610725514,
                "text": "@tooms296 check dm",
                "owner": {
                    "id": "31345321949",
                    "is_verified": false,
                    "profile_pic_url": "https://instagram.fagc2-1.fna.fbcdn.net/v/t51.2885-19/s150x150/104655610_734890267265839_7042082510067431729_n.jpg?tp=1&_nc_ht=instagram.fagc2-1.fna.fbcdn.net&_nc_ohc=Q9yxDDyzyrwAX9Xuts8&ccb=7-4&oh=d86b1b6d639825b0f55d29acf1a38f6f&oe=608866EF&_nc_sid=9fb510",
                    "username": "airpods_case_1"
                },
                "likes_count": 0
            }
        ]
    },
    {
        "id": 17909155240606235,
        "created_at": 1610480689,
        "text": "Price n quality please",
        "owner": {
            "id": "357229189",
            "is_verified": false,
            "profile_pic_url": "https://instagram.fagc2-1.fna.fbcdn.net/v/t51.2885-19/s150x150/132002683_823803601521058_4204980938965674382_n.jpg?tp=1&_nc_ht=instagram.fagc2-1.fna.fbcdn.net&_nc_ohc=Esnl5ee_oP8AX8FeZz1&ccb=7-4&oh=4ab8c6522624e8d936506aacbf317c87&oe=608895B4&_nc_sid=9fb510",
            "username": "ankitsarswat19"
        },
        "likes_count": 1,
        "answers": [
            {
                "id": 17885479675959676,
                "created_at": 1610511503,
                "text": "@ankitsarswat19 check dm",
                "owner": {
                    "id": "31345321949",
                    "is_verified": false,
                    "profile_pic_url": "https://instagram.fagc2-1.fna.fbcdn.net/v/t51.2885-19/s150x150/104655610_734890267265839_7042082510067431729_n.jpg?tp=1&_nc_ht=instagram.fagc2-1.fna.fbcdn.net&_nc_ohc=Q9yxDDyzyrwAX9Xuts8&ccb=7-4&oh=d86b1b6d639825b0f55d29acf1a38f6f&oe=608866EF&_nc_sid=9fb510",
                    "username": "airpods_case_1"
                },
                "likes_count": 0
            }
        ]
    },
    {
        "id": 18185656501008759,
        "created_at": 1610229322,
        "text": "Price",
        "owner": {
            "id": "1955151531",
            "is_verified": false,
            "profile_pic_url": "https://instagram.fagc2-1.fna.fbcdn.net/v/t51.2885-19/s150x150/138620176_2812642625662824_7889798714675989407_n.jpg?tp=1&_nc_ht=instagram.fagc2-1.fna.fbcdn.net&_nc_ohc=82MGvAtzih4AX9YsW6M&ccb=7-4&oh=e1282f31d0d488007d2b8a67297123c0&oe=60899244&_nc_sid=9fb510",
            "username": "young_lord.x"
        },
        "likes_count": 1,
        "answers": []
    },
    {
        "id": 17880715619024657,
        "created_at": 1609915605,
        "text": "Price ?",
        "owner": {
            "id": "2286006335",
            "is_verified": false,
            "profile_pic_url": "https://instagram.fagc2-1.fna.fbcdn.net/v/t51.2885-19/s150x150/123939181_828423334583274_7260154705152091409_n.jpg?tp=1&_nc_ht=instagram.fagc2-1.fna.fbcdn.net&_nc_ohc=1zr3ZwwDljcAX-TRTNg&ccb=7-4&oh=ffdb850dfdadb735d0d1773332fbd462&oe=6088F903&_nc_sid=9fb510",
            "username": "officialz_wilson"
        },
        "likes_count": 1,
        "answers": [
            {
                "id": 17886862660928927,
                "created_at": 1609916767,
                "text": "@officialz_wilson check dm",
                "owner": {
                    "id": "31345321949",
                    "is_verified": false,
                    "profile_pic_url": "https://instagram.fagc2-1.fna.fbcdn.net/v/t51.2885-19/s150x150/104655610_734890267265839_7042082510067431729_n.jpg?tp=1&_nc_ht=instagram.fagc2-1.fna.fbcdn.net&_nc_ohc=Q9yxDDyzyrwAX9Xuts8&ccb=7-4&oh=d86b1b6d639825b0f55d29acf1a38f6f&oe=608866EF&_nc_sid=9fb510",
                    "username": "airpods_case_1"
                },
                "likes_count": 0
            }
        ]
    },
    {
        "id": 17862891395290688,
        "created_at": 1609539393,
        "text": "Pricee??",
        "owner": {
            "id": "9296977540",
            "is_verified": false,
            "profile_pic_url": "https://instagram.fagc2-1.fna.fbcdn.net/v/t51.2885-19/s150x150/155835568_223196142836191_4079327516267310609_n.jpg?tp=1&_nc_ht=instagram.fagc2-1.fna.fbcdn.net&_nc_ohc=7LbnXn-w7ZQAX9ImiLw&ccb=7-4&oh=02817e650deffdce08ed7e79f3054d6b&oe=60883102&_nc_sid=9fb510",
            "username": "mkb_.070._"
        },
        "likes_count": 1,
        "answers": [
            {
                "id": 18134849674083286,
                "created_at": 1609567270,
                "text": "@mkb_.070._ check dm",
                "owner": {
                    "id": "31345321949",
                    "is_verified": false,
                    "profile_pic_url": "https://instagram.fagc2-1.fna.fbcdn.net/v/t51.2885-19/s150x150/104655610_734890267265839_7042082510067431729_n.jpg?tp=1&_nc_ht=instagram.fagc2-1.fna.fbcdn.net&_nc_ohc=Q9yxDDyzyrwAX9Xuts8&ccb=7-4&oh=d86b1b6d639825b0f55d29acf1a38f6f&oe=608866EF&_nc_sid=9fb510",
                    "username": "airpods_case_1"
                },
                "likes_count": 0
            }
        ]
    },
    {
        "id": 17885451253930028,
        "created_at": 1609281423,
        "text": "Price?",
        "owner": {
            "id": "7352196028",
            "is_verified": false,
            "profile_pic_url": "https://instagram.fagc2-1.fna.fbcdn.net/v/t51.2885-19/s150x150/164186715_1156607034788852_5240340292836914894_n.jpg?tp=1&_nc_ht=instagram.fagc2-1.fna.fbcdn.net&_nc_ohc=HFqqoTQXLqoAX_Xf8cX&ccb=7-4&oh=7d0eb18c8031d0b6fb99e8eb1615c5a5&oe=6088ECC4&_nc_sid=9fb510",
            "username": "younginn.tyriek"
        },
        "likes_count": 1,
        "answers": [
            {
                "id": 17976824077339466,
                "created_at": 1609300517,
                "text": "@younginn.tyriek check dm",
                "owner": {
                    "id": "31345321949",
                    "is_verified": false,
                    "profile_pic_url": "https://instagram.fagc2-1.fna.fbcdn.net/v/t51.2885-19/s150x150/104655610_734890267265839_7042082510067431729_n.jpg?tp=1&_nc_ht=instagram.fagc2-1.fna.fbcdn.net&_nc_ohc=Q9yxDDyzyrwAX9Xuts8&ccb=7-4&oh=d86b1b6d639825b0f55d29acf1a38f6f&oe=608866EF&_nc_sid=9fb510",
                    "username": "airpods_case_1"
                },
                "likes_count": 0
            }
        ]
    },
    {
        "id": 18114141280168078,
        "created_at": 1609229311,
        "text": "ye kiya ha",
        "owner": {
            "id": "44617547582",
            "is_verified": false,
            "profile_pic_url": "https://instagram.fcor4-1.fna.fbcdn.net/v/t51.2885-19/44884218_345707102882519_2446069589734326272_n.jpg?_nc_ht=instagram.fcor4-1.fna.fbcdn.net&_nc_ohc=hLTkwc3uTqUAX9nMpTy&ccb=7-4&oh=ebe3b952f0e6a43f5f34a7478e576f15&oe=6087738F&_nc_sid=cff2a4&ig_cache_key=YW5vbnltb3VzX3Byb2ZpbGVfcGlj.2-ccb7-4",
            "username": "waqarahmad5316"
        },
        "likes_count": 1,
        "answers": []
    },
    {
        "id": 17877347495072142,
        "created_at": 1609229137,
        "text": "price bata dein",
        "owner": {
            "id": "44617547582",
            "is_verified": false,
            "profile_pic_url": "https://instagram.fcor4-1.fna.fbcdn.net/v/t51.2885-19/44884218_345707102882519_2446069589734326272_n.jpg?_nc_ht=instagram.fcor4-1.fna.fbcdn.net&_nc_ohc=hLTkwc3uTqUAX9nMpTy&ccb=7-4&oh=ebe3b952f0e6a43f5f34a7478e576f15&oe=6087738F&_nc_sid=cff2a4&ig_cache_key=YW5vbnltb3VzX3Byb2ZpbGVfcGlj.2-ccb7-4",
            "username": "waqarahmad5316"
        },
        "likes_count": 1,
        "answers": [
            {
                "id": 17932541635454777,
                "created_at": 1609229152,
                "text": "@waqarahmad5316 check dm",
                "owner": {
                    "id": "31345321949",
                    "is_verified": false,
                    "profile_pic_url": "https://instagram.fagc2-1.fna.fbcdn.net/v/t51.2885-19/s150x150/104655610_734890267265839_7042082510067431729_n.jpg?tp=1&_nc_ht=instagram.fagc2-1.fna.fbcdn.net&_nc_ohc=Q9yxDDyzyrwAX9Xuts8&ccb=7-4&oh=d86b1b6d639825b0f55d29acf1a38f6f&oe=608866EF&_nc_sid=9fb510",
                    "username": "airpods_case_1"
                },
                "likes_count": 0
            }
        ]
    },
    {
        "id": 17866267328239549,
        "created_at": 1608674714,
        "text": "Hm",
        "owner": {
            "id": "1572675569",
            "is_verified": false,
            "profile_pic_url": "https://instagram.fagc2-1.fna.fbcdn.net/v/t51.2885-19/s150x150/71729082_1186908888186138_760559216866885632_n.jpg?tp=1&_nc_ht=instagram.fagc2-1.fna.fbcdn.net&_nc_ohc=fsx9fHIdEEYAX87PHSU&ccb=7-4&oh=b2e25a53c6780777ea379c78e4521b0e&oe=608633D0&_nc_sid=9fb510",
            "username": "sohilak1"
        },
        "likes_count": 1,
        "answers": []
    }
]