[
    {
        "id": 17951592877425701,
        "created_at": 1616244890,
        "text": "Pp",
        "owner": {
            "id": "1016074640",
            "is_verified": false,
            "profile_pic_url": "https://instagram.fagc2-1.fna.fbcdn.net/v/t51.2885-19/s150x150/12568861_793274847445487_1730901110_a.jpg?tp=1&_nc_ht=instagram.fagc2-1.fna.fbcdn.net&_nc_ohc=EV9UKjQaWmYAX8u9AF4&ccb=7-4&oh=64ac210cc03e348267ff2bfe5295e76a&oe=60877303&_nc_sid=9fb510",
            "username": "priyank16492"
        },
        "likes_count": 1,
        "answers": []
    },
    {
        "id": 18141410059087728,
        "created_at": 1614554120,
        "text": "available for airpods 1?",
        "owner": {
            "id": "3921799246",
            "is_verified": false,
            "profile_pic_url": "https://instagram.fagc2-1.fna.fbcdn.net/v/t51.2885-19/s150x150/131448904_149097603632386_135393771209247810_n.jpg?tp=1&_nc_ht=instagram.fagc2-1.fna.fbcdn.net&_nc_ohc=NSihn0EcOlcAX8jOB4s&ccb=7-4&oh=32627e6ee455e151a6f5e5a9b6648c1f&oe=608981CF&_nc_sid=9fb510",
            "username": "mo_tamer_"
        },
        "likes_count": 0,
        "answers": [
            {
                "id": 17895956869886315,
                "created_at": 1614566915,
                "text": "@mo_tamer_ check dm",
                "owner": {
                    "id": "31345321949",
                    "is_verified": false,
                    "profile_pic_url": "https://instagram.fagc2-1.fna.fbcdn.net/v/t51.2885-19/s150x150/104655610_734890267265839_7042082510067431729_n.jpg?tp=1&_nc_ht=instagram.fagc2-1.fna.fbcdn.net&_nc_ohc=Q9yxDDyzyrwAX9Xuts8&ccb=7-4&oh=d86b1b6d639825b0f55d29acf1a38f6f&oe=608866EF&_nc_sid=9fb510",
                    "username": "airpods_case_1"
                },
                "likes_count": 0
            },
            {
                "id": 17892692818890218,
                "created_at": 1614566893,
                "text": "@mo_tamer_ yess",
                "owner": {
                    "id": "31345321949",
                    "is_verified": false,
                    "profile_pic_url": "https://instagram.fagc2-1.fna.fbcdn.net/v/t51.2885-19/s150x150/104655610_734890267265839_7042082510067431729_n.jpg?tp=1&_nc_ht=instagram.fagc2-1.fna.fbcdn.net&_nc_ohc=Q9yxDDyzyrwAX9Xuts8&ccb=7-4&oh=d86b1b6d639825b0f55d29acf1a38f6f&oe=608866EF&_nc_sid=9fb510",
                    "username": "airpods_case_1"
                },
                "likes_count": 0
            }
        ]
    },
    {
        "id": 17931884707482373,
        "created_at": 1612953360,
        "text": "How much ?",
        "owner": {
            "id": "1578758155",
            "is_verified": false,
            "profile_pic_url": "https://instagram.fagc2-1.fna.fbcdn.net/v/t51.2885-19/s150x150/151944211_177728673837193_479893080954476432_n.jpg?tp=1&_nc_ht=instagram.fagc2-1.fna.fbcdn.net&_nc_ohc=pJdTcISosVcAX8NeDyE&ccb=7-4&oh=e9e66f3fb3e7bbc84789cdb0f720490f&oe=608824C0&_nc_sid=9fb510",
            "username": "iamagbodeka"
        },
        "likes_count": 0,
        "answers": []
    },
    {
        "id": 17928243160495006,
        "created_at": 1612171794,
        "text": "How much?",
        "owner": {
            "id": "3478560041",
            "is_verified": false,
            "profile_pic_url": "https://instagram.fagc2-1.fna.fbcdn.net/v/t51.2885-19/s150x150/146033666_1325246404507176_3297716949944957224_n.jpg?tp=1&_nc_ht=instagram.fagc2-1.fna.fbcdn.net&_nc_ohc=jhLMzr6w_d8AX92adu0&ccb=7-4&oh=4940feb4aa4aada8548d7be963081a48&oe=60893E83&_nc_sid=9fb510",
            "username": "pt_of_lebanon"
        },
        "likes_count": 0,
        "answers": []
    },
    {
        "id": 17965820539363506,
        "created_at": 1611998939,
        "text": "Price plz",
        "owner": {
            "id": "4028017480",
            "is_verified": false,
            "profile_pic_url": "https://instagram.fagc2-1.fna.fbcdn.net/v/t51.2885-19/s150x150/164572564_1679667308886709_2483453780499963597_n.jpg?tp=1&_nc_ht=instagram.fagc2-1.fna.fbcdn.net&_nc_ohc=qSi478Q4iaQAX9b59UD&ccb=7-4&oh=7799b094dac195c976075e724cd05c99&oe=6089CB2F&_nc_sid=9fb510",
            "username": "iam.harjot"
        },
        "likes_count": 0,
        "answers": []
    },
    {
        "id": 17882648329982591,
        "created_at": 1610942723,
        "text": "Price",
        "owner": {
            "id": "4045279784",
            "is_verified": false,
            "profile_pic_url": "https://instagram.fagc2-1.fna.fbcdn.net/v/t51.2885-19/s150x150/162172305_423973965364890_7252362960444473227_n.jpg?tp=1&_nc_ht=instagram.fagc2-1.fna.fbcdn.net&_nc_ohc=kMS6SOX-6DQAX-y7U-c&ccb=7-4&oh=d2dd8f1fd4cf4ad29b74dbee98c5ce03&oe=6086FBE5&_nc_sid=9fb510",
            "username": "alketrajput.74"
        },
        "likes_count": 0,
        "answers": []
    },
    {
        "id": 17869129562188036,
        "created_at": 1609996257,
        "text": "Pricee",
        "owner": {
            "id": "5004642416",
            "is_verified": false,
            "profile_pic_url": "https://instagram.fagc2-1.fna.fbcdn.net/v/t51.2885-19/s150x150/143713748_5026119350793105_9032182529611242297_n.jpg?tp=1&_nc_ht=instagram.fagc2-1.fna.fbcdn.net&_nc_ohc=I3Wjp1UT6jYAX_W2-Lk&ccb=7-4&oh=1aa1626c804536491750a9712d55edb2&oe=6087FCBE&_nc_sid=9fb510",
            "username": "its_me_singhsaab"
        },
        "likes_count": 0,
        "answers": [
            {
                "id": 17913108274559722,
                "created_at": 1609996567,
                "text": "@its_me_singhsaab check dm",
                "owner": {
                    "id": "31345321949",
                    "is_verified": false,
                    "profile_pic_url": "https://instagram.fagc2-1.fna.fbcdn.net/v/t51.2885-19/s150x150/104655610_734890267265839_7042082510067431729_n.jpg?tp=1&_nc_ht=instagram.fagc2-1.fna.fbcdn.net&_nc_ohc=Q9yxDDyzyrwAX9Xuts8&ccb=7-4&oh=d86b1b6d639825b0f55d29acf1a38f6f&oe=608866EF&_nc_sid=9fb510",
                    "username": "airpods_case_1"
                },
                "likes_count": 0
            },
            {
                "id": 17880878420032217,
                "created_at": 1609996572,
                "text": "@its_me_singhsaab check dm",
                "owner": {
                    "id": "31345321949",
                    "is_verified": false,
                    "profile_pic_url": "https://instagram.fagc2-1.fna.fbcdn.net/v/t51.2885-19/s150x150/104655610_734890267265839_7042082510067431729_n.jpg?tp=1&_nc_ht=instagram.fagc2-1.fna.fbcdn.net&_nc_ohc=Q9yxDDyzyrwAX9Xuts8&ccb=7-4&oh=d86b1b6d639825b0f55d29acf1a38f6f&oe=608866EF&_nc_sid=9fb510",
                    "username": "airpods_case_1"
                },
                "likes_count": 0
            }
        ]
    },
    {
        "id": 17861915699245088,
        "created_at": 1608104876,
        "text": "Price",
        "owner": {
            "id": "4171424769",
            "is_verified": false,
            "profile_pic_url": "https://instagram.fagc2-1.fna.fbcdn.net/v/t51.2885-19/s150x150/158496045_116627160370787_9081908306578974520_n.jpg?tp=1&_nc_ht=instagram.fagc2-1.fna.fbcdn.net&_nc_ohc=GXVPWmbIWq0AX_-qOM7&ccb=7-4&oh=2305ce3cc6ef1ad9399a49b295d9fcd3&oe=6088550A&_nc_sid=9fb510",
            "username": "_m.i.l.y.o_"
        },
        "likes_count": 0,
        "answers": [
            {
                "id": 18178406833018657,
                "created_at": 1608105510,
                "text": "@ig_miral_op check dm",
                "owner": {
                    "id": "31345321949",
                    "is_verified": false,
                    "profile_pic_url": "https://instagram.fagc2-1.fna.fbcdn.net/v/t51.2885-19/s150x150/104655610_734890267265839_7042082510067431729_n.jpg?tp=1&_nc_ht=instagram.fagc2-1.fna.fbcdn.net&_nc_ohc=Q9yxDDyzyrwAX9Xuts8&ccb=7-4&oh=d86b1b6d639825b0f55d29acf1a38f6f&oe=608866EF&_nc_sid=9fb510",
                    "username": "airpods_case_1"
                },
                "likes_count": 0
            }
        ]
    }
]