[
    {
        "id": 17889868286015261,
        "created_at": 1616557582,
        "text": "pp",
        "owner": {
            "id": "1478589779",
            "is_verified": false,
            "profile_pic_url": "https://instagram.fagc2-1.fna.fbcdn.net/v/t51.2885-19/s150x150/42963939_288075482032007_8769554573904838656_n.jpg?tp=1&_nc_ht=instagram.fagc2-1.fna.fbcdn.net&_nc_ohc=QkzAtfT5xB0AX9pMwpW&ccb=7-4&oh=983d20a949f63601bffc6cad505245b4&oe=60890CFD&_nc_sid=9fb510",
            "username": "jazzypurohit"
        },
        "likes_count": 0,
        "answers": [
            {
                "id": 18198382165071217,
                "created_at": 1616565712,
                "text": "@jazzypurohit check dm",
                "owner": {
                    "id": "31345321949",
                    "is_verified": false,
                    "profile_pic_url": "https://instagram.fagc2-1.fna.fbcdn.net/v/t51.2885-19/s150x150/104655610_734890267265839_7042082510067431729_n.jpg?tp=1&_nc_ht=instagram.fagc2-1.fna.fbcdn.net&_nc_ohc=Q9yxDDyzyrwAX9Xuts8&ccb=7-4&oh=d86b1b6d639825b0f55d29acf1a38f6f&oe=608866EF&_nc_sid=9fb510",
                    "username": "airpods_case_1"
                },
                "likes_count": 0
            }
        ]
    },
    {
        "id": 17876663303168608,
        "created_at": 1615490665,
        "text": "Pp",
        "owner": {
            "id": "2016333884",
            "is_verified": false,
            "profile_pic_url": "https://instagram.fagc2-1.fna.fbcdn.net/v/t51.2885-19/s150x150/162639804_496283114704392_6753419043688350221_n.jpg?tp=1&_nc_ht=instagram.fagc2-1.fna.fbcdn.net&_nc_ohc=CVEbib_E6QUAX-waIUs&ccb=7-4&oh=39f4afad452e5cefa1f53b50b1b79f88&oe=60890DE6&_nc_sid=9fb510",
            "username": "rahemeen_zaki"
        },
        "likes_count": 0,
        "answers": []
    },
    {
        "id": 17900484685809881,
        "created_at": 1615349766,
        "text": "How much is this",
        "owner": {
            "id": "27486568746",
            "is_verified": false,
            "profile_pic_url": "https://instagram.fagc2-1.fna.fbcdn.net/v/t51.2885-19/s150x150/163017495_487835129262134_1947475590179812225_n.jpg?tp=1&_nc_ht=instagram.fagc2-1.fna.fbcdn.net&_nc_ohc=X0VPeuRnsJsAX-Q6jae&ccb=7-4&oh=d58bbf2a70f96923e30a57c8c93f2466&oe=60877E9E&_nc_sid=9fb510",
            "username": "samz_darsh_"
        },
        "likes_count": 0,
        "answers": [
            {
                "id": 18158056510116523,
                "created_at": 1615353612,
                "text": "@samz_darsh_ check dm",
                "owner": {
                    "id": "31345321949",
                    "is_verified": false,
                    "profile_pic_url": "https://instagram.fagc2-1.fna.fbcdn.net/v/t51.2885-19/s150x150/104655610_734890267265839_7042082510067431729_n.jpg?tp=1&_nc_ht=instagram.fagc2-1.fna.fbcdn.net&_nc_ohc=Q9yxDDyzyrwAX9Xuts8&ccb=7-4&oh=d86b1b6d639825b0f55d29acf1a38f6f&oe=608866EF&_nc_sid=9fb510",
                    "username": "airpods_case_1"
                },
                "likes_count": 0
            }
        ]
    },
    {
        "id": 17861999642486513,
        "created_at": 1614710073,
        "text": "Pp",
        "owner": {
            "id": "1232221496",
            "is_verified": false,
            "profile_pic_url": "https://instagram.fagc2-1.fna.fbcdn.net/v/t51.2885-19/s150x150/90023994_648790752371803_5487657131161157632_n.jpg?tp=1&_nc_ht=instagram.fagc2-1.fna.fbcdn.net&_nc_ohc=FZxgyQDrT_QAX_IuIqU&ccb=7-4&oh=7d0dfd3e5a8dca23a632283c35a73f73&oe=6087FE99&_nc_sid=9fb510",
            "username": "sagar00732"
        },
        "likes_count": 0,
        "answers": [
            {
                "id": 17880419165083996,
                "created_at": 1614710239,
                "text": "@sagar00732 check dm",
                "owner": {
                    "id": "31345321949",
                    "is_verified": false,
                    "profile_pic_url": "https://instagram.fagc2-1.fna.fbcdn.net/v/t51.2885-19/s150x150/104655610_734890267265839_7042082510067431729_n.jpg?tp=1&_nc_ht=instagram.fagc2-1.fna.fbcdn.net&_nc_ohc=Q9yxDDyzyrwAX9Xuts8&ccb=7-4&oh=d86b1b6d639825b0f55d29acf1a38f6f&oe=608866EF&_nc_sid=9fb510",
                    "username": "airpods_case_1"
                },
                "likes_count": 0
            }
        ]
    },
    {
        "id": 18053594359284235,
        "created_at": 1613552743,
        "text": "Price",
        "owner": {
            "id": "8360246908",
            "is_verified": false,
            "profile_pic_url": "https://instagram.fagc2-1.fna.fbcdn.net/v/t51.2885-19/s150x150/155205759_846533362559440_875992519392478113_n.jpg?tp=1&_nc_ht=instagram.fagc2-1.fna.fbcdn.net&_nc_ohc=Yjhyt3Jz2jYAX_y9kW5&ccb=7-4&oh=dba44f5da9b9a3928cb7dd885390949d&oe=60895903&_nc_sid=9fb510",
            "username": "munnu_jazz_"
        },
        "likes_count": 0,
        "answers": [
            {
                "id": 17855955584465829,
                "created_at": 1613552939,
                "text": "@munnu_jazz_ check dm",
                "owner": {
                    "id": "31345321949",
                    "is_verified": false,
                    "profile_pic_url": "https://instagram.fagc2-1.fna.fbcdn.net/v/t51.2885-19/s150x150/104655610_734890267265839_7042082510067431729_n.jpg?tp=1&_nc_ht=instagram.fagc2-1.fna.fbcdn.net&_nc_ohc=Q9yxDDyzyrwAX9Xuts8&ccb=7-4&oh=d86b1b6d639825b0f55d29acf1a38f6f&oe=608866EF&_nc_sid=9fb510",
                    "username": "airpods_case_1"
                },
                "likes_count": 0
            }
        ]
    },
    {
        "id": 18158054224103332,
        "created_at": 1612355697,
        "text": "Is this available in realme buds air neo",
        "owner": {
            "id": "30551713373",
            "is_verified": false,
            "profile_pic_url": "https://instagram.fagc2-1.fna.fbcdn.net/v/t51.2885-19/s150x150/126870641_2181802498619943_620291707321773877_n.jpg?tp=1&_nc_ht=instagram.fagc2-1.fna.fbcdn.net&_nc_ohc=56ThHSp4sE0AX_soWDj&ccb=7-4&oh=8f6b95f39a275c01dd0f193d54d9ac98&oe=60881F1B&_nc_sid=9fb510",
            "username": "kashviyadav_"
        },
        "likes_count": 0,
        "answers": [
            {
                "id": 17959034362375663,
                "created_at": 1612357077,
                "text": "Noo not available",
                "owner": {
                    "id": "31345321949",
                    "is_verified": false,
                    "profile_pic_url": "https://instagram.fagc2-1.fna.fbcdn.net/v/t51.2885-19/s150x150/104655610_734890267265839_7042082510067431729_n.jpg?tp=1&_nc_ht=instagram.fagc2-1.fna.fbcdn.net&_nc_ohc=Q9yxDDyzyrwAX9Xuts8&ccb=7-4&oh=d86b1b6d639825b0f55d29acf1a38f6f&oe=608866EF&_nc_sid=9fb510",
                    "username": "airpods_case_1"
                },
                "likes_count": 0
            }
        ]
    },
    {
        "id": 17897654374743862,
        "created_at": 1612123462,
        "text": "Price?",
        "owner": {
            "id": "15463740",
            "is_verified": false,
            "profile_pic_url": "https://instagram.fagc2-1.fna.fbcdn.net/v/t51.2885-19/s150x150/139347717_342163806772756_3788749619023437560_n.jpg?tp=1&_nc_ht=instagram.fagc2-1.fna.fbcdn.net&_nc_ohc=WQ0vS3yISBgAX_3hJmT&ccb=7-4&oh=9103cb9ad005b58c22208acaef896d59&oe=608767A9&_nc_sid=9fb510",
            "username": "miss_weibel"
        },
        "likes_count": 0,
        "answers": [
            {
                "id": 17915324944576514,
                "created_at": 1612150406,
                "text": "@miss_weibel check dm",
                "owner": {
                    "id": "31345321949",
                    "is_verified": false,
                    "profile_pic_url": "https://instagram.fagc2-1.fna.fbcdn.net/v/t51.2885-19/s150x150/104655610_734890267265839_7042082510067431729_n.jpg?tp=1&_nc_ht=instagram.fagc2-1.fna.fbcdn.net&_nc_ohc=Q9yxDDyzyrwAX9Xuts8&ccb=7-4&oh=d86b1b6d639825b0f55d29acf1a38f6f&oe=608866EF&_nc_sid=9fb510",
                    "username": "airpods_case_1"
                },
                "likes_count": 0
            }
        ]
    },
    {
        "id": 18170738662072868,
        "created_at": 1611134532,
        "text": "Pp",
        "owner": {
            "id": "25577759290",
            "is_verified": false,
            "profile_pic_url": "https://instagram.fagc2-1.fna.fbcdn.net/v/t51.2885-19/s150x150/163650173_777315613143830_8234432156842350026_n.jpg?tp=1&_nc_ht=instagram.fagc2-1.fna.fbcdn.net&_nc_ohc=pxzDGNBmkM4AX-Orqs9&ccb=7-4&oh=7e9adc47770f5aa4552c4193e13d4af1&oe=60892191&_nc_sid=9fb510",
            "username": "prrii17_"
        },
        "likes_count": 0,
        "answers": [
            {
                "id": 18096983845209109,
                "created_at": 1611139850,
                "text": "@priyanshu.khajanchi check dm",
                "owner": {
                    "id": "31345321949",
                    "is_verified": false,
                    "profile_pic_url": "https://instagram.fagc2-1.fna.fbcdn.net/v/t51.2885-19/s150x150/104655610_734890267265839_7042082510067431729_n.jpg?tp=1&_nc_ht=instagram.fagc2-1.fna.fbcdn.net&_nc_ohc=Q9yxDDyzyrwAX9Xuts8&ccb=7-4&oh=d86b1b6d639825b0f55d29acf1a38f6f&oe=608866EF&_nc_sid=9fb510",
                    "username": "airpods_case_1"
                },
                "likes_count": 1
            }
        ]
    },
    {
        "id": 17941536493418422,
        "created_at": 1610385546,
        "text": "Pp",
        "owner": {
            "id": "33231190015",
            "is_verified": false,
            "profile_pic_url": "https://instagram.fagc2-1.fna.fbcdn.net/v/t51.2885-19/s150x150/161691598_262291178733336_6044861506870819441_n.jpg?tp=1&_nc_ht=instagram.fagc2-1.fna.fbcdn.net&_nc_ohc=-fO-k3A3uUkAX8wPsMd&ccb=7-4&oh=ccd2bc75bba74023f3373ab8a2953280&oe=60872815&_nc_sid=9fb510",
            "username": "simarpreet437"
        },
        "likes_count": 0,
        "answers": [
            {
                "id": 17951690632392887,
                "created_at": 1610385719,
                "text": "@simarpreet437 check dm",
                "owner": {
                    "id": "31345321949",
                    "is_verified": false,
                    "profile_pic_url": "https://instagram.fagc2-1.fna.fbcdn.net/v/t51.2885-19/s150x150/104655610_734890267265839_7042082510067431729_n.jpg?tp=1&_nc_ht=instagram.fagc2-1.fna.fbcdn.net&_nc_ohc=Q9yxDDyzyrwAX9Xuts8&ccb=7-4&oh=d86b1b6d639825b0f55d29acf1a38f6f&oe=608866EF&_nc_sid=9fb510",
                    "username": "airpods_case_1"
                },
                "likes_count": 0
            }
        ]
    },
    {
        "id": 17889912571893327,
        "created_at": 1609949002,
        "text": "Price?",
        "owner": {
            "id": "2320863398",
            "is_verified": false,
            "profile_pic_url": "https://instagram.fagc2-1.fna.fbcdn.net/v/t51.2885-19/s150x150/139744022_753307908951559_3740858317514308048_n.jpg?tp=1&_nc_ht=instagram.fagc2-1.fna.fbcdn.net&_nc_ohc=QdyUdPVLl9QAX8x81P2&ccb=7-4&oh=467d29f1855ee4d0e982ca4dc5f3d86a&oe=60871DF9&_nc_sid=9fb510",
            "username": "reemakramm"
        },
        "likes_count": 0,
        "answers": [
            {
                "id": 17895175687745951,
                "created_at": 1609949114,
                "text": "@reemakramm check dm",
                "owner": {
                    "id": "31345321949",
                    "is_verified": false,
                    "profile_pic_url": "https://instagram.fagc2-1.fna.fbcdn.net/v/t51.2885-19/s150x150/104655610_734890267265839_7042082510067431729_n.jpg?tp=1&_nc_ht=instagram.fagc2-1.fna.fbcdn.net&_nc_ohc=Q9yxDDyzyrwAX9Xuts8&ccb=7-4&oh=d86b1b6d639825b0f55d29acf1a38f6f&oe=608866EF&_nc_sid=9fb510",
                    "username": "airpods_case_1"
                },
                "likes_count": 0
            }
        ]
    },
    {
        "id": 18096215344215097,
        "created_at": 1609946735,
        "text": "Tinggal kasih harga aja apa susah nya. Cek DM cek dm",
        "owner": {
            "id": "145720270",
            "is_verified": false,
            "profile_pic_url": "https://instagram.fagc2-1.fna.fbcdn.net/v/t51.2885-19/s150x150/54277232_381214682736327_6798349272929533952_n.jpg?tp=1&_nc_ht=instagram.fagc2-1.fna.fbcdn.net&_nc_ohc=g8Y64gS11hIAX8mBOZF&ccb=7-4&oh=77d82213a4d8373f4f1e3d03d936cdf5&oe=60888397&_nc_sid=9fb510",
            "username": "bungdonnyhilman"
        },
        "likes_count": 0,
        "answers": [
            {
                "id": 17891521126858519,
                "created_at": 1609949047,
                "text": "@bungdonnyhilman check dm",
                "owner": {
                    "id": "31345321949",
                    "is_verified": false,
                    "profile_pic_url": "https://instagram.fagc2-1.fna.fbcdn.net/v/t51.2885-19/s150x150/104655610_734890267265839_7042082510067431729_n.jpg?tp=1&_nc_ht=instagram.fagc2-1.fna.fbcdn.net&_nc_ohc=Q9yxDDyzyrwAX9Xuts8&ccb=7-4&oh=d86b1b6d639825b0f55d29acf1a38f6f&oe=608866EF&_nc_sid=9fb510",
                    "username": "airpods_case_1"
                },
                "likes_count": 0
            }
        ]
    },
    {
        "id": 17940280279434849,
        "created_at": 1609855251,
        "text": "Price",
        "owner": {
            "id": "1578162669",
            "is_verified": false,
            "profile_pic_url": "https://instagram.fagc2-1.fna.fbcdn.net/v/t51.2885-19/s150x150/123452320_1831865386955273_5251826566409585871_n.jpg?tp=1&_nc_ht=instagram.fagc2-1.fna.fbcdn.net&_nc_ohc=X829ZvmYsx0AX8UFsTW&ccb=7-4&oh=1c2d88973e6a9a12d7330dddb3cfbfab&oe=60876E71&_nc_sid=9fb510",
            "username": "richajain01"
        },
        "likes_count": 1,
        "answers": [
            {
                "id": 17856858062408155,
                "created_at": 1609861738,
                "text": "@richajain01 check dm",
                "owner": {
                    "id": "31345321949",
                    "is_verified": false,
                    "profile_pic_url": "https://instagram.fagc2-1.fna.fbcdn.net/v/t51.2885-19/s150x150/104655610_734890267265839_7042082510067431729_n.jpg?tp=1&_nc_ht=instagram.fagc2-1.fna.fbcdn.net&_nc_ohc=Q9yxDDyzyrwAX9Xuts8&ccb=7-4&oh=d86b1b6d639825b0f55d29acf1a38f6f&oe=608866EF&_nc_sid=9fb510",
                    "username": "airpods_case_1"
                },
                "likes_count": 0
            }
        ]
    },
    {
        "id": 18051552007275300,
        "created_at": 1609754696,
        "text": "Price for cover??",
        "owner": {
            "id": "3294468048",
            "is_verified": false,
            "profile_pic_url": "https://instagram.fagc2-1.fna.fbcdn.net/v/t51.2885-19/s150x150/123029386_1984677065004491_5833995240123655832_n.jpg?tp=1&_nc_ht=instagram.fagc2-1.fna.fbcdn.net&_nc_ohc=kaIpueHPe2cAX86pENg&ccb=7-4&oh=034d3f8052c7eb5f6289de62234cad08&oe=60873D2F&_nc_sid=9fb510",
            "username": "s_o_u_r_a_b_h_28"
        },
        "likes_count": 0,
        "answers": [
            {
                "id": 17867432837279736,
                "created_at": 1609755588,
                "text": "@s_o_u_r_a_b_h_28 check dm",
                "owner": {
                    "id": "31345321949",
                    "is_verified": false,
                    "profile_pic_url": "https://instagram.fagc2-1.fna.fbcdn.net/v/t51.2885-19/s150x150/104655610_734890267265839_7042082510067431729_n.jpg?tp=1&_nc_ht=instagram.fagc2-1.fna.fbcdn.net&_nc_ohc=Q9yxDDyzyrwAX9Xuts8&ccb=7-4&oh=d86b1b6d639825b0f55d29acf1a38f6f&oe=608866EF&_nc_sid=9fb510",
                    "username": "airpods_case_1"
                },
                "likes_count": 0
            }
        ]
    },
    {
        "id": 17941769254415240,
        "created_at": 1609606500,
        "text": "Prize",
        "owner": {
            "id": "40323919823",
            "is_verified": false,
            "profile_pic_url": "https://instagram.fagc2-1.fna.fbcdn.net/v/t51.2885-19/s150x150/131306966_706097196950353_3894743001897789493_n.jpg?tp=1&_nc_ht=instagram.fagc2-1.fna.fbcdn.net&_nc_ohc=B_J5HJD9yu4AX9Z8tLQ&ccb=7-4&oh=e1dacda23db4d8d1d66e0f68728698a8&oe=60895E30&_nc_sid=9fb510",
            "username": "remax__calicut"
        },
        "likes_count": 0,
        "answers": []
    },
    {
        "id": 17890928488808912,
        "created_at": 1609310409,
        "text": "pp?",
        "owner": {
            "id": "3602763258",
            "is_verified": false,
            "profile_pic_url": "https://instagram.fagc2-1.fna.fbcdn.net/v/t51.2885-19/s150x150/141820512_831056084126339_8063802400212940051_n.jpg?tp=1&_nc_ht=instagram.fagc2-1.fna.fbcdn.net&_nc_ohc=43L45dZ_RUEAX9iX5PV&ccb=7-4&oh=e1bae0ee865029766f80186761c402d9&oe=60878B0F&_nc_sid=9fb510",
            "username": "_dr.akanksha"
        },
        "likes_count": 0,
        "answers": [
            {
                "id": 18129315109152402,
                "created_at": 1609310459,
                "text": "@_dr.akanksha check dm",
                "owner": {
                    "id": "31345321949",
                    "is_verified": false,
                    "profile_pic_url": "https://instagram.fagc2-1.fna.fbcdn.net/v/t51.2885-19/s150x150/104655610_734890267265839_7042082510067431729_n.jpg?tp=1&_nc_ht=instagram.fagc2-1.fna.fbcdn.net&_nc_ohc=Q9yxDDyzyrwAX9Xuts8&ccb=7-4&oh=d86b1b6d639825b0f55d29acf1a38f6f&oe=608866EF&_nc_sid=9fb510",
                    "username": "airpods_case_1"
                },
                "likes_count": 0
            }
        ]
    },
    {
        "id": 17892532903758421,
        "created_at": 1609174688,
        "text": "Pp",
        "owner": {
            "id": "7411260273",
            "is_verified": false,
            "profile_pic_url": "https://instagram.fagc2-1.fna.fbcdn.net/v/t51.2885-19/s150x150/47692589_373572303392708_4139415971519528960_n.jpg?tp=1&_nc_ht=instagram.fagc2-1.fna.fbcdn.net&_nc_ohc=nqv3QqU_GqUAX_90PFI&ccb=7-4&oh=a9df081b214e4328653f12855985c6ce&oe=6089D277&_nc_sid=9fb510",
            "username": "m.patel4815"
        },
        "likes_count": 0,
        "answers": [
            {
                "id": 18151151242109644,
                "created_at": 1609175989,
                "text": "@m.patel4815 check dm",
                "owner": {
                    "id": "31345321949",
                    "is_verified": false,
                    "profile_pic_url": "https://instagram.fagc2-1.fna.fbcdn.net/v/t51.2885-19/s150x150/104655610_734890267265839_7042082510067431729_n.jpg?tp=1&_nc_ht=instagram.fagc2-1.fna.fbcdn.net&_nc_ohc=Q9yxDDyzyrwAX9Xuts8&ccb=7-4&oh=d86b1b6d639825b0f55d29acf1a38f6f&oe=608866EF&_nc_sid=9fb510",
                    "username": "airpods_case_1"
                },
                "likes_count": 0
            }
        ]
    },
    {
        "id": 17882648038919360,
        "created_at": 1609133729,
        "text": "price",
        "owner": {
            "id": "1471643848",
            "is_verified": false,
            "profile_pic_url": "https://instagram.fagc2-1.fna.fbcdn.net/v/t51.2885-19/s150x150/157973844_242375880863734_330392517168460973_n.jpg?tp=1&_nc_ht=instagram.fagc2-1.fna.fbcdn.net&_nc_ohc=zAJccTlwCwkAX99ts1t&ccb=7-4&oh=544f48fa353cc8efa63fb38a407c6b36&oe=60866407&_nc_sid=9fb510",
            "username": "sehrawat_arjun"
        },
        "likes_count": 0,
        "answers": [
            {
                "id": 17860855247309712,
                "created_at": 1609135031,
                "text": "Check dm",
                "owner": {
                    "id": "31345321949",
                    "is_verified": false,
                    "profile_pic_url": "https://instagram.fagc2-1.fna.fbcdn.net/v/t51.2885-19/s150x150/104655610_734890267265839_7042082510067431729_n.jpg?tp=1&_nc_ht=instagram.fagc2-1.fna.fbcdn.net&_nc_ohc=Q9yxDDyzyrwAX9Xuts8&ccb=7-4&oh=d86b1b6d639825b0f55d29acf1a38f6f&oe=608866EF&_nc_sid=9fb510",
                    "username": "airpods_case_1"
                },
                "likes_count": 0
            }
        ]
    },
    {
        "id": 17867273072239569,
        "created_at": 1609130218,
        "text": "PRC",
        "owner": {
            "id": "1489752256",
            "is_verified": false,
            "profile_pic_url": "https://instagram.fagc2-1.fna.fbcdn.net/v/t51.2885-19/s150x150/131454091_387531892534387_5397180726785842057_n.jpg?tp=1&_nc_ht=instagram.fagc2-1.fna.fbcdn.net&_nc_ohc=9mzZWFbXTfUAX8ONm28&ccb=7-4&oh=d538309420767cc9159bce9e8725c68b&oe=60879374&_nc_sid=9fb510",
            "username": "im_damm_cute"
        },
        "likes_count": 0,
        "answers": [
            {
                "id": 17853622826392187,
                "created_at": 1609132291,
                "text": "@im_damm_cute check dm",
                "owner": {
                    "id": "31345321949",
                    "is_verified": false,
                    "profile_pic_url": "https://instagram.fagc2-1.fna.fbcdn.net/v/t51.2885-19/s150x150/104655610_734890267265839_7042082510067431729_n.jpg?tp=1&_nc_ht=instagram.fagc2-1.fna.fbcdn.net&_nc_ohc=Q9yxDDyzyrwAX9Xuts8&ccb=7-4&oh=d86b1b6d639825b0f55d29acf1a38f6f&oe=608866EF&_nc_sid=9fb510",
                    "username": "airpods_case_1"
                },
                "likes_count": 0
            }
        ]
    },
    {
        "id": 17896072240738672,
        "created_at": 1609055937,
        "text": "pp",
        "owner": {
            "id": "2077262805",
            "is_verified": false,
            "profile_pic_url": "https://instagram.fagc2-1.fna.fbcdn.net/v/t51.2885-19/s150x150/160304950_465715374855189_5821729676519225208_n.jpg?tp=1&_nc_ht=instagram.fagc2-1.fna.fbcdn.net&_nc_ohc=-UiiSKkAxZ0AX-sL2Nz&ccb=7-4&oh=eea4ca39c495c86e5af6a5914c022694&oe=608746FD&_nc_sid=9fb510",
            "username": "bhumikaa_jainn"
        },
        "likes_count": 0,
        "answers": [
            {
                "id": 17878544801046762,
                "created_at": 1609057471,
                "text": "@bhumikaa_jainn check dm",
                "owner": {
                    "id": "31345321949",
                    "is_verified": false,
                    "profile_pic_url": "https://instagram.fagc2-1.fna.fbcdn.net/v/t51.2885-19/s150x150/104655610_734890267265839_7042082510067431729_n.jpg?tp=1&_nc_ht=instagram.fagc2-1.fna.fbcdn.net&_nc_ohc=Q9yxDDyzyrwAX9Xuts8&ccb=7-4&oh=d86b1b6d639825b0f55d29acf1a38f6f&oe=608866EF&_nc_sid=9fb510",
                    "username": "airpods_case_1"
                },
                "likes_count": 0
            }
        ]
    }
]