[
    {
        "id": 17892166399898278,
        "created_at": 1616576645,
        "text": "Pp",
        "owner": {
            "id": "16411978659",
            "is_verified": false,
            "profile_pic_url": "https://instagram.fagc2-1.fna.fbcdn.net/v/t51.2885-19/s150x150/90982838_1211860172317881_8853399439398666240_n.jpg?tp=1&_nc_ht=instagram.fagc2-1.fna.fbcdn.net&_nc_ohc=ooXrMP6gIikAX9ZNN1o&ccb=7-4&oh=7c5f802ca69bcea2fa93b85a62ab817d&oe=6087390F&_nc_sid=9fb510",
            "username": "basant.surya"
        },
        "likes_count": 0,
        "answers": []
    },
    {
        "id": 17917441177595751,
        "created_at": 1615313754,
        "text": "gfroot price?",
        "owner": {
            "id": "31732079577",
            "is_verified": false,
            "profile_pic_url": "https://instagram.fagc2-1.fna.fbcdn.net/v/t51.2885-19/s150x150/123738795_666412107395390_1489785210786908490_n.jpg?tp=1&_nc_ht=instagram.fagc2-1.fna.fbcdn.net&_nc_ohc=2ZmQFyn2SIYAX9uu_Ph&ccb=7-4&oh=19221bfc7589fbc85f50efda206e1a0e&oe=6087CA78&_nc_sid=9fb510",
            "username": "k__u__t__t__a__"
        },
        "likes_count": 0,
        "answers": []
    },
    {
        "id": 17897247151888635,
        "created_at": 1615303356,
        "text": "Hi what's the price and also how can I order",
        "owner": {
            "id": "31732079577",
            "is_verified": false,
            "profile_pic_url": "https://instagram.fagc2-1.fna.fbcdn.net/v/t51.2885-19/s150x150/123738795_666412107395390_1489785210786908490_n.jpg?tp=1&_nc_ht=instagram.fagc2-1.fna.fbcdn.net&_nc_ohc=2ZmQFyn2SIYAX9uu_Ph&ccb=7-4&oh=19221bfc7589fbc85f50efda206e1a0e&oe=6087CA78&_nc_sid=9fb510",
            "username": "k__u__t__t__a__"
        },
        "likes_count": 1,
        "answers": []
    },
    {
        "id": 18143098288082591,
        "created_at": 1615303349,
        "text": "Hi what's the price and also how can I order",
        "owner": {
            "id": "31732079577",
            "is_verified": false,
            "profile_pic_url": "https://instagram.fagc2-1.fna.fbcdn.net/v/t51.2885-19/s150x150/123738795_666412107395390_1489785210786908490_n.jpg?tp=1&_nc_ht=instagram.fagc2-1.fna.fbcdn.net&_nc_ohc=2ZmQFyn2SIYAX9uu_Ph&ccb=7-4&oh=19221bfc7589fbc85f50efda206e1a0e&oe=6087CA78&_nc_sid=9fb510",
            "username": "k__u__t__t__a__"
        },
        "likes_count": 1,
        "answers": [
            {
                "id": 17892462061945741,
                "created_at": 1615309372,
                "text": "Yes check dm",
                "owner": {
                    "id": "31345321949",
                    "is_verified": false,
                    "profile_pic_url": "https://instagram.fagc2-1.fna.fbcdn.net/v/t51.2885-19/s150x150/104655610_734890267265839_7042082510067431729_n.jpg?tp=1&_nc_ht=instagram.fagc2-1.fna.fbcdn.net&_nc_ohc=Q9yxDDyzyrwAX9Xuts8&ccb=7-4&oh=d86b1b6d639825b0f55d29acf1a38f6f&oe=608866EF&_nc_sid=9fb510",
                    "username": "airpods_case_1"
                },
                "likes_count": 0
            }
        ]
    },
    {
        "id": 17890282510850153,
        "created_at": 1610958854,
        "text": "Price?",
        "owner": {
            "id": "1464450543",
            "is_verified": false,
            "profile_pic_url": "https://instagram.fagc2-1.fna.fbcdn.net/v/t51.2885-19/s150x150/165307320_495412701833670_771773903730933825_n.jpg?tp=1&_nc_ht=instagram.fagc2-1.fna.fbcdn.net&_nc_ohc=lknOWukLVIgAX8VCm9Q&ccb=7-4&oh=19329999df59fcda2e429ccaea085203&oe=6089747E&_nc_sid=9fb510",
            "username": "muskaaann__"
        },
        "likes_count": 0,
        "answers": []
    },
    {
        "id": 17847510554481932,
        "created_at": 1606829912,
        "text": "For Airpod pro ??? Nd whats the price?",
        "owner": {
            "id": "974191954",
            "is_verified": false,
            "profile_pic_url": "https://instagram.fagc2-1.fna.fbcdn.net/v/t51.2885-19/s150x150/128780466_818479505391032_8137832875101315070_n.jpg?tp=1&_nc_ht=instagram.fagc2-1.fna.fbcdn.net&_nc_ohc=MTcjGzfHOMIAX8CiLxd&ccb=7-4&oh=f6875e312ac7ffc3212c088b447a20cd&oe=60894BAB&_nc_sid=9fb510",
            "username": "irubal27"
        },
        "likes_count": 0,
        "answers": [
            {
                "id": 17881299901928390,
                "created_at": 1606830096,
                "text": "@irubal27 it\u2019s for airpods 1/2",
                "owner": {
                    "id": "31345321949",
                    "is_verified": false,
                    "profile_pic_url": "https://instagram.fagc2-1.fna.fbcdn.net/v/t51.2885-19/s150x150/104655610_734890267265839_7042082510067431729_n.jpg?tp=1&_nc_ht=instagram.fagc2-1.fna.fbcdn.net&_nc_ohc=Q9yxDDyzyrwAX9Xuts8&ccb=7-4&oh=d86b1b6d639825b0f55d29acf1a38f6f&oe=608866EF&_nc_sid=9fb510",
                    "username": "airpods_case_1"
                },
                "likes_count": 0
            }
        ]
    },
    {
        "id": 17859382559199405,
        "created_at": 1604388496,
        "text": "Pp",
        "owner": {
            "id": "1838129351",
            "is_verified": false,
            "profile_pic_url": "https://instagram.fagc2-1.fna.fbcdn.net/v/t51.2885-19/s150x150/148666379_477121646616179_5247001268297779283_n.jpg?tp=1&_nc_ht=instagram.fagc2-1.fna.fbcdn.net&_nc_ohc=zADv5ANW0vgAX_WWht_&ccb=7-4&oh=1fcae0311281678f223ad789969ae8fd&oe=6087AE84&_nc_sid=9fb510",
            "username": "i_nikki21"
        },
        "likes_count": 0,
        "answers": []
    },
    {
        "id": 17886545218726654,
        "created_at": 1600421457,
        "text": "Hi what's the price and also how can I order",
        "owner": {
            "id": "471327317",
            "is_verified": false,
            "profile_pic_url": "https://instagram.fagc2-1.fna.fbcdn.net/v/t51.2885-19/s150x150/122738316_823280165150837_7326494253825077080_n.jpg?tp=1&_nc_ht=instagram.fagc2-1.fna.fbcdn.net&_nc_ohc=9ZW3-EjHGtwAX_1bl9R&ccb=7-4&oh=a64cbc61da8793a6bb527098ac3a720a&oe=6086F4F8&_nc_sid=9fb510",
            "username": "poonamsarda"
        },
        "likes_count": 0,
        "answers": [
            {
                "id": 18115439140146631,
                "created_at": 1600421516,
                "text": "@poonamsarda check your dm",
                "owner": {
                    "id": "31345321949",
                    "is_verified": false,
                    "profile_pic_url": "https://instagram.fagc2-1.fna.fbcdn.net/v/t51.2885-19/s150x150/104655610_734890267265839_7042082510067431729_n.jpg?tp=1&_nc_ht=instagram.fagc2-1.fna.fbcdn.net&_nc_ohc=Q9yxDDyzyrwAX9Xuts8&ccb=7-4&oh=d86b1b6d639825b0f55d29acf1a38f6f&oe=608866EF&_nc_sid=9fb510",
                    "username": "airpods_case_1"
                },
                "likes_count": 0
            }
        ]
    }
]