[
    {
        "id": 17892192172928967,
        "created_at": 1613894284,
        "text": "Hm pls",
        "owner": {
            "id": "1443785883",
            "is_verified": false,
            "profile_pic_url": "https://instagram.fagc2-1.fna.fbcdn.net/v/t51.2885-19/s150x150/147410823_269405244623485_8427685442694181362_n.jpg?tp=1&_nc_ht=instagram.fagc2-1.fna.fbcdn.net&_nc_ohc=dSFaU_g3U48AX-8-VH3&ccb=7-4&oh=5e66d3942bbb231921d1d8a39db8d7a9&oe=6087A3B2&_nc_sid=9fb510",
            "username": "norashabana"
        },
        "likes_count": 0,
        "answers": [
            {
                "id": 17943583831440041,
                "created_at": 1613895627,
                "text": "@norashabana chrck dm",
                "owner": {
                    "id": "31345321949",
                    "is_verified": false,
                    "profile_pic_url": "https://instagram.fagc2-1.fna.fbcdn.net/v/t51.2885-19/s150x150/104655610_734890267265839_7042082510067431729_n.jpg?tp=1&_nc_ht=instagram.fagc2-1.fna.fbcdn.net&_nc_ohc=Q9yxDDyzyrwAX9Xuts8&ccb=7-4&oh=d86b1b6d639825b0f55d29acf1a38f6f&oe=608866EF&_nc_sid=9fb510",
                    "username": "airpods_case_1"
                },
                "likes_count": 0
            },
            {
                "id": 17934847900472557,
                "created_at": 1613895540,
                "text": "@airpods_case_1 ??",
                "owner": {
                    "id": "1443785883",
                    "is_verified": false,
                    "profile_pic_url": "https://instagram.fagc2-1.fna.fbcdn.net/v/t51.2885-19/s150x150/147410823_269405244623485_8427685442694181362_n.jpg?tp=1&_nc_ht=instagram.fagc2-1.fna.fbcdn.net&_nc_ohc=dSFaU_g3U48AX-8-VH3&ccb=7-4&oh=5e66d3942bbb231921d1d8a39db8d7a9&oe=6087A3B2&_nc_sid=9fb510",
                    "username": "norashabana"
                },
                "likes_count": 0
            },
            {
                "id": 17905345822698323,
                "created_at": 1613894822,
                "text": "@norashabana yes",
                "owner": {
                    "id": "31345321949",
                    "is_verified": false,
                    "profile_pic_url": "https://instagram.fagc2-1.fna.fbcdn.net/v/t51.2885-19/s150x150/104655610_734890267265839_7042082510067431729_n.jpg?tp=1&_nc_ht=instagram.fagc2-1.fna.fbcdn.net&_nc_ohc=Q9yxDDyzyrwAX9Xuts8&ccb=7-4&oh=d86b1b6d639825b0f55d29acf1a38f6f&oe=608866EF&_nc_sid=9fb510",
                    "username": "airpods_case_1"
                },
                "likes_count": 0
            }
        ]
    },
    {
        "id": 17869059950263384,
        "created_at": 1613112612,
        "text": "Pp in INR",
        "owner": {
            "id": "40988556949",
            "is_verified": false,
            "profile_pic_url": "https://instagram.fagc2-1.fna.fbcdn.net/v/t51.2885-19/s150x150/161668904_196054085646619_1765206909342916267_n.jpg?tp=1&_nc_ht=instagram.fagc2-1.fna.fbcdn.net&_nc_ohc=G3mMPAFrMXAAX-3UCM8&ccb=7-4&oh=5e4a2e95c2a1467d3a2d13425a01a113&oe=60890A8D&_nc_sid=9fb510",
            "username": "tabish_bardi_"
        },
        "likes_count": 0,
        "answers": [
            {
                "id": 17896160044794089,
                "created_at": 1613115578,
                "text": "@tabishsameerbardi check dm",
                "owner": {
                    "id": "31345321949",
                    "is_verified": false,
                    "profile_pic_url": "https://instagram.fagc2-1.fna.fbcdn.net/v/t51.2885-19/s150x150/104655610_734890267265839_7042082510067431729_n.jpg?tp=1&_nc_ht=instagram.fagc2-1.fna.fbcdn.net&_nc_ohc=Q9yxDDyzyrwAX9Xuts8&ccb=7-4&oh=d86b1b6d639825b0f55d29acf1a38f6f&oe=608866EF&_nc_sid=9fb510",
                    "username": "airpods_case_1"
                },
                "likes_count": 0
            }
        ]
    },
    {
        "id": 17884730095993822,
        "created_at": 1611585700,
        "text": "Price",
        "owner": {
            "id": "44598058133",
            "is_verified": false,
            "profile_pic_url": "https://instagram.fagc2-1.fna.fbcdn.net/v/t51.2885-19/s150x150/154367761_259970998976312_5030852555322007725_n.jpg?tp=1&_nc_ht=instagram.fagc2-1.fna.fbcdn.net&_nc_ohc=1w3LEmDFBEEAX-bXfqj&ccb=7-4&oh=637bc6b88ea9bf4ded6b48e0bf1aaef6&oe=6086C0B6&_nc_sid=9fb510",
            "username": "mr_pankit_prajapati"
        },
        "likes_count": 0,
        "answers": []
    },
    {
        "id": 17919438367518108,
        "created_at": 1610816208,
        "text": "Price",
        "owner": {
            "id": "3686167058",
            "is_verified": false,
            "profile_pic_url": "https://instagram.fagc2-1.fna.fbcdn.net/v/t51.2885-19/s150x150/162051941_281325650234869_1517503493557781417_n.jpg?tp=1&_nc_ht=instagram.fagc2-1.fna.fbcdn.net&_nc_ohc=SyZs15jZkhYAX9Nd8Oz&ccb=7-4&oh=0195cf4d17db8ba01512096b868c95c3&oe=6087DE98&_nc_sid=9fb510",
            "username": "amnahanif71"
        },
        "likes_count": 0,
        "answers": [
            {
                "id": 17937738118444660,
                "created_at": 1610816381,
                "text": "@amnahanif71 check dm",
                "owner": {
                    "id": "31345321949",
                    "is_verified": false,
                    "profile_pic_url": "https://instagram.fagc2-1.fna.fbcdn.net/v/t51.2885-19/s150x150/104655610_734890267265839_7042082510067431729_n.jpg?tp=1&_nc_ht=instagram.fagc2-1.fna.fbcdn.net&_nc_ohc=Q9yxDDyzyrwAX9Xuts8&ccb=7-4&oh=d86b1b6d639825b0f55d29acf1a38f6f&oe=608866EF&_nc_sid=9fb510",
                    "username": "airpods_case_1"
                },
                "likes_count": 0
            }
        ]
    },
    {
        "id": 17901363820707602,
        "created_at": 1610346088,
        "text": "Price plz",
        "owner": {
            "id": "3252097810",
            "is_verified": false,
            "profile_pic_url": "https://instagram.ftij3-1.fna.fbcdn.net/v/t51.2885-19/44884218_345707102882519_2446069589734326272_n.jpg?_nc_ht=instagram.ftij3-1.fna.fbcdn.net&_nc_ohc=hLTkwc3uTqUAX8FaWt3&ccb=7-4&oh=5ebb0bde2c7dafdc6a74f3ead2f5c062&oe=6087738F&_nc_sid=8d8a57&ig_cache_key=YW5vbnltb3VzX3Byb2ZpbGVfcGlj.2-ccb7-4",
            "username": "2xa64"
        },
        "likes_count": 0,
        "answers": [
            {
                "id": 17855735597481723,
                "created_at": 1610346363,
                "text": "@2xa64 check dm",
                "owner": {
                    "id": "31345321949",
                    "is_verified": false,
                    "profile_pic_url": "https://instagram.fagc2-1.fna.fbcdn.net/v/t51.2885-19/s150x150/104655610_734890267265839_7042082510067431729_n.jpg?tp=1&_nc_ht=instagram.fagc2-1.fna.fbcdn.net&_nc_ohc=Q9yxDDyzyrwAX9Xuts8&ccb=7-4&oh=d86b1b6d639825b0f55d29acf1a38f6f&oe=608866EF&_nc_sid=9fb510",
                    "username": "airpods_case_1"
                },
                "likes_count": 0
            }
        ]
    },
    {
        "id": 17867998619293004,
        "created_at": 1610025867,
        "text": "Pp",
        "owner": {
            "id": "1803042090",
            "is_verified": false,
            "profile_pic_url": "https://instagram.fagc2-1.fna.fbcdn.net/v/t51.2885-19/s150x150/92951145_2744219959221609_2396069148137357312_n.jpg?tp=1&_nc_ht=instagram.fagc2-1.fna.fbcdn.net&_nc_ohc=AXGpcZBlCnkAX_mffXN&ccb=7-4&oh=49fe4c0dc6a9e25542679fe38f848f0d&oe=608839D2&_nc_sid=9fb510",
            "username": "chahatb97"
        },
        "likes_count": 0,
        "answers": []
    },
    {
        "id": 18175898305050011,
        "created_at": 1608016791,
        "text": "Price pls",
        "owner": {
            "id": "1565457736",
            "is_verified": false,
            "profile_pic_url": "https://instagram.fagc2-1.fna.fbcdn.net/v/t51.2885-19/s150x150/131976975_108511507807938_8104447225151687887_n.jpg?tp=1&_nc_ht=instagram.fagc2-1.fna.fbcdn.net&_nc_ohc=fvkhmQti8jUAX-RwlaX&ccb=7-4&oh=34e5e8c87e34d0e279ccbc443a0d2dd3&oe=60895B5B&_nc_sid=9fb510",
            "username": "sujatavagadiya"
        },
        "likes_count": 0,
        "answers": [
            {
                "id": 17859295466332221,
                "created_at": 1608016842,
                "text": "@sujatavagadiya check dm",
                "owner": {
                    "id": "31345321949",
                    "is_verified": false,
                    "profile_pic_url": "https://instagram.fagc2-1.fna.fbcdn.net/v/t51.2885-19/s150x150/104655610_734890267265839_7042082510067431729_n.jpg?tp=1&_nc_ht=instagram.fagc2-1.fna.fbcdn.net&_nc_ohc=Q9yxDDyzyrwAX9Xuts8&ccb=7-4&oh=d86b1b6d639825b0f55d29acf1a38f6f&oe=608866EF&_nc_sid=9fb510",
                    "username": "airpods_case_1"
                },
                "likes_count": 0
            }
        ]
    },
    {
        "id": 17888120422786857,
        "created_at": 1607237138,
        "text": "Price",
        "owner": {
            "id": "4070096656",
            "is_verified": false,
            "profile_pic_url": "https://instagram.fagc2-1.fna.fbcdn.net/v/t51.2885-19/s150x150/120726264_827067718065938_4694868436091642157_n.jpg?tp=1&_nc_ht=instagram.fagc2-1.fna.fbcdn.net&_nc_ohc=QXFX1yMQgkIAX_UxuXj&ccb=7-4&oh=9e7b01b1b01699c9037f3c2a61f47a88&oe=6088BECD&_nc_sid=9fb510",
            "username": "jerald_jk"
        },
        "likes_count": 0,
        "answers": []
    },
    {
        "id": 17972099428338017,
        "created_at": 1606922909,
        "text": "Pp",
        "owner": {
            "id": "1598124759",
            "is_verified": false,
            "profile_pic_url": "https://instagram.fagc2-1.fna.fbcdn.net/v/t51.2885-19/s150x150/160372319_778180662829513_8485876392900677542_n.jpg?tp=1&_nc_ht=instagram.fagc2-1.fna.fbcdn.net&_nc_ohc=JWFMj3BzL-YAX93MgOw&ccb=7-4&oh=7e3adcc141ab8c094e275bd012c416fc&oe=6087651B&_nc_sid=9fb510",
            "username": "riashori01"
        },
        "likes_count": 0,
        "answers": [
            {
                "id": 17848954439446403,
                "created_at": 1607885542,
                "text": "@_.dimple.here._27 check dm",
                "owner": {
                    "id": "31345321949",
                    "is_verified": false,
                    "profile_pic_url": "https://instagram.fagc2-1.fna.fbcdn.net/v/t51.2885-19/s150x150/104655610_734890267265839_7042082510067431729_n.jpg?tp=1&_nc_ht=instagram.fagc2-1.fna.fbcdn.net&_nc_ohc=Q9yxDDyzyrwAX9Xuts8&ccb=7-4&oh=d86b1b6d639825b0f55d29acf1a38f6f&oe=608866EF&_nc_sid=9fb510",
                    "username": "airpods_case_1"
                },
                "likes_count": 0
            }
        ]
    },
    {
        "id": 18035139826281265,
        "created_at": 1605040552,
        "text": "Price ?",
        "owner": {
            "id": "1931934193",
            "is_verified": false,
            "profile_pic_url": "https://instagram.fagc2-1.fna.fbcdn.net/v/t51.2885-19/s150x150/150213719_489823332403969_1681217237984111566_n.jpg?tp=1&_nc_ht=instagram.fagc2-1.fna.fbcdn.net&_nc_ohc=qEG615_4qboAX-Vx5Z4&ccb=7-4&oh=0742de9efe6bc4e691cf79796c8251af&oe=60878F7A&_nc_sid=9fb510",
            "username": "skater_khushal"
        },
        "likes_count": 0,
        "answers": [
            {
                "id": 17906197297549487,
                "created_at": 1605074804,
                "text": "@skater_khushal check dm",
                "owner": {
                    "id": "31345321949",
                    "is_verified": false,
                    "profile_pic_url": "https://instagram.fagc2-1.fna.fbcdn.net/v/t51.2885-19/s150x150/104655610_734890267265839_7042082510067431729_n.jpg?tp=1&_nc_ht=instagram.fagc2-1.fna.fbcdn.net&_nc_ohc=Q9yxDDyzyrwAX9Xuts8&ccb=7-4&oh=d86b1b6d639825b0f55d29acf1a38f6f&oe=608866EF&_nc_sid=9fb510",
                    "username": "airpods_case_1"
                },
                "likes_count": 0
            }
        ]
    },
    {
        "id": 17863020497190700,
        "created_at": 1604835120,
        "text": "Price",
        "owner": {
            "id": "4232781333",
            "is_verified": false,
            "profile_pic_url": "https://instagram.fagc2-1.fna.fbcdn.net/v/t51.2885-19/s150x150/42003165_525106424583941_6802734829675741184_n.jpg?tp=1&_nc_ht=instagram.fagc2-1.fna.fbcdn.net&_nc_ohc=SRMNP_bNbsUAX8JMK9H&ccb=7-4&oh=f581784e2506a10e9a64e40bdf140d60&oe=60899955&_nc_sid=9fb510",
            "username": "a_b_d_u_l_a_z_e"
        },
        "likes_count": 0,
        "answers": [
            {
                "id": 17947598977382316,
                "created_at": 1604835155,
                "text": "@a_b_d_u_l_a_z_e check dm",
                "owner": {
                    "id": "31345321949",
                    "is_verified": false,
                    "profile_pic_url": "https://instagram.fagc2-1.fna.fbcdn.net/v/t51.2885-19/s150x150/104655610_734890267265839_7042082510067431729_n.jpg?tp=1&_nc_ht=instagram.fagc2-1.fna.fbcdn.net&_nc_ohc=Q9yxDDyzyrwAX9Xuts8&ccb=7-4&oh=d86b1b6d639825b0f55d29acf1a38f6f&oe=608866EF&_nc_sid=9fb510",
                    "username": "airpods_case_1"
                },
                "likes_count": 0
            },
            {
                "id": 17906238586529152,
                "created_at": 1604835199,
                "text": "@a_b_d_u_l_a_z_e check dm",
                "owner": {
                    "id": "31345321949",
                    "is_verified": false,
                    "profile_pic_url": "https://instagram.fagc2-1.fna.fbcdn.net/v/t51.2885-19/s150x150/104655610_734890267265839_7042082510067431729_n.jpg?tp=1&_nc_ht=instagram.fagc2-1.fna.fbcdn.net&_nc_ohc=Q9yxDDyzyrwAX9Xuts8&ccb=7-4&oh=d86b1b6d639825b0f55d29acf1a38f6f&oe=608866EF&_nc_sid=9fb510",
                    "username": "airpods_case_1"
                },
                "likes_count": 0
            }
        ]
    },
    {
        "id": 17866772735093951,
        "created_at": 1604809273,
        "text": "Kitne ke hai bhai",
        "owner": {
            "id": "6898191183",
            "is_verified": false,
            "profile_pic_url": "https://instagram.fagc2-1.fna.fbcdn.net/v/t51.2885-19/s150x150/140758702_2935635513425136_2905216350450903539_n.jpg?tp=1&_nc_ht=instagram.fagc2-1.fna.fbcdn.net&_nc_ohc=j1SlmG-qPh4AX-tSkmn&ccb=7-4&oh=1a61620f28374acdb6b6cddbae16c44c&oe=608877A6&_nc_sid=9fb510",
            "username": "sundarharkhani8980"
        },
        "likes_count": 1,
        "answers": [
            {
                "id": 17908381477550815,
                "created_at": 1604809414,
                "text": "@sundarharkhani8980 check dm",
                "owner": {
                    "id": "31345321949",
                    "is_verified": false,
                    "profile_pic_url": "https://instagram.fagc2-1.fna.fbcdn.net/v/t51.2885-19/s150x150/104655610_734890267265839_7042082510067431729_n.jpg?tp=1&_nc_ht=instagram.fagc2-1.fna.fbcdn.net&_nc_ohc=Q9yxDDyzyrwAX9Xuts8&ccb=7-4&oh=d86b1b6d639825b0f55d29acf1a38f6f&oe=608866EF&_nc_sid=9fb510",
                    "username": "airpods_case_1"
                },
                "likes_count": 0
            }
        ]
    },
    {
        "id": 17856417917271446,
        "created_at": 1604562342,
        "text": "Price?",
        "owner": {
            "id": "1392436353",
            "is_verified": false,
            "profile_pic_url": "https://instagram.fagc2-1.fna.fbcdn.net/v/t51.2885-19/s150x150/144282838_1817162335119175_1059669890616768048_n.jpg?tp=1&_nc_ht=instagram.fagc2-1.fna.fbcdn.net&_nc_ohc=PO-6gscvEeQAX_MJAmM&ccb=7-4&oh=67953d8951ac52a074b14a119144e3ab&oe=608823C1&_nc_sid=9fb510",
            "username": "bishnu.tokas07"
        },
        "likes_count": 0,
        "answers": []
    },
    {
        "id": 17895196177660656,
        "created_at": 1604346055,
        "text": "Price.",
        "owner": {
            "id": "30095006909",
            "is_verified": false,
            "profile_pic_url": "https://instagram.fagc2-1.fna.fbcdn.net/v/t51.2885-19/s150x150/128858254_474964146824054_7099152322527602087_n.jpg?tp=1&_nc_ht=instagram.fagc2-1.fna.fbcdn.net&_nc_ohc=tcdHxwyZcREAX9McPi-&ccb=7-4&oh=b380f958fdd93ea1c66e3d864bd24387&oe=6086B987&_nc_sid=9fb510",
            "username": "fizifari"
        },
        "likes_count": 0,
        "answers": [
            {
                "id": 18126036829134711,
                "created_at": 1604356351,
                "text": "@fizifari check dm",
                "owner": {
                    "id": "31345321949",
                    "is_verified": false,
                    "profile_pic_url": "https://instagram.fagc2-1.fna.fbcdn.net/v/t51.2885-19/s150x150/104655610_734890267265839_7042082510067431729_n.jpg?tp=1&_nc_ht=instagram.fagc2-1.fna.fbcdn.net&_nc_ohc=Q9yxDDyzyrwAX9Xuts8&ccb=7-4&oh=d86b1b6d639825b0f55d29acf1a38f6f&oe=608866EF&_nc_sid=9fb510",
                    "username": "airpods_case_1"
                },
                "likes_count": 0
            }
        ]
    },
    {
        "id": 17869399274063180,
        "created_at": 1603598747,
        "text": "Pp",
        "owner": {
            "id": "333079212",
            "is_verified": false,
            "profile_pic_url": "https://instagram.fagc2-1.fna.fbcdn.net/v/t51.2885-19/s150x150/130704605_301523874519078_3241235598542526700_n.jpg?tp=1&_nc_ht=instagram.fagc2-1.fna.fbcdn.net&_nc_ohc=p0ZmowlNvNsAX-cgYqA&ccb=7-4&oh=9ac70401c7b0d00c0d9e35261624febc&oe=60881FE1&_nc_sid=9fb510",
            "username": "hiteshmittal"
        },
        "likes_count": 0,
        "answers": [
            {
                "id": 18122829022180948,
                "created_at": 1603600032,
                "text": "@hiteshmittal check dm",
                "owner": {
                    "id": "31345321949",
                    "is_verified": false,
                    "profile_pic_url": "https://instagram.fagc2-1.fna.fbcdn.net/v/t51.2885-19/s150x150/104655610_734890267265839_7042082510067431729_n.jpg?tp=1&_nc_ht=instagram.fagc2-1.fna.fbcdn.net&_nc_ohc=Q9yxDDyzyrwAX9Xuts8&ccb=7-4&oh=d86b1b6d639825b0f55d29acf1a38f6f&oe=608866EF&_nc_sid=9fb510",
                    "username": "airpods_case_1"
                },
                "likes_count": 0
            }
        ]
    },
    {
        "id": 17887474750681510,
        "created_at": 1600781713,
        "text": "Price??",
        "owner": {
            "id": "1983402648",
            "is_verified": false,
            "profile_pic_url": "https://instagram.fagc2-1.fna.fbcdn.net/v/t51.2885-19/s150x150/140328292_254887969359772_9070354263165251966_n.jpg?tp=1&_nc_ht=instagram.fagc2-1.fna.fbcdn.net&_nc_ohc=2qcfF1b-Qj8AX_RorNM&ccb=7-4&oh=b5305ec6aebe349d9f366c0874f09a4a&oe=60878BBA&_nc_sid=9fb510",
            "username": "sinan_mufeed"
        },
        "likes_count": 0,
        "answers": [
            {
                "id": 17860344698116009,
                "created_at": 1600792840,
                "text": "@sinan_mufeed check dm",
                "owner": {
                    "id": "31345321949",
                    "is_verified": false,
                    "profile_pic_url": "https://instagram.fagc2-1.fna.fbcdn.net/v/t51.2885-19/s150x150/104655610_734890267265839_7042082510067431729_n.jpg?tp=1&_nc_ht=instagram.fagc2-1.fna.fbcdn.net&_nc_ohc=Q9yxDDyzyrwAX9Xuts8&ccb=7-4&oh=d86b1b6d639825b0f55d29acf1a38f6f&oe=608866EF&_nc_sid=9fb510",
                    "username": "airpods_case_1"
                },
                "likes_count": 0
            }
        ]
    },
    {
        "id": 17929464556424480,
        "created_at": 1598320557,
        "text": "Is grey available?",
        "owner": {
            "id": "1992577408",
            "is_verified": false,
            "profile_pic_url": "https://instagram.fagc2-1.fna.fbcdn.net/v/t51.2885-19/s150x150/162368558_1350372462028948_8164060828235668438_n.jpg?tp=1&_nc_ht=instagram.fagc2-1.fna.fbcdn.net&_nc_ohc=1GeDFg9VOFAAX_S7yzk&ccb=7-4&oh=7d0859fd25f3768735d6e23c20fbeadf&oe=60896FC4&_nc_sid=9fb510",
            "username": "shreyapatted"
        },
        "likes_count": 0,
        "answers": [
            {
                "id": 17934722596402913,
                "created_at": 1598347530,
                "text": "@shreyapatted yes",
                "owner": {
                    "id": "31345321949",
                    "is_verified": false,
                    "profile_pic_url": "https://instagram.fagc2-1.fna.fbcdn.net/v/t51.2885-19/s150x150/104655610_734890267265839_7042082510067431729_n.jpg?tp=1&_nc_ht=instagram.fagc2-1.fna.fbcdn.net&_nc_ohc=Q9yxDDyzyrwAX9Xuts8&ccb=7-4&oh=d86b1b6d639825b0f55d29acf1a38f6f&oe=608866EF&_nc_sid=9fb510",
                    "username": "airpods_case_1"
                },
                "likes_count": 0
            }
        ]
    },
    {
        "id": 17884382005677195,
        "created_at": 1597936512,
        "text": "Pp",
        "owner": {
            "id": "10683740296",
            "is_verified": false,
            "profile_pic_url": "https://instagram.fagc2-1.fna.fbcdn.net/v/t51.2885-19/s150x150/140934493_1651669361671234_1368646879349016291_n.jpg?tp=1&_nc_ht=instagram.fagc2-1.fna.fbcdn.net&_nc_ohc=AQpfKAoqGewAX84w4Ue&ccb=7-4&oh=d01a84b3b49adc3a9bec629f8b794304&oe=6088204B&_nc_sid=9fb510",
            "username": "khadarnida"
        },
        "likes_count": 0,
        "answers": [
            {
                "id": 17865765179003209,
                "created_at": 1597937093,
                "text": "@khadarnida 170",
                "owner": {
                    "id": "31345321949",
                    "is_verified": false,
                    "profile_pic_url": "https://instagram.fagc2-1.fna.fbcdn.net/v/t51.2885-19/s150x150/104655610_734890267265839_7042082510067431729_n.jpg?tp=1&_nc_ht=instagram.fagc2-1.fna.fbcdn.net&_nc_ohc=Q9yxDDyzyrwAX9Xuts8&ccb=7-4&oh=d86b1b6d639825b0f55d29acf1a38f6f&oe=608866EF&_nc_sid=9fb510",
                    "username": "airpods_case_1"
                },
                "likes_count": 0
            }
        ]
    },
    {
        "id": 17854811219138492,
        "created_at": 1597430837,
        "text": "Pp",
        "owner": {
            "id": "2330389690",
            "is_verified": false,
            "profile_pic_url": "https://instagram.fagc2-1.fna.fbcdn.net/v/t51.2885-19/s150x150/135718744_226892158883417_8877764939417692215_n.jpg?tp=1&_nc_ht=instagram.fagc2-1.fna.fbcdn.net&_nc_ohc=5wtSuKfPLAoAX-fIDLJ&ccb=7-4&oh=d87df2eebd20ba1bbb4584bdbb972fac&oe=60872029&_nc_sid=9fb510",
            "username": "chahat_____saini_____"
        },
        "likes_count": 1,
        "answers": []
    },
    {
        "id": 17847069365292350,
        "created_at": 1596609793,
        "text": "Price",
        "owner": {
            "id": "2283084569",
            "is_verified": false,
            "profile_pic_url": "https://instagram.fagc2-1.fna.fbcdn.net/v/t51.2885-19/s150x150/115787311_756383428442926_4524020200645868946_n.jpg?tp=1&_nc_ht=instagram.fagc2-1.fna.fbcdn.net&_nc_ohc=Vx46AUbVRnoAX_ZKAdN&ccb=7-4&oh=49565177f7229ee3485777c21e08d772&oe=6088C09A&_nc_sid=9fb510",
            "username": "its_ur_meet00"
        },
        "likes_count": 0,
        "answers": []
    }
]