[
    {
        "id": 17898488302749224,
        "created_at": 1613460390,
        "text": "Pp",
        "owner": {
            "id": "2089119339",
            "is_verified": false,
            "profile_pic_url": "https://instagram.fagc2-1.fna.fbcdn.net/v/t51.2885-19/s150x150/118058152_1197632057273479_7646083077402944394_n.jpg?tp=1&_nc_ht=instagram.fagc2-1.fna.fbcdn.net&_nc_ohc=MmSgPqgd0h4AX_q2v7I&ccb=7-4&oh=1e1c720c0a61c2180551fecebe8067b4&oe=60881158&_nc_sid=9fb510",
            "username": "_gaurika_sharma_"
        },
        "likes_count": 0,
        "answers": [
            {
                "id": 17937742393460558,
                "created_at": 1613463567,
                "text": "@_gaurika_sharma_ check dm",
                "owner": {
                    "id": "31345321949",
                    "is_verified": false,
                    "profile_pic_url": "https://instagram.fagc2-1.fna.fbcdn.net/v/t51.2885-19/s150x150/104655610_734890267265839_7042082510067431729_n.jpg?tp=1&_nc_ht=instagram.fagc2-1.fna.fbcdn.net&_nc_ohc=Q9yxDDyzyrwAX9Xuts8&ccb=7-4&oh=d86b1b6d639825b0f55d29acf1a38f6f&oe=608866EF&_nc_sid=9fb510",
                    "username": "airpods_case_1"
                },
                "likes_count": 0
            }
        ]
    },
    {
        "id": 17870069549142552,
        "created_at": 1607967493,
        "text": "Pp?? 1st one dog paw",
        "owner": {
            "id": "2254476804",
            "is_verified": false,
            "profile_pic_url": "https://instagram.fagc2-1.fna.fbcdn.net/v/t51.2885-19/s150x150/124238916_213742856829181_1482621970514120079_n.jpg?tp=1&_nc_ht=instagram.fagc2-1.fna.fbcdn.net&_nc_ohc=Xz5x2N4AeW8AX98NroS&ccb=7-4&oh=0e260362b7fb067ee81ad8ea57e82025&oe=6086DB87&_nc_sid=9fb510",
            "username": "the_dentrovert"
        },
        "likes_count": 0,
        "answers": [
            {
                "id": 18178875835051018,
                "created_at": 1607967647,
                "text": "@the_dentrovert check dm",
                "owner": {
                    "id": "31345321949",
                    "is_verified": false,
                    "profile_pic_url": "https://instagram.fagc2-1.fna.fbcdn.net/v/t51.2885-19/s150x150/104655610_734890267265839_7042082510067431729_n.jpg?tp=1&_nc_ht=instagram.fagc2-1.fna.fbcdn.net&_nc_ohc=Q9yxDDyzyrwAX9Xuts8&ccb=7-4&oh=d86b1b6d639825b0f55d29acf1a38f6f&oe=608866EF&_nc_sid=9fb510",
                    "username": "airpods_case_1"
                },
                "likes_count": 0
            }
        ]
    },
    {
        "id": 17898986650635125,
        "created_at": 1607092132,
        "text": "Pp??",
        "owner": {
            "id": "2116711882",
            "is_verified": false,
            "profile_pic_url": "https://instagram.fagc2-1.fna.fbcdn.net/v/t51.2885-19/s150x150/163274923_260810642429311_2533015079246405877_n.jpg?tp=1&_nc_ht=instagram.fagc2-1.fna.fbcdn.net&_nc_ohc=y6h43v9eIFIAX-hzJ71&ccb=7-4&oh=1ad4f938b76cd91562728a38baed22a8&oe=6086D1C5&_nc_sid=9fb510",
            "username": "khuranasamiksha"
        },
        "likes_count": 0,
        "answers": [
            {
                "id": 17923979701468931,
                "created_at": 1607092792,
                "text": "@khuranasamiksha check dm",
                "owner": {
                    "id": "31345321949",
                    "is_verified": false,
                    "profile_pic_url": "https://instagram.fagc2-1.fna.fbcdn.net/v/t51.2885-19/s150x150/104655610_734890267265839_7042082510067431729_n.jpg?tp=1&_nc_ht=instagram.fagc2-1.fna.fbcdn.net&_nc_ohc=Q9yxDDyzyrwAX9Xuts8&ccb=7-4&oh=d86b1b6d639825b0f55d29acf1a38f6f&oe=608866EF&_nc_sid=9fb510",
                    "username": "airpods_case_1"
                },
                "likes_count": 1
            }
        ]
    },
    {
        "id": 17867158556145445,
        "created_at": 1606303255,
        "text": "Is this detachable??",
        "owner": {
            "id": "1838129351",
            "is_verified": false,
            "profile_pic_url": "https://instagram.fagc2-1.fna.fbcdn.net/v/t51.2885-19/s150x150/148666379_477121646616179_5247001268297779283_n.jpg?tp=1&_nc_ht=instagram.fagc2-1.fna.fbcdn.net&_nc_ohc=zADv5ANW0vgAX_WWht_&ccb=7-4&oh=1fcae0311281678f223ad789969ae8fd&oe=6087AE84&_nc_sid=9fb510",
            "username": "i_nikki21"
        },
        "likes_count": 0,
        "answers": [
            {
                "id": 17895749167673920,
                "created_at": 1606304326,
                "text": "@i_nikki21 yes it is",
                "owner": {
                    "id": "31345321949",
                    "is_verified": false,
                    "profile_pic_url": "https://instagram.fagc2-1.fna.fbcdn.net/v/t51.2885-19/s150x150/104655610_734890267265839_7042082510067431729_n.jpg?tp=1&_nc_ht=instagram.fagc2-1.fna.fbcdn.net&_nc_ohc=Q9yxDDyzyrwAX9Xuts8&ccb=7-4&oh=d86b1b6d639825b0f55d29acf1a38f6f&oe=608866EF&_nc_sid=9fb510",
                    "username": "airpods_case_1"
                },
                "likes_count": 0
            }
        ]
    }
]