[
    {
        "id": 17877170402187665,
        "created_at": 1616655348,
        "text": "Pp",
        "owner": {
            "id": "4542346228",
            "is_verified": false,
            "profile_pic_url": "https://instagram.fagc2-1.fna.fbcdn.net/v/t51.2885-19/s150x150/121121452_834028430469825_9032428565438509631_n.jpg?tp=1&_nc_ht=instagram.fagc2-1.fna.fbcdn.net&_nc_ohc=FmRnB1bK2A8AX-6o8xJ&ccb=7-4&oh=3f2bc5894d04d3f2aa09b1c9c91946ed&oe=6088141C&_nc_sid=9fb510",
            "username": "drx_ankita_suroshe_1999"
        },
        "likes_count": 0,
        "answers": []
    }
]