[
    {
        "id": 17861786327408891,
        "created_at": 1615944407,
        "text": "c\u1ea5y ni m\u1ea5y ti\u1ec1n r\u1ee9a s\u1ed1p?",
        "owner": {
            "id": "45053730018",
            "is_verified": false,
            "profile_pic_url": "https://scontent-dub4-1.cdninstagram.com/v/t51.2885-19/44884218_345707102882519_2446069589734326272_n.jpg?_nc_ht=scontent-dub4-1.cdninstagram.com&_nc_ohc=hLTkwc3uTqUAX8z0MED&ccb=7-4&oh=4afbeda0b959b22fb1c8dba8077961b5&oe=6087738F&_nc_sid=3f45ac&ig_cache_key=YW5vbnltb3VzX3Byb2ZpbGVfcGlj.2-ccb7-4",
            "username": "nguyetanh_1601"
        },
        "likes_count": 0,
        "answers": [
            {
                "id": 17960293960399768,
                "created_at": 1615953874,
                "text": "@nguyetanh_1601 what",
                "owner": {
                    "id": "31345321949",
                    "is_verified": false,
                    "profile_pic_url": "https://instagram.fagc2-1.fna.fbcdn.net/v/t51.2885-19/s150x150/104655610_734890267265839_7042082510067431729_n.jpg?tp=1&_nc_ht=instagram.fagc2-1.fna.fbcdn.net&_nc_ohc=Q9yxDDyzyrwAX9Xuts8&ccb=7-4&oh=d86b1b6d639825b0f55d29acf1a38f6f&oe=608866EF&_nc_sid=9fb510",
                    "username": "airpods_case_1"
                },
                "likes_count": 0
            }
        ]
    },
    {
        "id": 17854457693503801,
        "created_at": 1612868102,
        "text": "pop pp",
        "owner": {
            "id": "2925925746",
            "is_verified": false,
            "profile_pic_url": "https://instagram.fagc2-1.fna.fbcdn.net/v/t51.2885-19/s150x150/75561400_791730361275406_4324155760599629824_n.jpg?tp=1&_nc_ht=instagram.fagc2-1.fna.fbcdn.net&_nc_ohc=UOZy-0uYiRcAX-8Yrju&ccb=7-4&oh=f52d87b7875ff972cba6a7a32d94293a&oe=608681B5&_nc_sid=9fb510",
            "username": "heena4999"
        },
        "likes_count": 0,
        "answers": []
    },
    {
        "id": 17874412256166671,
        "created_at": 1611153537,
        "text": "Pp",
        "owner": {
            "id": "1497061377",
            "is_verified": false,
            "profile_pic_url": "https://instagram.fagc2-1.fna.fbcdn.net/v/t51.2885-19/s150x150/15253176_659587767534862_129823388045672448_a.jpg?tp=1&_nc_ht=instagram.fagc2-1.fna.fbcdn.net&_nc_ohc=K7ifF0aiyXwAX8WZdZu&ccb=7-4&oh=f1bd46de82f328c4ec0a2ded86645b1f&oe=60870F6B&_nc_sid=9fb510",
            "username": "gazelle_glitters"
        },
        "likes_count": 0,
        "answers": [
            {
                "id": 17940427045441329,
                "created_at": 1611156289,
                "text": "@gazelle_glitters check dm",
                "owner": {
                    "id": "31345321949",
                    "is_verified": false,
                    "profile_pic_url": "https://instagram.fagc2-1.fna.fbcdn.net/v/t51.2885-19/s150x150/104655610_734890267265839_7042082510067431729_n.jpg?tp=1&_nc_ht=instagram.fagc2-1.fna.fbcdn.net&_nc_ohc=Q9yxDDyzyrwAX9Xuts8&ccb=7-4&oh=d86b1b6d639825b0f55d29acf1a38f6f&oe=608866EF&_nc_sid=9fb510",
                    "username": "airpods_case_1"
                },
                "likes_count": 0
            }
        ]
    },
    {
        "id": 17917809460535710,
        "created_at": 1610833238,
        "text": "Price p",
        "owner": {
            "id": "2216790850",
            "is_verified": false,
            "profile_pic_url": "https://instagram.fagc2-1.fna.fbcdn.net/v/t51.2885-19/s150x150/39322754_342464066296609_7671213440681115648_n.jpg?tp=1&_nc_ht=instagram.fagc2-1.fna.fbcdn.net&_nc_ohc=BwOEeieAJg8AX81d0I-&ccb=7-4&oh=9976a4777fa96142e22fdaaad36de05b&oe=608638C4&_nc_sid=9fb510",
            "username": "tariq_ali621"
        },
        "likes_count": 0,
        "answers": [
            {
                "id": 17895577066748858,
                "created_at": 1610856881,
                "text": "@tariq_ali621 check dm",
                "owner": {
                    "id": "31345321949",
                    "is_verified": false,
                    "profile_pic_url": "https://instagram.fagc2-1.fna.fbcdn.net/v/t51.2885-19/s150x150/104655610_734890267265839_7042082510067431729_n.jpg?tp=1&_nc_ht=instagram.fagc2-1.fna.fbcdn.net&_nc_ohc=Q9yxDDyzyrwAX9Xuts8&ccb=7-4&oh=d86b1b6d639825b0f55d29acf1a38f6f&oe=608866EF&_nc_sid=9fb510",
                    "username": "airpods_case_1"
                },
                "likes_count": 0
            }
        ]
    },
    {
        "id": 18117014641173599,
        "created_at": 1610434631,
        "text": "Pp",
        "owner": {
            "id": "25577759290",
            "is_verified": false,
            "profile_pic_url": "https://instagram.fagc2-1.fna.fbcdn.net/v/t51.2885-19/s150x150/163650173_777315613143830_8234432156842350026_n.jpg?tp=1&_nc_ht=instagram.fagc2-1.fna.fbcdn.net&_nc_ohc=pxzDGNBmkM4AX-Orqs9&ccb=7-4&oh=7e9adc47770f5aa4552c4193e13d4af1&oe=60892191&_nc_sid=9fb510",
            "username": "prrii17_"
        },
        "likes_count": 0,
        "answers": [
            {
                "id": 17856123428470288,
                "created_at": 1610437553,
                "text": "@priyanshubradd check dm",
                "owner": {
                    "id": "31345321949",
                    "is_verified": false,
                    "profile_pic_url": "https://instagram.fagc2-1.fna.fbcdn.net/v/t51.2885-19/s150x150/104655610_734890267265839_7042082510067431729_n.jpg?tp=1&_nc_ht=instagram.fagc2-1.fna.fbcdn.net&_nc_ohc=Q9yxDDyzyrwAX9Xuts8&ccb=7-4&oh=d86b1b6d639825b0f55d29acf1a38f6f&oe=608866EF&_nc_sid=9fb510",
                    "username": "airpods_case_1"
                },
                "likes_count": 0
            }
        ]
    },
    {
        "id": 17896718734668574,
        "created_at": 1606660136,
        "text": "Price??",
        "owner": {
            "id": "32001343627",
            "is_verified": false,
            "profile_pic_url": "https://instagram.fagc2-1.fna.fbcdn.net/v/t51.2885-19/s150x150/132486409_391741611929030_6254056840431397592_n.jpg?tp=1&_nc_ht=instagram.fagc2-1.fna.fbcdn.net&_nc_ohc=Jhw6DcCSPU8AX8ibNIC&ccb=7-4&oh=5c2e97c78588ecf6929e39bac57cfe2b&oe=6088FB37&_nc_sid=9fb510",
            "username": "mohit_gola0001"
        },
        "likes_count": 0,
        "answers": []
    },
    {
        "id": 17846711072375384,
        "created_at": 1601925364,
        "text": "Pp",
        "owner": {
            "id": "1367065876",
            "is_verified": false,
            "profile_pic_url": "https://instagram.fagc2-1.fna.fbcdn.net/v/t51.2885-19/s150x150/138715526_689999001882685_7535554364126116708_n.jpg?tp=1&_nc_ht=instagram.fagc2-1.fna.fbcdn.net&_nc_ohc=VQkmxPiG7YcAX87oMYP&ccb=7-4&oh=1c25256265adce26c39b0628a96176e1&oe=60863435&_nc_sid=9fb510",
            "username": "_theriyawalia_"
        },
        "likes_count": 0,
        "answers": []
    },
    {
        "id": 17967729151334181,
        "created_at": 1601356586,
        "text": "Price ?",
        "owner": {
            "id": "1388821007",
            "is_verified": false,
            "profile_pic_url": "https://instagram.fagc2-1.fna.fbcdn.net/v/t51.2885-19/s150x150/96406622_3014290425281202_4024245890901344256_n.jpg?tp=1&_nc_ht=instagram.fagc2-1.fna.fbcdn.net&_nc_ohc=eeCJasWD7iUAX9qjnnw&ccb=7-4&oh=0464b310b0916a8c2512580e52112115&oe=6089E4B9&_nc_sid=9fb510",
            "username": "its_me_rajj"
        },
        "likes_count": 0,
        "answers": [
            {
                "id": 17873146729945395,
                "created_at": 1601356668,
                "text": "@its_me_rajj check your dm",
                "owner": {
                    "id": "31345321949",
                    "is_verified": false,
                    "profile_pic_url": "https://instagram.fagc2-1.fna.fbcdn.net/v/t51.2885-19/s150x150/104655610_734890267265839_7042082510067431729_n.jpg?tp=1&_nc_ht=instagram.fagc2-1.fna.fbcdn.net&_nc_ohc=Q9yxDDyzyrwAX9Xuts8&ccb=7-4&oh=d86b1b6d639825b0f55d29acf1a38f6f&oe=608866EF&_nc_sid=9fb510",
                    "username": "airpods_case_1"
                },
                "likes_count": 0
            }
        ]
    }
]