[
    {
        "id": 17997487654316649,
        "created_at": 1615958579,
        "text": "Price please",
        "owner": {
            "id": "6070556980",
            "is_verified": false,
            "profile_pic_url": "https://instagram.fagc2-1.fna.fbcdn.net/v/t51.2885-19/s150x150/89941867_149059706330248_3842509636875845632_n.jpg?tp=1&_nc_ht=instagram.fagc2-1.fna.fbcdn.net&_nc_ohc=96WA8NIv8uwAX8qQhQv&ccb=7-4&oh=cdb4ebc01db8f120c23d43bd33887343&oe=6087D2D7&_nc_sid=9fb510",
            "username": "_roohi_garg_"
        },
        "likes_count": 0,
        "answers": [
            {
                "id": 17893630573941231,
                "created_at": 1615958649,
                "text": "@_roohi_garg_ check dm",
                "owner": {
                    "id": "31345321949",
                    "is_verified": false,
                    "profile_pic_url": "https://instagram.fagc2-1.fna.fbcdn.net/v/t51.2885-19/s150x150/104655610_734890267265839_7042082510067431729_n.jpg?tp=1&_nc_ht=instagram.fagc2-1.fna.fbcdn.net&_nc_ohc=Q9yxDDyzyrwAX9Xuts8&ccb=7-4&oh=d86b1b6d639825b0f55d29acf1a38f6f&oe=608866EF&_nc_sid=9fb510",
                    "username": "airpods_case_1"
                },
                "likes_count": 1
            }
        ]
    },
    {
        "id": 17889109966969825,
        "created_at": 1615598162,
        "text": "Price please",
        "owner": {
            "id": "4569896441",
            "is_verified": false,
            "profile_pic_url": "https://instagram.fagc2-1.fna.fbcdn.net/v/t51.2885-19/s150x150/16230035_151119682061177_157794276661526528_a.jpg?tp=1&_nc_ht=instagram.fagc2-1.fna.fbcdn.net&_nc_ohc=urnVejpC5j8AX-tSO5y&ccb=7-4&oh=aa0ffc908ba3f1de0a103db984e12625&oe=60892727&_nc_sid=9fb510",
            "username": "jossaitta"
        },
        "likes_count": 0,
        "answers": []
    },
    {
        "id": 17984102218324076,
        "created_at": 1613246368,
        "text": "Price",
        "owner": {
            "id": "41935875068",
            "is_verified": false,
            "profile_pic_url": "https://instagram.fagc2-1.fna.fbcdn.net/v/t51.2885-19/s150x150/119749124_656445991720359_2297154703117373458_n.jpg?tp=1&_nc_ht=instagram.fagc2-1.fna.fbcdn.net&_nc_ohc=I96Zuk0H1owAX-pPCD7&ccb=7-4&oh=5457e9d0b97cbba4a250d5c506dd1956&oe=6088C32D&_nc_sid=9fb510",
            "username": "rameen_noor_khan"
        },
        "likes_count": 0,
        "answers": [
            {
                "id": 17928484462498662,
                "created_at": 1613278378,
                "text": "@rameen_noor_khan check dm",
                "owner": {
                    "id": "31345321949",
                    "is_verified": false,
                    "profile_pic_url": "https://instagram.fagc2-1.fna.fbcdn.net/v/t51.2885-19/s150x150/104655610_734890267265839_7042082510067431729_n.jpg?tp=1&_nc_ht=instagram.fagc2-1.fna.fbcdn.net&_nc_ohc=Q9yxDDyzyrwAX9Xuts8&ccb=7-4&oh=d86b1b6d639825b0f55d29acf1a38f6f&oe=608866EF&_nc_sid=9fb510",
                    "username": "airpods_case_1"
                },
                "likes_count": 0
            }
        ]
    },
    {
        "id": 17964874678373020,
        "created_at": 1612109043,
        "text": "Pp",
        "owner": {
            "id": "3623774383",
            "is_verified": false,
            "profile_pic_url": "https://instagram.fagc2-1.fna.fbcdn.net/v/t51.2885-19/s150x150/107530688_216673986170933_4108608128143396690_n.jpg?tp=1&_nc_ht=instagram.fagc2-1.fna.fbcdn.net&_nc_ohc=b-PFa9BvoK0AX9q447c&ccb=7-4&oh=ae006036d434932ce88fcf646ce64828&oe=6087E379&_nc_sid=9fb510",
            "username": "_subhangi_desai_official_"
        },
        "likes_count": 0,
        "answers": []
    },
    {
        "id": 18134475754146086,
        "created_at": 1610986212,
        "text": "How much??",
        "owner": {
            "id": "8628738709",
            "is_verified": false,
            "profile_pic_url": "https://instagram.fagc2-1.fna.fbcdn.net/v/t51.2885-19/s150x150/123885022_789336791907580_2038944271999212050_n.jpg?tp=1&_nc_ht=instagram.fagc2-1.fna.fbcdn.net&_nc_ohc=t4U6TCcF9fsAX_upsxz&ccb=7-4&oh=9e3bb5520784716bcef18b2bee45fb9e&oe=6088E4C1&_nc_sid=9fb510",
            "username": "keemnelly"
        },
        "likes_count": 0,
        "answers": [
            {
                "id": 17884194478990515,
                "created_at": 1610987567,
                "text": "@keemnelly check dm",
                "owner": {
                    "id": "31345321949",
                    "is_verified": false,
                    "profile_pic_url": "https://instagram.fagc2-1.fna.fbcdn.net/v/t51.2885-19/s150x150/104655610_734890267265839_7042082510067431729_n.jpg?tp=1&_nc_ht=instagram.fagc2-1.fna.fbcdn.net&_nc_ohc=Q9yxDDyzyrwAX9Xuts8&tn=jkJTMELZ2e2NJ4X0&ccb=7-4&oh=e536c0b2682a8b868c9079b01fea3e52&oe=608866EF&_nc_sid=9fb510",
                    "username": "airpods_case_1"
                },
                "likes_count": 0
            }
        ]
    },
    {
        "id": 18086737429236129,
        "created_at": 1610262442,
        "text": "Price",
        "owner": {
            "id": "41312032701",
            "is_verified": false,
            "profile_pic_url": "https://instagram.fagc2-1.fna.fbcdn.net/v/t51.2885-19/s150x150/118713810_674332029883002_3572154529240768302_n.jpg?tp=1&_nc_ht=instagram.fagc2-1.fna.fbcdn.net&_nc_ohc=L68BlBmPplwAX86a1mR&ccb=7-4&oh=c4749d7aabd0229755259f875eaec3b6&oe=608912BF&_nc_sid=9fb510",
            "username": "muhammadmumtazhashmat"
        },
        "likes_count": 0,
        "answers": [
            {
                "id": 17856085805477855,
                "created_at": 1610262532,
                "text": "@muhammadmumtazhashmat check dm",
                "owner": {
                    "id": "31345321949",
                    "is_verified": false,
                    "profile_pic_url": "https://instagram.fagc2-1.fna.fbcdn.net/v/t51.2885-19/s150x150/104655610_734890267265839_7042082510067431729_n.jpg?tp=1&_nc_ht=instagram.fagc2-1.fna.fbcdn.net&_nc_ohc=Q9yxDDyzyrwAX9Xuts8&ccb=7-4&oh=d86b1b6d639825b0f55d29acf1a38f6f&oe=608866EF&_nc_sid=9fb510",
                    "username": "airpods_case_1"
                },
                "likes_count": 0
            }
        ]
    },
    {
        "id": 17922082087495788,
        "created_at": 1609918804,
        "text": "Send me prize off it",
        "owner": {
            "id": "2143350605",
            "is_verified": false,
            "profile_pic_url": "https://instagram.fagc2-1.fna.fbcdn.net/v/t51.2885-19/s150x150/92243703_155359945820935_7147060622629273600_n.jpg?tp=1&_nc_ht=instagram.fagc2-1.fna.fbcdn.net&_nc_ohc=KR4N0ZDaKU4AX9I7Z7M&ccb=7-4&oh=fe0a2b71aa1907645a44313bb1883704&oe=6089D198&_nc_sid=9fb510",
            "username": "virendrasinh_0191"
        },
        "likes_count": 0,
        "answers": [
            {
                "id": 17910740791593933,
                "created_at": 1609918853,
                "text": "@virendrasinh_0191 check dm",
                "owner": {
                    "id": "31345321949",
                    "is_verified": false,
                    "profile_pic_url": "https://instagram.fagc2-1.fna.fbcdn.net/v/t51.2885-19/s150x150/104655610_734890267265839_7042082510067431729_n.jpg?tp=1&_nc_ht=instagram.fagc2-1.fna.fbcdn.net&_nc_ohc=Q9yxDDyzyrwAX9Xuts8&ccb=7-4&oh=d86b1b6d639825b0f55d29acf1a38f6f&oe=608866EF&_nc_sid=9fb510",
                    "username": "airpods_case_1"
                },
                "likes_count": 0
            }
        ]
    },
    {
        "id": 17883623509904054,
        "created_at": 1609576677,
        "text": "Hm?",
        "owner": {
            "id": "6180608736",
            "is_verified": false,
            "profile_pic_url": "https://instagram.fagc2-1.fna.fbcdn.net/v/t51.2885-19/s150x150/95896094_538961686814815_6519267933032546304_n.jpg?tp=1&_nc_ht=instagram.fagc2-1.fna.fbcdn.net&_nc_ohc=qpdpprTEUOwAX9acjBo&ccb=7-4&oh=bc880f9d5bed30fc8d2a64835f60ea7b&oe=60869FED&_nc_sid=9fb510",
            "username": "zkaeger_02"
        },
        "likes_count": 0,
        "answers": []
    },
    {
        "id": 18086352208222412,
        "created_at": 1607587735,
        "text": "Price ??",
        "owner": {
            "id": "13769179529",
            "is_verified": false,
            "profile_pic_url": "https://instagram.fyzd1-3.fna.fbcdn.net/v/t51.2885-19/44884218_345707102882519_2446069589734326272_n.jpg?_nc_ht=instagram.fyzd1-3.fna.fbcdn.net&_nc_ohc=hLTkwc3uTqUAX9GOtb1&ccb=7-4&oh=a302c6d86cdec5229109324274e4372b&oe=6087738F&_nc_sid=712cc3&ig_cache_key=YW5vbnltb3VzX3Byb2ZpbGVfcGlj.2-ccb7-4",
            "username": "cherry_.bomb15"
        },
        "likes_count": 0,
        "answers": [
            {
                "id": 17864344238218436,
                "created_at": 1607587747,
                "text": "@cutiepie_1503 check dm",
                "owner": {
                    "id": "31345321949",
                    "is_verified": false,
                    "profile_pic_url": "https://instagram.fagc2-1.fna.fbcdn.net/v/t51.2885-19/s150x150/104655610_734890267265839_7042082510067431729_n.jpg?tp=1&_nc_ht=instagram.fagc2-1.fna.fbcdn.net&_nc_ohc=Q9yxDDyzyrwAX9Xuts8&ccb=7-4&oh=d86b1b6d639825b0f55d29acf1a38f6f&oe=608866EF&_nc_sid=9fb510",
                    "username": "airpods_case_1"
                },
                "likes_count": 0
            }
        ]
    },
    {
        "id": 18110340640174143,
        "created_at": 1607273982,
        "text": "Pp?",
        "owner": {
            "id": "8111157345",
            "is_verified": false,
            "profile_pic_url": "https://instagram.fagc2-1.fna.fbcdn.net/v/t51.2885-19/s150x150/141191024_709283429780975_8038755939102227543_n.jpg?tp=1&_nc_ht=instagram.fagc2-1.fna.fbcdn.net&_nc_ohc=mf4o4QqBD4UAX9LMNbR&ccb=7-4&oh=5aead9e410e1bb7137ad26ed09e6e271&oe=608966F8&_nc_sid=9fb510",
            "username": "purvapatel_106"
        },
        "likes_count": 0,
        "answers": [
            {
                "id": 17890478809781428,
                "created_at": 1607274186,
                "text": "@purvapatel_106 check dm",
                "owner": {
                    "id": "31345321949",
                    "is_verified": false,
                    "profile_pic_url": "https://instagram.fagc2-1.fna.fbcdn.net/v/t51.2885-19/s150x150/104655610_734890267265839_7042082510067431729_n.jpg?tp=1&_nc_ht=instagram.fagc2-1.fna.fbcdn.net&_nc_ohc=Q9yxDDyzyrwAX9Xuts8&ccb=7-4&oh=d86b1b6d639825b0f55d29acf1a38f6f&oe=608866EF&_nc_sid=9fb510",
                    "username": "airpods_case_1"
                },
                "likes_count": 1
            }
        ]
    },
    {
        "id": 17879428105938063,
        "created_at": 1606290768,
        "text": "Pp",
        "owner": {
            "id": "2065272277",
            "is_verified": false,
            "profile_pic_url": "https://instagram.fagc2-1.fna.fbcdn.net/v/t51.2885-19/s150x150/118693272_802017163950416_6414836928579614583_n.jpg?tp=1&_nc_ht=instagram.fagc2-1.fna.fbcdn.net&_nc_ohc=iwAH_WO8ad0AX_P6anp&ccb=7-4&oh=5fa0163d77320eeed697cf5d0e81102b&oe=6087944A&_nc_sid=9fb510",
            "username": "arya_jaiswal__"
        },
        "likes_count": 0,
        "answers": [
            {
                "id": 17880622264920361,
                "created_at": 1606291200,
                "text": "@arya_jaiswal__  check dm",
                "owner": {
                    "id": "31345321949",
                    "is_verified": false,
                    "profile_pic_url": "https://instagram.fagc2-1.fna.fbcdn.net/v/t51.2885-19/s150x150/104655610_734890267265839_7042082510067431729_n.jpg?tp=1&_nc_ht=instagram.fagc2-1.fna.fbcdn.net&_nc_ohc=Q9yxDDyzyrwAX9Xuts8&ccb=7-4&oh=d86b1b6d639825b0f55d29acf1a38f6f&oe=608866EF&_nc_sid=9fb510",
                    "username": "airpods_case_1"
                },
                "likes_count": 0
            }
        ]
    },
    {
        "id": 17865044789090330,
        "created_at": 1603198449,
        "text": "How much for this?",
        "owner": {
            "id": "1811756689",
            "is_verified": false,
            "profile_pic_url": "https://instagram.fagc2-1.fna.fbcdn.net/v/t51.2885-19/s150x150/152403294_117491066976838_7470977827051568966_n.jpg?tp=1&_nc_ht=instagram.fagc2-1.fna.fbcdn.net&_nc_ohc=9Aynw7frRG0AX871_4j&ccb=7-4&oh=7fe6e3fc62b235d0d0fd959de05690a6&oe=60873910&_nc_sid=9fb510",
            "username": "ameirahlicious"
        },
        "likes_count": 0,
        "answers": [
            {
                "id": 17865380603116074,
                "created_at": 1603201635,
                "text": "@ameirahlicious check dm",
                "owner": {
                    "id": "31345321949",
                    "is_verified": false,
                    "profile_pic_url": "https://instagram.fagc2-1.fna.fbcdn.net/v/t51.2885-19/s150x150/104655610_734890267265839_7042082510067431729_n.jpg?tp=1&_nc_ht=instagram.fagc2-1.fna.fbcdn.net&_nc_ohc=Q9yxDDyzyrwAX9Xuts8&ccb=7-4&oh=d86b1b6d639825b0f55d29acf1a38f6f&oe=608866EF&_nc_sid=9fb510",
                    "username": "airpods_case_1"
                },
                "likes_count": 0
            }
        ]
    },
    {
        "id": 17858605154184832,
        "created_at": 1602690741,
        "text": "How much for thiz",
        "owner": {
            "id": "1987825787",
            "is_verified": false,
            "profile_pic_url": "https://instagram.fagc2-1.fna.fbcdn.net/v/t51.2885-19/s150x150/132933133_886728978763266_6889933022042591817_n.jpg?tp=1&_nc_ht=instagram.fagc2-1.fna.fbcdn.net&_nc_ohc=Hy_f6EYwAmEAX8XHFL2&ccb=7-4&oh=259fe95e10eaaa0fc2ddabf1eedc16a7&oe=60883E60&_nc_sid=9fb510",
            "username": "jabir_lakhani"
        },
        "likes_count": 0,
        "answers": [
            {
                "id": 17890050013710544,
                "created_at": 1602690828,
                "text": "@jabir_lakhani check dm",
                "owner": {
                    "id": "31345321949",
                    "is_verified": false,
                    "profile_pic_url": "https://instagram.fagc2-1.fna.fbcdn.net/v/t51.2885-19/s150x150/104655610_734890267265839_7042082510067431729_n.jpg?tp=1&_nc_ht=instagram.fagc2-1.fna.fbcdn.net&_nc_ohc=Q9yxDDyzyrwAX9Xuts8&ccb=7-4&oh=d86b1b6d639825b0f55d29acf1a38f6f&oe=608866EF&_nc_sid=9fb510",
                    "username": "airpods_case_1"
                },
                "likes_count": 0
            }
        ]
    },
    {
        "id": 17888515273693163,
        "created_at": 1601671436,
        "text": "@idavodal \ud83d\ude02\ud83e\udd29",
        "owner": {
            "id": "9061372889",
            "is_verified": false,
            "profile_pic_url": "https://instagram.fagc2-1.fna.fbcdn.net/v/t51.2885-19/s150x150/147273908_246670473734228_5035648363764861742_n.jpg?tp=1&_nc_ht=instagram.fagc2-1.fna.fbcdn.net&_nc_ohc=zsK6oJcSQHgAX82P-Wl&ccb=7-4&oh=d7067b1ac04e645e3ee7a98ab30d54b0&oe=6088F96F&_nc_sid=9fb510",
            "username": "mie_marie06"
        },
        "likes_count": 2,
        "answers": []
    },
    {
        "id": 17857405400169178,
        "created_at": 1599452904,
        "text": "pp",
        "owner": {
            "id": "38985368609",
            "is_verified": false,
            "profile_pic_url": "https://instagram.fagc2-1.fna.fbcdn.net/v/t51.2885-19/s150x150/159598704_711181189575003_2615577645140912871_n.jpg?tp=1&_nc_ht=instagram.fagc2-1.fna.fbcdn.net&_nc_ohc=BjeqUpHebckAX92D-tw&ccb=7-4&oh=2e104d3b423d91e281bf189509637fbf&oe=6088421B&_nc_sid=9fb510",
            "username": "ravleenkaur000"
        },
        "likes_count": 0,
        "answers": [
            {
                "id": 17848365500308521,
                "created_at": 1599453789,
                "text": "@ravleenkaur000 check your dm",
                "owner": {
                    "id": "31345321949",
                    "is_verified": false,
                    "profile_pic_url": "https://instagram.fagc2-1.fna.fbcdn.net/v/t51.2885-19/s150x150/104655610_734890267265839_7042082510067431729_n.jpg?tp=1&_nc_ht=instagram.fagc2-1.fna.fbcdn.net&_nc_ohc=Q9yxDDyzyrwAX9Xuts8&ccb=7-4&oh=d86b1b6d639825b0f55d29acf1a38f6f&oe=608866EF&_nc_sid=9fb510",
                    "username": "airpods_case_1"
                },
                "likes_count": 1
            }
        ]
    }
]