[
    {
        "id": 18164926558077282,
        "created_at": 1608992694,
        "text": "Pp",
        "owner": {
            "id": "3651047972",
            "is_verified": false,
            "profile_pic_url": "https://instagram.fagc2-1.fna.fbcdn.net/v/t51.2885-19/s150x150/127007461_175250477584130_4538425928503522691_n.jpg?tp=1&_nc_ht=instagram.fagc2-1.fna.fbcdn.net&_nc_ohc=hVD9tlg3BTgAX_OsELl&ccb=7-4&oh=d5f389a03d14a86fca2be86326a98ff3&oe=6088D7CF&_nc_sid=9fb510",
            "username": "muqaddas_habib"
        },
        "likes_count": 0,
        "answers": []
    },
    {
        "id": 17844448733406592,
        "created_at": 1602945488,
        "text": "Pp",
        "owner": {
            "id": "1367794488",
            "is_verified": false,
            "profile_pic_url": "https://instagram.fagc2-1.fna.fbcdn.net/v/t51.2885-19/s150x150/122586210_2784091915212174_2354337950320547160_n.jpg?tp=1&_nc_ht=instagram.fagc2-1.fna.fbcdn.net&_nc_ohc=M1par19sN5MAX8leX5k&ccb=7-4&oh=6586ad8a40a07e1e89d9b7484df10146&oe=6086398E&_nc_sid=9fb510",
            "username": "nimi_chawla"
        },
        "likes_count": 0,
        "answers": []
    }
]