[
    {
        "id": 17887128283964027,
        "created_at": 1613554798,
        "text": "Is this available??",
        "owner": {
            "id": "2315396219",
            "is_verified": false,
            "profile_pic_url": "https://instagram.fagc2-1.fna.fbcdn.net/v/t51.2885-19/s150x150/123365352_1571303189738154_3939778652255743223_n.jpg?tp=1&_nc_ht=instagram.fagc2-1.fna.fbcdn.net&_nc_ohc=Hfp_AVUVXKMAX_2PgaT&ccb=7-4&oh=e97f90dbcff4b6fe81a357be4faf6cc5&oe=60897290&_nc_sid=9fb510",
            "username": "irupin0001"
        },
        "likes_count": 0,
        "answers": [
            {
                "id": 17904843058695650,
                "created_at": 1613577696,
                "text": "@airpods_case_1 Gucci n firarri!",
                "owner": {
                    "id": "2315396219",
                    "is_verified": false,
                    "profile_pic_url": "https://instagram.fagc2-1.fna.fbcdn.net/v/t51.2885-19/s150x150/123365352_1571303189738154_3939778652255743223_n.jpg?tp=1&_nc_ht=instagram.fagc2-1.fna.fbcdn.net&_nc_ohc=Hfp_AVUVXKMAX_2PgaT&ccb=7-4&oh=e97f90dbcff4b6fe81a357be4faf6cc5&oe=60897290&_nc_sid=9fb510",
                    "username": "irupin0001"
                },
                "likes_count": 0
            },
            {
                "id": 17873841440239114,
                "created_at": 1613554861,
                "text": "Yess which one from this?",
                "owner": {
                    "id": "31345321949",
                    "is_verified": false,
                    "profile_pic_url": "https://instagram.fagc2-1.fna.fbcdn.net/v/t51.2885-19/s150x150/104655610_734890267265839_7042082510067431729_n.jpg?tp=1&_nc_ht=instagram.fagc2-1.fna.fbcdn.net&_nc_ohc=Q9yxDDyzyrwAX9Xuts8&ccb=7-4&oh=d86b1b6d639825b0f55d29acf1a38f6f&oe=608866EF&_nc_sid=9fb510",
                    "username": "airpods_case_1"
                },
                "likes_count": 0
            },
            {
                "id": 17868073886291999,
                "created_at": 1613579473,
                "text": "Available check dm",
                "owner": {
                    "id": "31345321949",
                    "is_verified": false,
                    "profile_pic_url": "https://instagram.fagc2-1.fna.fbcdn.net/v/t51.2885-19/s150x150/104655610_734890267265839_7042082510067431729_n.jpg?tp=1&_nc_ht=instagram.fagc2-1.fna.fbcdn.net&_nc_ohc=Q9yxDDyzyrwAX9Xuts8&ccb=7-4&oh=d86b1b6d639825b0f55d29acf1a38f6f&oe=608866EF&_nc_sid=9fb510",
                    "username": "airpods_case_1"
                },
                "likes_count": 0
            }
        ]
    },
    {
        "id": 17865385643178190,
        "created_at": 1605610685,
        "text": "Pp",
        "owner": {
            "id": "1587156883",
            "is_verified": false,
            "profile_pic_url": "https://instagram.fagc2-1.fna.fbcdn.net/v/t51.2885-19/s150x150/149311354_177127933839128_7222319106651212148_n.jpg?tp=1&_nc_ht=instagram.fagc2-1.fna.fbcdn.net&_nc_ohc=QDgN-Yu2rtoAX9G7aF7&ccb=7-4&oh=021f139ead3489d22e7dfdafc77abc65&oe=60881C37&_nc_sid=9fb510",
            "username": "yanajn94"
        },
        "likes_count": 0,
        "answers": []
    },
    {
        "id": 17872864316022841,
        "created_at": 1604248958,
        "text": "Rs",
        "owner": {
            "id": "36731913423",
            "is_verified": false,
            "profile_pic_url": "https://instagram.fagc2-1.fna.fbcdn.net/v/t51.2885-19/s150x150/163691682_755996441695595_2350588208858158202_n.jpg?tp=1&_nc_ht=instagram.fagc2-1.fna.fbcdn.net&_nc_ohc=Lr_MaNn1_-UAX9HgAe5&ccb=7-4&oh=c3a5def92108e9e0251337bfbd868c1b&oe=6089C4C4&_nc_sid=9fb510",
            "username": "ha_se_eb__10__"
        },
        "likes_count": 0,
        "answers": [
            {
                "id": 17857774097297605,
                "created_at": 1604248977,
                "text": "@ha_se_eb__10__ check dm",
                "owner": {
                    "id": "31345321949",
                    "is_verified": false,
                    "profile_pic_url": "https://instagram.fagc2-1.fna.fbcdn.net/v/t51.2885-19/s150x150/104655610_734890267265839_7042082510067431729_n.jpg?tp=1&_nc_ht=instagram.fagc2-1.fna.fbcdn.net&_nc_ohc=Q9yxDDyzyrwAX9Xuts8&ccb=7-4&oh=d86b1b6d639825b0f55d29acf1a38f6f&oe=608866EF&_nc_sid=9fb510",
                    "username": "airpods_case_1"
                },
                "likes_count": 1
            }
        ]
    },
    {
        "id": 17900664700573503,
        "created_at": 1601635131,
        "text": "Available bro",
        "owner": {
            "id": "537125327",
            "is_verified": false,
            "profile_pic_url": "https://instagram.fagc2-1.fna.fbcdn.net/v/t51.2885-19/s150x150/118496560_3574649062559582_7892101262223475831_n.jpg?tp=1&_nc_ht=instagram.fagc2-1.fna.fbcdn.net&_nc_ohc=KYM4ZhC0wNUAX-5mdof&ccb=7-4&oh=638cf94866ba17307b513cff1a3b53e2&oe=6086CAC9&_nc_sid=9fb510",
            "username": "rameshchoudhary5"
        },
        "likes_count": 0,
        "answers": [
            {
                "id": 17863079909086423,
                "created_at": 1601636310,
                "text": "@rameshchoudhary5 yes",
                "owner": {
                    "id": "31345321949",
                    "is_verified": false,
                    "profile_pic_url": "https://instagram.fagc2-1.fna.fbcdn.net/v/t51.2885-19/s150x150/104655610_734890267265839_7042082510067431729_n.jpg?tp=1&_nc_ht=instagram.fagc2-1.fna.fbcdn.net&_nc_ohc=Q9yxDDyzyrwAX9Xuts8&ccb=7-4&oh=d86b1b6d639825b0f55d29acf1a38f6f&oe=608866EF&_nc_sid=9fb510",
                    "username": "airpods_case_1"
                },
                "likes_count": 0
            }
        ]
    },
    {
        "id": 18122743285117194,
        "created_at": 1593931013,
        "text": "Order kese hoyega",
        "owner": {
            "id": "31860850796",
            "is_verified": false,
            "profile_pic_url": "https://instagram.fagc2-1.fna.fbcdn.net/v/t51.2885-19/s150x150/162026834_101684778657872_5730557365739591291_n.jpg?tp=1&_nc_ht=instagram.fagc2-1.fna.fbcdn.net&_nc_ohc=CQya5P0X9QEAX88Xv7m&ccb=7-4&oh=064ade36acc6ed51025153aec4c85d36&oe=608656C5&_nc_sid=9fb510",
            "username": "beingsuhail3"
        },
        "likes_count": 0,
        "answers": [
            {
                "id": 17925947392410402,
                "created_at": 1593931061,
                "text": "@being_suhail3 dm me",
                "owner": {
                    "id": "31345321949",
                    "is_verified": false,
                    "profile_pic_url": "https://instagram.fagc2-1.fna.fbcdn.net/v/t51.2885-19/s150x150/104655610_734890267265839_7042082510067431729_n.jpg?tp=1&_nc_ht=instagram.fagc2-1.fna.fbcdn.net&_nc_ohc=Q9yxDDyzyrwAX9Xuts8&ccb=7-4&oh=d86b1b6d639825b0f55d29acf1a38f6f&oe=608866EF&_nc_sid=9fb510",
                    "username": "airpods_case_1"
                },
                "likes_count": 0
            }
        ]
    }
]