[
    {
        "id": 17866025069284120,
        "created_at": 1611341615,
        "text": "Price",
        "owner": {
            "id": "40202182825",
            "is_verified": false,
            "profile_pic_url": "https://instagram.fagc2-1.fna.fbcdn.net/v/t51.2885-19/s150x150/117971313_111845043966584_8717994223254468203_n.jpg?tp=1&_nc_ht=instagram.fagc2-1.fna.fbcdn.net&_nc_ohc=fetdPJwrUJsAX8QrXLF&ccb=7-4&oh=167fbdf9ffc6695931de0f3c162115ff&oe=60874F56&_nc_sid=9fb510",
            "username": "prepared.dishes"
        },
        "likes_count": 0,
        "answers": []
    },
    {
        "id": 17974239553326272,
        "created_at": 1602789537,
        "text": "Price",
        "owner": {
            "id": "211700687",
            "is_verified": false,
            "profile_pic_url": "https://instagram.fagc2-1.fna.fbcdn.net/v/t51.2885-19/s150x150/13398496_524244101095955_287900444_a.jpg?tp=1&_nc_ht=instagram.fagc2-1.fna.fbcdn.net&_nc_ohc=DLireBhFMDoAX8drPll&ccb=7-4&oh=992334dbfa138053c322fa298bd64384&oe=6086A793&_nc_sid=9fb510",
            "username": "auto.trump"
        },
        "likes_count": 0,
        "answers": []
    },
    {
        "id": 17924842549438733,
        "created_at": 1599646524,
        "text": "How much n delivery in how many days to new delhi",
        "owner": {
            "id": "3658382125",
            "is_verified": false,
            "profile_pic_url": "https://instagram.fagc2-1.fna.fbcdn.net/v/t51.2885-19/s150x150/43550478_477298379444720_7882437866419126272_n.jpg?tp=1&_nc_ht=instagram.fagc2-1.fna.fbcdn.net&_nc_ohc=fDXrcowviEYAX98H-es&ccb=7-4&oh=332c45171791a75abe1cde13ad7106e3&oe=6086385B&_nc_sid=9fb510",
            "username": "puneet_ahuja20"
        },
        "likes_count": 0,
        "answers": [
            {
                "id": 17846149184338030,
                "created_at": 1599646605,
                "text": "@puneet_ahuja20 check your dm miss",
                "owner": {
                    "id": "31345321949",
                    "is_verified": false,
                    "profile_pic_url": "https://instagram.fagc2-1.fna.fbcdn.net/v/t51.2885-19/s150x150/104655610_734890267265839_7042082510067431729_n.jpg?tp=1&_nc_ht=instagram.fagc2-1.fna.fbcdn.net&_nc_ohc=Q9yxDDyzyrwAX9Xuts8&ccb=7-4&oh=d86b1b6d639825b0f55d29acf1a38f6f&oe=608866EF&_nc_sid=9fb510",
                    "username": "airpods_case_1"
                },
                "likes_count": 0
            }
        ]
    },
    {
        "id": 18074718466216217,
        "created_at": 1598963405,
        "text": "Pp",
        "owner": {
            "id": "1784386742",
            "is_verified": false,
            "profile_pic_url": "https://instagram.fagc2-1.fna.fbcdn.net/v/t51.2885-19/s150x150/52446512_2024161451224112_9039332383278497792_n.jpg?tp=1&_nc_ht=instagram.fagc2-1.fna.fbcdn.net&_nc_ohc=PHZX6SCYdP0AX_Q22PH&ccb=7-4&oh=70aa6812ae0e0a0c281129d73d2dc806&oe=60869476&_nc_sid=9fb510",
            "username": "styloooo__vin"
        },
        "likes_count": 0,
        "answers": [
            {
                "id": 18163185799059615,
                "created_at": 1598963573,
                "text": "@styloooo__vin 360",
                "owner": {
                    "id": "31345321949",
                    "is_verified": false,
                    "profile_pic_url": "https://instagram.fagc2-1.fna.fbcdn.net/v/t51.2885-19/s150x150/104655610_734890267265839_7042082510067431729_n.jpg?tp=1&_nc_ht=instagram.fagc2-1.fna.fbcdn.net&_nc_ohc=Q9yxDDyzyrwAX9Xuts8&ccb=7-4&oh=d86b1b6d639825b0f55d29acf1a38f6f&oe=608866EF&_nc_sid=9fb510",
                    "username": "airpods_case_1"
                },
                "likes_count": 0
            }
        ]
    }
]