[
    {
        "id": 17896260937905459,
        "created_at": 1616576622,
        "text": "Pp",
        "owner": {
            "id": "16411978659",
            "is_verified": false,
            "profile_pic_url": "https://instagram.fagc2-1.fna.fbcdn.net/v/t51.2885-19/s150x150/90982838_1211860172317881_8853399439398666240_n.jpg?tp=1&_nc_ht=instagram.fagc2-1.fna.fbcdn.net&_nc_ohc=ooXrMP6gIikAX9ZNN1o&ccb=7-4&oh=7c5f802ca69bcea2fa93b85a62ab817d&oe=6087390F&_nc_sid=9fb510",
            "username": "basant.surya"
        },
        "likes_count": 0,
        "answers": []
    },
    {
        "id": 17959524565382454,
        "created_at": 1612377354,
        "text": "Price",
        "owner": {
            "id": "11363707911",
            "is_verified": false,
            "profile_pic_url": "https://instagram.flca1-1.fna.fbcdn.net/v/t51.2885-19/44884218_345707102882519_2446069589734326272_n.jpg?_nc_ht=instagram.flca1-1.fna.fbcdn.net&_nc_ohc=hLTkwc3uTqUAX-XoPMw&ccb=7-4&oh=5f5cce0cab497cf91a711d42c409335b&oe=6087738F&_nc_sid=712cc3&ig_cache_key=YW5vbnltb3VzX3Byb2ZpbGVfcGlj.2-ccb7-4",
            "username": "yadovanshibhawna31"
        },
        "likes_count": 0,
        "answers": []
    },
    {
        "id": 17979043759338023,
        "created_at": 1610376904,
        "text": "What about this",
        "owner": {
            "id": "1126719918",
            "is_verified": false,
            "profile_pic_url": "https://instagram.fagc2-1.fna.fbcdn.net/v/t51.2885-19/s150x150/65692635_2312042165728103_2607812221241131008_n.jpg?tp=1&_nc_ht=instagram.fagc2-1.fna.fbcdn.net&_nc_ohc=dOQ032HtKJoAX8LwZ8Z&ccb=7-4&oh=93ca10c6b7bfcc0775a8e3b7bc1c82e8&oe=608642D2&_nc_sid=9fb510",
            "username": "dhiren_05"
        },
        "likes_count": 0,
        "answers": []
    },
    {
        "id": 18003906469305966,
        "created_at": 1610363081,
        "text": "Available for AirPod 2nd generation ?",
        "owner": {
            "id": "1551029884",
            "is_verified": false,
            "profile_pic_url": "https://instagram.fagc2-1.fna.fbcdn.net/v/t51.2885-19/s150x150/124040242_196691285432237_4292855371226684483_n.jpg?tp=1&_nc_ht=instagram.fagc2-1.fna.fbcdn.net&_nc_ohc=CgNS7FbA4cQAX9O7UpH&ccb=7-4&oh=d1ac4fc94748a6da3201d5c1a9af1b50&oe=60875BD0&_nc_sid=9fb510",
            "username": "karthicksampath22"
        },
        "likes_count": 0,
        "answers": [
            {
                "id": 17900958037728266,
                "created_at": 1610363115,
                "text": "@karthicksampath22 this one not available for 2nd generation",
                "owner": {
                    "id": "31345321949",
                    "is_verified": false,
                    "profile_pic_url": "https://instagram.fagc2-1.fna.fbcdn.net/v/t51.2885-19/s150x150/104655610_734890267265839_7042082510067431729_n.jpg?tp=1&_nc_ht=instagram.fagc2-1.fna.fbcdn.net&_nc_ohc=Q9yxDDyzyrwAX9Xuts8&ccb=7-4&oh=d86b1b6d639825b0f55d29acf1a38f6f&oe=608866EF&_nc_sid=9fb510",
                    "username": "airpods_case_1"
                },
                "likes_count": 0
            }
        ]
    },
    {
        "id": 17846853572509345,
        "created_at": 1610127002,
        "text": "Price",
        "owner": {
            "id": "3723201807",
            "is_verified": false,
            "profile_pic_url": "https://instagram.fagc2-1.fna.fbcdn.net/v/t51.2885-19/s150x150/154137996_2747820112137427_7446078174181822240_n.jpg?tp=1&_nc_ht=instagram.fagc2-1.fna.fbcdn.net&_nc_ohc=jj5L_zHMi-kAX8dUv7D&ccb=7-4&oh=27514afcebc405ac525393d1c3be7055&oe=60885739&_nc_sid=9fb510",
            "username": "shiva_starzs"
        },
        "likes_count": 0,
        "answers": [
            {
                "id": 18053277517277121,
                "created_at": 1610127034,
                "text": "@shiva_starzz check dm",
                "owner": {
                    "id": "31345321949",
                    "is_verified": false,
                    "profile_pic_url": "https://instagram.fagc2-1.fna.fbcdn.net/v/t51.2885-19/s150x150/104655610_734890267265839_7042082510067431729_n.jpg?tp=1&_nc_ht=instagram.fagc2-1.fna.fbcdn.net&_nc_ohc=Q9yxDDyzyrwAX9Xuts8&ccb=7-4&oh=d86b1b6d639825b0f55d29acf1a38f6f&oe=608866EF&_nc_sid=9fb510",
                    "username": "airpods_case_1"
                },
                "likes_count": 0
            }
        ]
    },
    {
        "id": 18094388647210444,
        "created_at": 1609228830,
        "text": "Is ki kya prices hai",
        "owner": {
            "id": "42360794653",
            "is_verified": false,
            "profile_pic_url": "https://instagram.fagc2-1.fna.fbcdn.net/v/t51.2885-19/s150x150/119964596_620981015257568_6065392461756027494_n.jpg?tp=1&_nc_ht=instagram.fagc2-1.fna.fbcdn.net&_nc_ohc=it-B1USph20AX-Sxg8k&ccb=7-4&oh=6834381b1eff244924bae506e70e0da6&oe=60896C20&_nc_sid=9fb510",
            "username": "cutte_buddy"
        },
        "likes_count": 1,
        "answers": [
            {
                "id": 18086463265227258,
                "created_at": 1609228960,
                "text": "@cutte_buddy check dm",
                "owner": {
                    "id": "31345321949",
                    "is_verified": false,
                    "profile_pic_url": "https://instagram.fagc2-1.fna.fbcdn.net/v/t51.2885-19/s150x150/104655610_734890267265839_7042082510067431729_n.jpg?tp=1&_nc_ht=instagram.fagc2-1.fna.fbcdn.net&_nc_ohc=Q9yxDDyzyrwAX9Xuts8&ccb=7-4&oh=d86b1b6d639825b0f55d29acf1a38f6f&oe=608866EF&_nc_sid=9fb510",
                    "username": "airpods_case_1"
                },
                "likes_count": 0
            }
        ]
    },
    {
        "id": 17890284298780677,
        "created_at": 1607256515,
        "text": "Hed ve",
        "owner": {
            "id": "1338630977",
            "is_verified": false,
            "profile_pic_url": "https://instagram.fagc2-1.fna.fbcdn.net/v/t51.2885-19/s150x150/122497370_664447514442989_7349432786679955508_n.jpg?tp=1&_nc_ht=instagram.fagc2-1.fna.fbcdn.net&_nc_ohc=G1gCGlmtcK4AX92PmsM&ccb=7-4&oh=c8c2a62067d4027f5dd1c03856ac9123&oe=6089E5BC&_nc_sid=9fb510",
            "username": "tushig_a"
        },
        "likes_count": 0,
        "answers": []
    },
    {
        "id": 17883003340888623,
        "created_at": 1606032461,
        "text": "Pp ?",
        "owner": {
            "id": "3430205014",
            "is_verified": false,
            "profile_pic_url": "https://instagram.fagc2-1.fna.fbcdn.net/v/t51.2885-19/s150x150/123820260_353202765982009_6220548055318657276_n.jpg?tp=1&_nc_ht=instagram.fagc2-1.fna.fbcdn.net&_nc_ohc=VCBAUxapTuYAX_ZCfpc&ccb=7-4&oh=bebe0eb0862219a4b130644284a18840&oe=6088E8EA&_nc_sid=9fb510",
            "username": "bhartikansal_"
        },
        "likes_count": 0,
        "answers": []
    },
    {
        "id": 17873833508002396,
        "created_at": 1604304291,
        "text": "Pp",
        "owner": {
            "id": "1402061940",
            "is_verified": false,
            "profile_pic_url": "https://instagram.fagc2-1.fna.fbcdn.net/v/t51.2885-19/s150x150/156301689_184287639817266_4433810354305989007_n.jpg?tp=1&_nc_ht=instagram.fagc2-1.fna.fbcdn.net&_nc_ohc=7DdAx_wBasoAX9ASeSE&ccb=7-4&oh=333dc3aa52f0ad5c7d1bc0ed161d0c31&oe=60889C94&_nc_sid=9fb510",
            "username": "satishkumar93"
        },
        "likes_count": 0,
        "answers": []
    },
    {
        "id": 17874815884919394,
        "created_at": 1603185809,
        "text": "Qiymet?",
        "owner": {
            "id": "35366672512",
            "is_verified": false,
            "profile_pic_url": "https://instagram.fagc2-1.fna.fbcdn.net/v/t51.2885-19/s150x150/159181277_179218317127976_8277769229965139392_n.jpg?tp=1&_nc_ht=instagram.fagc2-1.fna.fbcdn.net&_nc_ohc=3gkUsgD1phsAX9GbXXk&ccb=7-4&oh=be05b5f62fb45f5f9f13208db6334b6f&oe=6086D586&_nc_sid=9fb510",
            "username": "zeaawsl"
        },
        "likes_count": 0,
        "answers": [
            {
                "id": 17897049829627177,
                "created_at": 1603187571,
                "text": "@zeyno_art_ dm",
                "owner": {
                    "id": "31345321949",
                    "is_verified": false,
                    "profile_pic_url": "https://instagram.fagc2-1.fna.fbcdn.net/v/t51.2885-19/s150x150/104655610_734890267265839_7042082510067431729_n.jpg?tp=1&_nc_ht=instagram.fagc2-1.fna.fbcdn.net&_nc_ohc=Q9yxDDyzyrwAX9Xuts8&ccb=7-4&oh=d86b1b6d639825b0f55d29acf1a38f6f&oe=608866EF&_nc_sid=9fb510",
                    "username": "airpods_case_1"
                },
                "likes_count": 0
            }
        ]
    },
    {
        "id": 17859096563211203,
        "created_at": 1602956456,
        "text": "Pp",
        "owner": {
            "id": "41140450229",
            "is_verified": false,
            "profile_pic_url": "https://instagram.fagc2-1.fna.fbcdn.net/v/t51.2885-19/s150x150/118747709_641533933172483_5158454522585877827_n.jpg?tp=1&_nc_ht=instagram.fagc2-1.fna.fbcdn.net&_nc_ohc=-thlTuEEzq0AX9_iQyP&ccb=7-4&oh=d03a1129ad70967a57a7151d07231a57&oe=6087133E&_nc_sid=9fb510",
            "username": "clothingpallete240"
        },
        "likes_count": 0,
        "answers": [
            {
                "id": 17914722226496300,
                "created_at": 1602956590,
                "text": "@clothingpallete240 check dm",
                "owner": {
                    "id": "31345321949",
                    "is_verified": false,
                    "profile_pic_url": "https://instagram.fagc2-1.fna.fbcdn.net/v/t51.2885-19/s150x150/104655610_734890267265839_7042082510067431729_n.jpg?tp=1&_nc_ht=instagram.fagc2-1.fna.fbcdn.net&_nc_ohc=Q9yxDDyzyrwAX9Xuts8&ccb=7-4&oh=d86b1b6d639825b0f55d29acf1a38f6f&oe=608866EF&_nc_sid=9fb510",
                    "username": "airpods_case_1"
                },
                "likes_count": 0
            }
        ]
    }
]