[
    {
        "id": 17847867308543828,
        "created_at": 1616335347,
        "text": "Price?",
        "owner": {
            "id": "702130527",
            "is_verified": false,
            "profile_pic_url": "https://instagram.fagc2-1.fna.fbcdn.net/v/t51.2885-19/s150x150/131561330_225813455602765_3254843744124870858_n.jpg?tp=1&_nc_ht=instagram.fagc2-1.fna.fbcdn.net&_nc_ohc=Udtq-oQvMmcAX81LX-D&ccb=7-4&oh=a0011b02e9e5bae7f5d16478d673637b&oe=60879BC8&_nc_sid=9fb510",
            "username": "rizkii.hdyt"
        },
        "likes_count": 0,
        "answers": [
            {
                "id": 17892106267900417,
                "created_at": 1616338286,
                "text": "@rizkii.hdyt check dm",
                "owner": {
                    "id": "31345321949",
                    "is_verified": false,
                    "profile_pic_url": "https://instagram.fagc2-1.fna.fbcdn.net/v/t51.2885-19/s150x150/104655610_734890267265839_7042082510067431729_n.jpg?tp=1&_nc_ht=instagram.fagc2-1.fna.fbcdn.net&_nc_ohc=Q9yxDDyzyrwAX9Xuts8&ccb=7-4&oh=d86b1b6d639825b0f55d29acf1a38f6f&oe=608866EF&_nc_sid=9fb510",
                    "username": "airpods_case_1"
                },
                "likes_count": 0
            }
        ]
    },
    {
        "id": 17898010222797214,
        "created_at": 1614595265,
        "text": "Price?",
        "owner": {
            "id": "2287997053",
            "is_verified": false,
            "profile_pic_url": "https://instagram.fagc2-1.fna.fbcdn.net/v/t51.2885-19/s150x150/159678741_2927878084201881_5031666920173951313_n.jpg?tp=1&_nc_ht=instagram.fagc2-1.fna.fbcdn.net&_nc_ohc=AJbz-Cj_W40AX-ltkt6&ccb=7-4&oh=196ddf1bad81800cfb07be6f552e0c4a&oe=608635A2&_nc_sid=9fb510",
            "username": "virendra__"
        },
        "likes_count": 0,
        "answers": [
            {
                "id": 18144010138131586,
                "created_at": 1614600226,
                "text": "@virendra__ check dm",
                "owner": {
                    "id": "31345321949",
                    "is_verified": false,
                    "profile_pic_url": "https://instagram.fagc2-1.fna.fbcdn.net/v/t51.2885-19/s150x150/104655610_734890267265839_7042082510067431729_n.jpg?tp=1&_nc_ht=instagram.fagc2-1.fna.fbcdn.net&_nc_ohc=Q9yxDDyzyrwAX9Xuts8&ccb=7-4&oh=d86b1b6d639825b0f55d29acf1a38f6f&oe=608866EF&_nc_sid=9fb510",
                    "username": "airpods_case_1"
                },
                "likes_count": 0
            }
        ]
    },
    {
        "id": 17920647160559150,
        "created_at": 1613639595,
        "text": "Mujhe price bata dy",
        "owner": {
            "id": "43323181033",
            "is_verified": false,
            "profile_pic_url": "https://instagram.fagc2-1.fna.fbcdn.net/v/t51.2885-19/s150x150/121124445_277420586644361_5950846756416474245_n.jpg?tp=1&_nc_ht=instagram.fagc2-1.fna.fbcdn.net&_nc_ohc=jZVkRgrpXnwAX_g1XbX&ccb=7-4&oh=0ada4374854c6c66a9300ab808cd27df&oe=6088AF33&_nc_sid=9fb510",
            "username": "arisha_nazim"
        },
        "likes_count": 0,
        "answers": [
            {
                "id": 17931812893463208,
                "created_at": 1613639622,
                "text": "@arisha_nazim check dm",
                "owner": {
                    "id": "31345321949",
                    "is_verified": false,
                    "profile_pic_url": "https://instagram.fagc2-1.fna.fbcdn.net/v/t51.2885-19/s150x150/104655610_734890267265839_7042082510067431729_n.jpg?tp=1&_nc_ht=instagram.fagc2-1.fna.fbcdn.net&_nc_ohc=Q9yxDDyzyrwAX9Xuts8&ccb=7-4&oh=d86b1b6d639825b0f55d29acf1a38f6f&oe=608866EF&_nc_sid=9fb510",
                    "username": "airpods_case_1"
                },
                "likes_count": 0
            }
        ]
    },
    {
        "id": 17872241042249663,
        "created_at": 1613638719,
        "text": "Price bata dy",
        "owner": {
            "id": "43323181033",
            "is_verified": false,
            "profile_pic_url": "https://instagram.fagc2-1.fna.fbcdn.net/v/t51.2885-19/s150x150/121124445_277420586644361_5950846756416474245_n.jpg?tp=1&_nc_ht=instagram.fagc2-1.fna.fbcdn.net&_nc_ohc=jZVkRgrpXnwAX_g1XbX&ccb=7-4&oh=0ada4374854c6c66a9300ab808cd27df&oe=6088AF33&_nc_sid=9fb510",
            "username": "arisha_nazim"
        },
        "likes_count": 0,
        "answers": [
            {
                "id": 17896943716795968,
                "created_at": 1613639516,
                "text": "@arisha_nazim check dm",
                "owner": {
                    "id": "31345321949",
                    "is_verified": false,
                    "profile_pic_url": "https://instagram.fagc2-1.fna.fbcdn.net/v/t51.2885-19/s150x150/104655610_734890267265839_7042082510067431729_n.jpg?tp=1&_nc_ht=instagram.fagc2-1.fna.fbcdn.net&_nc_ohc=Q9yxDDyzyrwAX9Xuts8&ccb=7-4&oh=d86b1b6d639825b0f55d29acf1a38f6f&oe=608866EF&_nc_sid=9fb510",
                    "username": "airpods_case_1"
                },
                "likes_count": 0
            }
        ]
    },
    {
        "id": 17898626521760772,
        "created_at": 1613565464,
        "text": "Price please",
        "owner": {
            "id": "1447057576",
            "is_verified": false,
            "profile_pic_url": "https://instagram.fagc2-1.fna.fbcdn.net/v/t51.2885-19/s150x150/135738537_191151329404007_5144122562228845374_n.jpg?tp=1&_nc_ht=instagram.fagc2-1.fna.fbcdn.net&_nc_ohc=TeHot3oDWLcAX-gHMW6&ccb=7-4&oh=5f3c3c8f137d2ee821a23c902e58c61f&oe=608893A8&_nc_sid=9fb510",
            "username": "shardul.art"
        },
        "likes_count": 0,
        "answers": [
            {
                "id": 18139594417090774,
                "created_at": 1613565626,
                "text": "@shardul.art check dm",
                "owner": {
                    "id": "31345321949",
                    "is_verified": false,
                    "profile_pic_url": "https://instagram.fagc2-1.fna.fbcdn.net/v/t51.2885-19/s150x150/104655610_734890267265839_7042082510067431729_n.jpg?tp=1&_nc_ht=instagram.fagc2-1.fna.fbcdn.net&_nc_ohc=Q9yxDDyzyrwAX9Xuts8&ccb=7-4&oh=d86b1b6d639825b0f55d29acf1a38f6f&oe=608866EF&_nc_sid=9fb510",
                    "username": "airpods_case_1"
                },
                "likes_count": 0
            }
        ]
    },
    {
        "id": 17857090403437076,
        "created_at": 1612584948,
        "text": "Price",
        "owner": {
            "id": "2933059378",
            "is_verified": false,
            "profile_pic_url": "https://instagram.fagc2-1.fna.fbcdn.net/v/t51.2885-19/s150x150/157358386_432138671376203_1482060615355459567_n.jpg?tp=1&_nc_ht=instagram.fagc2-1.fna.fbcdn.net&_nc_ohc=Whn9qkdmR_cAX9bAgBT&ccb=7-4&oh=c6a08806ed097c6f8c8fee7acec199f2&oe=60873495&_nc_sid=9fb510",
            "username": "i.rxsandhu13"
        },
        "likes_count": 0,
        "answers": []
    },
    {
        "id": 17870098706219434,
        "created_at": 1612532561,
        "text": "Pp",
        "owner": {
            "id": "3888296944",
            "is_verified": false,
            "profile_pic_url": "https://instagram.fagc2-1.fna.fbcdn.net/v/t51.2885-19/s150x150/89814983_514406302593808_5889467578153172992_n.jpg?tp=1&_nc_ht=instagram.fagc2-1.fna.fbcdn.net&_nc_ohc=m6Ruq6B7bY4AX8HmsIF&ccb=7-4&oh=d0879743f5cd614e8eb61ac64a848ed7&oe=6088C0B8&_nc_sid=9fb510",
            "username": "swatii_chawlaa"
        },
        "likes_count": 0,
        "answers": [
            {
                "id": 17945181352416914,
                "created_at": 1612540376,
                "text": "@swatii_chawlaa check dm",
                "owner": {
                    "id": "31345321949",
                    "is_verified": false,
                    "profile_pic_url": "https://instagram.fagc2-1.fna.fbcdn.net/v/t51.2885-19/s150x150/104655610_734890267265839_7042082510067431729_n.jpg?tp=1&_nc_ht=instagram.fagc2-1.fna.fbcdn.net&_nc_ohc=Q9yxDDyzyrwAX9Xuts8&ccb=7-4&oh=d86b1b6d639825b0f55d29acf1a38f6f&oe=608866EF&_nc_sid=9fb510",
                    "username": "airpods_case_1"
                },
                "likes_count": 0
            }
        ]
    },
    {
        "id": 18138502963084878,
        "created_at": 1612527189,
        "text": "Price?",
        "owner": {
            "id": "1795984494",
            "is_verified": false,
            "profile_pic_url": "https://instagram.fagc2-1.fna.fbcdn.net/v/t51.2885-19/s150x150/121737363_3382904388455031_5760669257524202072_n.jpg?tp=1&_nc_ht=instagram.fagc2-1.fna.fbcdn.net&_nc_ohc=E-2E3HJ6iPMAX9CDgQr&ccb=7-4&oh=547c780226d672775aadda815cfa1542&oe=6086C846&_nc_sid=9fb510",
            "username": "alibiisabek"
        },
        "likes_count": 0,
        "answers": [
            {
                "id": 18189862105044867,
                "created_at": 1612540281,
                "text": "@alibiisabek check dm",
                "owner": {
                    "id": "31345321949",
                    "is_verified": false,
                    "profile_pic_url": "https://instagram.fagc2-1.fna.fbcdn.net/v/t51.2885-19/s150x150/104655610_734890267265839_7042082510067431729_n.jpg?tp=1&_nc_ht=instagram.fagc2-1.fna.fbcdn.net&_nc_ohc=Q9yxDDyzyrwAX9Xuts8&ccb=7-4&oh=d86b1b6d639825b0f55d29acf1a38f6f&oe=608866EF&_nc_sid=9fb510",
                    "username": "airpods_case_1"
                },
                "likes_count": 0
            }
        ]
    },
    {
        "id": 17926587184500475,
        "created_at": 1612002444,
        "text": "Price ?",
        "owner": {
            "id": "3137921323",
            "is_verified": false,
            "profile_pic_url": "https://instagram.fagc2-1.fna.fbcdn.net/v/t51.2885-19/s150x150/159284101_1123333498187156_2782953945661745509_n.jpg?tp=1&_nc_ht=instagram.fagc2-1.fna.fbcdn.net&_nc_ohc=4zsKQfesjXoAX-voCas&ccb=7-4&oh=f18849d0afe118fd61b782de1a65fb36&oe=60880BA3&_nc_sid=9fb510",
            "username": "dvnzu_12"
        },
        "likes_count": 0,
        "answers": [
            {
                "id": 17954015248393488,
                "created_at": 1612009598,
                "text": "@dvnzu_12 check dm",
                "owner": {
                    "id": "31345321949",
                    "is_verified": false,
                    "profile_pic_url": "https://instagram.fagc2-1.fna.fbcdn.net/v/t51.2885-19/s150x150/104655610_734890267265839_7042082510067431729_n.jpg?tp=1&_nc_ht=instagram.fagc2-1.fna.fbcdn.net&_nc_ohc=Q9yxDDyzyrwAX9Xuts8&ccb=7-4&oh=d86b1b6d639825b0f55d29acf1a38f6f&oe=608866EF&_nc_sid=9fb510",
                    "username": "airpods_case_1"
                },
                "likes_count": 0
            }
        ]
    },
    {
        "id": 17871745211241380,
        "created_at": 1611923049,
        "text": "price ??",
        "owner": {
            "id": "8998084445",
            "is_verified": false,
            "profile_pic_url": "https://instagram.fagc2-1.fna.fbcdn.net/v/t51.2885-19/s150x150/122393205_412600693468882_8541696247395894038_n.jpg?tp=1&_nc_ht=instagram.fagc2-1.fna.fbcdn.net&_nc_ohc=T74T9MneDc8AX9Ztg1m&ccb=7-4&oh=aea0bd2cf49d0d136189ed14fbd47e16&oe=6086BF4B&_nc_sid=9fb510",
            "username": "gurpreet.05_"
        },
        "likes_count": 0,
        "answers": [
            {
                "id": 17892238051896647,
                "created_at": 1611923195,
                "text": "@gurpreet.05_ check dm",
                "owner": {
                    "id": "31345321949",
                    "is_verified": false,
                    "profile_pic_url": "https://instagram.fagc2-1.fna.fbcdn.net/v/t51.2885-19/s150x150/104655610_734890267265839_7042082510067431729_n.jpg?tp=1&_nc_ht=instagram.fagc2-1.fna.fbcdn.net&_nc_ohc=Q9yxDDyzyrwAX9Xuts8&ccb=7-4&oh=d86b1b6d639825b0f55d29acf1a38f6f&oe=608866EF&_nc_sid=9fb510",
                    "username": "airpods_case_1"
                },
                "likes_count": 0
            }
        ]
    },
    {
        "id": 17858025119451946,
        "created_at": 1611826514,
        "text": "Price bro",
        "owner": {
            "id": "6715735102",
            "is_verified": false,
            "profile_pic_url": "https://instagram.fagc2-1.fna.fbcdn.net/v/t51.2885-19/s150x150/160930102_212399323968167_8886291931359534518_n.jpg?tp=1&_nc_ht=instagram.fagc2-1.fna.fbcdn.net&_nc_ohc=o3vVDAMmxqMAX9-h9Ql&ccb=7-4&oh=5f0e603f1c6e3ae6676ac5ac096e29f9&oe=60895A99&_nc_sid=9fb510",
            "username": "vicky_6315"
        },
        "likes_count": 0,
        "answers": [
            {
                "id": 17901599854701528,
                "created_at": 1611855261,
                "text": "@vicky_6315 check dm",
                "owner": {
                    "id": "31345321949",
                    "is_verified": false,
                    "profile_pic_url": "https://instagram.fagc2-1.fna.fbcdn.net/v/t51.2885-19/s150x150/104655610_734890267265839_7042082510067431729_n.jpg?tp=1&_nc_ht=instagram.fagc2-1.fna.fbcdn.net&_nc_ohc=Q9yxDDyzyrwAX9Xuts8&ccb=7-4&oh=d86b1b6d639825b0f55d29acf1a38f6f&oe=608866EF&_nc_sid=9fb510",
                    "username": "airpods_case_1"
                },
                "likes_count": 0
            }
        ]
    },
    {
        "id": 17853553805498625,
        "created_at": 1611600075,
        "text": "Price",
        "owner": {
            "id": "4104117575",
            "is_verified": false,
            "profile_pic_url": "https://instagram.fagc2-1.fna.fbcdn.net/v/t51.2885-19/s150x150/92840139_572565700273514_1306701773553008640_n.jpg?tp=1&_nc_ht=instagram.fagc2-1.fna.fbcdn.net&_nc_ohc=cBg91h634_wAX_VCQTU&ccb=7-4&oh=756fb970af8e5c29c7c5a27212b1e99c&oe=6088FD93&_nc_sid=9fb510",
            "username": "gulati_emporium"
        },
        "likes_count": 0,
        "answers": [
            {
                "id": 17871904682171673,
                "created_at": 1611630251,
                "text": "@gulati_emporium check dm",
                "owner": {
                    "id": "31345321949",
                    "is_verified": false,
                    "profile_pic_url": "https://instagram.fagc2-1.fna.fbcdn.net/v/t51.2885-19/s150x150/104655610_734890267265839_7042082510067431729_n.jpg?tp=1&_nc_ht=instagram.fagc2-1.fna.fbcdn.net&_nc_ohc=Q9yxDDyzyrwAX9Xuts8&ccb=7-4&oh=d86b1b6d639825b0f55d29acf1a38f6f&oe=608866EF&_nc_sid=9fb510",
                    "username": "airpods_case_1"
                },
                "likes_count": 0
            }
        ]
    },
    {
        "id": 17889640705875311,
        "created_at": 1611233953,
        "text": "Price?",
        "owner": {
            "id": "1391258136",
            "is_verified": false,
            "profile_pic_url": "https://instagram.fagc2-1.fna.fbcdn.net/v/t51.2885-19/s150x150/140434015_422855329033997_9188253116637274997_n.jpg?tp=1&_nc_ht=instagram.fagc2-1.fna.fbcdn.net&_nc_ohc=ldz4B3I0yVYAX-SP2y3&ccb=7-4&oh=4bebb9a22962c58b10745f393812c13f&oe=60883D9F&_nc_sid=9fb510",
            "username": "__raish"
        },
        "likes_count": 0,
        "answers": [
            {
                "id": 17902158322705304,
                "created_at": 1611254401,
                "text": "@__raish check dm",
                "owner": {
                    "id": "31345321949",
                    "is_verified": false,
                    "profile_pic_url": "https://instagram.fagc2-1.fna.fbcdn.net/v/t51.2885-19/s150x150/104655610_734890267265839_7042082510067431729_n.jpg?tp=1&_nc_ht=instagram.fagc2-1.fna.fbcdn.net&_nc_ohc=Q9yxDDyzyrwAX9Xuts8&ccb=7-4&oh=d86b1b6d639825b0f55d29acf1a38f6f&oe=608866EF&_nc_sid=9fb510",
                    "username": "airpods_case_1"
                },
                "likes_count": 0
            }
        ]
    },
    {
        "id": 17905490995631870,
        "created_at": 1610699084,
        "text": "Price?",
        "owner": {
            "id": "3627479317",
            "is_verified": false,
            "profile_pic_url": "https://instagram.fagc2-1.fna.fbcdn.net/v/t51.2885-19/s150x150/160944119_367782294263650_427512702848753827_n.jpg?tp=1&_nc_ht=instagram.fagc2-1.fna.fbcdn.net&_nc_ohc=2a68xq_dldQAX8m13d3&ccb=7-4&oh=511bd7237601537f1cf8bbf936a308dd&oe=60892323&_nc_sid=9fb510",
            "username": "kelvin_.a"
        },
        "likes_count": 0,
        "answers": [
            {
                "id": 18152324407118575,
                "created_at": 1610699869,
                "text": "@kelvin_.a check dm",
                "owner": {
                    "id": "31345321949",
                    "is_verified": false,
                    "profile_pic_url": "https://instagram.fagc2-1.fna.fbcdn.net/v/t51.2885-19/s150x150/104655610_734890267265839_7042082510067431729_n.jpg?tp=1&_nc_ht=instagram.fagc2-1.fna.fbcdn.net&_nc_ohc=Q9yxDDyzyrwAX9Xuts8&ccb=7-4&oh=d86b1b6d639825b0f55d29acf1a38f6f&oe=608866EF&_nc_sid=9fb510",
                    "username": "airpods_case_1"
                },
                "likes_count": 0
            }
        ]
    },
    {
        "id": 17882489816020120,
        "created_at": 1610693057,
        "text": "\ud835\udc3b\ud835\udc5a?",
        "owner": {
            "id": "44194142704",
            "is_verified": false,
            "profile_pic_url": "https://instagram.fagc2-1.fna.fbcdn.net/v/t51.2885-19/s150x150/161669661_787898358830828_5703339656593491604_n.jpg?tp=1&_nc_ht=instagram.fagc2-1.fna.fbcdn.net&_nc_ohc=ThMdLlJTYkEAX92VldU&tn=za4SC_LGqsso3nK8&ccb=7-4&oh=95a95938ea1dc0dff93f95ee25335d26&oe=6086C53E&_nc_sid=9fb510",
            "username": "bannetugap"
        },
        "likes_count": 0,
        "answers": []
    },
    {
        "id": 17875588460126350,
        "created_at": 1610692857,
        "text": "Hm?",
        "owner": {
            "id": "240068027",
            "is_verified": false,
            "profile_pic_url": "https://instagram.fagc2-1.fna.fbcdn.net/v/t51.2885-19/s150x150/163617137_487265325732179_8697988932848305395_n.jpg?tp=1&_nc_ht=instagram.fagc2-1.fna.fbcdn.net&_nc_ohc=Aed04tUKAwoAX_fgeVl&ccb=7-4&oh=5bf0223b8ad733c81d0316500b8c41c6&oe=6086E96F&_nc_sid=9fb510",
            "username": "khaysanjuan"
        },
        "likes_count": 0,
        "answers": []
    },
    {
        "id": 17905268347647850,
        "created_at": 1610554336,
        "text": "Price",
        "owner": {
            "id": "11954719807",
            "is_verified": false,
            "profile_pic_url": "https://instagram.fagc2-1.fna.fbcdn.net/v/t51.2885-19/s150x150/144162639_114755017241727_3076607259526084736_n.jpg?tp=1&_nc_ht=instagram.fagc2-1.fna.fbcdn.net&_nc_ohc=ouSWMGTVWFcAX8Dj0EH&ccb=7-4&oh=725483b8d8993fc842cd1880b0e8a65a&oe=6089E084&_nc_sid=9fb510",
            "username": "soban_rana_67"
        },
        "likes_count": 1,
        "answers": [
            {
                "id": 17869885805215568,
                "created_at": 1610558802,
                "text": "@soban_rana_67 check dm",
                "owner": {
                    "id": "31345321949",
                    "is_verified": false,
                    "profile_pic_url": "https://instagram.fagc2-1.fna.fbcdn.net/v/t51.2885-19/s150x150/104655610_734890267265839_7042082510067431729_n.jpg?tp=1&_nc_ht=instagram.fagc2-1.fna.fbcdn.net&_nc_ohc=Q9yxDDyzyrwAX9Xuts8&ccb=7-4&oh=d86b1b6d639825b0f55d29acf1a38f6f&oe=608866EF&_nc_sid=9fb510",
                    "username": "airpods_case_1"
                },
                "likes_count": 0
            }
        ]
    },
    {
        "id": 17891839492867705,
        "created_at": 1610554127,
        "text": "Price?",
        "owner": {
            "id": "2520148002",
            "is_verified": false,
            "profile_pic_url": "https://instagram.fagc2-1.fna.fbcdn.net/v/t51.2885-19/s150x150/162272754_764462751128344_2522135639188290663_n.jpg?tp=1&_nc_ht=instagram.fagc2-1.fna.fbcdn.net&_nc_ohc=Sd6CnX3lRoAAX9NpVLA&ccb=7-4&oh=9f675dffd7cca51831bb1fccaebbe60f&oe=6088764D&_nc_sid=9fb510",
            "username": "arora_a953"
        },
        "likes_count": 1,
        "answers": [
            {
                "id": 17962758409372290,
                "created_at": 1610558785,
                "text": "@arora_a953 check dm",
                "owner": {
                    "id": "31345321949",
                    "is_verified": false,
                    "profile_pic_url": "https://instagram.fagc2-1.fna.fbcdn.net/v/t51.2885-19/s150x150/104655610_734890267265839_7042082510067431729_n.jpg?tp=1&_nc_ht=instagram.fagc2-1.fna.fbcdn.net&_nc_ohc=Q9yxDDyzyrwAX9Xuts8&ccb=7-4&oh=d86b1b6d639825b0f55d29acf1a38f6f&oe=608866EF&_nc_sid=9fb510",
                    "username": "airpods_case_1"
                },
                "likes_count": 0
            }
        ]
    },
    {
        "id": 18087456790239037,
        "created_at": 1610459500,
        "text": "Price?",
        "owner": {
            "id": "25844873149",
            "is_verified": false,
            "profile_pic_url": "https://instagram.fagc2-1.fna.fbcdn.net/v/t51.2885-19/s150x150/120430049_190159942660265_4312818347997966759_n.jpg?tp=1&_nc_ht=instagram.fagc2-1.fna.fbcdn.net&_nc_ohc=k3kQKiw4cycAX9Kq-nO&ccb=7-4&oh=7f72b6d436dc6777254e5d7aa2111e4a&oe=6087A068&_nc_sid=9fb510",
            "username": "savvy_backpacker1710"
        },
        "likes_count": 1,
        "answers": [
            {
                "id": 17902305151682475,
                "created_at": 1610460358,
                "text": "@savvy_backpacker1710 check dm",
                "owner": {
                    "id": "31345321949",
                    "is_verified": false,
                    "profile_pic_url": "https://instagram.fagc2-1.fna.fbcdn.net/v/t51.2885-19/s150x150/104655610_734890267265839_7042082510067431729_n.jpg?tp=1&_nc_ht=instagram.fagc2-1.fna.fbcdn.net&_nc_ohc=Q9yxDDyzyrwAX9Xuts8&ccb=7-4&oh=d86b1b6d639825b0f55d29acf1a38f6f&oe=608866EF&_nc_sid=9fb510",
                    "username": "airpods_case_1"
                },
                "likes_count": 1
            }
        ]
    },
    {
        "id": 17869607717186098,
        "created_at": 1610312387,
        "text": "Its price",
        "owner": {
            "id": "1559660970",
            "is_verified": false,
            "profile_pic_url": "https://instagram.fagc2-1.fna.fbcdn.net/v/t51.2885-19/s150x150/16789295_1763079077341865_2915330719993561088_a.jpg?tp=1&_nc_ht=instagram.fagc2-1.fna.fbcdn.net&_nc_ohc=_vbQrJr1IvgAX_usd6U&ccb=7-4&oh=a66878a14547019d94bbd9b4689fb7ae&oe=60860D08&_nc_sid=9fb510",
            "username": "ankitjain9892"
        },
        "likes_count": 2,
        "answers": [
            {
                "id": 17910961609612218,
                "created_at": 1612335091,
                "text": "@_bunny4__ check dm",
                "owner": {
                    "id": "31345321949",
                    "profile_pic_url": "https://instagram.fagc2-1.fna.fbcdn.net/v/t51.2885-19/s150x150/104655610_734890267265839_7042082510067431729_n.jpg?tp=1&_nc_ht=instagram.fagc2-1.fna.fbcdn.net&_nc_ohc=Q9yxDDyzyrwAX9Xuts8&ccb=7-4&oh=d86b1b6d639825b0f55d29acf1a38f6f&oe=608866EF&_nc_sid=3f1853",
                    "username": "airpods_case_1"
                },
                "likes_count": 0
            },
            {
                "id": 17904034825708810,
                "created_at": 1612334710,
                "text": "@airpods_case_1 price",
                "owner": {
                    "id": "1592757989",
                    "profile_pic_url": "https://instagram.fagc2-1.fna.fbcdn.net/v/t51.2885-19/s150x150/163546078_891087695044180_3567633517259268045_n.jpg?tp=1&_nc_ht=instagram.fagc2-1.fna.fbcdn.net&_nc_ohc=XwcSDpPAVgUAX-IiCp4&ccb=7-4&oh=69693482185118415ffdb80444bcf445&oe=608962D8&_nc_sid=3f1853",
                    "username": "_bunny4__"
                },
                "likes_count": 0
            },
            {
                "id": 17887747039933334,
                "created_at": 1610340309,
                "text": "@ankitjain9892 check dm",
                "owner": {
                    "id": "31345321949",
                    "profile_pic_url": "https://instagram.fagc2-1.fna.fbcdn.net/v/t51.2885-19/s150x150/104655610_734890267265839_7042082510067431729_n.jpg?tp=1&_nc_ht=instagram.fagc2-1.fna.fbcdn.net&_nc_ohc=Q9yxDDyzyrwAX9Xuts8&ccb=7-4&oh=d86b1b6d639825b0f55d29acf1a38f6f&oe=608866EF&_nc_sid=3f1853",
                    "username": "airpods_case_1"
                },
                "likes_count": 0
            },
            {
                "id": 17868080981264365,
                "created_at": 1610340318,
                "text": "@ankitjain9892 check dm",
                "owner": {
                    "id": "31345321949",
                    "profile_pic_url": "https://instagram.fagc2-1.fna.fbcdn.net/v/t51.2885-19/s150x150/104655610_734890267265839_7042082510067431729_n.jpg?tp=1&_nc_ht=instagram.fagc2-1.fna.fbcdn.net&_nc_ohc=Q9yxDDyzyrwAX9Xuts8&ccb=7-4&oh=d86b1b6d639825b0f55d29acf1a38f6f&oe=608866EF&_nc_sid=3f1853",
                    "username": "airpods_case_1"
                },
                "likes_count": 0
            }
        ]
    },
    {
        "id": 17922378871505145,
        "created_at": 1610229305,
        "text": "Price",
        "owner": {
            "id": "1955151531",
            "is_verified": false,
            "profile_pic_url": "https://instagram.fagc2-1.fna.fbcdn.net/v/t51.2885-19/s150x150/138620176_2812642625662824_7889798714675989407_n.jpg?tp=1&_nc_ht=instagram.fagc2-1.fna.fbcdn.net&_nc_ohc=82MGvAtzih4AX9YsW6M&ccb=7-4&oh=e1282f31d0d488007d2b8a67297123c0&oe=60899244&_nc_sid=9fb510",
            "username": "young_lord.x"
        },
        "likes_count": 1,
        "answers": []
    },
    {
        "id": 18061486387271951,
        "created_at": 1610180509,
        "text": "price ?",
        "owner": {
            "id": "6545087069",
            "is_verified": false,
            "profile_pic_url": "https://instagram.fagc2-1.fna.fbcdn.net/v/t51.2885-19/s150x150/164097111_879137116268151_7853919760902145552_n.jpg?tp=1&_nc_ht=instagram.fagc2-1.fna.fbcdn.net&_nc_ohc=0cnCibfNYbAAX_hZbXc&ccb=7-4&oh=26abb6cc29f1a94d89d82e9c090e4468&oe=60863AFE&_nc_sid=9fb510",
            "username": "manush_.27"
        },
        "likes_count": 1,
        "answers": [
            {
                "id": 17902427416672515,
                "created_at": 1610180552,
                "text": "@manush_.27 check dm",
                "owner": {
                    "id": "31345321949",
                    "is_verified": false,
                    "profile_pic_url": "https://instagram.fagc2-1.fna.fbcdn.net/v/t51.2885-19/s150x150/104655610_734890267265839_7042082510067431729_n.jpg?tp=1&_nc_ht=instagram.fagc2-1.fna.fbcdn.net&_nc_ohc=Q9yxDDyzyrwAX9Xuts8&ccb=7-4&oh=d86b1b6d639825b0f55d29acf1a38f6f&oe=608866EF&_nc_sid=9fb510",
                    "username": "airpods_case_1"
                },
                "likes_count": 0
            }
        ]
    },
    {
        "id": 18025903051291945,
        "created_at": 1610022315,
        "text": "Price",
        "owner": {
            "id": "2003932728",
            "is_verified": false,
            "profile_pic_url": "https://instagram.fagc2-1.fna.fbcdn.net/v/t51.2885-19/s150x150/158858618_201555431757348_3243970309432742992_n.jpg?tp=1&_nc_ht=instagram.fagc2-1.fna.fbcdn.net&_nc_ohc=RhYCXIyTC80AX8xelCi&ccb=7-4&oh=32eff85abbd72c09fb7d985096adb823&oe=608876B0&_nc_sid=9fb510",
            "username": "tarun_kumar98118"
        },
        "likes_count": 1,
        "answers": [
            {
                "id": 17891845783816092,
                "created_at": 1610022389,
                "text": "@tarun_kumar98118 check dm",
                "owner": {
                    "id": "31345321949",
                    "is_verified": false,
                    "profile_pic_url": "https://instagram.fagc2-1.fna.fbcdn.net/v/t51.2885-19/s150x150/104655610_734890267265839_7042082510067431729_n.jpg?tp=1&_nc_ht=instagram.fagc2-1.fna.fbcdn.net&_nc_ohc=Q9yxDDyzyrwAX9Xuts8&ccb=7-4&oh=d86b1b6d639825b0f55d29acf1a38f6f&oe=608866EF&_nc_sid=9fb510",
                    "username": "airpods_case_1"
                },
                "likes_count": 0
            }
        ]
    },
    {
        "id": 18139926640137580,
        "created_at": 1609959150,
        "text": "Merhaba",
        "owner": {
            "id": "3241995102",
            "is_verified": false,
            "profile_pic_url": "https://instagram.fagc2-1.fna.fbcdn.net/v/t51.2885-19/s150x150/132497636_957809624748750_7020993733040835622_n.jpg?tp=1&_nc_ht=instagram.fagc2-1.fna.fbcdn.net&_nc_ohc=N_hb3QwAybEAX8usaQJ&ccb=7-4&oh=7d8be848b6906daf8194869c85202c48&oe=6087DE62&_nc_sid=9fb510",
            "username": "ismtcn_akbb55"
        },
        "likes_count": 1,
        "answers": []
    },
    {
        "id": 17881689290012318,
        "created_at": 1609944302,
        "text": "Pp",
        "owner": {
            "id": "4769892538",
            "is_verified": false,
            "profile_pic_url": "https://instagram.fagc2-1.fna.fbcdn.net/v/t51.2885-19/s150x150/135038748_252446159549645_2177890092240812764_n.jpg?tp=1&_nc_ht=instagram.fagc2-1.fna.fbcdn.net&_nc_ohc=gWsPD9WgKK4AX9mkwgK&ccb=7-4&oh=8d28b920c1d5ffa0e724dd689d85a676&oe=6086D6D7&_nc_sid=9fb510",
            "username": "_suchi__.__"
        },
        "likes_count": 1,
        "answers": [
            {
                "id": 17880901490027837,
                "created_at": 1609949025,
                "text": "@_suchi__.__ check dm",
                "owner": {
                    "id": "31345321949",
                    "is_verified": false,
                    "profile_pic_url": "https://instagram.fagc2-1.fna.fbcdn.net/v/t51.2885-19/s150x150/104655610_734890267265839_7042082510067431729_n.jpg?tp=1&_nc_ht=instagram.fagc2-1.fna.fbcdn.net&_nc_ohc=Q9yxDDyzyrwAX9Xuts8&ccb=7-4&oh=d86b1b6d639825b0f55d29acf1a38f6f&oe=608866EF&_nc_sid=9fb510",
                    "username": "airpods_case_1"
                },
                "likes_count": 0
            }
        ]
    },
    {
        "id": 17867629640300123,
        "created_at": 1609904900,
        "text": "\ud83d\udd25\ud83d\udd25\ud83d\udd25\ud83d\udd25",
        "owner": {
            "id": "43530226429",
            "is_verified": false,
            "profile_pic_url": "https://instagram.fagc2-1.fna.fbcdn.net/v/t51.2885-19/s150x150/154373117_2273812909419005_379489684445382884_n.jpg?tp=1&_nc_ht=instagram.fagc2-1.fna.fbcdn.net&_nc_ohc=-oopxOS1I6gAX_fn3QD&ccb=7-4&oh=5bd240b3900b0a887dee772e20772393&oe=608987C6&_nc_sid=9fb510",
            "username": "putradanishrayyan"
        },
        "likes_count": 0,
        "answers": []
    },
    {
        "id": 17871634547139604,
        "created_at": 1609904856,
        "text": "Berapa ringgit satu",
        "owner": {
            "id": "43530226429",
            "is_verified": false,
            "profile_pic_url": "https://instagram.fagc2-1.fna.fbcdn.net/v/t51.2885-19/s150x150/154373117_2273812909419005_379489684445382884_n.jpg?tp=1&_nc_ht=instagram.fagc2-1.fna.fbcdn.net&_nc_ohc=-oopxOS1I6gAX_fn3QD&ccb=7-4&oh=5bd240b3900b0a887dee772e20772393&oe=608987C6&_nc_sid=9fb510",
            "username": "putradanishrayyan"
        },
        "likes_count": 1,
        "answers": [
            {
                "id": 17884211716968463,
                "created_at": 1609904900,
                "text": "@putradanishrayyan",
                "owner": {
                    "id": "43530226429",
                    "is_verified": false,
                    "profile_pic_url": "https://instagram.fagc2-1.fna.fbcdn.net/v/t51.2885-19/s150x150/154373117_2273812909419005_379489684445382884_n.jpg?tp=1&_nc_ht=instagram.fagc2-1.fna.fbcdn.net&_nc_ohc=-oopxOS1I6gAX_fn3QD&ccb=7-4&oh=5bd240b3900b0a887dee772e20772393&oe=608987C6&_nc_sid=9fb510",
                    "username": "putradanishrayyan"
                },
                "likes_count": 0
            }
        ]
    },
    {
        "id": 17915886565553720,
        "created_at": 1609744981,
        "text": "Price",
        "owner": {
            "id": "11871714352",
            "is_verified": false,
            "profile_pic_url": "https://instagram.fagc2-1.fna.fbcdn.net/v/t51.2885-19/s150x150/92490531_2334417823526277_8037989534496980992_n.jpg?tp=1&_nc_ht=instagram.fagc2-1.fna.fbcdn.net&_nc_ohc=o1UTpBdGdC4AX_L-cmC&ccb=7-4&oh=e4fd48b1837c86e883f859fe55a9b839&oe=60881139&_nc_sid=9fb510",
            "username": "nanakkkkkkkk"
        },
        "likes_count": 1,
        "answers": [
            {
                "id": 18152825539102310,
                "created_at": 1609747471,
                "text": "@nanakkkkkkkk check dm",
                "owner": {
                    "id": "31345321949",
                    "is_verified": false,
                    "profile_pic_url": "https://instagram.fagc2-1.fna.fbcdn.net/v/t51.2885-19/s150x150/104655610_734890267265839_7042082510067431729_n.jpg?tp=1&_nc_ht=instagram.fagc2-1.fna.fbcdn.net&_nc_ohc=Q9yxDDyzyrwAX9Xuts8&ccb=7-4&oh=d86b1b6d639825b0f55d29acf1a38f6f&oe=608866EF&_nc_sid=9fb510",
                    "username": "airpods_case_1"
                },
                "likes_count": 0
            }
        ]
    },
    {
        "id": 17883379933915632,
        "created_at": 1609405843,
        "text": "Pp",
        "owner": {
            "id": "4839998128",
            "is_verified": false,
            "profile_pic_url": "https://instagram.fagc2-1.fna.fbcdn.net/v/t51.2885-19/s150x150/158433893_441785580370810_7604458754407080423_n.jpg?tp=1&_nc_ht=instagram.fagc2-1.fna.fbcdn.net&_nc_ohc=vJ2MO38lJkUAX-FrYVh&ccb=7-4&oh=514844f1381ed0d32155c5893a4ad72b&oe=6089FAFF&_nc_sid=9fb510",
            "username": "lavi_jaipur"
        },
        "likes_count": 1,
        "answers": [
            {
                "id": 18133741066094461,
                "created_at": 1609406839,
                "text": "@lavi_jaipur check dm",
                "owner": {
                    "id": "31345321949",
                    "is_verified": false,
                    "profile_pic_url": "https://instagram.fagc2-1.fna.fbcdn.net/v/t51.2885-19/s150x150/104655610_734890267265839_7042082510067431729_n.jpg?tp=1&_nc_ht=instagram.fagc2-1.fna.fbcdn.net&_nc_ohc=Q9yxDDyzyrwAX9Xuts8&ccb=7-4&oh=d86b1b6d639825b0f55d29acf1a38f6f&oe=608866EF&_nc_sid=9fb510",
                    "username": "airpods_case_1"
                },
                "likes_count": 0
            }
        ]
    },
    {
        "id": 17986435072321191,
        "created_at": 1609297637,
        "text": "Price",
        "owner": {
            "id": "33652127179",
            "is_verified": false,
            "profile_pic_url": "https://instagram.fagc2-1.fna.fbcdn.net/v/t51.2885-19/s150x150/162950358_447104179946617_5408756186594579859_n.jpg?tp=1&_nc_ht=instagram.fagc2-1.fna.fbcdn.net&_nc_ohc=sHrWMFSGBmIAX9dLazW&ccb=7-4&oh=06fc53a9dd12604026675e341662c7de&oe=608821B4&_nc_sid=9fb510",
            "username": "_chaudharyjaii"
        },
        "likes_count": 1,
        "answers": [
            {
                "id": 17890088230818965,
                "created_at": 1609300547,
                "text": "@_chaudharyjaii check dm",
                "owner": {
                    "id": "31345321949",
                    "is_verified": false,
                    "profile_pic_url": "https://instagram.fagc2-1.fna.fbcdn.net/v/t51.2885-19/s150x150/104655610_734890267265839_7042082510067431729_n.jpg?tp=1&_nc_ht=instagram.fagc2-1.fna.fbcdn.net&_nc_ohc=Q9yxDDyzyrwAX9Xuts8&ccb=7-4&oh=d86b1b6d639825b0f55d29acf1a38f6f&oe=608866EF&_nc_sid=9fb510",
                    "username": "airpods_case_1"
                },
                "likes_count": 0
            }
        ]
    },
    {
        "id": 17870603057174963,
        "created_at": 1609159875,
        "text": "Hm?",
        "owner": {
            "id": "1948722666",
            "is_verified": false,
            "profile_pic_url": "https://instagram.fagc2-1.fna.fbcdn.net/v/t51.2885-19/s150x150/147679908_544696579765620_2049662197981739654_n.jpg?tp=1&_nc_ht=instagram.fagc2-1.fna.fbcdn.net&_nc_ohc=o30MWhL1KSQAX9znC3c&ccb=7-4&oh=be2a5a8caffa2c77616ff51c0a5a369a&oe=60866C4F&_nc_sid=9fb510",
            "username": "tinefallorin"
        },
        "likes_count": 1,
        "answers": []
    },
    {
        "id": 18067253302253225,
        "created_at": 1609067955,
        "text": "Price",
        "owner": {
            "id": "9023132023",
            "is_verified": false,
            "profile_pic_url": "https://instagram.fagc2-1.fna.fbcdn.net/v/t51.2885-19/s150x150/158854529_442269290532636_578500681872752139_n.jpg?tp=1&_nc_ht=instagram.fagc2-1.fna.fbcdn.net&_nc_ohc=d_uxIxZsUnMAX-fG6wc&ccb=7-4&oh=137e63b4d3c2c44bd84b9f61faacd8bc&oe=6086A361&_nc_sid=9fb510",
            "username": "m_s_moknojiya"
        },
        "likes_count": 1,
        "answers": []
    },
    {
        "id": 17896368805697735,
        "created_at": 1608581515,
        "text": "From india",
        "owner": {
            "id": "9050109654",
            "is_verified": false,
            "profile_pic_url": "https://instagram.fagc2-1.fna.fbcdn.net/v/t51.2885-19/s150x150/162873473_324278872362170_7092265819830646092_n.jpg?tp=1&_nc_ht=instagram.fagc2-1.fna.fbcdn.net&_nc_ohc=YxpKY0Bra-QAX91lfPU&ccb=7-4&oh=56bd224825c5393067b70d9d999771df&oe=60898DB2&_nc_sid=9fb510",
            "username": "meeroo__khalid"
        },
        "likes_count": 1,
        "answers": [
            {
                "id": 17850303836453712,
                "created_at": 1608605170,
                "text": "@meeroo__khalid yess check dm",
                "owner": {
                    "id": "31345321949",
                    "is_verified": false,
                    "profile_pic_url": "https://instagram.fagc2-1.fna.fbcdn.net/v/t51.2885-19/s150x150/104655610_734890267265839_7042082510067431729_n.jpg?tp=1&_nc_ht=instagram.fagc2-1.fna.fbcdn.net&_nc_ohc=Q9yxDDyzyrwAX9Xuts8&ccb=7-4&oh=d86b1b6d639825b0f55d29acf1a38f6f&oe=608866EF&_nc_sid=9fb510",
                    "username": "airpods_case_1"
                },
                "likes_count": 0
            }
        ]
    },
    {
        "id": 17863667702214806,
        "created_at": 1608307642,
        "text": "Do you do giveaways?\ud83d\ude1c",
        "owner": {
            "id": "8178423480",
            "is_verified": false,
            "profile_pic_url": "https://instagram.fhyd14-1.fna.fbcdn.net/v/t51.2885-19/44884218_345707102882519_2446069589734326272_n.jpg?_nc_ht=instagram.fhyd14-1.fna.fbcdn.net&_nc_ohc=hLTkwc3uTqUAX_IfWXv&ccb=7-4&oh=839d76b2e8853bf6e3ea62f2f04f8aa1&oe=6087738F&_nc_sid=a9513d&ig_cache_key=YW5vbnltb3VzX3Byb2ZpbGVfcGlj.2-ccb7-4",
            "username": "kianderoo"
        },
        "likes_count": 1,
        "answers": []
    },
    {
        "id": 17849402552441088,
        "created_at": 1608184620,
        "text": "I wish  we have that in lebanon\ud83d\ude12",
        "owner": {
            "id": "14097451418",
            "is_verified": false,
            "profile_pic_url": "https://instagram.fagc2-1.fna.fbcdn.net/v/t51.2885-19/s150x150/154893328_266071748367327_7333064849110758130_n.jpg?tp=1&_nc_ht=instagram.fagc2-1.fna.fbcdn.net&_nc_ohc=x7_-Yh4S4AwAX8lFvDI&ccb=7-4&oh=28a47f3c4bfb3cc3fbef5b7cad885fc2&oe=6088BD11&_nc_sid=9fb510",
            "username": "joud_hodroj_"
        },
        "likes_count": 1,
        "answers": []
    }
]