[
    {
        "id": 17873467031223751,
        "created_at": 1615396936,
        "text": "pp",
        "owner": {
            "id": "6275588992",
            "is_verified": false,
            "profile_pic_url": "https://instagram.fagc2-1.fna.fbcdn.net/v/t51.2885-19/s150x150/138750563_394248238335962_3067712642881569595_n.jpg?tp=1&_nc_ht=instagram.fagc2-1.fna.fbcdn.net&_nc_ohc=3LNjlSGoSbwAX_EDf7s&ccb=7-4&oh=dd78983bbd7e6ba2a4bc2fd89baf7548&oe=6087B18E&_nc_sid=9fb510",
            "username": "___vishva____"
        },
        "likes_count": 0,
        "answers": []
    },
    {
        "id": 18160401556097987,
        "created_at": 1613018831,
        "text": "how much",
        "owner": {
            "id": "24845494708",
            "is_verified": false,
            "profile_pic_url": "https://instagram.fsub8-1.fna.fbcdn.net/v/t51.2885-19/44884218_345707102882519_2446069589734326272_n.jpg?_nc_ht=instagram.fsub8-1.fna.fbcdn.net&_nc_cat=1&_nc_ohc=hLTkwc3uTqUAX9xSQrI&ccb=7-4&oh=76f65debcb6821e7a4a062cbfe228584&oe=6087738F&_nc_sid=3f45ac&ig_cache_key=YW5vbnltb3VzX3Byb2ZpbGVfcGlj.2-ccb7-4",
            "username": "shivasankar_janani"
        },
        "likes_count": 0,
        "answers": [
            {
                "id": 17886344552002711,
                "created_at": 1613027899,
                "text": "@shivasankar_vishnupriya check dm",
                "owner": {
                    "id": "31345321949",
                    "is_verified": false,
                    "profile_pic_url": "https://instagram.fagc2-1.fna.fbcdn.net/v/t51.2885-19/s150x150/104655610_734890267265839_7042082510067431729_n.jpg?tp=1&_nc_ht=instagram.fagc2-1.fna.fbcdn.net&_nc_ohc=Q9yxDDyzyrwAX9Xuts8&ccb=7-4&oh=d86b1b6d639825b0f55d29acf1a38f6f&oe=608866EF&_nc_sid=9fb510",
                    "username": "airpods_case_1"
                },
                "likes_count": 0
            }
        ]
    },
    {
        "id": 17904024133693556,
        "created_at": 1612782802,
        "text": "How much prize",
        "owner": {
            "id": "45255320483",
            "is_verified": false,
            "profile_pic_url": "https://instagram.fagc2-1.fna.fbcdn.net/v/t51.2885-19/s150x150/135743905_394101988552276_2169479772536571460_n.jpg?tp=1&_nc_ht=instagram.fagc2-1.fna.fbcdn.net&_nc_ohc=2xPvkk-gtHEAX-qTyvE&ccb=7-4&oh=48381cc4d7c97f9910e0738567d0449f&oe=6086B72D&_nc_sid=9fb510",
            "username": "ajwa546"
        },
        "likes_count": 0,
        "answers": [
            {
                "id": 18070332874258798,
                "created_at": 1612783350,
                "text": "@ajwa546 check dm",
                "owner": {
                    "id": "31345321949",
                    "is_verified": false,
                    "profile_pic_url": "https://instagram.fagc2-1.fna.fbcdn.net/v/t51.2885-19/s150x150/104655610_734890267265839_7042082510067431729_n.jpg?tp=1&_nc_ht=instagram.fagc2-1.fna.fbcdn.net&_nc_ohc=Q9yxDDyzyrwAX9Xuts8&ccb=7-4&oh=d86b1b6d639825b0f55d29acf1a38f6f&oe=608866EF&_nc_sid=9fb510",
                    "username": "airpods_case_1"
                },
                "likes_count": 0
            }
        ]
    },
    {
        "id": 18062731603263217,
        "created_at": 1612767329,
        "text": "Price? COD available??",
        "owner": {
            "id": "5368249942",
            "is_verified": false,
            "profile_pic_url": "https://instagram.fagc2-1.fna.fbcdn.net/v/t51.2885-19/s150x150/124697275_203494541349417_684523854675770119_n.jpg?tp=1&_nc_ht=instagram.fagc2-1.fna.fbcdn.net&_nc_ohc=C-4FeunXu28AX-Yk8lZ&ccb=7-4&oh=6c13ef7f757ec97da59e941d6274ee7b&oe=608613E4&_nc_sid=9fb510",
            "username": "wamishsmarty"
        },
        "likes_count": 0,
        "answers": [
            {
                "id": 17906468236668541,
                "created_at": 1612767353,
                "text": "@wamishsmarty yes cod available check dm",
                "owner": {
                    "id": "31345321949",
                    "is_verified": false,
                    "profile_pic_url": "https://instagram.fagc2-1.fna.fbcdn.net/v/t51.2885-19/s150x150/104655610_734890267265839_7042082510067431729_n.jpg?tp=1&_nc_ht=instagram.fagc2-1.fna.fbcdn.net&_nc_ohc=Q9yxDDyzyrwAX9Xuts8&ccb=7-4&oh=d86b1b6d639825b0f55d29acf1a38f6f&oe=608866EF&_nc_sid=9fb510",
                    "username": "airpods_case_1"
                },
                "likes_count": 0
            }
        ]
    },
    {
        "id": 17913177292567213,
        "created_at": 1612344215,
        "text": "Price",
        "owner": {
            "id": "43027175032",
            "is_verified": false,
            "profile_pic_url": "https://instagram.fagc2-1.fna.fbcdn.net/v/t51.2885-19/s150x150/120455147_175303977417798_5569085638317076489_n.jpg?tp=1&_nc_ht=instagram.fagc2-1.fna.fbcdn.net&_nc_ohc=Y59GmyRG1gIAX9GikMz&ccb=7-4&oh=54cb15682294c0d76274bad59bd6c042&oe=608953E9&_nc_sid=9fb510",
            "username": "fashion_corner_05_12"
        },
        "likes_count": 0,
        "answers": []
    },
    {
        "id": 17867237732329163,
        "created_at": 1612109066,
        "text": "Pp",
        "owner": {
            "id": "3623774383",
            "is_verified": false,
            "profile_pic_url": "https://instagram.fagc2-1.fna.fbcdn.net/v/t51.2885-19/s150x150/107530688_216673986170933_4108608128143396690_n.jpg?tp=1&_nc_ht=instagram.fagc2-1.fna.fbcdn.net&_nc_ohc=b-PFa9BvoK0AX9q447c&ccb=7-4&oh=ae006036d434932ce88fcf646ce64828&oe=6087E379&_nc_sid=9fb510",
            "username": "_subhangi_desai_official_"
        },
        "likes_count": 0,
        "answers": [
            {
                "id": 17854214636469075,
                "created_at": 1612110369,
                "text": "Check dm",
                "owner": {
                    "id": "31345321949",
                    "is_verified": false,
                    "profile_pic_url": "https://instagram.fagc2-1.fna.fbcdn.net/v/t51.2885-19/s150x150/104655610_734890267265839_7042082510067431729_n.jpg?tp=1&_nc_ht=instagram.fagc2-1.fna.fbcdn.net&_nc_ohc=Q9yxDDyzyrwAX9Xuts8&ccb=7-4&oh=d86b1b6d639825b0f55d29acf1a38f6f&oe=608866EF&_nc_sid=9fb510",
                    "username": "airpods_case_1"
                },
                "likes_count": 0
            }
        ]
    },
    {
        "id": 17902312420703441,
        "created_at": 1611253732,
        "text": "Price",
        "owner": {
            "id": "6282390014",
            "is_verified": false,
            "profile_pic_url": "https://instagram.fagc2-1.fna.fbcdn.net/v/t51.2885-19/s150x150/132001968_742054453093692_7793781976678838904_n.jpg?tp=1&_nc_ht=instagram.fagc2-1.fna.fbcdn.net&_nc_ohc=yuGyGH9YJJQAX_8S34t&ccb=7-4&oh=c67a69419d7597870b0dc624a2ed4f19&oe=6089143F&_nc_sid=9fb510",
            "username": "gulzarmeena"
        },
        "likes_count": 0,
        "answers": [
            {
                "id": 17869889141286256,
                "created_at": 1611254504,
                "text": "@gulzarmeena check dm",
                "owner": {
                    "id": "31345321949",
                    "is_verified": false,
                    "profile_pic_url": "https://instagram.fagc2-1.fna.fbcdn.net/v/t51.2885-19/s150x150/104655610_734890267265839_7042082510067431729_n.jpg?tp=1&_nc_ht=instagram.fagc2-1.fna.fbcdn.net&_nc_ohc=Q9yxDDyzyrwAX9Xuts8&ccb=7-4&oh=d86b1b6d639825b0f55d29acf1a38f6f&oe=608866EF&_nc_sid=9fb510",
                    "username": "airpods_case_1"
                },
                "likes_count": 0
            }
        ]
    },
    {
        "id": 17889148330841910,
        "created_at": 1609964042,
        "text": "price?",
        "owner": {
            "id": "16430492561",
            "is_verified": false,
            "profile_pic_url": "https://instagram.fagc2-1.fna.fbcdn.net/v/t51.2885-19/s150x150/78933375_765923143904085_8713581941628076032_n.jpg?tp=1&_nc_ht=instagram.fagc2-1.fna.fbcdn.net&_nc_ohc=oHsQSgbMkuUAX-L4REs&ccb=7-4&oh=b36f187bebfb77f16ac8d774cbb21791&oe=608966AA&_nc_sid=9fb510",
            "username": "its_sulmasiding"
        },
        "likes_count": 0,
        "answers": [
            {
                "id": 17973601453353927,
                "created_at": 1609992623,
                "text": "@its_sulmasiding check dm",
                "owner": {
                    "id": "31345321949",
                    "is_verified": false,
                    "profile_pic_url": "https://instagram.fagc2-1.fna.fbcdn.net/v/t51.2885-19/s150x150/104655610_734890267265839_7042082510067431729_n.jpg?tp=1&_nc_ht=instagram.fagc2-1.fna.fbcdn.net&_nc_ohc=Q9yxDDyzyrwAX9Xuts8&ccb=7-4&oh=d86b1b6d639825b0f55d29acf1a38f6f&oe=608866EF&_nc_sid=9fb510",
                    "username": "airpods_case_1"
                },
                "likes_count": 0
            }
        ]
    },
    {
        "id": 17897315434669069,
        "created_at": 1607965360,
        "text": "Pp",
        "owner": {
            "id": "5420689729",
            "is_verified": false,
            "profile_pic_url": "https://instagram.fagc2-1.fna.fbcdn.net/v/t51.2885-19/s150x150/79865336_562699814309936_7309465250330312704_n.jpg?tp=1&_nc_ht=instagram.fagc2-1.fna.fbcdn.net&_nc_ohc=i5GsKAWdJ_EAX8YnXbu&ccb=7-4&oh=aae04ff23afc2cb2c310655a76b7176b&oe=6087CBE7&_nc_sid=9fb510",
            "username": "khusalitaunk"
        },
        "likes_count": 0,
        "answers": [
            {
                "id": 17880204775923669,
                "created_at": 1607965403,
                "text": "@khusalitaunk check dm",
                "owner": {
                    "id": "31345321949",
                    "is_verified": false,
                    "profile_pic_url": "https://instagram.fagc2-1.fna.fbcdn.net/v/t51.2885-19/s150x150/104655610_734890267265839_7042082510067431729_n.jpg?tp=1&_nc_ht=instagram.fagc2-1.fna.fbcdn.net&_nc_ohc=Q9yxDDyzyrwAX9Xuts8&ccb=7-4&oh=d86b1b6d639825b0f55d29acf1a38f6f&oe=608866EF&_nc_sid=9fb510",
                    "username": "airpods_case_1"
                },
                "likes_count": 0
            }
        ]
    },
    {
        "id": 17867440076158312,
        "created_at": 1606625372,
        "text": "Pp",
        "owner": {
            "id": "2031391502",
            "is_verified": false,
            "profile_pic_url": "https://instagram.fagc2-1.fna.fbcdn.net/v/t51.2885-19/s150x150/103397648_647741219147171_5114874432776070088_n.jpg?tp=1&_nc_ht=instagram.fagc2-1.fna.fbcdn.net&_nc_ohc=gFRswsi8MWgAX9bKvqh&ccb=7-4&oh=80e082649a7a4debb46075be4506573d&oe=6087BE4B&_nc_sid=9fb510",
            "username": "rao_akhila27"
        },
        "likes_count": 0,
        "answers": [
            {
                "id": 17896854217636673,
                "created_at": 1606626968,
                "text": "@akhila27dhanu check dm",
                "owner": {
                    "id": "31345321949",
                    "is_verified": false,
                    "profile_pic_url": "https://instagram.fagc2-1.fna.fbcdn.net/v/t51.2885-19/s150x150/104655610_734890267265839_7042082510067431729_n.jpg?tp=1&_nc_ht=instagram.fagc2-1.fna.fbcdn.net&_nc_ohc=Q9yxDDyzyrwAX9Xuts8&ccb=7-4&oh=d86b1b6d639825b0f55d29acf1a38f6f&oe=608866EF&_nc_sid=9fb510",
                    "username": "airpods_case_1"
                },
                "likes_count": 0
            }
        ]
    },
    {
        "id": 18127314538088803,
        "created_at": 1605094061,
        "text": "Pp",
        "owner": {
            "id": "5064420215",
            "is_verified": false,
            "profile_pic_url": "https://instagram.fagc2-1.fna.fbcdn.net/v/t51.2885-19/s150x150/155839804_807785219948753_8622055590203073280_n.jpg?tp=1&_nc_ht=instagram.fagc2-1.fna.fbcdn.net&_nc_ohc=Yqhr743Fg5UAX9RSaZC&ccb=7-4&oh=1e35160ec7a4d75523be3871490b470b&oe=60866EF5&_nc_sid=9fb510",
            "username": "__.__jenny__._"
        },
        "likes_count": 0,
        "answers": [
            {
                "id": 18126689383085076,
                "created_at": 1605094078,
                "text": "@__.__jenny__._ check dm",
                "owner": {
                    "id": "31345321949",
                    "is_verified": false,
                    "profile_pic_url": "https://instagram.fagc2-1.fna.fbcdn.net/v/t51.2885-19/s150x150/104655610_734890267265839_7042082510067431729_n.jpg?tp=1&_nc_ht=instagram.fagc2-1.fna.fbcdn.net&_nc_ohc=Q9yxDDyzyrwAX9Xuts8&ccb=7-4&oh=d86b1b6d639825b0f55d29acf1a38f6f&oe=608866EF&_nc_sid=9fb510",
                    "username": "airpods_case_1"
                },
                "likes_count": 0
            }
        ]
    },
    {
        "id": 17964505291347256,
        "created_at": 1603146022,
        "text": "Price?",
        "owner": {
            "id": "4820044",
            "is_verified": false,
            "profile_pic_url": "https://instagram.fagc2-1.fna.fbcdn.net/v/t51.2885-19/s150x150/148580190_2795325260719099_1367068936787344047_n.jpg?tp=1&_nc_ht=instagram.fagc2-1.fna.fbcdn.net&_nc_ohc=u378K_AKZXIAX85d3nt&ccb=7-4&oh=a9f58a1f85f66252ba19daa054800ae1&oe=6088D534&_nc_sid=9fb510",
            "username": "mrstanega"
        },
        "likes_count": 0,
        "answers": [
            {
                "id": 17896964344620049,
                "created_at": 1603162900,
                "text": "@_teegrizley check dm",
                "owner": {
                    "id": "31345321949",
                    "is_verified": false,
                    "profile_pic_url": "https://instagram.fagc2-1.fna.fbcdn.net/v/t51.2885-19/s150x150/104655610_734890267265839_7042082510067431729_n.jpg?tp=1&_nc_ht=instagram.fagc2-1.fna.fbcdn.net&_nc_ohc=Q9yxDDyzyrwAX9Xuts8&ccb=7-4&oh=d86b1b6d639825b0f55d29acf1a38f6f&oe=608866EF&_nc_sid=9fb510",
                    "username": "airpods_case_1"
                },
                "likes_count": 0
            }
        ]
    },
    {
        "id": 17909256937522804,
        "created_at": 1603101401,
        "text": "Pp",
        "owner": {
            "id": "5861655373",
            "is_verified": false,
            "profile_pic_url": "https://instagram.fagc2-1.fna.fbcdn.net/v/t51.2885-19/s150x150/138757986_247788110050211_4834792748605661646_n.jpg?tp=1&_nc_ht=instagram.fagc2-1.fna.fbcdn.net&_nc_ohc=ctnZOCsRL1wAX-rgsED&ccb=7-4&oh=ca94abe2a06d63bb0ca7c2b1e3ff6fd1&oe=6089414B&_nc_sid=9fb510",
            "username": "mulaniprerna1"
        },
        "likes_count": 0,
        "answers": [
            {
                "id": 18125245576189865,
                "created_at": 1603102589,
                "text": "@mulaniprerna1 check dm",
                "owner": {
                    "id": "31345321949",
                    "is_verified": false,
                    "profile_pic_url": "https://instagram.fagc2-1.fna.fbcdn.net/v/t51.2885-19/s150x150/104655610_734890267265839_7042082510067431729_n.jpg?tp=1&_nc_ht=instagram.fagc2-1.fna.fbcdn.net&_nc_ohc=Q9yxDDyzyrwAX9Xuts8&ccb=7-4&oh=d86b1b6d639825b0f55d29acf1a38f6f&oe=608866EF&_nc_sid=9fb510",
                    "username": "airpods_case_1"
                },
                "likes_count": 0
            }
        ]
    },
    {
        "id": 17890277986658105,
        "created_at": 1601840202,
        "text": "Price please",
        "owner": {
            "id": "8051917343",
            "is_verified": false,
            "profile_pic_url": "https://instagram.fagc2-1.fna.fbcdn.net/v/t51.2885-19/s150x150/46295026_785706771775257_9059072057265881088_n.jpg?tp=1&_nc_ht=instagram.fagc2-1.fna.fbcdn.net&_nc_ohc=fpjJ7qyd5kcAX93OZhI&ccb=7-4&oh=3388a8b9be7e60e67e1cf33f03a37614&oe=6088C13A&_nc_sid=9fb510",
            "username": "hemaa_v"
        },
        "likes_count": 1,
        "answers": [
            {
                "id": 17968308022328061,
                "created_at": 1601860268,
                "text": "@hemaa_v check dm",
                "owner": {
                    "id": "31345321949",
                    "is_verified": false,
                    "profile_pic_url": "https://instagram.fagc2-1.fna.fbcdn.net/v/t51.2885-19/s150x150/104655610_734890267265839_7042082510067431729_n.jpg?tp=1&_nc_ht=instagram.fagc2-1.fna.fbcdn.net&_nc_ohc=Q9yxDDyzyrwAX9Xuts8&ccb=7-4&oh=d86b1b6d639825b0f55d29acf1a38f6f&oe=608866EF&_nc_sid=9fb510",
                    "username": "airpods_case_1"
                },
                "likes_count": 0
            },
            {
                "id": 17926811869440150,
                "created_at": 1601860257,
                "text": "@hemaa_v check dm",
                "owner": {
                    "id": "31345321949",
                    "is_verified": false,
                    "profile_pic_url": "https://instagram.fagc2-1.fna.fbcdn.net/v/t51.2885-19/s150x150/104655610_734890267265839_7042082510067431729_n.jpg?tp=1&_nc_ht=instagram.fagc2-1.fna.fbcdn.net&_nc_ohc=Q9yxDDyzyrwAX9Xuts8&ccb=7-4&oh=d86b1b6d639825b0f55d29acf1a38f6f&oe=608866EF&_nc_sid=9fb510",
                    "username": "airpods_case_1"
                },
                "likes_count": 0
            }
        ]
    },
    {
        "id": 17870927575990852,
        "created_at": 1601830147,
        "text": "Pp?",
        "owner": {
            "id": "5833851877",
            "is_verified": false,
            "profile_pic_url": "https://instagram.fagc2-1.fna.fbcdn.net/v/t51.2885-19/s150x150/161058024_137006651661333_1466204745742143367_n.jpg?tp=1&_nc_ht=instagram.fagc2-1.fna.fbcdn.net&_nc_ohc=iWphmuJpVNAAX_vhLQ_&ccb=7-4&oh=79e86709a55fd727a6f942879c1b0ed8&oe=6089EF25&_nc_sid=9fb510",
            "username": "tmegha__27"
        },
        "likes_count": 0,
        "answers": [
            {
                "id": 17921057806459524,
                "created_at": 1601830268,
                "text": "@megha_thakur27 check dm",
                "owner": {
                    "id": "31345321949",
                    "is_verified": false,
                    "profile_pic_url": "https://instagram.fagc2-1.fna.fbcdn.net/v/t51.2885-19/s150x150/104655610_734890267265839_7042082510067431729_n.jpg?tp=1&_nc_ht=instagram.fagc2-1.fna.fbcdn.net&_nc_ohc=Q9yxDDyzyrwAX9Xuts8&ccb=7-4&oh=d86b1b6d639825b0f55d29acf1a38f6f&oe=608866EF&_nc_sid=9fb510",
                    "username": "airpods_case_1"
                },
                "likes_count": 1
            }
        ]
    }
]