[
    {
        "id": 17874445529055906,
        "created_at": 1606973567,
        "text": "Neciyedi?",
        "owner": {
            "id": "35799648775",
            "is_verified": false,
            "profile_pic_url": "https://instagram.fagc2-1.fna.fbcdn.net/v/t51.2885-19/s150x150/133878670_797621350791770_8115131536247255339_n.jpg?tp=1&_nc_ht=instagram.fagc2-1.fna.fbcdn.net&_nc_ohc=0Rf1LgaFf_gAX89HZz0&ccb=7-4&oh=9e8997292335e77b8d9362fc29ab5425&oe=60884465&_nc_sid=9fb510",
            "username": "ragimova_211"
        },
        "likes_count": 0,
        "answers": []
    },
    {
        "id": 17884203976818602,
        "created_at": 1605272584,
        "text": "And the black one that sais love",
        "owner": {
            "id": "38105218961",
            "is_verified": false,
            "profile_pic_url": "https://instagram.fagc2-1.fna.fbcdn.net/v/t51.2885-19/s150x150/145585690_798711317526200_5011531287965304696_n.jpg?tp=1&_nc_ht=instagram.fagc2-1.fna.fbcdn.net&_nc_ohc=RJySm0LBt9kAX9CpLIe&ccb=7-4&oh=8c84bcb97c82f0394de0371c6c3fa050&oe=6088EBB0&_nc_sid=9fb510",
            "username": "_itsmariamsherifsofficialac_"
        },
        "likes_count": 0,
        "answers": [
            {
                "id": 17883967837852884,
                "created_at": 1605272630,
                "text": "@itsmariamsherifdaoud check dm",
                "owner": {
                    "id": "31345321949",
                    "is_verified": false,
                    "profile_pic_url": "https://instagram.fagc2-1.fna.fbcdn.net/v/t51.2885-19/s150x150/104655610_734890267265839_7042082510067431729_n.jpg?tp=1&_nc_ht=instagram.fagc2-1.fna.fbcdn.net&_nc_ohc=Q9yxDDyzyrwAX9Xuts8&ccb=7-4&oh=d86b1b6d639825b0f55d29acf1a38f6f&oe=608866EF&_nc_sid=9fb510",
                    "username": "airpods_case_1"
                },
                "likes_count": 0
            }
        ]
    },
    {
        "id": 17956098187370209,
        "created_at": 1605272567,
        "text": "How much is the yellow one?",
        "owner": {
            "id": "38105218961",
            "is_verified": false,
            "profile_pic_url": "https://instagram.fagc2-1.fna.fbcdn.net/v/t51.2885-19/s150x150/145585690_798711317526200_5011531287965304696_n.jpg?tp=1&_nc_ht=instagram.fagc2-1.fna.fbcdn.net&_nc_ohc=RJySm0LBt9kAX9CpLIe&ccb=7-4&oh=8c84bcb97c82f0394de0371c6c3fa050&oe=6088EBB0&_nc_sid=9fb510",
            "username": "_itsmariamsherifsofficialac_"
        },
        "likes_count": 0,
        "answers": []
    },
    {
        "id": 17846406296343634,
        "created_at": 1602151192,
        "text": "bhai ye mere ko ek packet chahiye",
        "owner": {
            "id": "18992525550",
            "is_verified": false,
            "profile_pic_url": "https://instagram.fagc2-1.fna.fbcdn.net/v/t51.2885-19/s150x150/123552338_821491885249712_5110902583827753481_n.jpg?tp=1&_nc_ht=instagram.fagc2-1.fna.fbcdn.net&_nc_ohc=ku2TJw4JK7AAX9I_k52&ccb=7-4&oh=6adafb8b03f768c102d7e8d3d1b2bad9&oe=6086584A&_nc_sid=9fb510",
            "username": "itz_me_ali_yt"
        },
        "likes_count": 0,
        "answers": [
            {
                "id": 18166450327013534,
                "created_at": 1602152275,
                "text": "@ashif8729 check dm",
                "owner": {
                    "id": "31345321949",
                    "is_verified": false,
                    "profile_pic_url": "https://instagram.fagc2-1.fna.fbcdn.net/v/t51.2885-19/s150x150/104655610_734890267265839_7042082510067431729_n.jpg?tp=1&_nc_ht=instagram.fagc2-1.fna.fbcdn.net&_nc_ohc=Q9yxDDyzyrwAX9Xuts8&ccb=7-4&oh=d86b1b6d639825b0f55d29acf1a38f6f&oe=608866EF&_nc_sid=9fb510",
                    "username": "airpods_case_1"
                },
                "likes_count": 0
            }
        ]
    }
]