[
    {
        "id": 17866655321388667,
        "created_at": 1616503239,
        "text": "Price please",
        "owner": {
            "id": "4458146825",
            "is_verified": false,
            "profile_pic_url": "https://instagram.fagc2-1.fna.fbcdn.net/v/t51.2885-19/s150x150/81379491_484025188982246_3263313750614081536_n.jpg?tp=1&_nc_ht=instagram.fagc2-1.fna.fbcdn.net&_nc_ohc=cwYV6Op0DbsAX97gIsA&ccb=7-4&oh=c5b7e48cbd67515cd5d828b27cb78237&oe=6087B197&_nc_sid=9fb510",
            "username": "akif_rashid47"
        },
        "likes_count": 0,
        "answers": [
            {
                "id": 17919795859598068,
                "created_at": 1616513376,
                "text": "@akif_rashid47 check dm",
                "owner": {
                    "id": "31345321949",
                    "is_verified": false,
                    "profile_pic_url": "https://instagram.fagc2-1.fna.fbcdn.net/v/t51.2885-19/s150x150/104655610_734890267265839_7042082510067431729_n.jpg?tp=1&_nc_ht=instagram.fagc2-1.fna.fbcdn.net&_nc_ohc=Q9yxDDyzyrwAX9Xuts8&ccb=7-4&oh=d86b1b6d639825b0f55d29acf1a38f6f&oe=608866EF&_nc_sid=9fb510",
                    "username": "airpods_case_1"
                },
                "likes_count": 0
            }
        ]
    },
    {
        "id": 17904660925692954,
        "created_at": 1614506021,
        "text": "Pp? @airpods_case_1",
        "owner": {
            "id": "4179333880",
            "is_verified": false,
            "profile_pic_url": "https://instagram.fagc2-1.fna.fbcdn.net/v/t51.2885-19/s150x150/118614656_324293175385153_5975512352483048383_n.jpg?tp=1&_nc_ht=instagram.fagc2-1.fna.fbcdn.net&_nc_ohc=P-xUa9I8F0sAX87fg75&ccb=7-4&oh=d0f1666f4ca68f706aa09e5ad02a8c3b&oe=608921F3&_nc_sid=9fb510",
            "username": "avi_tenz"
        },
        "likes_count": 0,
        "answers": [
            {
                "id": 18151218307139867,
                "created_at": 1614507110,
                "text": "@avi_tenz check dm",
                "owner": {
                    "id": "31345321949",
                    "is_verified": false,
                    "profile_pic_url": "https://instagram.fagc2-1.fna.fbcdn.net/v/t51.2885-19/s150x150/104655610_734890267265839_7042082510067431729_n.jpg?tp=1&_nc_ht=instagram.fagc2-1.fna.fbcdn.net&_nc_ohc=Q9yxDDyzyrwAX9Xuts8&ccb=7-4&oh=d86b1b6d639825b0f55d29acf1a38f6f&oe=608866EF&_nc_sid=9fb510",
                    "username": "airpods_case_1"
                },
                "likes_count": 0
            }
        ]
    },
    {
        "id": 17904930781713062,
        "created_at": 1612468234,
        "text": "Available hai",
        "owner": {
            "id": "29305195964",
            "is_verified": false,
            "profile_pic_url": "https://instagram.fagc2-1.fna.fbcdn.net/v/t51.2885-19/s150x150/156995389_898522404297139_2916202847329234310_n.jpg?tp=1&_nc_ht=instagram.fagc2-1.fna.fbcdn.net&_nc_ohc=HADXrEdvigAAX_aHB1T&ccb=7-4&oh=5f7c72f9a62af9ad06a9310696078342&oe=6088F523&_nc_sid=9fb510",
            "username": "sachin.saroj.58173000"
        },
        "likes_count": 0,
        "answers": [
            {
                "id": 18193228345051242,
                "created_at": 1612498701,
                "text": "Hnji check dm",
                "owner": {
                    "id": "31345321949",
                    "is_verified": false,
                    "profile_pic_url": "https://instagram.fagc2-1.fna.fbcdn.net/v/t51.2885-19/s150x150/104655610_734890267265839_7042082510067431729_n.jpg?tp=1&_nc_ht=instagram.fagc2-1.fna.fbcdn.net&_nc_ohc=Q9yxDDyzyrwAX9Xuts8&ccb=7-4&oh=d86b1b6d639825b0f55d29acf1a38f6f&oe=608866EF&_nc_sid=9fb510",
                    "username": "airpods_case_1"
                },
                "likes_count": 0
            }
        ]
    },
    {
        "id": 17858846033433044,
        "created_at": 1611770038,
        "text": "Price??",
        "owner": {
            "id": "22897695432",
            "is_verified": false,
            "profile_pic_url": "https://instagram.fagc2-1.fna.fbcdn.net/v/t51.2885-19/s150x150/146364373_881528589275358_4870820648636137716_n.jpg?tp=1&_nc_ht=instagram.fagc2-1.fna.fbcdn.net&_nc_ohc=fhHmZggwNTcAX8AMGql&ccb=7-4&oh=33cf718c0f680962886609c6ef796e86&oe=608971EF&_nc_sid=9fb510",
            "username": "headphonesstoreke_"
        },
        "likes_count": 0,
        "answers": [
            {
                "id": 17856154688427104,
                "created_at": 1611770200,
                "text": "@gaaaurav._ check dm",
                "owner": {
                    "id": "31345321949",
                    "is_verified": false,
                    "profile_pic_url": "https://instagram.fagc2-1.fna.fbcdn.net/v/t51.2885-19/s150x150/104655610_734890267265839_7042082510067431729_n.jpg?tp=1&_nc_ht=instagram.fagc2-1.fna.fbcdn.net&_nc_ohc=Q9yxDDyzyrwAX9Xuts8&ccb=7-4&oh=d86b1b6d639825b0f55d29acf1a38f6f&oe=608866EF&_nc_sid=9fb510",
                    "username": "airpods_case_1"
                },
                "likes_count": 0
            }
        ]
    },
    {
        "id": 17930178169476965,
        "created_at": 1611767420,
        "text": "Price?",
        "owner": {
            "id": "45623833630",
            "is_verified": false,
            "profile_pic_url": "https://instagram.fagc2-1.fna.fbcdn.net/v/t51.2885-19/s150x150/139618805_133824618553784_30501264613830306_n.jpg?tp=1&_nc_ht=instagram.fagc2-1.fna.fbcdn.net&_nc_ohc=78MDo-ZezhMAX-nikJ4&ccb=7-4&oh=dd109412b50dc3844556a5b415d6654b&oe=60892891&_nc_sid=9fb510",
            "username": "chav_don_ent"
        },
        "likes_count": 0,
        "answers": [
            {
                "id": 18188352415044266,
                "created_at": 1611767615,
                "text": "@chav_don_ent check dm",
                "owner": {
                    "id": "31345321949",
                    "is_verified": false,
                    "profile_pic_url": "https://instagram.fagc2-1.fna.fbcdn.net/v/t51.2885-19/s150x150/104655610_734890267265839_7042082510067431729_n.jpg?tp=1&_nc_ht=instagram.fagc2-1.fna.fbcdn.net&_nc_ohc=Q9yxDDyzyrwAX9Xuts8&ccb=7-4&oh=d86b1b6d639825b0f55d29acf1a38f6f&oe=608866EF&_nc_sid=9fb510",
                    "username": "airpods_case_1"
                },
                "likes_count": 0
            }
        ]
    },
    {
        "id": 17876013011154864,
        "created_at": 1611669179,
        "text": "Price?",
        "owner": {
            "id": "5559226947",
            "is_verified": false,
            "profile_pic_url": "https://instagram.fagc2-1.fna.fbcdn.net/v/t51.2885-19/s150x150/143732822_112180017511136_3898559150284942070_n.jpg?tp=1&_nc_ht=instagram.fagc2-1.fna.fbcdn.net&_nc_ohc=9hT4wxQ0MTIAX-w2kzc&ccb=7-4&oh=4cd42c72f05de293fc945275e25055e9&oe=6089CA80&_nc_sid=9fb510",
            "username": "aliha_khan_"
        },
        "likes_count": 0,
        "answers": [
            {
                "id": 17862614969354479,
                "created_at": 1611677777,
                "text": "@aliha_khan_ check dm",
                "owner": {
                    "id": "31345321949",
                    "is_verified": false,
                    "profile_pic_url": "https://instagram.fagc2-1.fna.fbcdn.net/v/t51.2885-19/s150x150/104655610_734890267265839_7042082510067431729_n.jpg?tp=1&_nc_ht=instagram.fagc2-1.fna.fbcdn.net&_nc_ohc=Q9yxDDyzyrwAX9Xuts8&ccb=7-4&oh=d86b1b6d639825b0f55d29acf1a38f6f&oe=608866EF&_nc_sid=9fb510",
                    "username": "airpods_case_1"
                },
                "likes_count": 0
            }
        ]
    },
    {
        "id": 17922775075512164,
        "created_at": 1611008358,
        "text": "How much",
        "owner": {
            "id": "1496604499",
            "is_verified": false,
            "profile_pic_url": "https://instagram.fagc2-1.fna.fbcdn.net/v/t51.2885-19/s150x150/30077983_2087033751574942_4748766367899975680_n.jpg?tp=1&_nc_ht=instagram.fagc2-1.fna.fbcdn.net&_nc_ohc=QsUUWrMUfucAX87RWHG&ccb=7-4&oh=0f3e013ef66a44c34b007fcb3b8233b5&oe=60886EE2&_nc_sid=9fb510",
            "username": "xhahbakht"
        },
        "likes_count": 0,
        "answers": []
    },
    {
        "id": 17867136488243086,
        "created_at": 1610725535,
        "text": "Price",
        "owner": {
            "id": "1559660970",
            "is_verified": false,
            "profile_pic_url": "https://instagram.fagc2-1.fna.fbcdn.net/v/t51.2885-19/s150x150/16789295_1763079077341865_2915330719993561088_a.jpg?tp=1&_nc_ht=instagram.fagc2-1.fna.fbcdn.net&_nc_ohc=_vbQrJr1IvgAX_usd6U&ccb=7-4&oh=a66878a14547019d94bbd9b4689fb7ae&oe=60860D08&_nc_sid=9fb510",
            "username": "ankitjain9892"
        },
        "likes_count": 0,
        "answers": [
            {
                "id": 17976536344346025,
                "created_at": 1610725998,
                "text": "@ankitjain9892 check dm",
                "owner": {
                    "id": "31345321949",
                    "is_verified": false,
                    "profile_pic_url": "https://instagram.fagc2-1.fna.fbcdn.net/v/t51.2885-19/s150x150/104655610_734890267265839_7042082510067431729_n.jpg?tp=1&_nc_ht=instagram.fagc2-1.fna.fbcdn.net&_nc_ohc=Q9yxDDyzyrwAX9Xuts8&ccb=7-4&oh=d86b1b6d639825b0f55d29acf1a38f6f&oe=608866EF&_nc_sid=9fb510",
                    "username": "airpods_case_1"
                },
                "likes_count": 0
            }
        ]
    },
    {
        "id": 17919692029503585,
        "created_at": 1610229536,
        "text": "Price",
        "owner": {
            "id": "1955151531",
            "is_verified": false,
            "profile_pic_url": "https://instagram.fagc2-1.fna.fbcdn.net/v/t51.2885-19/s150x150/138620176_2812642625662824_7889798714675989407_n.jpg?tp=1&_nc_ht=instagram.fagc2-1.fna.fbcdn.net&_nc_ohc=82MGvAtzih4AX9YsW6M&ccb=7-4&oh=e1282f31d0d488007d2b8a67297123c0&oe=60899244&_nc_sid=9fb510",
            "username": "young_lord.x"
        },
        "likes_count": 0,
        "answers": [
            {
                "id": 17903335990668429,
                "created_at": 1610249442,
                "text": "@young_lord.x check dm",
                "owner": {
                    "id": "31345321949",
                    "is_verified": false,
                    "profile_pic_url": "https://instagram.fagc2-1.fna.fbcdn.net/v/t51.2885-19/s150x150/104655610_734890267265839_7042082510067431729_n.jpg?tp=1&_nc_ht=instagram.fagc2-1.fna.fbcdn.net&_nc_ohc=Q9yxDDyzyrwAX9Xuts8&ccb=7-4&oh=d86b1b6d639825b0f55d29acf1a38f6f&oe=608866EF&_nc_sid=9fb510",
                    "username": "airpods_case_1"
                },
                "likes_count": 0
            }
        ]
    },
    {
        "id": 17977132102339644,
        "created_at": 1609566118,
        "text": "Price",
        "owner": {
            "id": "6089901853",
            "is_verified": false,
            "profile_pic_url": "https://instagram.fagc2-1.fna.fbcdn.net/v/t51.2885-19/s150x150/130476201_803617387148544_1497907558900858610_n.jpg?tp=1&_nc_ht=instagram.fagc2-1.fna.fbcdn.net&_nc_ohc=qy6NWpkV0OkAX_VSFcs&ccb=7-4&oh=ab24ef6d31cd16161314e0db34bce4c3&oe=6088789F&_nc_sid=9fb510",
            "username": "shifaltaf"
        },
        "likes_count": 0,
        "answers": []
    },
    {
        "id": 17901678298655031,
        "created_at": 1609049201,
        "text": "Price",
        "owner": {
            "id": "38203201812",
            "is_verified": false,
            "profile_pic_url": "https://instagram.fagc2-1.fna.fbcdn.net/v/t51.2885-19/s150x150/113526368_736387307160389_3099874776831014626_n.jpg?tp=1&_nc_ht=instagram.fagc2-1.fna.fbcdn.net&_nc_ohc=RJwcSclQhC0AX-q-gy3&ccb=7-4&oh=cdd3335d978a5e54cc7b6c44294c002f&oe=6086BAED&_nc_sid=9fb510",
            "username": "arun_6_7_8"
        },
        "likes_count": 0,
        "answers": [
            {
                "id": 17913924436555285,
                "created_at": 1609050075,
                "text": "@arun_6_7_8 check dm",
                "owner": {
                    "id": "31345321949",
                    "is_verified": false,
                    "profile_pic_url": "https://instagram.fagc2-1.fna.fbcdn.net/v/t51.2885-19/s150x150/104655610_734890267265839_7042082510067431729_n.jpg?tp=1&_nc_ht=instagram.fagc2-1.fna.fbcdn.net&_nc_ohc=Q9yxDDyzyrwAX9Xuts8&ccb=7-4&oh=d86b1b6d639825b0f55d29acf1a38f6f&oe=608866EF&_nc_sid=9fb510",
                    "username": "airpods_case_1"
                },
                "likes_count": 0
            }
        ]
    },
    {
        "id": 17892929956745060,
        "created_at": 1608917866,
        "text": "pp",
        "owner": {
            "id": "1480194923",
            "is_verified": false,
            "profile_pic_url": "https://instagram.fagc2-1.fna.fbcdn.net/v/t51.2885-19/s150x150/159992570_140882641262658_4034933459694484632_n.jpg?tp=1&_nc_ht=instagram.fagc2-1.fna.fbcdn.net&_nc_ohc=hdIgFsldHBcAX_eIaYL&ccb=7-4&oh=18a0e9217abfb601d638f0a44fbb3a4f&oe=60885633&_nc_sid=9fb510",
            "username": "swati_tiwari3"
        },
        "likes_count": 0,
        "answers": []
    },
    {
        "id": 18139234603127156,
        "created_at": 1607807104,
        "text": "Price??",
        "owner": {
            "id": "2760090717",
            "is_verified": false,
            "profile_pic_url": "https://instagram.fagc2-1.fna.fbcdn.net/v/t51.2885-19/s150x150/12407297_1672609866340552_1711840017_a.jpg?tp=1&_nc_ht=instagram.fagc2-1.fna.fbcdn.net&_nc_ohc=a81GwuWWBFgAX9hwC3W&ccb=7-4&oh=e2bc428e76bccb014fe717eae67727eb&oe=60898D72&_nc_sid=9fb510",
            "username": "maria430mercedes"
        },
        "likes_count": 0,
        "answers": []
    },
    {
        "id": 17903968753575820,
        "created_at": 1606198113,
        "text": "I am using realme airbuds neo",
        "owner": {
            "id": "32653771069",
            "is_verified": false,
            "profile_pic_url": "https://instagram.fagc2-1.fna.fbcdn.net/v/t51.2885-19/s150x150/162164796_2999808706921513_8864263301594307309_n.jpg?tp=1&_nc_ht=instagram.fagc2-1.fna.fbcdn.net&_nc_ohc=Aom2vnDvEnoAX-irqiE&ccb=7-4&oh=4f610401051ac994aa24da9f2e6365aa&oe=6089399B&_nc_sid=9fb510",
            "username": "real_shahtouseef"
        },
        "likes_count": 0,
        "answers": []
    },
    {
        "id": 18127504882091876,
        "created_at": 1606198096,
        "text": "Plzz",
        "owner": {
            "id": "32653771069",
            "is_verified": false,
            "profile_pic_url": "https://instagram.fagc2-1.fna.fbcdn.net/v/t51.2885-19/s150x150/162164796_2999808706921513_8864263301594307309_n.jpg?tp=1&_nc_ht=instagram.fagc2-1.fna.fbcdn.net&_nc_ohc=Aom2vnDvEnoAX-irqiE&ccb=7-4&oh=4f610401051ac994aa24da9f2e6365aa&oe=6089399B&_nc_sid=9fb510",
            "username": "real_shahtouseef"
        },
        "likes_count": 0,
        "answers": []
    },
    {
        "id": 17917683325498909,
        "created_at": 1606198095,
        "text": "How much is this",
        "owner": {
            "id": "32653771069",
            "is_verified": false,
            "profile_pic_url": "https://instagram.fagc2-1.fna.fbcdn.net/v/t51.2885-19/s150x150/162164796_2999808706921513_8864263301594307309_n.jpg?tp=1&_nc_ht=instagram.fagc2-1.fna.fbcdn.net&_nc_ohc=Aom2vnDvEnoAX-irqiE&ccb=7-4&oh=4f610401051ac994aa24da9f2e6365aa&oe=6089399B&_nc_sid=9fb510",
            "username": "real_shahtouseef"
        },
        "likes_count": 0,
        "answers": [
            {
                "id": 17885284321823075,
                "created_at": 1606198295,
                "text": "@this_is_shahtouseef check dm",
                "owner": {
                    "id": "31345321949",
                    "is_verified": false,
                    "profile_pic_url": "https://instagram.fagc2-1.fna.fbcdn.net/v/t51.2885-19/s150x150/104655610_734890267265839_7042082510067431729_n.jpg?tp=1&_nc_ht=instagram.fagc2-1.fna.fbcdn.net&_nc_ohc=Q9yxDDyzyrwAX9Xuts8&ccb=7-4&oh=d86b1b6d639825b0f55d29acf1a38f6f&oe=608866EF&_nc_sid=9fb510",
                    "username": "airpods_case_1"
                },
                "likes_count": 0
            }
        ]
    },
    {
        "id": 18155140906073975,
        "created_at": 1604875435,
        "text": "Price",
        "owner": {
            "id": "1330755410",
            "is_verified": false,
            "profile_pic_url": "https://instagram.fagc2-1.fna.fbcdn.net/v/t51.2885-19/s150x150/161764119_748179399226564_9068022349237727223_n.jpg?tp=1&_nc_ht=instagram.fagc2-1.fna.fbcdn.net&_nc_ohc=04HJAP-G9ocAX-vhTPR&ccb=7-4&oh=dd61f2e59ee6f978f0ddfc887fde4629&oe=6086C5C8&_nc_sid=9fb510",
            "username": "apurvmalik"
        },
        "likes_count": 0,
        "answers": [
            {
                "id": 17860926680221794,
                "created_at": 1604888449,
                "text": "@apurvmalik check dm",
                "owner": {
                    "id": "31345321949",
                    "is_verified": false,
                    "profile_pic_url": "https://instagram.fagc2-1.fna.fbcdn.net/v/t51.2885-19/s150x150/104655610_734890267265839_7042082510067431729_n.jpg?tp=1&_nc_ht=instagram.fagc2-1.fna.fbcdn.net&_nc_ohc=Q9yxDDyzyrwAX9Xuts8&ccb=7-4&oh=d86b1b6d639825b0f55d29acf1a38f6f&oe=608866EF&_nc_sid=9fb510",
                    "username": "airpods_case_1"
                },
                "likes_count": 0
            }
        ]
    },
    {
        "id": 17846300489453234,
        "created_at": 1604649845,
        "text": "Price",
        "owner": {
            "id": "26913801639",
            "is_verified": false,
            "profile_pic_url": "https://instagram.fagc2-1.fna.fbcdn.net/v/t51.2885-19/s150x150/160064299_112379070921217_2479740028080592199_n.jpg?tp=1&_nc_ht=instagram.fagc2-1.fna.fbcdn.net&_nc_ohc=2IofAH_ZamMAX-_4c5A&ccb=7-4&oh=5532613621befcddb734c0969366021d&oe=6086B184&_nc_sid=9fb510",
            "username": "harsh_unofficial_09x"
        },
        "likes_count": 0,
        "answers": [
            {
                "id": 18052084201266148,
                "created_at": 1604650580,
                "text": "@harsh_unofficial_0 check dm",
                "owner": {
                    "id": "31345321949",
                    "is_verified": false,
                    "profile_pic_url": "https://instagram.fagc2-1.fna.fbcdn.net/v/t51.2885-19/s150x150/104655610_734890267265839_7042082510067431729_n.jpg?tp=1&_nc_ht=instagram.fagc2-1.fna.fbcdn.net&_nc_ohc=Q9yxDDyzyrwAX9Xuts8&ccb=7-4&oh=d86b1b6d639825b0f55d29acf1a38f6f&oe=608866EF&_nc_sid=9fb510",
                    "username": "airpods_case_1"
                },
                "likes_count": 0
            }
        ]
    }
]