[
    {
        "id": 17899740370624566,
        "created_at": 1605792383,
        "text": "Pp",
        "owner": {
            "id": "5716254980",
            "is_verified": false,
            "profile_pic_url": "https://instagram.fagc2-1.fna.fbcdn.net/v/t51.2885-19/s150x150/155034829_198575868685420_5929253487141002696_n.jpg?tp=1&_nc_ht=instagram.fagc2-1.fna.fbcdn.net&_nc_ohc=lDqG3W-58dcAX_dEUai&ccb=7-4&oh=0756432a95576f84f6ba497441c5cb2b&oe=608912D0&_nc_sid=9fb510",
            "username": "__pruthvi__3010__"
        },
        "likes_count": 0,
        "answers": [
            {
                "id": 18094449049203439,
                "created_at": 1605792858,
                "text": "@__pruthvi__3010__ dm",
                "owner": {
                    "id": "31345321949",
                    "is_verified": false,
                    "profile_pic_url": "https://instagram.fagc2-1.fna.fbcdn.net/v/t51.2885-19/s150x150/104655610_734890267265839_7042082510067431729_n.jpg?tp=1&_nc_ht=instagram.fagc2-1.fna.fbcdn.net&_nc_ohc=Q9yxDDyzyrwAX9Xuts8&ccb=7-4&oh=d86b1b6d639825b0f55d29acf1a38f6f&oe=608866EF&_nc_sid=9fb510",
                    "username": "airpods_case_1"
                },
                "likes_count": 0
            }
        ]
    }
]