[
    {
        "id": 17886125675055467,
        "created_at": 1614562413,
        "text": "Price pls",
        "owner": {
            "id": "18851637632",
            "is_verified": false,
            "profile_pic_url": "https://instagram.fagc2-1.fna.fbcdn.net/v/t51.2885-19/s150x150/140364102_241448147390442_2132405772805993687_n.jpg?tp=1&_nc_ht=instagram.fagc2-1.fna.fbcdn.net&_nc_ohc=peSesg1RzNwAX8ltX0Y&ccb=7-4&oh=2e1a8d33a5e5f9399d07cf5c028effa5&oe=6088601A&_nc_sid=9fb510",
            "username": "black_crush03"
        },
        "likes_count": 0,
        "answers": []
    },
    {
        "id": 18139484509094608,
        "created_at": 1613643985,
        "text": "Price kya hai",
        "owner": {
            "id": "44950266203",
            "is_verified": false,
            "profile_pic_url": "https://instagram.fagc2-1.fna.fbcdn.net/v/t51.2885-19/s150x150/140080935_436598587654643_5301214679844233883_n.jpg?tp=1&_nc_ht=instagram.fagc2-1.fna.fbcdn.net&_nc_ohc=DS2dZGXk3y8AX_pHa_w&ccb=7-4&oh=3666cfa312a2afe4736b88c18cade81b&oe=60877532&_nc_sid=9fb510",
            "username": "piyushkukreja7"
        },
        "likes_count": 0,
        "answers": []
    },
    {
        "id": 17853724778487148,
        "created_at": 1612959701,
        "text": "Price please? And do you deliver in lahore?",
        "owner": {
            "id": "195555187",
            "is_verified": false,
            "profile_pic_url": "https://instagram.fagc2-1.fna.fbcdn.net/v/t51.2885-19/s150x150/142422759_1191665354563788_3343978303761084747_n.jpg?tp=1&_nc_ht=instagram.fagc2-1.fna.fbcdn.net&_nc_ohc=ejsQTzd3gl8AX88VSTd&ccb=7-4&oh=745f1b886fb06cda7eb0df24c4126361&oe=6086D9C0&_nc_sid=9fb510",
            "username": "aamnaa_nadeem"
        },
        "likes_count": 0,
        "answers": [
            {
                "id": 18058171552279573,
                "created_at": 1612962464,
                "text": "@aamnaa_nadeem currently not",
                "owner": {
                    "id": "31345321949",
                    "is_verified": false,
                    "profile_pic_url": "https://instagram.fagc2-1.fna.fbcdn.net/v/t51.2885-19/s150x150/104655610_734890267265839_7042082510067431729_n.jpg?tp=1&_nc_ht=instagram.fagc2-1.fna.fbcdn.net&_nc_ohc=Q9yxDDyzyrwAX9Xuts8&ccb=7-4&oh=d86b1b6d639825b0f55d29acf1a38f6f&oe=608866EF&_nc_sid=9fb510",
                    "username": "airpods_case_1"
                },
                "likes_count": 1
            }
        ]
    },
    {
        "id": 17880824576049052,
        "created_at": 1612359933,
        "text": "Pp pls",
        "owner": {
            "id": "16867783402",
            "is_verified": false,
            "profile_pic_url": "https://instagram.fagc2-1.fna.fbcdn.net/v/t51.2885-19/s150x150/146677909_1075358509557854_9214125406525184715_n.jpg?tp=1&_nc_ht=instagram.fagc2-1.fna.fbcdn.net&_nc_ohc=0QsR1FIH0NMAX_KtfKq&ccb=7-4&oh=3004e0dc83cfddaaaf1e9277a398812a&oe=6088AC2B&_nc_sid=9fb510",
            "username": "mr_sameer29"
        },
        "likes_count": 0,
        "answers": []
    },
    {
        "id": 17856920372415074,
        "created_at": 1611846837,
        "text": "Fiyat nedir",
        "owner": {
            "id": "45408203014",
            "is_verified": false,
            "profile_pic_url": "https://instagram.fagc2-1.fna.fbcdn.net/v/t51.2885-19/s150x150/135894084_2820949258182269_574980637968316907_n.jpg?tp=1&_nc_ht=instagram.fagc2-1.fna.fbcdn.net&_nc_ohc=8Fwi14uojPYAX_4Dphr&ccb=7-4&oh=e912d295316ea21a54177a019c9dd919&oe=6087989D&_nc_sid=9fb510",
            "username": "e_cem_talay_o6o6"
        },
        "likes_count": 0,
        "answers": []
    },
    {
        "id": 17918745685532649,
        "created_at": 1611594473,
        "text": "Price?",
        "owner": {
            "id": "2935776838",
            "is_verified": false,
            "profile_pic_url": "https://instagram.fagc2-1.fna.fbcdn.net/v/t51.2885-19/s150x150/149248646_1100486233751882_1684615673729765763_n.jpg?tp=1&_nc_ht=instagram.fagc2-1.fna.fbcdn.net&_nc_ohc=WF8h1lH9LccAX8iPiLj&ccb=7-4&oh=7efda11822588bc8ecb66d1058de2ac3&oe=6087CD05&_nc_sid=9fb510",
            "username": "ganesh_d01"
        },
        "likes_count": 0,
        "answers": [
            {
                "id": 17865689732301918,
                "created_at": 1611594506,
                "text": "@ganesh_d01 check dm",
                "owner": {
                    "id": "31345321949",
                    "is_verified": false,
                    "profile_pic_url": "https://instagram.fagc2-1.fna.fbcdn.net/v/t51.2885-19/s150x150/104655610_734890267265839_7042082510067431729_n.jpg?tp=1&_nc_ht=instagram.fagc2-1.fna.fbcdn.net&_nc_ohc=Q9yxDDyzyrwAX9Xuts8&ccb=7-4&oh=d86b1b6d639825b0f55d29acf1a38f6f&oe=608866EF&_nc_sid=9fb510",
                    "username": "airpods_case_1"
                },
                "likes_count": 0
            }
        ]
    },
    {
        "id": 17882930446981816,
        "created_at": 1610689767,
        "text": "price",
        "owner": {
            "id": "6718671629",
            "is_verified": false,
            "profile_pic_url": "https://instagram.fagc2-1.fna.fbcdn.net/v/t51.2885-19/s150x150/146029349_120779796595281_8645604197397108468_n.jpg?tp=1&_nc_ht=instagram.fagc2-1.fna.fbcdn.net&_nc_ohc=VlAtrMAxRYcAX9F7e6E&ccb=7-4&oh=515adcf66d4e4dc681c02c97fae0b715&oe=608678B4&_nc_sid=9fb510",
            "username": "kaif_saifi_12"
        },
        "likes_count": 0,
        "answers": [
            {
                "id": 18134122528145627,
                "created_at": 1610690549,
                "text": "@kaif_saifi_12 check dm",
                "owner": {
                    "id": "31345321949",
                    "is_verified": false,
                    "profile_pic_url": "https://instagram.fagc2-1.fna.fbcdn.net/v/t51.2885-19/s150x150/104655610_734890267265839_7042082510067431729_n.jpg?tp=1&_nc_ht=instagram.fagc2-1.fna.fbcdn.net&_nc_ohc=Q9yxDDyzyrwAX9Xuts8&ccb=7-4&oh=d86b1b6d639825b0f55d29acf1a38f6f&oe=608866EF&_nc_sid=9fb510",
                    "username": "airpods_case_1"
                },
                "likes_count": 1
            }
        ]
    },
    {
        "id": 18188278603014401,
        "created_at": 1610045384,
        "text": "Price",
        "owner": {
            "id": "43069227771",
            "is_verified": false,
            "profile_pic_url": "https://instagram.faep9-1.fna.fbcdn.net/v/t51.2885-19/44884218_345707102882519_2446069589734326272_n.jpg?_nc_ht=instagram.faep9-1.fna.fbcdn.net&_nc_ohc=hLTkwc3uTqUAX9xdqSw&ccb=7-4&oh=22727fac9e03e95f279352aa235d97df&oe=6087738F&_nc_sid=3f45ac&ig_cache_key=YW5vbnltb3VzX3Byb2ZpbGVfcGlj.2-ccb7-4",
            "username": "rudra_99_dedha"
        },
        "likes_count": 1,
        "answers": [
            {
                "id": 17887422100902879,
                "created_at": 1610048053,
                "text": "@rudra_0007_official check dm",
                "owner": {
                    "id": "31345321949",
                    "is_verified": false,
                    "profile_pic_url": "https://instagram.fagc2-1.fna.fbcdn.net/v/t51.2885-19/s150x150/104655610_734890267265839_7042082510067431729_n.jpg?tp=1&_nc_ht=instagram.fagc2-1.fna.fbcdn.net&_nc_ohc=Q9yxDDyzyrwAX9Xuts8&ccb=7-4&oh=d86b1b6d639825b0f55d29acf1a38f6f&oe=608866EF&_nc_sid=9fb510",
                    "username": "airpods_case_1"
                },
                "likes_count": 0
            },
            {
                "id": 17842081238518282,
                "created_at": 1610048059,
                "text": "@rudra_0007_official check dm",
                "owner": {
                    "id": "31345321949",
                    "is_verified": false,
                    "profile_pic_url": "https://instagram.fagc2-1.fna.fbcdn.net/v/t51.2885-19/s150x150/104655610_734890267265839_7042082510067431729_n.jpg?tp=1&_nc_ht=instagram.fagc2-1.fna.fbcdn.net&_nc_ohc=Q9yxDDyzyrwAX9Xuts8&ccb=7-4&oh=d86b1b6d639825b0f55d29acf1a38f6f&oe=608866EF&_nc_sid=9fb510",
                    "username": "airpods_case_1"
                },
                "likes_count": 0
            }
        ]
    },
    {
        "id": 18049376203273426,
        "created_at": 1608581384,
        "text": "Pp p",
        "owner": {
            "id": "9050109654",
            "is_verified": false,
            "profile_pic_url": "https://instagram.fagc2-1.fna.fbcdn.net/v/t51.2885-19/s150x150/162873473_324278872362170_7092265819830646092_n.jpg?tp=1&_nc_ht=instagram.fagc2-1.fna.fbcdn.net&_nc_ohc=YxpKY0Bra-QAX91lfPU&ccb=7-4&oh=56bd224825c5393067b70d9d999771df&oe=60898DB2&_nc_sid=9fb510",
            "username": "meeroo__khalid"
        },
        "likes_count": 1,
        "answers": []
    },
    {
        "id": 17866565765212333,
        "created_at": 1608383879,
        "text": "Wath price",
        "owner": {
            "id": "13286778300",
            "is_verified": false,
            "profile_pic_url": "https://instagram.fagc2-1.fna.fbcdn.net/v/t51.2885-19/s150x150/131918303_388666325794652_2542400035271095981_n.jpg?tp=1&_nc_ht=instagram.fagc2-1.fna.fbcdn.net&_nc_ohc=C_NqU-fAYXMAX_nshET&ccb=7-4&oh=2f6a8e1b500829b38749829e923f8fe5&oe=608612B7&_nc_sid=9fb510",
            "username": "_om_lokhande"
        },
        "likes_count": 0,
        "answers": [
            {
                "id": 17853087425428093,
                "created_at": 1608390102,
                "text": "@_banku_bhiya check dm",
                "owner": {
                    "id": "31345321949",
                    "is_verified": false,
                    "profile_pic_url": "https://instagram.fagc2-1.fna.fbcdn.net/v/t51.2885-19/s150x150/104655610_734890267265839_7042082510067431729_n.jpg?tp=1&_nc_ht=instagram.fagc2-1.fna.fbcdn.net&_nc_ohc=Q9yxDDyzyrwAX9Xuts8&ccb=7-4&oh=d86b1b6d639825b0f55d29acf1a38f6f&oe=608866EF&_nc_sid=9fb510",
                    "username": "airpods_case_1"
                },
                "likes_count": 0
            }
        ]
    },
    {
        "id": 17941188409419333,
        "created_at": 1608287118,
        "text": "How much",
        "owner": {
            "id": "4046829841",
            "is_verified": false,
            "profile_pic_url": "https://instagram.fagc2-1.fna.fbcdn.net/v/t51.2885-19/s150x150/39494131_305441243342361_1661375341018480640_n.jpg?tp=1&_nc_ht=instagram.fagc2-1.fna.fbcdn.net&_nc_ohc=axQc75qVkEMAX9khV42&ccb=7-4&oh=ef9a2de39b3290ee56fc361849756ede&oe=608894E3&_nc_sid=9fb510",
            "username": "sudeepsrivatsav"
        },
        "likes_count": 0,
        "answers": []
    }
]