[
    {
        "id": 17882547812019738,
        "created_at": 1610725898,
        "text": "Is it available for 6s",
        "owner": {
            "id": "4554007405",
            "is_verified": false,
            "profile_pic_url": "https://instagram.fagc2-1.fna.fbcdn.net/v/t51.2885-19/s150x150/153142043_452383972780934_7728231270533742622_n.jpg?tp=1&_nc_ht=instagram.fagc2-1.fna.fbcdn.net&_nc_ohc=idZxjpxvGSsAX9GyyXu&ccb=7-4&oh=0d21876bbc8833f769c7bc626383ff3d&oe=60895A00&_nc_sid=9fb510",
            "username": "_mj_151018"
        },
        "likes_count": 0,
        "answers": [
            {
                "id": 17927296036483963,
                "created_at": 1610726130,
                "text": "@airpods_case_1 can i get camera slider",
                "owner": {
                    "id": "4554007405",
                    "profile_pic_url": "https://instagram.fagc2-1.fna.fbcdn.net/v/t51.2885-19/s150x150/153142043_452383972780934_7728231270533742622_n.jpg?tp=1&_nc_ht=instagram.fagc2-1.fna.fbcdn.net&_nc_ohc=idZxjpxvGSsAX9GyyXu&ccb=7-4&oh=0d21876bbc8833f769c7bc626383ff3d&oe=60895A00&_nc_sid=3f1853",
                    "username": "_mj_151018"
                },
                "likes_count": 0
            },
            {
                "id": 17886073435952050,
                "created_at": 1610729216,
                "text": "@airpods_case_1 6s",
                "owner": {
                    "id": "4554007405",
                    "profile_pic_url": "https://instagram.fagc2-1.fna.fbcdn.net/v/t51.2885-19/s150x150/153142043_452383972780934_7728231270533742622_n.jpg?tp=1&_nc_ht=instagram.fagc2-1.fna.fbcdn.net&_nc_ohc=idZxjpxvGSsAX9GyyXu&ccb=7-4&oh=0d21876bbc8833f769c7bc626383ff3d&oe=60895A00&_nc_sid=3f1853",
                    "username": "_mj_151018"
                },
                "likes_count": 0
            },
            {
                "id": 17883782650998347,
                "created_at": 1610725929,
                "text": "@_mj_151018 only silicon case for 6s",
                "owner": {
                    "id": "31345321949",
                    "profile_pic_url": "https://instagram.fagc2-1.fna.fbcdn.net/v/t51.2885-19/s150x150/104655610_734890267265839_7042082510067431729_n.jpg?tp=1&_nc_ht=instagram.fagc2-1.fna.fbcdn.net&_nc_ohc=Q9yxDDyzyrwAX9Xuts8&ccb=7-4&oh=d86b1b6d639825b0f55d29acf1a38f6f&oe=608866EF&_nc_sid=3f1853",
                    "username": "airpods_case_1"
                },
                "likes_count": 0
            },
            {
                "id": 17870351867180490,
                "created_at": 1610729025,
                "text": "@_mj_151018 for?",
                "owner": {
                    "id": "31345321949",
                    "profile_pic_url": "https://instagram.fagc2-1.fna.fbcdn.net/v/t51.2885-19/s150x150/104655610_734890267265839_7042082510067431729_n.jpg?tp=1&_nc_ht=instagram.fagc2-1.fna.fbcdn.net&_nc_ohc=Q9yxDDyzyrwAX9Xuts8&ccb=7-4&oh=d86b1b6d639825b0f55d29acf1a38f6f&oe=608866EF&_nc_sid=3f1853",
                    "username": "airpods_case_1"
                },
                "likes_count": 0
            },
            {
                "id": 17855625641418967,
                "created_at": 1610731648,
                "text": "@_mj_151018 not available for 6s",
                "owner": {
                    "id": "31345321949",
                    "profile_pic_url": "https://instagram.fagc2-1.fna.fbcdn.net/v/t51.2885-19/s150x150/104655610_734890267265839_7042082510067431729_n.jpg?tp=1&_nc_ht=instagram.fagc2-1.fna.fbcdn.net&_nc_ohc=Q9yxDDyzyrwAX9Xuts8&ccb=7-4&oh=d86b1b6d639825b0f55d29acf1a38f6f&oe=608866EF&_nc_sid=3f1853",
                    "username": "airpods_case_1"
                },
                "likes_count": 0
            },
            {
                "id": 17853616907489936,
                "created_at": 1610725915,
                "text": "@_mj_151018 noo",
                "owner": {
                    "id": "31345321949",
                    "profile_pic_url": "https://instagram.fagc2-1.fna.fbcdn.net/v/t51.2885-19/s150x150/104655610_734890267265839_7042082510067431729_n.jpg?tp=1&_nc_ht=instagram.fagc2-1.fna.fbcdn.net&_nc_ohc=Q9yxDDyzyrwAX9Xuts8&ccb=7-4&oh=d86b1b6d639825b0f55d29acf1a38f6f&oe=608866EF&_nc_sid=3f1853",
                    "username": "airpods_case_1"
                },
                "likes_count": 0
            }
        ]
    },
    {
        "id": 18142953019116519,
        "created_at": 1607142470,
        "text": "Price",
        "owner": {
            "id": "30541720123",
            "is_verified": false,
            "profile_pic_url": "https://instagram.fagc2-1.fna.fbcdn.net/v/t51.2885-19/s150x150/132042379_668204157203089_5847443748420139651_n.jpg?tp=1&_nc_ht=instagram.fagc2-1.fna.fbcdn.net&_nc_ohc=9qZmngekXmcAX8DbVaO&ccb=7-4&oh=2eb02e2a82bba6f9c3ebb00524600e8b&oe=6087738B&_nc_sid=9fb510",
            "username": "fatima_k_055"
        },
        "likes_count": 0,
        "answers": [
            {
                "id": 17897608801665794,
                "created_at": 1607142873,
                "text": "@tooba_khan_.51214 check dm",
                "owner": {
                    "id": "31345321949",
                    "is_verified": false,
                    "profile_pic_url": "https://instagram.fagc2-1.fna.fbcdn.net/v/t51.2885-19/s150x150/104655610_734890267265839_7042082510067431729_n.jpg?tp=1&_nc_ht=instagram.fagc2-1.fna.fbcdn.net&_nc_ohc=Q9yxDDyzyrwAX9Xuts8&ccb=7-4&oh=d86b1b6d639825b0f55d29acf1a38f6f&oe=608866EF&_nc_sid=9fb510",
                    "username": "airpods_case_1"
                },
                "likes_count": 0
            }
        ]
    }
]