[
    {
        "id": 17892929683701651,
        "created_at": 1605190111,
        "text": "@elonalonnaa1",
        "owner": {
            "id": "6024670515",
            "is_verified": false,
            "profile_pic_url": "https://instagram.fhkg1-1.fna.fbcdn.net/v/t51.2885-19/44884218_345707102882519_2446069589734326272_n.jpg?_nc_ht=instagram.fhkg1-1.fna.fbcdn.net&_nc_ohc=hLTkwc3uTqUAX_KYdR4&ccb=7-4&oh=749797a0e25c4eb26931a8c40bc49427&oe=6087738F&_nc_sid=751ab8&ig_cache_key=YW5vbnltb3VzX3Byb2ZpbGVfcGlj.2-ccb7-4",
            "username": "navyaa.aroraa"
        },
        "likes_count": 2,
        "answers": []
    },
    {
        "id": 17874820466005191,
        "created_at": 1605190105,
        "text": "@mhe727432",
        "owner": {
            "id": "6024670515",
            "is_verified": false,
            "profile_pic_url": "https://instagram.fhkg1-1.fna.fbcdn.net/v/t51.2885-19/44884218_345707102882519_2446069589734326272_n.jpg?_nc_ht=instagram.fhkg1-1.fna.fbcdn.net&_nc_ohc=hLTkwc3uTqUAX_KYdR4&ccb=7-4&oh=749797a0e25c4eb26931a8c40bc49427&oe=6087738F&_nc_sid=751ab8&ig_cache_key=YW5vbnltb3VzX3Byb2ZpbGVfcGlj.2-ccb7-4",
            "username": "navyaa.aroraa"
        },
        "likes_count": 1,
        "answers": []
    },
    {
        "id": 17879360368928012,
        "created_at": 1605190085,
        "text": "@mhe_727",
        "owner": {
            "id": "6024670515",
            "is_verified": false,
            "profile_pic_url": "https://instagram.fhkg1-1.fna.fbcdn.net/v/t51.2885-19/44884218_345707102882519_2446069589734326272_n.jpg?_nc_ht=instagram.fhkg1-1.fna.fbcdn.net&_nc_ohc=hLTkwc3uTqUAX_KYdR4&ccb=7-4&oh=749797a0e25c4eb26931a8c40bc49427&oe=6087738F&_nc_sid=751ab8&ig_cache_key=YW5vbnltb3VzX3Byb2ZpbGVfcGlj.2-ccb7-4",
            "username": "navyaa.aroraa"
        },
        "likes_count": 0,
        "answers": []
    },
    {
        "id": 17872720685001354,
        "created_at": 1605189910,
        "text": "Great collection\u2764\ufe0f\u2764\ufe0f\u2764\ufe0f\u2764\ufe0f",
        "owner": {
            "id": "6024670515",
            "is_verified": false,
            "profile_pic_url": "https://instagram.fhkg1-1.fna.fbcdn.net/v/t51.2885-19/44884218_345707102882519_2446069589734326272_n.jpg?_nc_ht=instagram.fhkg1-1.fna.fbcdn.net&_nc_ohc=hLTkwc3uTqUAX_KYdR4&ccb=7-4&oh=749797a0e25c4eb26931a8c40bc49427&oe=6087738F&_nc_sid=751ab8&ig_cache_key=YW5vbnltb3VzX3Byb2ZpbGVfcGlj.2-ccb7-4",
            "username": "navyaa.aroraa"
        },
        "likes_count": 0,
        "answers": []
    },
    {
        "id": 17913003043518724,
        "created_at": 1604850797,
        "text": "How much is this",
        "owner": {
            "id": "5624981654",
            "is_verified": false,
            "profile_pic_url": "https://instagram.fagc2-1.fna.fbcdn.net/v/t51.2885-19/s150x150/22858348_130087784417341_994902841673908224_n.jpg?tp=1&_nc_ht=instagram.fagc2-1.fna.fbcdn.net&_nc_ohc=1zzqiBRkSloAX8TzFmC&tn=mcjOdVXHzvtpod0v&ccb=7-4&oh=69c7991fa66d3586e7c598013b4afcab&oe=60882E8A&_nc_sid=9fb510",
            "username": "poshlendavid"
        },
        "likes_count": 0,
        "answers": []
    },
    {
        "id": 17943047722401031,
        "created_at": 1604850611,
        "text": "@prettylayy  @young_florida_girl @_prettyyy.ebonyyy @jadenbruto @la_nardd....Love your items\ud83d\udc99\ud83d\ude0d\ud83d\ude0d",
        "owner": {
            "id": "39601521525",
            "is_verified": false,
            "profile_pic_url": "https://instagram.fagc2-1.fna.fbcdn.net/v/t51.2885-19/s150x150/142714579_464140151663280_7734509333728156555_n.jpg?tp=1&_nc_ht=instagram.fagc2-1.fna.fbcdn.net&_nc_ohc=-hxOb3gu6koAX8hYN-e&ccb=7-4&oh=44a1ebc4476707ddb7ff1364a4d033d5&oe=6087F189&_nc_sid=9fb510",
            "username": "theonly.lexis_"
        },
        "likes_count": 0,
        "answers": []
    },
    {
        "id": 17908539499540506,
        "created_at": 1604740686,
        "text": "\ud83d\ude0d\ud83d\ude0d",
        "owner": {
            "id": "27766477655",
            "is_verified": false,
            "profile_pic_url": "https://instagram.fagc2-1.fna.fbcdn.net/v/t51.2885-19/s150x150/92664136_253455499030089_7637619911593820160_n.jpg?tp=1&_nc_ht=instagram.fagc2-1.fna.fbcdn.net&_nc_ohc=fEYEML8X7tUAX-SD8a9&ccb=7-4&oh=26096a7294baf0a554fbe1a2746653ad&oe=608987BB&_nc_sid=9fb510",
            "username": "coimbatore_promotions"
        },
        "likes_count": 0,
        "answers": []
    },
    {
        "id": 18114530965161579,
        "created_at": 1604740684,
        "text": "\ud83d\udd25\ud83d\udd25",
        "owner": {
            "id": "27766477655",
            "is_verified": false,
            "profile_pic_url": "https://instagram.fagc2-1.fna.fbcdn.net/v/t51.2885-19/s150x150/92664136_253455499030089_7637619911593820160_n.jpg?tp=1&_nc_ht=instagram.fagc2-1.fna.fbcdn.net&_nc_ohc=fEYEML8X7tUAX-SD8a9&ccb=7-4&oh=26096a7294baf0a554fbe1a2746653ad&oe=608987BB&_nc_sid=9fb510",
            "username": "coimbatore_promotions"
        },
        "likes_count": 0,
        "answers": []
    },
    {
        "id": 18043410937279447,
        "created_at": 1604728447,
        "text": "Super case \ud83d\ude0d\ud83d\ude0d\ud83d\ude0d",
        "owner": {
            "id": "18033631246",
            "is_verified": false,
            "profile_pic_url": "https://instagram.fagc2-1.fna.fbcdn.net/v/t51.2885-19/s150x150/130736752_226297218853708_3352096267388771479_n.jpg?tp=1&_nc_ht=instagram.fagc2-1.fna.fbcdn.net&_nc_ohc=d3HxD0btd9oAX8mjMjr&ccb=7-4&oh=ed0c40f988fc7ef5751ab9f07e8eb887&oe=60886321&_nc_sid=9fb510",
            "username": "muhammednaif21"
        },
        "likes_count": 0,
        "answers": []
    },
    {
        "id": 17845211249449525,
        "created_at": 1604727644,
        "text": "\ud83d\ude0d\ud83d\ude0d",
        "owner": {
            "id": "6988664736",
            "is_verified": false,
            "profile_pic_url": "https://instagram.fagc2-1.fna.fbcdn.net/v/t51.2885-19/s150x150/155970126_291321345663112_269964253015354798_n.jpg?tp=1&_nc_ht=instagram.fagc2-1.fna.fbcdn.net&_nc_ohc=QHWIKsEhiSYAX-o-wVL&ccb=7-4&oh=ae271bd3b52c39c1bcae04aa4fe059ec&oe=60875F3F&_nc_sid=9fb510",
            "username": "__s__h__a__r__a__n_"
        },
        "likes_count": 0,
        "answers": []
    },
    {
        "id": 17876490220933609,
        "created_at": 1604727630,
        "text": "@rithikasampathkumar",
        "owner": {
            "id": "6988664736",
            "is_verified": false,
            "profile_pic_url": "https://instagram.fagc2-1.fna.fbcdn.net/v/t51.2885-19/s150x150/155970126_291321345663112_269964253015354798_n.jpg?tp=1&_nc_ht=instagram.fagc2-1.fna.fbcdn.net&_nc_ohc=QHWIKsEhiSYAX-o-wVL&ccb=7-4&oh=ae271bd3b52c39c1bcae04aa4fe059ec&oe=60875F3F&_nc_sid=9fb510",
            "username": "__s__h__a__r__a__n_"
        },
        "likes_count": 0,
        "answers": [
            {
                "id": 17938113268414573,
                "created_at": 1604728109,
                "text": "@__s__h__a__r__a__n_ super vangitha",
                "owner": {
                    "id": "38934443142",
                    "is_verified": false,
                    "profile_pic_url": "https://instagram.fagc2-1.fna.fbcdn.net/v/t51.2885-19/s150x150/144127223_3765292180220936_7952686119602804517_n.jpg?tp=1&_nc_ht=instagram.fagc2-1.fna.fbcdn.net&_nc_ohc=JhehsAbPgTcAX8bbu2M&ccb=7-4&oh=edcc2a22e82d75c084373963a819843b&oe=6089DF1D&_nc_sid=9fb510",
                    "username": "rithikasampathkumar"
                },
                "likes_count": 1
            }
        ]
    },
    {
        "id": 17857155218268098,
        "created_at": 1604727626,
        "text": "@staying_alive_02",
        "owner": {
            "id": "6988664736",
            "is_verified": false,
            "profile_pic_url": "https://instagram.fagc2-1.fna.fbcdn.net/v/t51.2885-19/s150x150/155970126_291321345663112_269964253015354798_n.jpg?tp=1&_nc_ht=instagram.fagc2-1.fna.fbcdn.net&_nc_ohc=QHWIKsEhiSYAX-o-wVL&ccb=7-4&oh=ae271bd3b52c39c1bcae04aa4fe059ec&oe=60875F3F&_nc_sid=9fb510",
            "username": "__s__h__a__r__a__n_"
        },
        "likes_count": 0,
        "answers": []
    },
    {
        "id": 17891818288730274,
        "created_at": 1604727617,
        "text": "@_kitty_princess_180",
        "owner": {
            "id": "6988664736",
            "is_verified": false,
            "profile_pic_url": "https://instagram.fagc2-1.fna.fbcdn.net/v/t51.2885-19/s150x150/155970126_291321345663112_269964253015354798_n.jpg?tp=1&_nc_ht=instagram.fagc2-1.fna.fbcdn.net&_nc_ohc=QHWIKsEhiSYAX-o-wVL&ccb=7-4&oh=ae271bd3b52c39c1bcae04aa4fe059ec&oe=60875F3F&_nc_sid=9fb510",
            "username": "__s__h__a__r__a__n_"
        },
        "likes_count": 0,
        "answers": []
    },
    {
        "id": 17862380102192139,
        "created_at": 1604727608,
        "text": "@p.e.a.c.y_girl_dd",
        "owner": {
            "id": "6988664736",
            "is_verified": false,
            "profile_pic_url": "https://instagram.fagc2-1.fna.fbcdn.net/v/t51.2885-19/s150x150/155970126_291321345663112_269964253015354798_n.jpg?tp=1&_nc_ht=instagram.fagc2-1.fna.fbcdn.net&_nc_ohc=QHWIKsEhiSYAX-o-wVL&ccb=7-4&oh=ae271bd3b52c39c1bcae04aa4fe059ec&oe=60875F3F&_nc_sid=9fb510",
            "username": "__s__h__a__r__a__n_"
        },
        "likes_count": 0,
        "answers": []
    },
    {
        "id": 17864212661171479,
        "created_at": 1604727601,
        "text": "@sabari_kriz",
        "owner": {
            "id": "6988664736",
            "is_verified": false,
            "profile_pic_url": "https://instagram.fagc2-1.fna.fbcdn.net/v/t51.2885-19/s150x150/155970126_291321345663112_269964253015354798_n.jpg?tp=1&_nc_ht=instagram.fagc2-1.fna.fbcdn.net&_nc_ohc=QHWIKsEhiSYAX-o-wVL&ccb=7-4&oh=ae271bd3b52c39c1bcae04aa4fe059ec&oe=60875F3F&_nc_sid=9fb510",
            "username": "__s__h__a__r__a__n_"
        },
        "likes_count": 0,
        "answers": []
    },
    {
        "id": 17878905178900159,
        "created_at": 1604727569,
        "text": "@pooja_sundhari",
        "owner": {
            "id": "6988664736",
            "is_verified": false,
            "profile_pic_url": "https://instagram.fagc2-1.fna.fbcdn.net/v/t51.2885-19/s150x150/155970126_291321345663112_269964253015354798_n.jpg?tp=1&_nc_ht=instagram.fagc2-1.fna.fbcdn.net&_nc_ohc=QHWIKsEhiSYAX-o-wVL&ccb=7-4&oh=ae271bd3b52c39c1bcae04aa4fe059ec&oe=60875F3F&_nc_sid=9fb510",
            "username": "__s__h__a__r__a__n_"
        },
        "likes_count": 1,
        "answers": []
    },
    {
        "id": 17888335489754321,
        "created_at": 1604727565,
        "text": "@iyer_aathuponnu",
        "owner": {
            "id": "6988664736",
            "is_verified": false,
            "profile_pic_url": "https://instagram.fagc2-1.fna.fbcdn.net/v/t51.2885-19/s150x150/155970126_291321345663112_269964253015354798_n.jpg?tp=1&_nc_ht=instagram.fagc2-1.fna.fbcdn.net&_nc_ohc=QHWIKsEhiSYAX-o-wVL&ccb=7-4&oh=ae271bd3b52c39c1bcae04aa4fe059ec&oe=60875F3F&_nc_sid=9fb510",
            "username": "__s__h__a__r__a__n_"
        },
        "likes_count": 0,
        "answers": []
    },
    {
        "id": 17892170356681547,
        "created_at": 1604727561,
        "text": "@crun.chycucumber",
        "owner": {
            "id": "6988664736",
            "is_verified": false,
            "profile_pic_url": "https://instagram.fagc2-1.fna.fbcdn.net/v/t51.2885-19/s150x150/155970126_291321345663112_269964253015354798_n.jpg?tp=1&_nc_ht=instagram.fagc2-1.fna.fbcdn.net&_nc_ohc=QHWIKsEhiSYAX-o-wVL&ccb=7-4&oh=ae271bd3b52c39c1bcae04aa4fe059ec&oe=60875F3F&_nc_sid=9fb510",
            "username": "__s__h__a__r__a__n_"
        },
        "likes_count": 1,
        "answers": [
            {
                "id": 18134436448120703,
                "created_at": 1604752849,
                "text": "@__s__h__a__r__a__n_ thaanga mudiyala pa",
                "owner": {
                    "id": "44196346487",
                    "is_verified": false,
                    "profile_pic_url": "https://instagram.fagc2-1.fna.fbcdn.net/v/t51.2885-19/s150x150/146845722_270727861213277_5614088366336492873_n.jpg?tp=1&_nc_ht=instagram.fagc2-1.fna.fbcdn.net&_nc_ohc=xEtY9yFyaf0AX_cHU82&ccb=7-4&oh=ecddf1b7f9ab70890b2732b3c3c0ef04&oe=6089371E&_nc_sid=9fb510",
                    "username": "crun.chycucumber"
                },
                "likes_count": 1
            }
        ]
    },
    {
        "id": 17901689086605260,
        "created_at": 1604727557,
        "text": "@sanjeev_official1",
        "owner": {
            "id": "6988664736",
            "is_verified": false,
            "profile_pic_url": "https://instagram.fagc2-1.fna.fbcdn.net/v/t51.2885-19/s150x150/155970126_291321345663112_269964253015354798_n.jpg?tp=1&_nc_ht=instagram.fagc2-1.fna.fbcdn.net&_nc_ohc=QHWIKsEhiSYAX-o-wVL&ccb=7-4&oh=ae271bd3b52c39c1bcae04aa4fe059ec&oe=60875F3F&_nc_sid=9fb510",
            "username": "__s__h__a__r__a__n_"
        },
        "likes_count": 1,
        "answers": []
    },
    {
        "id": 17893767166719958,
        "created_at": 1604727552,
        "text": "@s____netra_____",
        "owner": {
            "id": "6988664736",
            "is_verified": false,
            "profile_pic_url": "https://instagram.fagc2-1.fna.fbcdn.net/v/t51.2885-19/s150x150/155970126_291321345663112_269964253015354798_n.jpg?tp=1&_nc_ht=instagram.fagc2-1.fna.fbcdn.net&_nc_ohc=QHWIKsEhiSYAX-o-wVL&ccb=7-4&oh=ae271bd3b52c39c1bcae04aa4fe059ec&oe=60875F3F&_nc_sid=9fb510",
            "username": "__s__h__a__r__a__n_"
        },
        "likes_count": 0,
        "answers": []
    },
    {
        "id": 17890400230736248,
        "created_at": 1604727516,
        "text": "@shakthi_a6",
        "owner": {
            "id": "6988664736",
            "is_verified": false,
            "profile_pic_url": "https://instagram.fagc2-1.fna.fbcdn.net/v/t51.2885-19/s150x150/155970126_291321345663112_269964253015354798_n.jpg?tp=1&_nc_ht=instagram.fagc2-1.fna.fbcdn.net&_nc_ohc=QHWIKsEhiSYAX-o-wVL&ccb=7-4&oh=ae271bd3b52c39c1bcae04aa4fe059ec&oe=60875F3F&_nc_sid=9fb510",
            "username": "__s__h__a__r__a__n_"
        },
        "likes_count": 1,
        "answers": []
    },
    {
        "id": 18134030737120639,
        "created_at": 1604727511,
        "text": "@_modified_cars_tamil_nadu",
        "owner": {
            "id": "6988664736",
            "is_verified": false,
            "profile_pic_url": "https://instagram.fagc2-1.fna.fbcdn.net/v/t51.2885-19/s150x150/155970126_291321345663112_269964253015354798_n.jpg?tp=1&_nc_ht=instagram.fagc2-1.fna.fbcdn.net&_nc_ohc=QHWIKsEhiSYAX-o-wVL&ccb=7-4&oh=ae271bd3b52c39c1bcae04aa4fe059ec&oe=60875F3F&_nc_sid=9fb510",
            "username": "__s__h__a__r__a__n_"
        },
        "likes_count": 1,
        "answers": []
    },
    {
        "id": 17889729874740966,
        "created_at": 1604727506,
        "text": "@__s__h__a__r__a__n_",
        "owner": {
            "id": "6988664736",
            "is_verified": false,
            "profile_pic_url": "https://instagram.fagc2-1.fna.fbcdn.net/v/t51.2885-19/s150x150/155970126_291321345663112_269964253015354798_n.jpg?tp=1&_nc_ht=instagram.fagc2-1.fna.fbcdn.net&_nc_ohc=QHWIKsEhiSYAX-o-wVL&ccb=7-4&oh=ae271bd3b52c39c1bcae04aa4fe059ec&oe=60875F3F&_nc_sid=9fb510",
            "username": "__s__h__a__r__a__n_"
        },
        "likes_count": 1,
        "answers": []
    },
    {
        "id": 17858261357295773,
        "created_at": 1604727502,
        "text": "@__s__h__a__r__a__n",
        "owner": {
            "id": "6988664736",
            "is_verified": false,
            "profile_pic_url": "https://instagram.fagc2-1.fna.fbcdn.net/v/t51.2885-19/s150x150/155970126_291321345663112_269964253015354798_n.jpg?tp=1&_nc_ht=instagram.fagc2-1.fna.fbcdn.net&_nc_ohc=QHWIKsEhiSYAX-o-wVL&ccb=7-4&oh=ae271bd3b52c39c1bcae04aa4fe059ec&oe=60875F3F&_nc_sid=9fb510",
            "username": "__s__h__a__r__a__n_"
        },
        "likes_count": 1,
        "answers": []
    },
    {
        "id": 17918033041486682,
        "created_at": 1604727478,
        "text": "@coimbatore_promotions",
        "owner": {
            "id": "6988664736",
            "is_verified": false,
            "profile_pic_url": "https://instagram.fagc2-1.fna.fbcdn.net/v/t51.2885-19/s150x150/155970126_291321345663112_269964253015354798_n.jpg?tp=1&_nc_ht=instagram.fagc2-1.fna.fbcdn.net&_nc_ohc=QHWIKsEhiSYAX-o-wVL&ccb=7-4&oh=ae271bd3b52c39c1bcae04aa4fe059ec&oe=60875F3F&_nc_sid=9fb510",
            "username": "__s__h__a__r__a__n_"
        },
        "likes_count": 1,
        "answers": []
    },
    {
        "id": 18125801656086297,
        "created_at": 1604710448,
        "text": "@jo_sin_si_by",
        "owner": {
            "id": "18124237484",
            "is_verified": false,
            "profile_pic_url": "https://instagram.fagc2-1.fna.fbcdn.net/v/t51.2885-19/s150x150/128103275_423365532022928_8369272165532690256_n.jpg?tp=1&_nc_ht=instagram.fagc2-1.fna.fbcdn.net&_nc_ohc=AKvrxEFAoQ0AX-v0u6t&ccb=7-4&oh=517c88a7db3551b0443a2b9b1b06d777&oe=6089549F&_nc_sid=9fb510",
            "username": "de_smoki_boy"
        },
        "likes_count": 1,
        "answers": []
    },
    {
        "id": 18016152367294737,
        "created_at": 1604710439,
        "text": "@interior_bad_13_",
        "owner": {
            "id": "18124237484",
            "is_verified": false,
            "profile_pic_url": "https://instagram.fagc2-1.fna.fbcdn.net/v/t51.2885-19/s150x150/128103275_423365532022928_8369272165532690256_n.jpg?tp=1&_nc_ht=instagram.fagc2-1.fna.fbcdn.net&_nc_ohc=AKvrxEFAoQ0AX-v0u6t&ccb=7-4&oh=517c88a7db3551b0443a2b9b1b06d777&oe=6089549F&_nc_sid=9fb510",
            "username": "de_smoki_boy"
        },
        "likes_count": 0,
        "answers": []
    },
    {
        "id": 17868564455100429,
        "created_at": 1604710419,
        "text": "@tweet_rider_",
        "owner": {
            "id": "18124237484",
            "is_verified": false,
            "profile_pic_url": "https://instagram.fagc2-1.fna.fbcdn.net/v/t51.2885-19/s150x150/128103275_423365532022928_8369272165532690256_n.jpg?tp=1&_nc_ht=instagram.fagc2-1.fna.fbcdn.net&_nc_ohc=AKvrxEFAoQ0AX-v0u6t&ccb=7-4&oh=517c88a7db3551b0443a2b9b1b06d777&oe=6089549F&_nc_sid=9fb510",
            "username": "de_smoki_boy"
        },
        "likes_count": 0,
        "answers": []
    },
    {
        "id": 17890860196711310,
        "created_at": 1604710412,
        "text": "@the_monar_guy",
        "owner": {
            "id": "18124237484",
            "is_verified": false,
            "profile_pic_url": "https://instagram.fagc2-1.fna.fbcdn.net/v/t51.2885-19/s150x150/128103275_423365532022928_8369272165532690256_n.jpg?tp=1&_nc_ht=instagram.fagc2-1.fna.fbcdn.net&_nc_ohc=AKvrxEFAoQ0AX-v0u6t&ccb=7-4&oh=517c88a7db3551b0443a2b9b1b06d777&oe=6089549F&_nc_sid=9fb510",
            "username": "de_smoki_boy"
        },
        "likes_count": 0,
        "answers": []
    },
    {
        "id": 17884711867830661,
        "created_at": 1604710398,
        "text": "@bibin__thomas__",
        "owner": {
            "id": "18124237484",
            "is_verified": false,
            "profile_pic_url": "https://instagram.fagc2-1.fna.fbcdn.net/v/t51.2885-19/s150x150/128103275_423365532022928_8369272165532690256_n.jpg?tp=1&_nc_ht=instagram.fagc2-1.fna.fbcdn.net&_nc_ohc=AKvrxEFAoQ0AX-v0u6t&ccb=7-4&oh=517c88a7db3551b0443a2b9b1b06d777&oe=6089549F&_nc_sid=9fb510",
            "username": "de_smoki_boy"
        },
        "likes_count": 0,
        "answers": []
    },
    {
        "id": 17907309964556914,
        "created_at": 1604710383,
        "text": "@_cyber_joker_",
        "owner": {
            "id": "18124237484",
            "is_verified": false,
            "profile_pic_url": "https://instagram.fagc2-1.fna.fbcdn.net/v/t51.2885-19/s150x150/128103275_423365532022928_8369272165532690256_n.jpg?tp=1&_nc_ht=instagram.fagc2-1.fna.fbcdn.net&_nc_ohc=AKvrxEFAoQ0AX-v0u6t&ccb=7-4&oh=517c88a7db3551b0443a2b9b1b06d777&oe=6089549F&_nc_sid=9fb510",
            "username": "de_smoki_boy"
        },
        "likes_count": 0,
        "answers": []
    },
    {
        "id": 17947390795385951,
        "created_at": 1604710364,
        "text": "@saint_walker",
        "owner": {
            "id": "18124237484",
            "is_verified": false,
            "profile_pic_url": "https://instagram.fagc2-1.fna.fbcdn.net/v/t51.2885-19/s150x150/128103275_423365532022928_8369272165532690256_n.jpg?tp=1&_nc_ht=instagram.fagc2-1.fna.fbcdn.net&_nc_ohc=AKvrxEFAoQ0AX-v0u6t&ccb=7-4&oh=517c88a7db3551b0443a2b9b1b06d777&oe=6089549F&_nc_sid=9fb510",
            "username": "de_smoki_boy"
        },
        "likes_count": 0,
        "answers": []
    },
    {
        "id": 17943518383393102,
        "created_at": 1604710354,
        "text": "@hyper_cruzer",
        "owner": {
            "id": "18124237484",
            "is_verified": false,
            "profile_pic_url": "https://instagram.fagc2-1.fna.fbcdn.net/v/t51.2885-19/s150x150/128103275_423365532022928_8369272165532690256_n.jpg?tp=1&_nc_ht=instagram.fagc2-1.fna.fbcdn.net&_nc_ohc=AKvrxEFAoQ0AX-v0u6t&ccb=7-4&oh=517c88a7db3551b0443a2b9b1b06d777&oe=6089549F&_nc_sid=9fb510",
            "username": "de_smoki_boy"
        },
        "likes_count": 0,
        "answers": []
    },
    {
        "id": 18111888550196060,
        "created_at": 1604710328,
        "text": "@ad_biccer",
        "owner": {
            "id": "18124237484",
            "is_verified": false,
            "profile_pic_url": "https://instagram.fagc2-1.fna.fbcdn.net/v/t51.2885-19/s150x150/128103275_423365532022928_8369272165532690256_n.jpg?tp=1&_nc_ht=instagram.fagc2-1.fna.fbcdn.net&_nc_ohc=AKvrxEFAoQ0AX-v0u6t&ccb=7-4&oh=517c88a7db3551b0443a2b9b1b06d777&oe=6089549F&_nc_sid=9fb510",
            "username": "de_smoki_boy"
        },
        "likes_count": 0,
        "answers": []
    }
]