[
    {
        "id": 18144174604137378,
        "created_at": 1611294307,
        "text": "Price",
        "owner": {
            "id": "7132120780",
            "is_verified": false,
            "profile_pic_url": "https://instagram.fagc2-1.fna.fbcdn.net/v/t51.2885-19/s150x150/47482362_1159054177583074_7153806740646002688_n.jpg?tp=1&_nc_ht=instagram.fagc2-1.fna.fbcdn.net&_nc_ohc=fgZwuXOnVqYAX998xv9&ccb=7-4&oh=68566cfd8d5075b08884e7daebe18811&oe=6089E16D&_nc_sid=9fb510",
            "username": "big_psam"
        },
        "likes_count": 0,
        "answers": []
    },
    {
        "id": 18054697975274352,
        "created_at": 1610999653,
        "text": "Pp",
        "owner": {
            "id": "104865266",
            "is_verified": false,
            "profile_pic_url": "https://instagram.fagc2-1.fna.fbcdn.net/v/t51.2885-19/s150x150/131023442_723413094951446_1130705714930932209_n.jpg?tp=1&_nc_ht=instagram.fagc2-1.fna.fbcdn.net&_nc_ohc=nnFCwiYwqwoAX990hDS&ccb=7-4&oh=746018be939f5a269a05857f02439a98&oe=60866155&_nc_sid=9fb510",
            "username": "variedexperiences_by_aman"
        },
        "likes_count": 0,
        "answers": []
    },
    {
        "id": 17907895126618488,
        "created_at": 1610432950,
        "text": ".",
        "owner": {
            "id": "3876556991",
            "is_verified": false,
            "profile_pic_url": "https://instagram.fagc2-1.fna.fbcdn.net/v/t51.2885-19/s150x150/127695320_391331082311216_8215982022880030352_n.jpg?tp=1&_nc_ht=instagram.fagc2-1.fna.fbcdn.net&_nc_ohc=u5OmpbhWvZwAX8n98HR&ccb=7-4&oh=7c2f07b434879056088013d5e1c6b93f&oe=6088FB85&_nc_sid=9fb510",
            "username": "nguyenhoailinh18"
        },
        "likes_count": 0,
        "answers": []
    },
    {
        "id": 17902324444674615,
        "created_at": 1609918798,
        "text": "Pp",
        "owner": {
            "id": "4769892538",
            "is_verified": false,
            "profile_pic_url": "https://instagram.fagc2-1.fna.fbcdn.net/v/t51.2885-19/s150x150/135038748_252446159549645_2177890092240812764_n.jpg?tp=1&_nc_ht=instagram.fagc2-1.fna.fbcdn.net&_nc_ohc=gWsPD9WgKK4AX9mkwgK&ccb=7-4&oh=8d28b920c1d5ffa0e724dd689d85a676&oe=6086D6D7&_nc_sid=9fb510",
            "username": "_suchi__.__"
        },
        "likes_count": 0,
        "answers": [
            {
                "id": 17949643336405526,
                "created_at": 1609918827,
                "text": "@_suchi__.__ check dm",
                "owner": {
                    "id": "31345321949",
                    "is_verified": false,
                    "profile_pic_url": "https://instagram.fagc2-1.fna.fbcdn.net/v/t51.2885-19/s150x150/104655610_734890267265839_7042082510067431729_n.jpg?tp=1&_nc_ht=instagram.fagc2-1.fna.fbcdn.net&_nc_ohc=Q9yxDDyzyrwAX9Xuts8&ccb=7-4&oh=d86b1b6d639825b0f55d29acf1a38f6f&oe=608866EF&_nc_sid=9fb510",
                    "username": "airpods_case_1"
                },
                "likes_count": 0
            }
        ]
    },
    {
        "id": 17847053402448925,
        "created_at": 1606386502,
        "text": "price?",
        "owner": {
            "id": "36640872045",
            "is_verified": false,
            "profile_pic_url": "https://instagram.fagc2-1.fna.fbcdn.net/v/t51.2885-19/s150x150/120051018_2388642668110947_4405354939538485257_n.jpg?tp=1&_nc_ht=instagram.fagc2-1.fna.fbcdn.net&_nc_ohc=yMDOYarme8IAX_vW4kH&ccb=7-4&oh=6a5c0b6af272bbf3dd4607384986efcf&oe=6088CFB0&_nc_sid=9fb510",
            "username": "jacko_lucas_"
        },
        "likes_count": 0,
        "answers": [
            {
                "id": 17889411559782752,
                "created_at": 1606387372,
                "text": "@jacko_lucas_ check dm",
                "owner": {
                    "id": "31345321949",
                    "is_verified": false,
                    "profile_pic_url": "https://instagram.fagc2-1.fna.fbcdn.net/v/t51.2885-19/s150x150/104655610_734890267265839_7042082510067431729_n.jpg?tp=1&_nc_ht=instagram.fagc2-1.fna.fbcdn.net&_nc_ohc=Q9yxDDyzyrwAX9Xuts8&ccb=7-4&oh=d86b1b6d639825b0f55d29acf1a38f6f&oe=608866EF&_nc_sid=9fb510",
                    "username": "airpods_case_1"
                },
                "likes_count": 0
            }
        ]
    },
    {
        "id": 17874046175045922,
        "created_at": 1606314512,
        "text": "Rate",
        "owner": {
            "id": "8214006910",
            "is_verified": false,
            "profile_pic_url": "https://instagram.fagc2-1.fna.fbcdn.net/v/t51.2885-19/s150x150/138619019_1532101860313274_1949799958985960732_n.jpg?tp=1&_nc_ht=instagram.fagc2-1.fna.fbcdn.net&_nc_ohc=m8k43TnhM54AX_sZmYW&ccb=7-4&oh=e36489ba8e8488c52dccfaad0475bc9f&oe=6089A2BE&_nc_sid=9fb510",
            "username": "_mhd_shamil_07"
        },
        "likes_count": 0,
        "answers": [
            {
                "id": 18084850891216911,
                "created_at": 1606316869,
                "text": "@_mhd_shamil_07 check dm",
                "owner": {
                    "id": "31345321949",
                    "is_verified": false,
                    "profile_pic_url": "https://instagram.fagc2-1.fna.fbcdn.net/v/t51.2885-19/s150x150/104655610_734890267265839_7042082510067431729_n.jpg?tp=1&_nc_ht=instagram.fagc2-1.fna.fbcdn.net&_nc_ohc=Q9yxDDyzyrwAX9Xuts8&ccb=7-4&oh=d86b1b6d639825b0f55d29acf1a38f6f&oe=608866EF&_nc_sid=9fb510",
                    "username": "airpods_case_1"
                },
                "likes_count": 0
            }
        ]
    },
    {
        "id": 18171475846063813,
        "created_at": 1605610649,
        "text": "Pp",
        "owner": {
            "id": "1587156883",
            "is_verified": false,
            "profile_pic_url": "https://instagram.fagc2-1.fna.fbcdn.net/v/t51.2885-19/s150x150/149311354_177127933839128_7222319106651212148_n.jpg?tp=1&_nc_ht=instagram.fagc2-1.fna.fbcdn.net&_nc_ohc=QDgN-Yu2rtoAX9G7aF7&ccb=7-4&oh=021f139ead3489d22e7dfdafc77abc65&oe=60881C37&_nc_sid=9fb510",
            "username": "yanajn94"
        },
        "likes_count": 0,
        "answers": []
    },
    {
        "id": 18122028547153323,
        "created_at": 1604759745,
        "text": "Pp",
        "owner": {
            "id": "1732990714",
            "is_verified": false,
            "profile_pic_url": "https://instagram.fagc2-1.fna.fbcdn.net/v/t51.2885-19/s150x150/122906952_202121337949326_2916711667435784832_n.jpg?tp=1&_nc_ht=instagram.fagc2-1.fna.fbcdn.net&_nc_ohc=r6t5ED8fXqEAX9xn9xZ&ccb=7-4&oh=f11ad15954e72cfe7507f0ce0d6d5f2f&oe=60865FAF&_nc_sid=9fb510",
            "username": "anchalbansal7777"
        },
        "likes_count": 0,
        "answers": []
    },
    {
        "id": 17891083276706323,
        "created_at": 1603476548,
        "text": "Price?",
        "owner": {
            "id": "39273116074",
            "is_verified": false,
            "profile_pic_url": "https://instagram.fagc2-1.fna.fbcdn.net/v/t51.2885-19/s150x150/155105324_1102778660196738_2654855004128401032_n.jpg?tp=1&_nc_ht=instagram.fagc2-1.fna.fbcdn.net&_nc_ohc=N1vp6f77fygAX9FXZYE&ccb=7-4&oh=38f2e1b9171c7e7ce5b52730b68b2d8f&oe=6089823C&_nc_sid=9fb510",
            "username": "im_khalludi"
        },
        "likes_count": 0,
        "answers": [
            {
                "id": 17879376346866246,
                "created_at": 1603476616,
                "text": "@im_khalludi check dm",
                "owner": {
                    "id": "31345321949",
                    "is_verified": false,
                    "profile_pic_url": "https://instagram.fagc2-1.fna.fbcdn.net/v/t51.2885-19/s150x150/104655610_734890267265839_7042082510067431729_n.jpg?tp=1&_nc_ht=instagram.fagc2-1.fna.fbcdn.net&_nc_ohc=Q9yxDDyzyrwAX9Xuts8&ccb=7-4&oh=d86b1b6d639825b0f55d29acf1a38f6f&oe=608866EF&_nc_sid=9fb510",
                    "username": "airpods_case_1"
                },
                "likes_count": 0
            }
        ]
    },
    {
        "id": 17857515041246292,
        "created_at": 1602942562,
        "text": "Price",
        "owner": {
            "id": "10486672546",
            "is_verified": false,
            "profile_pic_url": "https://instagram.fagc2-1.fna.fbcdn.net/v/t51.2885-19/s150x150/153549836_1665542896985953_1456940898284976921_n.jpg?tp=1&_nc_ht=instagram.fagc2-1.fna.fbcdn.net&_nc_ohc=5qpZ9Ikhuu8AX8emjzf&ccb=7-4&oh=8efbcab07bae9ef9b0f55e0a1e09f090&oe=6087DACF&_nc_sid=9fb510",
            "username": "guru.singh13"
        },
        "likes_count": 0,
        "answers": []
    },
    {
        "id": 17900939701576104,
        "created_at": 1601992547,
        "text": "Price",
        "owner": {
            "id": "6651283176",
            "is_verified": false,
            "profile_pic_url": "https://instagram.fagc2-1.fna.fbcdn.net/v/t51.2885-19/s150x150/156354196_458400001876120_5968055943511751244_n.jpg?tp=1&_nc_ht=instagram.fagc2-1.fna.fbcdn.net&_nc_ohc=vDgtTBteLyEAX9-fTUG&ccb=7-4&oh=4c7f8c72e7f96b8e19a83c4c28d539f1&oe=6089134A&_nc_sid=9fb510",
            "username": "whi_te__devil"
        },
        "likes_count": 0,
        "answers": []
    },
    {
        "id": 18047276293266742,
        "created_at": 1601909664,
        "text": "Price",
        "owner": {
            "id": "8058160611",
            "is_verified": false,
            "profile_pic_url": "https://instagram.fnat1-1.fna.fbcdn.net/v/t51.2885-19/44884218_345707102882519_2446069589734326272_n.jpg?_nc_ht=instagram.fnat1-1.fna.fbcdn.net&_nc_ohc=hLTkwc3uTqUAX-9BvhF&ccb=7-4&oh=73553058baa170768c0fb47c5774c787&oe=6087738F&_nc_sid=712cc3&ig_cache_key=YW5vbnltb3VzX3Byb2ZpbGVfcGlj.2-ccb7-4",
            "username": "nizaar_dp"
        },
        "likes_count": 0,
        "answers": [
            {
                "id": 18104022499172551,
                "created_at": 1601913372,
                "text": "@firefox_end check dm",
                "owner": {
                    "id": "31345321949",
                    "is_verified": false,
                    "profile_pic_url": "https://instagram.fagc2-1.fna.fbcdn.net/v/t51.2885-19/s150x150/104655610_734890267265839_7042082510067431729_n.jpg?tp=1&_nc_ht=instagram.fagc2-1.fna.fbcdn.net&_nc_ohc=Q9yxDDyzyrwAX9Xuts8&ccb=7-4&oh=d86b1b6d639825b0f55d29acf1a38f6f&oe=608866EF&_nc_sid=9fb510",
                    "username": "airpods_case_1"
                },
                "likes_count": 0
            }
        ]
    },
    {
        "id": 17878729135839936,
        "created_at": 1601372174,
        "text": "Pp",
        "owner": {
            "id": "1583652010",
            "is_verified": false,
            "profile_pic_url": "https://instagram.fagc2-1.fna.fbcdn.net/v/t51.2885-19/s150x150/153103770_3824184214363099_4631479253261072995_n.jpg?tp=1&_nc_ht=instagram.fagc2-1.fna.fbcdn.net&_nc_ohc=78ofni2JjPsAX8tzxD-&ccb=7-4&oh=c4cec8f10a1cf1344635a882ce1fdb00&oe=608662CD&_nc_sid=9fb510",
            "username": "diyaalalith"
        },
        "likes_count": 0,
        "answers": [
            {
                "id": 17857371869198027,
                "created_at": 1601372276,
                "text": "@diyaalalith check dm",
                "owner": {
                    "id": "31345321949",
                    "is_verified": false,
                    "profile_pic_url": "https://instagram.fagc2-1.fna.fbcdn.net/v/t51.2885-19/s150x150/104655610_734890267265839_7042082510067431729_n.jpg?tp=1&_nc_ht=instagram.fagc2-1.fna.fbcdn.net&_nc_ohc=Q9yxDDyzyrwAX9Xuts8&ccb=7-4&oh=d86b1b6d639825b0f55d29acf1a38f6f&oe=608866EF&_nc_sid=9fb510",
                    "username": "airpods_case_1"
                },
                "likes_count": 0
            }
        ]
    },
    {
        "id": 17917988998462983,
        "created_at": 1600712372,
        "text": "Price??",
        "owner": {
            "id": "1637097141",
            "is_verified": false,
            "profile_pic_url": "https://instagram.fagc2-1.fna.fbcdn.net/v/t51.2885-19/s150x150/67608499_479271742622292_5496183822359724032_n.jpg?tp=1&_nc_ht=instagram.fagc2-1.fna.fbcdn.net&_nc_ohc=P-arRG4G-soAX8YBOlm&ccb=7-4&oh=f85d4f24d6ced3714c6c4311f5fa77f7&oe=6089F618&_nc_sid=9fb510",
            "username": "neeraj_chhabria"
        },
        "likes_count": 0,
        "answers": [
            {
                "id": 17928306406430540,
                "created_at": 1600714833,
                "text": "@neeraj_chhabria check your dm",
                "owner": {
                    "id": "31345321949",
                    "is_verified": false,
                    "profile_pic_url": "https://instagram.fagc2-1.fna.fbcdn.net/v/t51.2885-19/s150x150/104655610_734890267265839_7042082510067431729_n.jpg?tp=1&_nc_ht=instagram.fagc2-1.fna.fbcdn.net&_nc_ohc=Q9yxDDyzyrwAX9Xuts8&ccb=7-4&oh=d86b1b6d639825b0f55d29acf1a38f6f&oe=608866EF&_nc_sid=9fb510",
                    "username": "airpods_case_1"
                },
                "likes_count": 0
            }
        ]
    },
    {
        "id": 17882924908692640,
        "created_at": 1597043630,
        "text": "Price?",
        "owner": {
            "id": "37375739329",
            "is_verified": false,
            "profile_pic_url": "https://instagram.fagc2-1.fna.fbcdn.net/v/t51.2885-19/s150x150/164179879_132068012255361_3040111909486415649_n.jpg?tp=1&_nc_ht=instagram.fagc2-1.fna.fbcdn.net&_nc_ohc=H_c2mL9abP0AX8jQdkp&ccb=7-4&oh=bf0049c133a5e6dc9ad99b35f158f0ef&oe=60882A0E&_nc_sid=9fb510",
            "username": "sanan_husain"
        },
        "likes_count": 1,
        "answers": []
    }
]