[
    {
        "id": 17848486982515416,
        "created_at": 1612934866,
        "text": "Price?",
        "owner": {
            "id": "4395697495",
            "is_verified": false,
            "profile_pic_url": "https://instagram.fagc2-1.fna.fbcdn.net/v/t51.2885-19/s150x150/162061223_241558411042398_7125993797562528883_n.jpg?tp=1&_nc_ht=instagram.fagc2-1.fna.fbcdn.net&_nc_ohc=hkGNDCN_HvgAX-lZlBV&ccb=7-4&oh=cf82024e2c805557a35a3ce39379297f&oe=608639DD&_nc_sid=9fb510",
            "username": "ra.hulk_shatriya"
        },
        "likes_count": 0,
        "answers": [
            {
                "id": 17930463286489097,
                "created_at": 1612953687,
                "text": "@ra.hulk_shatriya check dm",
                "owner": {
                    "id": "31345321949",
                    "is_verified": false,
                    "profile_pic_url": "https://instagram.fagc2-1.fna.fbcdn.net/v/t51.2885-19/s150x150/104655610_734890267265839_7042082510067431729_n.jpg?tp=1&_nc_ht=instagram.fagc2-1.fna.fbcdn.net&_nc_ohc=Q9yxDDyzyrwAX9Xuts8&ccb=7-4&oh=d86b1b6d639825b0f55d29acf1a38f6f&oe=608866EF&_nc_sid=9fb510",
                    "username": "airpods_case_1"
                },
                "likes_count": 0
            }
        ]
    },
    {
        "id": 17867247374331058,
        "created_at": 1612344225,
        "text": "Price",
        "owner": {
            "id": "43027175032",
            "is_verified": false,
            "profile_pic_url": "https://instagram.fagc2-1.fna.fbcdn.net/v/t51.2885-19/s150x150/120455147_175303977417798_5569085638317076489_n.jpg?tp=1&_nc_ht=instagram.fagc2-1.fna.fbcdn.net&_nc_ohc=Y59GmyRG1gIAX9GikMz&ccb=7-4&oh=54cb15682294c0d76274bad59bd6c042&oe=608953E9&_nc_sid=9fb510",
            "username": "fashion_corner_05_12"
        },
        "likes_count": 0,
        "answers": []
    },
    {
        "id": 18155029210111804,
        "created_at": 1611781999,
        "text": "pp",
        "owner": {
            "id": "2923168755",
            "is_verified": false,
            "profile_pic_url": "https://instagram.fagc2-1.fna.fbcdn.net/v/t51.2885-19/s150x150/124390467_412493256450502_4082541584649818175_n.jpg?tp=1&_nc_ht=instagram.fagc2-1.fna.fbcdn.net&_nc_ohc=LZ6s2C5Dl04AX9Uhxdn&ccb=7-4&oh=fea8446777274ccfd103e4cbf875ef20&oe=60869A7F&_nc_sid=9fb510",
            "username": "s.ragni"
        },
        "likes_count": 0,
        "answers": [
            {
                "id": 18087867919243393,
                "created_at": 1611807746,
                "text": "@s.ragni check dm",
                "owner": {
                    "id": "31345321949",
                    "is_verified": false,
                    "profile_pic_url": "https://instagram.fagc2-1.fna.fbcdn.net/v/t51.2885-19/s150x150/104655610_734890267265839_7042082510067431729_n.jpg?tp=1&_nc_ht=instagram.fagc2-1.fna.fbcdn.net&_nc_ohc=Q9yxDDyzyrwAX9Xuts8&ccb=7-4&oh=d86b1b6d639825b0f55d29acf1a38f6f&oe=608866EF&_nc_sid=9fb510",
                    "username": "airpods_case_1"
                },
                "likes_count": 0
            }
        ]
    },
    {
        "id": 17979937996326493,
        "created_at": 1609576664,
        "text": "Hm?",
        "owner": {
            "id": "6180608736",
            "is_verified": false,
            "profile_pic_url": "https://instagram.fagc2-1.fna.fbcdn.net/v/t51.2885-19/s150x150/95896094_538961686814815_6519267933032546304_n.jpg?tp=1&_nc_ht=instagram.fagc2-1.fna.fbcdn.net&_nc_ohc=qpdpprTEUOwAX9acjBo&ccb=7-4&oh=bc880f9d5bed30fc8d2a64835f60ea7b&oe=60869FED&_nc_sid=9fb510",
            "username": "zkaeger_02"
        },
        "likes_count": 0,
        "answers": [
            {
                "id": 17886604360915732,
                "created_at": 1609578275,
                "text": "@kaeger_02 yeess?",
                "owner": {
                    "id": "31345321949",
                    "is_verified": false,
                    "profile_pic_url": "https://instagram.fagc2-1.fna.fbcdn.net/v/t51.2885-19/s150x150/104655610_734890267265839_7042082510067431729_n.jpg?tp=1&_nc_ht=instagram.fagc2-1.fna.fbcdn.net&_nc_ohc=Q9yxDDyzyrwAX9Xuts8&ccb=7-4&oh=d86b1b6d639825b0f55d29acf1a38f6f&oe=608866EF&_nc_sid=9fb510",
                    "username": "airpods_case_1"
                },
                "likes_count": 0
            }
        ]
    },
    {
        "id": 18064206097248536,
        "created_at": 1607880079,
        "text": "Pp",
        "owner": {
            "id": "41361300461",
            "is_verified": false,
            "profile_pic_url": "https://instagram.fagc2-1.fna.fbcdn.net/v/t51.2885-19/s150x150/118928659_379688120093541_6138399337176042342_n.jpg?tp=1&_nc_ht=instagram.fagc2-1.fna.fbcdn.net&_nc_ohc=pcwygIE9sc0AX8hBpkJ&ccb=7-4&oh=5e2b390a74aa6b8b2f4049695f77f221&oe=6088CE7B&_nc_sid=9fb510",
            "username": "_b.i.t_t.u_"
        },
        "likes_count": 0,
        "answers": [
            {
                "id": 17864653958239186,
                "created_at": 1607880359,
                "text": "@_b.i.t_t.u_ check dm",
                "owner": {
                    "id": "31345321949",
                    "is_verified": false,
                    "profile_pic_url": "https://instagram.fagc2-1.fna.fbcdn.net/v/t51.2885-19/s150x150/104655610_734890267265839_7042082510067431729_n.jpg?tp=1&_nc_ht=instagram.fagc2-1.fna.fbcdn.net&_nc_ohc=Q9yxDDyzyrwAX9Xuts8&ccb=7-4&oh=d86b1b6d639825b0f55d29acf1a38f6f&oe=608866EF&_nc_sid=9fb510",
                    "username": "airpods_case_1"
                },
                "likes_count": 0
            }
        ]
    },
    {
        "id": 17870630348059741,
        "created_at": 1604388465,
        "text": "Pp",
        "owner": {
            "id": "1838129351",
            "is_verified": false,
            "profile_pic_url": "https://instagram.fagc2-1.fna.fbcdn.net/v/t51.2885-19/s150x150/148666379_477121646616179_5247001268297779283_n.jpg?tp=1&_nc_ht=instagram.fagc2-1.fna.fbcdn.net&_nc_ohc=zADv5ANW0vgAX_WWht_&ccb=7-4&oh=1fcae0311281678f223ad789969ae8fd&oe=6087AE84&_nc_sid=9fb510",
            "username": "i_nikki21"
        },
        "likes_count": 0,
        "answers": []
    },
    {
        "id": 17884296727835776,
        "created_at": 1604388456,
        "text": "Can I get this for gen 2 ??? \u092a\u0902\u092a",
        "owner": {
            "id": "1838129351",
            "is_verified": false,
            "profile_pic_url": "https://instagram.fagc2-1.fna.fbcdn.net/v/t51.2885-19/s150x150/148666379_477121646616179_5247001268297779283_n.jpg?tp=1&_nc_ht=instagram.fagc2-1.fna.fbcdn.net&_nc_ohc=zADv5ANW0vgAX_WWht_&ccb=7-4&oh=1fcae0311281678f223ad789969ae8fd&oe=6087AE84&_nc_sid=9fb510",
            "username": "i_nikki21"
        },
        "likes_count": 0,
        "answers": [
            {
                "id": 17854280756311868,
                "created_at": 1604388515,
                "text": "@i_nikki21 yes",
                "owner": {
                    "id": "31345321949",
                    "is_verified": false,
                    "profile_pic_url": "https://instagram.fagc2-1.fna.fbcdn.net/v/t51.2885-19/s150x150/104655610_734890267265839_7042082510067431729_n.jpg?tp=1&_nc_ht=instagram.fagc2-1.fna.fbcdn.net&_nc_ohc=Q9yxDDyzyrwAX9Xuts8&ccb=7-4&oh=d86b1b6d639825b0f55d29acf1a38f6f&oe=608866EF&_nc_sid=9fb510",
                    "username": "airpods_case_1"
                },
                "likes_count": 0
            }
        ]
    },
    {
        "id": 17910435418510580,
        "created_at": 1604345935,
        "text": "Price?",
        "owner": {
            "id": "30095006909",
            "is_verified": false,
            "profile_pic_url": "https://instagram.fagc2-1.fna.fbcdn.net/v/t51.2885-19/s150x150/128858254_474964146824054_7099152322527602087_n.jpg?tp=1&_nc_ht=instagram.fagc2-1.fna.fbcdn.net&_nc_ohc=tcdHxwyZcREAX9McPi-&ccb=7-4&oh=b380f958fdd93ea1c66e3d864bd24387&oe=6086B987&_nc_sid=9fb510",
            "username": "fizifari"
        },
        "likes_count": 0,
        "answers": []
    },
    {
        "id": 17859022709207175,
        "created_at": 1604171177,
        "text": "Pp",
        "owner": {
            "id": "2250700662",
            "is_verified": false,
            "profile_pic_url": "https://instagram.fagc2-1.fna.fbcdn.net/v/t51.2885-19/s150x150/125390355_389288592117840_6691918533960367437_n.jpg?tp=1&_nc_ht=instagram.fagc2-1.fna.fbcdn.net&_nc_ohc=-otw71yo7AYAX8lMYEz&ccb=7-4&oh=4258cc1e66e1aa8fe0d500e8b70c5061&oe=6087B989&_nc_sid=9fb510",
            "username": "ritikchawla09"
        },
        "likes_count": 0,
        "answers": [
            {
                "id": 18050814925264500,
                "created_at": 1604173343,
                "text": "@ritikchawla09 check dm",
                "owner": {
                    "id": "31345321949",
                    "is_verified": false,
                    "profile_pic_url": "https://instagram.fagc2-1.fna.fbcdn.net/v/t51.2885-19/s150x150/104655610_734890267265839_7042082510067431729_n.jpg?tp=1&_nc_ht=instagram.fagc2-1.fna.fbcdn.net&_nc_ohc=Q9yxDDyzyrwAX9Xuts8&ccb=7-4&oh=d86b1b6d639825b0f55d29acf1a38f6f&oe=608866EF&_nc_sid=9fb510",
                    "username": "airpods_case_1"
                },
                "likes_count": 0
            }
        ]
    },
    {
        "id": 17899389886582197,
        "created_at": 1601789861,
        "text": "price?",
        "owner": {
            "id": "38644430528",
            "is_verified": false,
            "profile_pic_url": "https://instagram.fphl1-2.fna.fbcdn.net/v/t51.2885-19/44884218_345707102882519_2446069589734326272_n.jpg?_nc_ht=instagram.fphl1-2.fna.fbcdn.net&_nc_ohc=hLTkwc3uTqUAX8vSHm9&ccb=7-4&oh=3d2379b3d15e167e49b3e9746500fe2d&oe=6087738F&_nc_sid=cff2a4&ig_cache_key=YW5vbnltb3VzX3Byb2ZpbGVfcGlj.2-ccb7-4",
            "username": "samansyed1709"
        },
        "likes_count": 0,
        "answers": []
    }
]