[
    {
        "id": 17899494736712688,
        "created_at": 1609049218,
        "text": "Price",
        "owner": {
            "id": "38203201812",
            "is_verified": false,
            "profile_pic_url": "https://instagram.fagc2-1.fna.fbcdn.net/v/t51.2885-19/s150x150/113526368_736387307160389_3099874776831014626_n.jpg?tp=1&_nc_ht=instagram.fagc2-1.fna.fbcdn.net&_nc_ohc=RJwcSclQhC0AX-q-gy3&ccb=7-4&oh=cdd3335d978a5e54cc7b6c44294c002f&oe=6086BAED&_nc_sid=9fb510",
            "username": "arun_6_7_8"
        },
        "likes_count": 0,
        "answers": []
    },
    {
        "id": 17859610793315997,
        "created_at": 1606567970,
        "text": "Prise",
        "owner": {
            "id": "5859388830",
            "is_verified": false,
            "profile_pic_url": "https://instagram.fagc2-1.fna.fbcdn.net/v/t51.2885-19/s150x150/125484634_171632027933930_2586356656723233482_n.jpg?tp=1&_nc_ht=instagram.fagc2-1.fna.fbcdn.net&_nc_ohc=5L3X5YKlcIkAX9FPn8O&ccb=7-4&oh=d5ac5afcbb522e852de31ad0cab4e836&oe=6089426B&_nc_sid=9fb510",
            "username": "salfmade_meet"
        },
        "likes_count": 0,
        "answers": []
    },
    {
        "id": 17972878333325073,
        "created_at": 1605371811,
        "text": "@onlysexchateing",
        "owner": {
            "id": "18124237484",
            "is_verified": false,
            "profile_pic_url": "https://instagram.fagc2-1.fna.fbcdn.net/v/t51.2885-19/s150x150/128103275_423365532022928_8369272165532690256_n.jpg?tp=1&_nc_ht=instagram.fagc2-1.fna.fbcdn.net&_nc_ohc=AKvrxEFAoQ0AX-v0u6t&ccb=7-4&oh=517c88a7db3551b0443a2b9b1b06d777&oe=6089549F&_nc_sid=9fb510",
            "username": "de_smoki_boy"
        },
        "likes_count": 0,
        "answers": []
    },
    {
        "id": 17877377812965104,
        "created_at": 1605371805,
        "text": "@__athul_________",
        "owner": {
            "id": "18124237484",
            "is_verified": false,
            "profile_pic_url": "https://instagram.fagc2-1.fna.fbcdn.net/v/t51.2885-19/s150x150/128103275_423365532022928_8369272165532690256_n.jpg?tp=1&_nc_ht=instagram.fagc2-1.fna.fbcdn.net&_nc_ohc=AKvrxEFAoQ0AX-v0u6t&ccb=7-4&oh=517c88a7db3551b0443a2b9b1b06d777&oe=6089549F&_nc_sid=9fb510",
            "username": "de_smoki_boy"
        },
        "likes_count": 0,
        "answers": []
    },
    {
        "id": 17884367575819111,
        "created_at": 1605371805,
        "text": "@ldhos.x",
        "owner": {
            "id": "18124237484",
            "is_verified": false,
            "profile_pic_url": "https://instagram.fagc2-1.fna.fbcdn.net/v/t51.2885-19/s150x150/128103275_423365532022928_8369272165532690256_n.jpg?tp=1&_nc_ht=instagram.fagc2-1.fna.fbcdn.net&_nc_ohc=AKvrxEFAoQ0AX-v0u6t&ccb=7-4&oh=517c88a7db3551b0443a2b9b1b06d777&oe=6089549F&_nc_sid=9fb510",
            "username": "de_smoki_boy"
        },
        "likes_count": 0,
        "answers": []
    },
    {
        "id": 17884939354806874,
        "created_at": 1605371802,
        "text": "@kj_ricas._",
        "owner": {
            "id": "18124237484",
            "is_verified": false,
            "profile_pic_url": "https://instagram.fagc2-1.fna.fbcdn.net/v/t51.2885-19/s150x150/128103275_423365532022928_8369272165532690256_n.jpg?tp=1&_nc_ht=instagram.fagc2-1.fna.fbcdn.net&_nc_ohc=AKvrxEFAoQ0AX-v0u6t&ccb=7-4&oh=517c88a7db3551b0443a2b9b1b06d777&oe=6089549F&_nc_sid=9fb510",
            "username": "de_smoki_boy"
        },
        "likes_count": 0,
        "answers": []
    },
    {
        "id": 17880728398869784,
        "created_at": 1605371797,
        "text": "@jk__editor_",
        "owner": {
            "id": "18124237484",
            "is_verified": false,
            "profile_pic_url": "https://instagram.fagc2-1.fna.fbcdn.net/v/t51.2885-19/s150x150/128103275_423365532022928_8369272165532690256_n.jpg?tp=1&_nc_ht=instagram.fagc2-1.fna.fbcdn.net&_nc_ohc=AKvrxEFAoQ0AX-v0u6t&ccb=7-4&oh=517c88a7db3551b0443a2b9b1b06d777&oe=6089549F&_nc_sid=9fb510",
            "username": "de_smoki_boy"
        },
        "likes_count": 0,
        "answers": []
    },
    {
        "id": 17867039999124078,
        "created_at": 1605371788,
        "text": "@ignt_edgar",
        "owner": {
            "id": "18124237484",
            "is_verified": false,
            "profile_pic_url": "https://instagram.fagc2-1.fna.fbcdn.net/v/t51.2885-19/s150x150/128103275_423365532022928_8369272165532690256_n.jpg?tp=1&_nc_ht=instagram.fagc2-1.fna.fbcdn.net&_nc_ohc=AKvrxEFAoQ0AX-v0u6t&ccb=7-4&oh=517c88a7db3551b0443a2b9b1b06d777&oe=6089549F&_nc_sid=9fb510",
            "username": "de_smoki_boy"
        },
        "likes_count": 1,
        "answers": []
    },
    {
        "id": 17850233993368431,
        "created_at": 1605371759,
        "text": "@epicgamingwtf",
        "owner": {
            "id": "18124237484",
            "is_verified": false,
            "profile_pic_url": "https://instagram.fagc2-1.fna.fbcdn.net/v/t51.2885-19/s150x150/128103275_423365532022928_8369272165532690256_n.jpg?tp=1&_nc_ht=instagram.fagc2-1.fna.fbcdn.net&_nc_ohc=AKvrxEFAoQ0AX-v0u6t&ccb=7-4&oh=517c88a7db3551b0443a2b9b1b06d777&oe=6089549F&_nc_sid=9fb510",
            "username": "de_smoki_boy"
        },
        "likes_count": 0,
        "answers": []
    },
    {
        "id": 17885599045827841,
        "created_at": 1605371758,
        "text": "@gibin.shaji",
        "owner": {
            "id": "18124237484",
            "is_verified": false,
            "profile_pic_url": "https://instagram.fagc2-1.fna.fbcdn.net/v/t51.2885-19/s150x150/128103275_423365532022928_8369272165532690256_n.jpg?tp=1&_nc_ht=instagram.fagc2-1.fna.fbcdn.net&_nc_ohc=AKvrxEFAoQ0AX-v0u6t&ccb=7-4&oh=517c88a7db3551b0443a2b9b1b06d777&oe=6089549F&_nc_sid=9fb510",
            "username": "de_smoki_boy"
        },
        "likes_count": 0,
        "answers": []
    },
    {
        "id": 17856076913328934,
        "created_at": 1605371743,
        "text": "@gizz_141",
        "owner": {
            "id": "18124237484",
            "is_verified": false,
            "profile_pic_url": "https://instagram.fagc2-1.fna.fbcdn.net/v/t51.2885-19/s150x150/128103275_423365532022928_8369272165532690256_n.jpg?tp=1&_nc_ht=instagram.fagc2-1.fna.fbcdn.net&_nc_ohc=AKvrxEFAoQ0AX-v0u6t&ccb=7-4&oh=517c88a7db3551b0443a2b9b1b06d777&oe=6089549F&_nc_sid=9fb510",
            "username": "de_smoki_boy"
        },
        "likes_count": 0,
        "answers": []
    },
    {
        "id": 18172468216033310,
        "created_at": 1605371736,
        "text": "@q_maldito_culo",
        "owner": {
            "id": "18124237484",
            "is_verified": false,
            "profile_pic_url": "https://instagram.fagc2-1.fna.fbcdn.net/v/t51.2885-19/s150x150/128103275_423365532022928_8369272165532690256_n.jpg?tp=1&_nc_ht=instagram.fagc2-1.fna.fbcdn.net&_nc_ohc=AKvrxEFAoQ0AX-v0u6t&tn=MprEnQlQwahYJHD1&ccb=7-4&oh=abf57395cdc7cbb3e85c88ebbaf8188b&oe=6089549F&_nc_sid=9fb510",
            "username": "de_smoki_boy"
        },
        "likes_count": 0,
        "answers": []
    },
    {
        "id": 18076005883242712,
        "created_at": 1605371732,
        "text": "@bibin__thomas__",
        "owner": {
            "id": "18124237484",
            "is_verified": false,
            "profile_pic_url": "https://instagram.fagc2-1.fna.fbcdn.net/v/t51.2885-19/s150x150/128103275_423365532022928_8369272165532690256_n.jpg?tp=1&_nc_ht=instagram.fagc2-1.fna.fbcdn.net&_nc_ohc=AKvrxEFAoQ0AX-v0u6t&ccb=7-4&oh=517c88a7db3551b0443a2b9b1b06d777&oe=6089549F&_nc_sid=9fb510",
            "username": "de_smoki_boy"
        },
        "likes_count": 0,
        "answers": []
    },
    {
        "id": 17878371595940364,
        "created_at": 1605371728,
        "text": "@oad_maya_rathore",
        "owner": {
            "id": "18124237484",
            "is_verified": false,
            "profile_pic_url": "https://instagram.fagc2-1.fna.fbcdn.net/v/t51.2885-19/s150x150/128103275_423365532022928_8369272165532690256_n.jpg?tp=1&_nc_ht=instagram.fagc2-1.fna.fbcdn.net&_nc_ohc=AKvrxEFAoQ0AX-v0u6t&ccb=7-4&oh=517c88a7db3551b0443a2b9b1b06d777&oe=6089549F&_nc_sid=9fb510",
            "username": "de_smoki_boy"
        },
        "likes_count": 0,
        "answers": []
    },
    {
        "id": 17877086665904047,
        "created_at": 1605371723,
        "text": "@jr_mun_ch_ack_an",
        "owner": {
            "id": "18124237484",
            "is_verified": false,
            "profile_pic_url": "https://instagram.fagc2-1.fna.fbcdn.net/v/t51.2885-19/s150x150/128103275_423365532022928_8369272165532690256_n.jpg?tp=1&_nc_ht=instagram.fagc2-1.fna.fbcdn.net&_nc_ohc=AKvrxEFAoQ0AX-v0u6t&ccb=7-4&oh=517c88a7db3551b0443a2b9b1b06d777&oe=6089549F&_nc_sid=9fb510",
            "username": "de_smoki_boy"
        },
        "likes_count": 0,
        "answers": []
    },
    {
        "id": 17851464872375475,
        "created_at": 1605371717,
        "text": "@amaishajk",
        "owner": {
            "id": "18124237484",
            "is_verified": false,
            "profile_pic_url": "https://instagram.fagc2-1.fna.fbcdn.net/v/t51.2885-19/s150x150/128103275_423365532022928_8369272165532690256_n.jpg?tp=1&_nc_ht=instagram.fagc2-1.fna.fbcdn.net&_nc_ohc=AKvrxEFAoQ0AX-v0u6t&ccb=7-4&oh=517c88a7db3551b0443a2b9b1b06d777&oe=6089549F&_nc_sid=9fb510",
            "username": "de_smoki_boy"
        },
        "likes_count": 0,
        "answers": []
    },
    {
        "id": 18108294421171497,
        "created_at": 1605371711,
        "text": "@ad__biccer",
        "owner": {
            "id": "18124237484",
            "is_verified": false,
            "profile_pic_url": "https://instagram.fagc2-1.fna.fbcdn.net/v/t51.2885-19/s150x150/128103275_423365532022928_8369272165532690256_n.jpg?tp=1&_nc_ht=instagram.fagc2-1.fna.fbcdn.net&_nc_ohc=AKvrxEFAoQ0AX-v0u6t&ccb=7-4&oh=517c88a7db3551b0443a2b9b1b06d777&oe=6089549F&_nc_sid=9fb510",
            "username": "de_smoki_boy"
        },
        "likes_count": 1,
        "answers": []
    },
    {
        "id": 17849658608352677,
        "created_at": 1604862302,
        "text": "Pp",
        "owner": {
            "id": "266344140",
            "is_verified": false,
            "profile_pic_url": "https://instagram.fagc2-1.fna.fbcdn.net/v/t51.2885-19/s150x150/146062412_351468582520041_520283277958002580_n.jpg?tp=1&_nc_ht=instagram.fagc2-1.fna.fbcdn.net&_nc_ohc=erx_aaXGRAkAX8T1Tzv&ccb=7-4&oh=5587c0ccc0da72cd36fb0059fbe38199&oe=6086FE4C&_nc_sid=9fb510",
            "username": "imakshitsareen"
        },
        "likes_count": 0,
        "answers": [
            {
                "id": 18172907485046464,
                "created_at": 1604888327,
                "text": "@imakshitsareen check dm",
                "owner": {
                    "id": "31345321949",
                    "is_verified": false,
                    "profile_pic_url": "https://instagram.fagc2-1.fna.fbcdn.net/v/t51.2885-19/s150x150/104655610_734890267265839_7042082510067431729_n.jpg?tp=1&_nc_ht=instagram.fagc2-1.fna.fbcdn.net&_nc_ohc=Q9yxDDyzyrwAX9Xuts8&ccb=7-4&oh=d86b1b6d639825b0f55d29acf1a38f6f&oe=608866EF&_nc_sid=9fb510",
                    "username": "airpods_case_1"
                },
                "likes_count": 0
            }
        ]
    },
    {
        "id": 17977327420322319,
        "created_at": 1604649857,
        "text": "Price",
        "owner": {
            "id": "26913801639",
            "is_verified": false,
            "profile_pic_url": "https://instagram.fagc2-1.fna.fbcdn.net/v/t51.2885-19/s150x150/160064299_112379070921217_2479740028080592199_n.jpg?tp=1&_nc_ht=instagram.fagc2-1.fna.fbcdn.net&_nc_ohc=2IofAH_ZamMAX-_4c5A&ccb=7-4&oh=5532613621befcddb734c0969366021d&oe=6086B184&_nc_sid=9fb510",
            "username": "harsh_unofficial_09x"
        },
        "likes_count": 0,
        "answers": []
    }
]