[
    {
        "id": 17874519368239713,
        "created_at": 1616576599,
        "text": "Pp",
        "owner": {
            "id": "16411978659",
            "is_verified": false,
            "profile_pic_url": "https://instagram.fagc2-1.fna.fbcdn.net/v/t51.2885-19/s150x150/90982838_1211860172317881_8853399439398666240_n.jpg?tp=1&_nc_ht=instagram.fagc2-1.fna.fbcdn.net&_nc_ohc=ooXrMP6gIikAX9ZNN1o&ccb=7-4&oh=7c5f802ca69bcea2fa93b85a62ab817d&oe=6087390F&_nc_sid=9fb510",
            "username": "basant.surya"
        },
        "likes_count": 0,
        "answers": []
    },
    {
        "id": 17890113331928782,
        "created_at": 1612532651,
        "text": "Pp",
        "owner": {
            "id": "3888296944",
            "is_verified": false,
            "profile_pic_url": "https://instagram.fagc2-1.fna.fbcdn.net/v/t51.2885-19/s150x150/89814983_514406302593808_5889467578153172992_n.jpg?tp=1&_nc_ht=instagram.fagc2-1.fna.fbcdn.net&_nc_ohc=m6Ruq6B7bY4AX8HmsIF&ccb=7-4&oh=d0879743f5cd614e8eb61ac64a848ed7&oe=6088C0B8&_nc_sid=9fb510",
            "username": "swatii_chawlaa"
        },
        "likes_count": 0,
        "answers": []
    },
    {
        "id": 17903448112630860,
        "created_at": 1610467354,
        "text": "Rate",
        "owner": {
            "id": "2324851256",
            "is_verified": false,
            "profile_pic_url": "https://instagram.fagc2-1.fna.fbcdn.net/v/t51.2885-19/s150x150/31402607_1667730996644094_1166895339618172928_n.jpg?tp=1&_nc_ht=instagram.fagc2-1.fna.fbcdn.net&_nc_ohc=bYEhywm1zZgAX-ZtxTm&ccb=7-4&oh=109d4afce156625ce0577c042ad443b5&oe=60862206&_nc_sid=9fb510",
            "username": "fuzel.d"
        },
        "likes_count": 0,
        "answers": [
            {
                "id": 17940815683437592,
                "created_at": 1610468385,
                "text": "@fuzel.d check dm",
                "owner": {
                    "id": "31345321949",
                    "is_verified": false,
                    "profile_pic_url": "https://instagram.fagc2-1.fna.fbcdn.net/v/t51.2885-19/s150x150/104655610_734890267265839_7042082510067431729_n.jpg?tp=1&_nc_ht=instagram.fagc2-1.fna.fbcdn.net&_nc_ohc=Q9yxDDyzyrwAX9Xuts8&ccb=7-4&oh=d86b1b6d639825b0f55d29acf1a38f6f&oe=608866EF&_nc_sid=9fb510",
                    "username": "airpods_case_1"
                },
                "likes_count": 0
            }
        ]
    },
    {
        "id": 17889612175745103,
        "created_at": 1605299107,
        "text": "Price ??",
        "owner": {
            "id": "1052882650",
            "is_verified": false,
            "profile_pic_url": "https://instagram.fagc2-1.fna.fbcdn.net/v/t51.2885-19/s150x150/142769892_403714160716581_8459534947229523013_n.jpg?tp=1&_nc_ht=instagram.fagc2-1.fna.fbcdn.net&_nc_ohc=8QiaqSdligMAX_wg54N&ccb=7-4&oh=5c488cc3406afc7c03ad30b9fb7b6426&oe=60871C71&_nc_sid=9fb510",
            "username": "staycyiiii"
        },
        "likes_count": 0,
        "answers": [
            {
                "id": 18121427764159080,
                "created_at": 1605327951,
                "text": "@staycyiiii check dm",
                "owner": {
                    "id": "31345321949",
                    "is_verified": false,
                    "profile_pic_url": "https://instagram.fagc2-1.fna.fbcdn.net/v/t51.2885-19/s150x150/104655610_734890267265839_7042082510067431729_n.jpg?tp=1&_nc_ht=instagram.fagc2-1.fna.fbcdn.net&_nc_ohc=Q9yxDDyzyrwAX9Xuts8&ccb=7-4&oh=d86b1b6d639825b0f55d29acf1a38f6f&oe=608866EF&_nc_sid=9fb510",
                    "username": "airpods_case_1"
                },
                "likes_count": 0
            }
        ]
    },
    {
        "id": 17909913730513919,
        "created_at": 1604251127,
        "text": "Price",
        "owner": {
            "id": "40954279808",
            "is_verified": false,
            "profile_pic_url": "https://instagram.fagc2-1.fna.fbcdn.net/v/t51.2885-19/s150x150/162607573_875465276630024_5911177391261606900_n.jpg?tp=1&_nc_ht=instagram.fagc2-1.fna.fbcdn.net&_nc_ohc=zspVU79NHxYAX_qtMax&ccb=7-4&oh=bc2ebcfe17c98e4f2bf278f4d3a7515e&oe=608813F9&_nc_sid=9fb510",
            "username": "_nithin_sanwlot_617"
        },
        "likes_count": 0,
        "answers": [
            {
                "id": 17878200790906143,
                "created_at": 1604251387,
                "text": "@_____nithin_sanwlot_617 check dm",
                "owner": {
                    "id": "31345321949",
                    "is_verified": false,
                    "profile_pic_url": "https://instagram.fagc2-1.fna.fbcdn.net/v/t51.2885-19/s150x150/104655610_734890267265839_7042082510067431729_n.jpg?tp=1&_nc_ht=instagram.fagc2-1.fna.fbcdn.net&_nc_ohc=Q9yxDDyzyrwAX9Xuts8&ccb=7-4&oh=d86b1b6d639825b0f55d29acf1a38f6f&oe=608866EF&_nc_sid=9fb510",
                    "username": "airpods_case_1"
                },
                "likes_count": 0
            }
        ]
    }
]