[
    {
        "id": 18068348341260916,
        "created_at": 1611286574,
        "text": "Precio",
        "owner": {
            "id": "45457993921",
            "is_verified": false,
            "profile_pic_url": "https://instagram.fagc2-1.fna.fbcdn.net/v/t51.2885-19/s150x150/139394003_164034391824439_5202494477371643224_n.jpg?tp=1&_nc_ht=instagram.fagc2-1.fna.fbcdn.net&_nc_ohc=3Pl8Ikdx9PwAX_OXAxA&ccb=7-4&oh=34d83dd0741ed46c618d64df864acf2e&oe=60866287&_nc_sid=9fb510",
            "username": "yerdalis_mdm"
        },
        "likes_count": 0,
        "answers": []
    },
    {
        "id": 18151378858115103,
        "created_at": 1611252534,
        "text": "how much",
        "owner": {
            "id": "42728838982",
            "is_verified": false,
            "profile_pic_url": "https://instagram.fagc2-1.fna.fbcdn.net/v/t51.2885-19/s150x150/119984653_158980159203655_3459640858440625277_n.jpg?tp=1&_nc_ht=instagram.fagc2-1.fna.fbcdn.net&_nc_ohc=eZpz6CBsMZQAX9chTLz&ccb=7-4&oh=57846be6f405e7f4b3d2b6c1ff519c44&oe=60877BBD&_nc_sid=9fb510",
            "username": "mohammed.rouh"
        },
        "likes_count": 1,
        "answers": []
    },
    {
        "id": 17892566197824812,
        "created_at": 1610804014,
        "text": "Ne\u00e7iyedir?",
        "owner": {
            "id": "45465544668",
            "is_verified": false,
            "profile_pic_url": "https://scontent-msp1-1.cdninstagram.com/v/t51.2885-19/44884218_345707102882519_2446069589734326272_n.jpg?_nc_ht=scontent-msp1-1.cdninstagram.com&_nc_ohc=hLTkwc3uTqUAX9_NgeJ&ccb=7-4&oh=fc0cc336aa57928183aa1d16f1fed192&oe=6087738F&_nc_sid=6136e7&ig_cache_key=YW5vbnltb3VzX3Byb2ZpbGVfcGlj.2-ccb7-4",
            "username": "mmams8388"
        },
        "likes_count": 0,
        "answers": []
    },
    {
        "id": 17858938241385896,
        "created_at": 1610468608,
        "text": "price?",
        "owner": {
            "id": "4731949243",
            "is_verified": false,
            "profile_pic_url": "https://instagram.fagc2-1.fna.fbcdn.net/v/t51.2885-19/s150x150/164871789_269019588059929_8929242712216011237_n.jpg?tp=1&_nc_ht=instagram.fagc2-1.fna.fbcdn.net&_nc_ohc=AwTMeXDUPtsAX9AS6IB&ccb=7-4&oh=d134a2020e389dd3321c3d4c8862a1df&oe=6086E0FD&_nc_sid=9fb510",
            "username": "vaghela_sachinkumar_"
        },
        "likes_count": 0,
        "answers": [
            {
                "id": 17880814535037274,
                "created_at": 1610468722,
                "text": "@vaghela_sachinkumar_ check dm",
                "owner": {
                    "id": "31345321949",
                    "is_verified": false,
                    "profile_pic_url": "https://instagram.fagc2-1.fna.fbcdn.net/v/t51.2885-19/s150x150/104655610_734890267265839_7042082510067431729_n.jpg?tp=1&_nc_ht=instagram.fagc2-1.fna.fbcdn.net&_nc_ohc=Q9yxDDyzyrwAX9Xuts8&ccb=7-4&oh=d86b1b6d639825b0f55d29acf1a38f6f&oe=608866EF&_nc_sid=9fb510",
                    "username": "airpods_case_1"
                },
                "likes_count": 0
            }
        ]
    },
    {
        "id": 17873052146167544,
        "created_at": 1610079007,
        "text": "Prize",
        "owner": {
            "id": "15151445671",
            "is_verified": false,
            "profile_pic_url": "https://instagram.fagc2-1.fna.fbcdn.net/v/t51.2885-19/s150x150/120016610_3434370946584980_3208984172103124436_n.jpg?tp=1&_nc_ht=instagram.fagc2-1.fna.fbcdn.net&_nc_ohc=Wqy7TxTbmlAAX89LpQJ&ccb=7-4&oh=5ab78be0afea2593b6ce2a08d7f2ba5f&oe=6087982F&_nc_sid=9fb510",
            "username": "jigar13456"
        },
        "likes_count": 0,
        "answers": []
    }
]