[
    {
        "id": 18048632854284054,
        "created_at": 1611248907,
        "text": "How much are these?",
        "owner": {
            "id": "925610711",
            "is_verified": false,
            "profile_pic_url": "https://instagram.fagc2-1.fna.fbcdn.net/v/t51.2885-19/s150x150/131327983_2838020636480965_3777880043580338470_n.jpg?tp=1&_nc_ht=instagram.fagc2-1.fna.fbcdn.net&_nc_ohc=AchkbTj2NfcAX9u-HAm&ccb=7-4&oh=b2edd1d5ec4ea398e70173f7c73c88d3&oe=60886D1C&_nc_sid=9fb510",
            "username": "aondonaorti"
        },
        "likes_count": 0,
        "answers": [
            {
                "id": 17885924800977356,
                "created_at": 1611254448,
                "text": "@aondonaorti check dm",
                "owner": {
                    "id": "31345321949",
                    "is_verified": false,
                    "profile_pic_url": "https://instagram.fagc2-1.fna.fbcdn.net/v/t51.2885-19/s150x150/104655610_734890267265839_7042082510067431729_n.jpg?tp=1&_nc_ht=instagram.fagc2-1.fna.fbcdn.net&_nc_ohc=Q9yxDDyzyrwAX9Xuts8&ccb=7-4&oh=d86b1b6d639825b0f55d29acf1a38f6f&oe=608866EF&_nc_sid=9fb510",
                    "username": "airpods_case_1"
                },
                "likes_count": 0
            }
        ]
    },
    {
        "id": 17862128192312867,
        "created_at": 1609606240,
        "text": "Prize",
        "owner": {
            "id": "40323919823",
            "is_verified": false,
            "profile_pic_url": "https://instagram.fagc2-1.fna.fbcdn.net/v/t51.2885-19/s150x150/131306966_706097196950353_3894743001897789493_n.jpg?tp=1&_nc_ht=instagram.fagc2-1.fna.fbcdn.net&_nc_ohc=B_J5HJD9yu4AX9Z8tLQ&ccb=7-4&oh=e1dacda23db4d8d1d66e0f68728698a8&oe=60895E30&_nc_sid=9fb510",
            "username": "remax__calicut"
        },
        "likes_count": 0,
        "answers": [
            {
                "id": 17845867424508850,
                "created_at": 1609606829,
                "text": "@remax__calicut check dm",
                "owner": {
                    "id": "31345321949",
                    "is_verified": false,
                    "profile_pic_url": "https://instagram.fagc2-1.fna.fbcdn.net/v/t51.2885-19/s150x150/104655610_734890267265839_7042082510067431729_n.jpg?tp=1&_nc_ht=instagram.fagc2-1.fna.fbcdn.net&_nc_ohc=Q9yxDDyzyrwAX9Xuts8&ccb=7-4&oh=d86b1b6d639825b0f55d29acf1a38f6f&oe=608866EF&_nc_sid=9fb510",
                    "username": "airpods_case_1"
                },
                "likes_count": 0
            }
        ]
    },
    {
        "id": 17879956090844443,
        "created_at": 1602229137,
        "text": "Price?",
        "owner": {
            "id": "1434769055",
            "is_verified": false,
            "profile_pic_url": "https://instagram.fagc2-1.fna.fbcdn.net/v/t51.2885-19/s150x150/135601469_497704757864739_3991846527077161080_n.jpg?tp=1&_nc_ht=instagram.fagc2-1.fna.fbcdn.net&_nc_ohc=qbfr0TU4f2oAX_edKAP&ccb=7-4&oh=7279242c097271f52cff6f3ebedcf125&oe=6086BB7E&_nc_sid=9fb510",
            "username": "saran_singh07"
        },
        "likes_count": 0,
        "answers": [
            {
                "id": 17878315981889148,
                "created_at": 1602234832,
                "text": "@saran_singh07 check dm",
                "owner": {
                    "id": "31345321949",
                    "is_verified": false,
                    "profile_pic_url": "https://instagram.fagc2-1.fna.fbcdn.net/v/t51.2885-19/s150x150/104655610_734890267265839_7042082510067431729_n.jpg?tp=1&_nc_ht=instagram.fagc2-1.fna.fbcdn.net&_nc_ohc=Q9yxDDyzyrwAX9Xuts8&ccb=7-4&oh=d86b1b6d639825b0f55d29acf1a38f6f&oe=608866EF&_nc_sid=9fb510",
                    "username": "airpods_case_1"
                },
                "likes_count": 0
            }
        ]
    }
]