[
    {
        "id": 17868075128230122,
        "created_at": 1610788805,
        "text": "How much",
        "owner": {
            "id": "4025626706",
            "is_verified": false,
            "profile_pic_url": "https://instagram.fagc2-1.fna.fbcdn.net/v/t51.2885-19/s150x150/160710589_1658200194367966_8746418485130577188_n.jpg?tp=1&_nc_ht=instagram.fagc2-1.fna.fbcdn.net&_nc_ohc=1dqTChe7qfcAX_r1g5r&ccb=7-4&oh=afcc86eb1cb6de90afb8e8a09feec02a&oe=60863988&_nc_sid=9fb510",
            "username": "sivaasurya"
        },
        "likes_count": 0,
        "answers": [
            {
                "id": 17852311130496584,
                "created_at": 1610789467,
                "text": "Check dm",
                "owner": {
                    "id": "31345321949",
                    "is_verified": false,
                    "profile_pic_url": "https://instagram.fagc2-1.fna.fbcdn.net/v/t51.2885-19/s150x150/104655610_734890267265839_7042082510067431729_n.jpg?tp=1&_nc_ht=instagram.fagc2-1.fna.fbcdn.net&_nc_ohc=Q9yxDDyzyrwAX9Xuts8&ccb=7-4&oh=d86b1b6d639825b0f55d29acf1a38f6f&oe=608866EF&_nc_sid=9fb510",
                    "username": "airpods_case_1"
                },
                "likes_count": 0
            }
        ]
    },
    {
        "id": 17886087730880776,
        "created_at": 1608286901,
        "text": "How much",
        "owner": {
            "id": "4046829841",
            "is_verified": false,
            "profile_pic_url": "https://instagram.fagc2-1.fna.fbcdn.net/v/t51.2885-19/s150x150/39494131_305441243342361_1661375341018480640_n.jpg?tp=1&_nc_ht=instagram.fagc2-1.fna.fbcdn.net&_nc_ohc=axQc75qVkEMAX9khV42&ccb=7-4&oh=ef9a2de39b3290ee56fc361849756ede&oe=608894E3&_nc_sid=9fb510",
            "username": "sudeepsrivatsav"
        },
        "likes_count": 0,
        "answers": []
    },
    {
        "id": 18147103417106358,
        "created_at": 1607718181,
        "text": "How much ?",
        "owner": {
            "id": "612441003",
            "is_verified": false,
            "profile_pic_url": "https://instagram.fagc2-1.fna.fbcdn.net/v/t51.2885-19/s150x150/142555404_233954311563341_7667297724021151567_n.jpg?tp=1&_nc_ht=instagram.fagc2-1.fna.fbcdn.net&_nc_ohc=1NYYqcPKqkkAX-_oR89&ccb=7-4&oh=91642282f54f1ba98cc152b28361c189&oe=6087A661&_nc_sid=9fb510",
            "username": "mariamelfeky"
        },
        "likes_count": 0,
        "answers": [
            {
                "id": 18130817587091554,
                "created_at": 1607740316,
                "text": "@mariamelfeky check dm",
                "owner": {
                    "id": "31345321949",
                    "is_verified": false,
                    "profile_pic_url": "https://instagram.fagc2-1.fna.fbcdn.net/v/t51.2885-19/s150x150/104655610_734890267265839_7042082510067431729_n.jpg?tp=1&_nc_ht=instagram.fagc2-1.fna.fbcdn.net&_nc_ohc=Q9yxDDyzyrwAX9Xuts8&ccb=7-4&oh=d86b1b6d639825b0f55d29acf1a38f6f&oe=608866EF&_nc_sid=9fb510",
                    "username": "airpods_case_1"
                },
                "likes_count": 0
            }
        ]
    }
]