[
    {
        "id": 18133594339199530,
        "created_at": 1615734430,
        "text": "Still available?",
        "owner": {
            "id": "44756906659",
            "is_verified": false,
            "profile_pic_url": "https://instagram.fagc2-1.fna.fbcdn.net/v/t51.2885-19/s150x150/129170430_197738938601824_4933881364862993388_n.jpg?tp=1&_nc_ht=instagram.fagc2-1.fna.fbcdn.net&_nc_ohc=OiRDF2QILp4AX8RqGsv&ccb=7-4&oh=4c68165904c8f36b3a87fcafb20f9274&oe=608686C6&_nc_sid=9fb510",
            "username": "its_chipps"
        },
        "likes_count": 0,
        "answers": [
            {
                "id": 17920318477574920,
                "created_at": 1615734999,
                "text": "Yes",
                "owner": {
                    "id": "31345321949",
                    "is_verified": false,
                    "profile_pic_url": "https://instagram.fagc2-1.fna.fbcdn.net/v/t51.2885-19/s150x150/104655610_734890267265839_7042082510067431729_n.jpg?tp=1&_nc_ht=instagram.fagc2-1.fna.fbcdn.net&_nc_ohc=Q9yxDDyzyrwAX9Xuts8&ccb=7-4&oh=d86b1b6d639825b0f55d29acf1a38f6f&oe=608866EF&_nc_sid=9fb510",
                    "username": "airpods_case_1"
                },
                "likes_count": 0
            }
        ]
    }
]