[
    {
        "id": 17885799029086760,
        "created_at": 1615913336,
        "text": "Price?",
        "owner": {
            "id": "2520148002",
            "is_verified": false,
            "profile_pic_url": "https://instagram.fagc2-1.fna.fbcdn.net/v/t51.2885-19/s150x150/162272754_764462751128344_2522135639188290663_n.jpg?tp=1&_nc_ht=instagram.fagc2-1.fna.fbcdn.net&_nc_ohc=Sd6CnX3lRoAAX9NpVLA&ccb=7-4&oh=9f675dffd7cca51831bb1fccaebbe60f&oe=6088764D&_nc_sid=9fb510",
            "username": "arora_a953"
        },
        "likes_count": 0,
        "answers": []
    },
    {
        "id": 18140852554082254,
        "created_at": 1614094792,
        "text": "C\u00f3 c\u1ee7a airpods pro ko \u1ea1",
        "owner": {
            "id": "45430331572",
            "is_verified": false,
            "profile_pic_url": "https://instagram.fagc2-1.fna.fbcdn.net/v/t51.2885-19/s150x150/156944723_460016445186621_3682612950796541997_n.jpg?tp=1&_nc_ht=instagram.fagc2-1.fna.fbcdn.net&_nc_ohc=bEoDhUo7RrgAX97PgTf&ccb=7-4&oh=64e6559babbc5ac519d59a453cf38a39&oe=6086577A&_nc_sid=9fb510",
            "username": "dangphong329"
        },
        "likes_count": 1,
        "answers": []
    },
    {
        "id": 17891272834907013,
        "created_at": 1612880235,
        "text": "What is the price",
        "owner": {
            "id": "20299880272",
            "is_verified": false,
            "profile_pic_url": "https://instagram.fagc2-1.fna.fbcdn.net/v/t51.2885-19/s150x150/161749229_1608460392678881_5398467233019454817_n.jpg?tp=1&_nc_ht=instagram.fagc2-1.fna.fbcdn.net&_nc_ohc=lhh17VwCV-IAX-Y1xXI&ccb=7-4&oh=827a2036987daf7c0a7eda15b97909f9&oe=6087E892&_nc_sid=9fb510",
            "username": "_syed_abdulla_44"
        },
        "likes_count": 0,
        "answers": []
    },
    {
        "id": 18188038942022432,
        "created_at": 1611147824,
        "text": "Hm",
        "owner": {
            "id": "8221359286",
            "is_verified": false,
            "profile_pic_url": "https://instagram.fagc2-1.fna.fbcdn.net/v/t51.2885-19/s150x150/153567819_206230684619112_7778237938072050336_n.jpg?tp=1&_nc_ht=instagram.fagc2-1.fna.fbcdn.net&_nc_ohc=SATJGBRQnTUAX9_nva4&ccb=7-4&oh=77e6984224fca90ff690ccfcd1d58322&oe=6086B2DD&_nc_sid=9fb510",
            "username": "kenzy14_"
        },
        "likes_count": 0,
        "answers": []
    },
    {
        "id": 17892339649833568,
        "created_at": 1609533549,
        "text": "Hm please",
        "owner": {
            "id": "343608421",
            "is_verified": false,
            "profile_pic_url": "https://instagram.fagc2-1.fna.fbcdn.net/v/t51.2885-19/s150x150/148186300_3329212137179963_7050389387707127891_n.jpg?tp=1&_nc_ht=instagram.fagc2-1.fna.fbcdn.net&_nc_ohc=mIV6RHLSbHQAX-jhsrJ&ccb=7-4&oh=4ba3584753c654eed02549b203279f3e&oe=6088AF88&_nc_sid=9fb510",
            "username": "faridawahba15"
        },
        "likes_count": 0,
        "answers": []
    },
    {
        "id": 17866584104156683,
        "created_at": 1608107520,
        "text": "Need one",
        "owner": {
            "id": "8915837019",
            "is_verified": false,
            "profile_pic_url": "https://instagram.fagc2-1.fna.fbcdn.net/v/t51.2885-19/s150x150/164158881_463397231756805_2456966537470722455_n.jpg?tp=1&_nc_ht=instagram.fagc2-1.fna.fbcdn.net&_nc_ohc=37crkjYQ1OQAX_4hawz&ccb=7-4&oh=47ae9e433cb9c5925c7a8d9cd8fd4c01&oe=6087A514&_nc_sid=9fb510",
            "username": "thejoymahmud"
        },
        "likes_count": 0,
        "answers": [
            {
                "id": 17882029810938148,
                "created_at": 1608109942,
                "text": "@thejoymahmud check dm",
                "owner": {
                    "id": "31345321949",
                    "is_verified": false,
                    "profile_pic_url": "https://instagram.fagc2-1.fna.fbcdn.net/v/t51.2885-19/s150x150/104655610_734890267265839_7042082510067431729_n.jpg?tp=1&_nc_ht=instagram.fagc2-1.fna.fbcdn.net&_nc_ohc=Q9yxDDyzyrwAX9Xuts8&ccb=7-4&oh=d86b1b6d639825b0f55d29acf1a38f6f&oe=608866EF&_nc_sid=9fb510",
                    "username": "airpods_case_1"
                },
                "likes_count": 0
            }
        ]
    },
    {
        "id": 17888871517784519,
        "created_at": 1607807595,
        "text": "Price",
        "owner": {
            "id": "2760090717",
            "is_verified": false,
            "profile_pic_url": "https://instagram.fagc2-1.fna.fbcdn.net/v/t51.2885-19/s150x150/12407297_1672609866340552_1711840017_a.jpg?tp=1&_nc_ht=instagram.fagc2-1.fna.fbcdn.net&_nc_ohc=a81GwuWWBFgAX9hwC3W&ccb=7-4&oh=e2bc428e76bccb014fe717eae67727eb&oe=60898D72&_nc_sid=9fb510",
            "username": "maria430mercedes"
        },
        "likes_count": 0,
        "answers": [
            {
                "id": 17900322424634705,
                "created_at": 1607833727,
                "text": "@maria430mercedes check dm",
                "owner": {
                    "id": "31345321949",
                    "is_verified": false,
                    "profile_pic_url": "https://instagram.fagc2-1.fna.fbcdn.net/v/t51.2885-19/s150x150/104655610_734890267265839_7042082510067431729_n.jpg?tp=1&_nc_ht=instagram.fagc2-1.fna.fbcdn.net&_nc_ohc=Q9yxDDyzyrwAX9Xuts8&ccb=7-4&oh=d86b1b6d639825b0f55d29acf1a38f6f&oe=608866EF&_nc_sid=9fb510",
                    "username": "airpods_case_1"
                },
                "likes_count": 0
            }
        ]
    },
    {
        "id": 17869807558886163,
        "created_at": 1596976133,
        "text": "Pp",
        "owner": {
            "id": "5819393885",
            "is_verified": false,
            "profile_pic_url": "https://instagram.fagc2-1.fna.fbcdn.net/v/t51.2885-19/s150x150/164223883_215340417008735_5019975196222691893_n.jpg?tp=1&_nc_ht=instagram.fagc2-1.fna.fbcdn.net&_nc_ohc=IC0Gtcc5cToAX8b9_rW&ccb=7-4&oh=6046e7f4874ad7159a32a3010f9c8d64&oe=608926A3&_nc_sid=9fb510",
            "username": "its___gundeepsingh___23"
        },
        "likes_count": 0,
        "answers": []
    }
]