[
    {
        "id": 17948939218438890,
        "created_at": 1616258622,
        "text": "Green",
        "owner": {
            "id": "36999166618",
            "is_verified": false,
            "profile_pic_url": "https://instagram.fagc2-1.fna.fbcdn.net/v/t51.2885-19/s150x150/162659113_901656910378939_3382108293606458853_n.jpg?tp=1&_nc_ht=instagram.fagc2-1.fna.fbcdn.net&_nc_ohc=CA5eFg4yONwAX9TBTMD&ccb=7-4&oh=90545ec1c18b80c33c3f1f8f73f8fd2f&oe=60885740&_nc_sid=9fb510",
            "username": "nitingupta9566"
        },
        "likes_count": 0,
        "answers": []
    },
    {
        "id": 17878899605194351,
        "created_at": 1616258601,
        "text": "Pp of grannet",
        "owner": {
            "id": "36999166618",
            "is_verified": false,
            "profile_pic_url": "https://instagram.fagc2-1.fna.fbcdn.net/v/t51.2885-19/s150x150/162659113_901656910378939_3382108293606458853_n.jpg?tp=1&_nc_ht=instagram.fagc2-1.fna.fbcdn.net&_nc_ohc=CA5eFg4yONwAX9TBTMD&ccb=7-4&oh=90545ec1c18b80c33c3f1f8f73f8fd2f&oe=60885740&_nc_sid=9fb510",
            "username": "nitingupta9566"
        },
        "likes_count": 0,
        "answers": [
            {
                "id": 17989860229327524,
                "created_at": 1616258731,
                "text": "@nitingupta9566 check dm",
                "owner": {
                    "id": "31345321949",
                    "is_verified": false,
                    "profile_pic_url": "https://instagram.fagc2-1.fna.fbcdn.net/v/t51.2885-19/s150x150/104655610_734890267265839_7042082510067431729_n.jpg?tp=1&_nc_ht=instagram.fagc2-1.fna.fbcdn.net&_nc_ohc=Q9yxDDyzyrwAX9Xuts8&ccb=7-4&oh=d86b1b6d639825b0f55d29acf1a38f6f&oe=608866EF&_nc_sid=9fb510",
                    "username": "airpods_case_1"
                },
                "likes_count": 0
            }
        ]
    },
    {
        "id": 17895707005879337,
        "created_at": 1616258589,
        "text": "Hello",
        "owner": {
            "id": "36999166618",
            "is_verified": false,
            "profile_pic_url": "https://instagram.fagc2-1.fna.fbcdn.net/v/t51.2885-19/s150x150/162659113_901656910378939_3382108293606458853_n.jpg?tp=1&_nc_ht=instagram.fagc2-1.fna.fbcdn.net&_nc_ohc=CA5eFg4yONwAX9TBTMD&ccb=7-4&oh=90545ec1c18b80c33c3f1f8f73f8fd2f&oe=60885740&_nc_sid=9fb510",
            "username": "nitingupta9566"
        },
        "likes_count": 0,
        "answers": []
    },
    {
        "id": 17865086567368006,
        "created_at": 1613411846,
        "text": "How much for Batman?",
        "owner": {
            "id": "1421112286",
            "is_verified": false,
            "profile_pic_url": "https://instagram.fagc2-1.fna.fbcdn.net/v/t51.2885-19/s150x150/24175069_1385238578253740_981716050829639680_n.jpg?tp=1&_nc_ht=instagram.fagc2-1.fna.fbcdn.net&_nc_ohc=avnAlg--2csAX8lqjL9&ccb=7-4&oh=1c8d2b810e86418d40eac478a5fe6f55&oe=608764F9&_nc_sid=9fb510",
            "username": "amran_shaikh"
        },
        "likes_count": 0,
        "answers": [
            {
                "id": 17861652062478907,
                "created_at": 1613419185,
                "text": "@amran_shaikh check dm",
                "owner": {
                    "id": "31345321949",
                    "is_verified": false,
                    "profile_pic_url": "https://instagram.fagc2-1.fna.fbcdn.net/v/t51.2885-19/s150x150/104655610_734890267265839_7042082510067431729_n.jpg?tp=1&_nc_ht=instagram.fagc2-1.fna.fbcdn.net&_nc_ohc=Q9yxDDyzyrwAX9Xuts8&ccb=7-4&oh=d86b1b6d639825b0f55d29acf1a38f6f&oe=608866EF&_nc_sid=9fb510",
                    "username": "airpods_case_1"
                },
                "likes_count": 0
            }
        ]
    },
    {
        "id": 17849571371501837,
        "created_at": 1612344145,
        "text": "Pikachu airpod case price",
        "owner": {
            "id": "43027175032",
            "is_verified": false,
            "profile_pic_url": "https://instagram.fagc2-1.fna.fbcdn.net/v/t51.2885-19/s150x150/120455147_175303977417798_5569085638317076489_n.jpg?tp=1&_nc_ht=instagram.fagc2-1.fna.fbcdn.net&_nc_ohc=Y59GmyRG1gIAX9GikMz&ccb=7-4&oh=54cb15682294c0d76274bad59bd6c042&oe=608953E9&_nc_sid=9fb510",
            "username": "fashion_corner_05_12"
        },
        "likes_count": 0,
        "answers": []
    },
    {
        "id": 18138705457094896,
        "created_at": 1611990838,
        "text": "Pp",
        "owner": {
            "id": "10702688818",
            "is_verified": false,
            "profile_pic_url": "https://instagram.fagc2-1.fna.fbcdn.net/v/t51.2885-19/s150x150/139431483_732041464086052_3305331075489239076_n.jpg?tp=1&_nc_ht=instagram.fagc2-1.fna.fbcdn.net&_nc_ohc=L4Q2eAKo71EAX9tpx6v&ccb=7-4&oh=bb146e5518b9375ec967a34d56da7f7a&oe=60884FF2&_nc_sid=9fb510",
            "username": "rituag97"
        },
        "likes_count": 0,
        "answers": [
            {
                "id": 18048933571280337,
                "created_at": 1611997700,
                "text": "@rituag97 check dm",
                "owner": {
                    "id": "31345321949",
                    "is_verified": false,
                    "profile_pic_url": "https://instagram.fagc2-1.fna.fbcdn.net/v/t51.2885-19/s150x150/104655610_734890267265839_7042082510067431729_n.jpg?tp=1&_nc_ht=instagram.fagc2-1.fna.fbcdn.net&_nc_ohc=Q9yxDDyzyrwAX9Xuts8&ccb=7-4&oh=d86b1b6d639825b0f55d29acf1a38f6f&oe=608866EF&_nc_sid=9fb510",
                    "username": "airpods_case_1"
                },
                "likes_count": 0
            }
        ]
    },
    {
        "id": 17869780784307890,
        "created_at": 1611341673,
        "text": "How much is the tik tok one?",
        "owner": {
            "id": "40202182825",
            "is_verified": false,
            "profile_pic_url": "https://instagram.fagc2-1.fna.fbcdn.net/v/t51.2885-19/s150x150/117971313_111845043966584_8717994223254468203_n.jpg?tp=1&_nc_ht=instagram.fagc2-1.fna.fbcdn.net&_nc_ohc=fetdPJwrUJsAX8QrXLF&ccb=7-4&oh=167fbdf9ffc6695931de0f3c162115ff&oe=60874F56&_nc_sid=9fb510",
            "username": "prepared.dishes"
        },
        "likes_count": 0,
        "answers": []
    },
    {
        "id": 17891240404842547,
        "created_at": 1609675816,
        "text": "Bhai pro ka case milage kya",
        "owner": {
            "id": "3877745142",
            "is_verified": false,
            "profile_pic_url": "https://instagram.fagc2-1.fna.fbcdn.net/v/t51.2885-19/s150x150/45337514_1924278020993312_2756885107246628864_n.jpg?tp=1&_nc_ht=instagram.fagc2-1.fna.fbcdn.net&_nc_ohc=yxIS9H1_K-QAX_0GiKk&ccb=7-4&oh=9a6a5e24962fb877435bfd4972069c36&oe=6086C5B5&_nc_sid=9fb510",
            "username": "dugu_father"
        },
        "likes_count": 0,
        "answers": [
            {
                "id": 17855052137452761,
                "created_at": 1609675999,
                "text": "@dugu_father miljaega bhai",
                "owner": {
                    "id": "31345321949",
                    "is_verified": false,
                    "profile_pic_url": "https://instagram.fagc2-1.fna.fbcdn.net/v/t51.2885-19/s150x150/104655610_734890267265839_7042082510067431729_n.jpg?tp=1&_nc_ht=instagram.fagc2-1.fna.fbcdn.net&_nc_ohc=Q9yxDDyzyrwAX9Xuts8&ccb=7-4&oh=d86b1b6d639825b0f55d29acf1a38f6f&oe=608866EF&_nc_sid=9fb510",
                    "username": "airpods_case_1"
                },
                "likes_count": 0
            }
        ]
    },
    {
        "id": 17862805244229247,
        "created_at": 1606234450,
        "text": "Pp",
        "owner": {
            "id": "1194928861",
            "is_verified": false,
            "profile_pic_url": "https://instagram.fagc2-1.fna.fbcdn.net/v/t51.2885-19/s150x150/91442558_1096305174101413_6461660803706650624_n.jpg?tp=1&_nc_ht=instagram.fagc2-1.fna.fbcdn.net&_nc_ohc=RBQQVS5S1YAAX_bLCxM&ccb=7-4&oh=57a773e8e7e42db9dc86f9bb60830eeb&oe=6086C973&_nc_sid=9fb510",
            "username": "abhinav_shokeen"
        },
        "likes_count": 0,
        "answers": []
    },
    {
        "id": 18115461355162182,
        "created_at": 1605426758,
        "text": "Price",
        "owner": {
            "id": "1600967011",
            "is_verified": false,
            "profile_pic_url": "https://instagram.fagc2-1.fna.fbcdn.net/v/t51.2885-19/10838314_748299491904923_1279121251_a.jpg?_nc_ht=instagram.fagc2-1.fna.fbcdn.net&_nc_ohc=LNdl1j7dhL8AX_X5m7j&ccb=7-4&oh=d42b910175e90166643b5493bda30d94&oe=60881AED&_nc_sid=9fb510",
            "username": "krithanth_sahas"
        },
        "likes_count": 0,
        "answers": []
    },
    {
        "id": 17893415836657814,
        "created_at": 1604304241,
        "text": "Pp",
        "owner": {
            "id": "1402061940",
            "is_verified": false,
            "profile_pic_url": "https://instagram.fagc2-1.fna.fbcdn.net/v/t51.2885-19/s150x150/156301689_184287639817266_4433810354305989007_n.jpg?tp=1&_nc_ht=instagram.fagc2-1.fna.fbcdn.net&_nc_ohc=7DdAx_wBasoAX9ASeSE&ccb=7-4&oh=333dc3aa52f0ad5c7d1bc0ed161d0c31&oe=60889C94&_nc_sid=9fb510",
            "username": "satishkumar93"
        },
        "likes_count": 0,
        "answers": [
            {
                "id": 17946653545389585,
                "created_at": 1604304257,
                "text": "@satishkumar93 check dm",
                "owner": {
                    "id": "31345321949",
                    "is_verified": false,
                    "profile_pic_url": "https://instagram.fagc2-1.fna.fbcdn.net/v/t51.2885-19/s150x150/104655610_734890267265839_7042082510067431729_n.jpg?tp=1&_nc_ht=instagram.fagc2-1.fna.fbcdn.net&_nc_ohc=Q9yxDDyzyrwAX9Xuts8&ccb=7-4&oh=d86b1b6d639825b0f55d29acf1a38f6f&oe=608866EF&_nc_sid=9fb510",
                    "username": "airpods_case_1"
                },
                "likes_count": 0
            }
        ]
    },
    {
        "id": 17846722820420004,
        "created_at": 1603618410,
        "text": "Price ?",
        "owner": {
            "id": "1299441039",
            "is_verified": false,
            "profile_pic_url": "https://instagram.fagc2-1.fna.fbcdn.net/v/t51.2885-19/s150x150/160056513_446959743024441_719117981581247219_n.jpg?tp=1&_nc_ht=instagram.fagc2-1.fna.fbcdn.net&_nc_ohc=ciKDxUuH1FEAX_ACRtY&ccb=7-4&oh=4b568c69728a5d2ac42b0e18854ec4cb&oe=60866491&_nc_sid=9fb510",
            "username": "mo.mohan332"
        },
        "likes_count": 0,
        "answers": [
            {
                "id": 17921680468461630,
                "created_at": 1603620739,
                "text": "@mo.mohan332 which one?",
                "owner": {
                    "id": "31345321949",
                    "is_verified": false,
                    "profile_pic_url": "https://instagram.fagc2-1.fna.fbcdn.net/v/t51.2885-19/s150x150/104655610_734890267265839_7042082510067431729_n.jpg?tp=1&_nc_ht=instagram.fagc2-1.fna.fbcdn.net&_nc_ohc=Q9yxDDyzyrwAX9Xuts8&ccb=7-4&oh=d86b1b6d639825b0f55d29acf1a38f6f&oe=608866EF&_nc_sid=9fb510",
                    "username": "airpods_case_1"
                },
                "likes_count": 0
            }
        ]
    },
    {
        "id": 17884184146766799,
        "created_at": 1603056691,
        "text": "Hm",
        "owner": {
            "id": "1627514077",
            "is_verified": false,
            "profile_pic_url": "https://instagram.fagc2-1.fna.fbcdn.net/v/t51.2885-19/s150x150/164462328_152515466743009_8608591557140449271_n.jpg?tp=1&_nc_ht=instagram.fagc2-1.fna.fbcdn.net&_nc_ohc=dwd7emajXIcAX-4M39O&ccb=7-4&oh=45961be567c81385d253019eda1a3f0c&oe=608A011C&_nc_sid=9fb510",
            "username": "celimine_02"
        },
        "likes_count": 0,
        "answers": []
    },
    {
        "id": 17963542384346264,
        "created_at": 1602891623,
        "text": "Price?",
        "owner": {
            "id": "510721775",
            "is_verified": false,
            "profile_pic_url": "https://instagram.fagc2-1.fna.fbcdn.net/v/t51.2885-19/s150x150/148836858_1380175888992513_4229160603221881361_n.jpg?tp=1&_nc_ht=instagram.fagc2-1.fna.fbcdn.net&_nc_ohc=PJyEYC1bKGQAX8LjEBK&ccb=7-4&oh=fae39fa8c998a8869cb7d55909d33fb5&oe=608971FA&_nc_sid=9fb510",
            "username": "_7vika_"
        },
        "likes_count": 0,
        "answers": [
            {
                "id": 17871890857969532,
                "created_at": 1602898126,
                "text": "@_7vika_ check dm",
                "owner": {
                    "id": "31345321949",
                    "is_verified": false,
                    "profile_pic_url": "https://instagram.fagc2-1.fna.fbcdn.net/v/t51.2885-19/s150x150/104655610_734890267265839_7042082510067431729_n.jpg?tp=1&_nc_ht=instagram.fagc2-1.fna.fbcdn.net&_nc_ohc=Q9yxDDyzyrwAX9Xuts8&ccb=7-4&oh=d86b1b6d639825b0f55d29acf1a38f6f&oe=608866EF&_nc_sid=9fb510",
                    "username": "airpods_case_1"
                },
                "likes_count": 0
            }
        ]
    },
    {
        "id": 18165501115012424,
        "created_at": 1602369094,
        "text": "Price",
        "owner": {
            "id": "477848908",
            "is_verified": false,
            "profile_pic_url": "https://instagram.fagc2-1.fna.fbcdn.net/v/t51.2885-19/s150x150/141456990_3930207953670475_3540072209004055086_n.jpg?tp=1&_nc_ht=instagram.fagc2-1.fna.fbcdn.net&_nc_ohc=msdGVDlsjj8AX-7reFK&ccb=7-4&oh=f96aa978729b501e9af653b4fc0740eb&oe=6087FBC6&_nc_sid=9fb510",
            "username": "pulkit93"
        },
        "likes_count": 0,
        "answers": []
    },
    {
        "id": 17899929487583823,
        "created_at": 1602152358,
        "text": "Price",
        "owner": {
            "id": "25008855506",
            "is_verified": false,
            "profile_pic_url": "https://instagram.fagc2-1.fna.fbcdn.net/v/t51.2885-19/s150x150/158183129_887883695345445_313811119918356496_n.jpg?tp=1&_nc_ht=instagram.fagc2-1.fna.fbcdn.net&_nc_ohc=miQCqrAm3s0AX-69qBd&ccb=7-4&oh=0e2378a948a301bff3c02779765134af&oe=6086AB19&_nc_sid=9fb510",
            "username": "_krishgoyal_"
        },
        "likes_count": 0,
        "answers": [
            {
                "id": 17889949459714328,
                "created_at": 1602152651,
                "text": "@_krishgoyal_ check dm",
                "owner": {
                    "id": "31345321949",
                    "is_verified": false,
                    "profile_pic_url": "https://instagram.fagc2-1.fna.fbcdn.net/v/t51.2885-19/s150x150/104655610_734890267265839_7042082510067431729_n.jpg?tp=1&_nc_ht=instagram.fagc2-1.fna.fbcdn.net&_nc_ohc=Q9yxDDyzyrwAX9Xuts8&ccb=7-4&oh=d86b1b6d639825b0f55d29acf1a38f6f&oe=608866EF&_nc_sid=9fb510",
                    "username": "airpods_case_1"
                },
                "likes_count": 0
            }
        ]
    },
    {
        "id": 17898642604537283,
        "created_at": 1597125355,
        "text": "Price",
        "owner": {
            "id": "1142444363",
            "is_verified": false,
            "profile_pic_url": "https://instagram.fagc2-1.fna.fbcdn.net/v/t51.2885-19/s150x150/78936342_587378412077374_4223165767912259584_n.jpg?tp=1&_nc_ht=instagram.fagc2-1.fna.fbcdn.net&_nc_ohc=4ZXVux_ZMPEAX9INy2l&ccb=7-4&oh=0584ec3a78d38b04a60da19933cb6f29&oe=60893352&_nc_sid=9fb510",
            "username": "vicky_ar0ra_"
        },
        "likes_count": 1,
        "answers": []
    },
    {
        "id": 17969031109319636,
        "created_at": 1596641956,
        "text": "Pp",
        "owner": {
            "id": "4238944277",
            "is_verified": false,
            "profile_pic_url": "https://instagram.fagc2-1.fna.fbcdn.net/v/t51.2885-19/s150x150/164293407_278566146967080_5758601143333925474_n.jpg?tp=1&_nc_ht=instagram.fagc2-1.fna.fbcdn.net&_nc_ohc=OiYivzoROqwAX8RMwHZ&ccb=7-4&oh=ca51b0f4fe71936d49785accf584dbab&oe=6088E0B7&_nc_sid=9fb510",
            "username": "miss_shah1999"
        },
        "likes_count": 0,
        "answers": []
    },
    {
        "id": 18110848531149229,
        "created_at": 1596304112,
        "text": "Pp",
        "owner": {
            "id": "584268532",
            "is_verified": false,
            "profile_pic_url": "https://instagram.fagc2-1.fna.fbcdn.net/v/t51.2885-19/s150x150/147464792_468776560809607_5875778910138617437_n.jpg?tp=1&_nc_ht=instagram.fagc2-1.fna.fbcdn.net&_nc_ohc=jfkf8pBThRwAX-M6TzS&ccb=7-4&oh=bbf108a262a4fffd980f645b9a41ffb9&oe=6087FBDE&_nc_sid=9fb510",
            "username": "dishi_mishi"
        },
        "likes_count": 0,
        "answers": []
    },
    {
        "id": 18072815533213416,
        "created_at": 1595968580,
        "text": "Pp",
        "owner": {
            "id": "2061434910",
            "is_verified": false,
            "profile_pic_url": "https://instagram.fagc2-1.fna.fbcdn.net/v/t51.2885-19/s150x150/127959932_141116870739516_2077564709718489994_n.jpg?tp=1&_nc_ht=instagram.fagc2-1.fna.fbcdn.net&_nc_ohc=ZWdW_jWe9UQAX_6K-U9&ccb=7-4&oh=7e56970ec67555c16a1da352412f4059&oe=608873F3&_nc_sid=9fb510",
            "username": "drsakhi_takkar10"
        },
        "likes_count": 0,
        "answers": []
    }
]