[
    {
        "id": 17871286880060606,
        "created_at": 1604427904,
        "text": "Rate",
        "owner": {
            "id": "13356663053",
            "is_verified": false,
            "profile_pic_url": "https://instagram.fagc2-1.fna.fbcdn.net/v/t51.2885-19/s150x150/66399558_696643327450654_3483946997998682112_n.jpg?tp=1&_nc_ht=instagram.fagc2-1.fna.fbcdn.net&_nc_ohc=jzII3DiT0gMAX-t_it8&ccb=7-4&oh=08972e1a351ca4641684feccfa832c79&oe=60882FE7&_nc_sid=9fb510",
            "username": "babypriya7868"
        },
        "likes_count": 0,
        "answers": [
            {
                "id": 17913618550503750,
                "created_at": 1604428167,
                "text": "@babypriya7868 check dm",
                "owner": {
                    "id": "31345321949",
                    "is_verified": false,
                    "profile_pic_url": "https://instagram.fagc2-1.fna.fbcdn.net/v/t51.2885-19/s150x150/104655610_734890267265839_7042082510067431729_n.jpg?tp=1&_nc_ht=instagram.fagc2-1.fna.fbcdn.net&_nc_ohc=Q9yxDDyzyrwAX9Xuts8&ccb=7-4&oh=d86b1b6d639825b0f55d29acf1a38f6f&oe=608866EF&_nc_sid=9fb510",
                    "username": "airpods_case_1"
                },
                "likes_count": 0
            }
        ]
    },
    {
        "id": 17843639741413869,
        "created_at": 1602226324,
        "text": "Price??",
        "owner": {
            "id": "8062406457",
            "is_verified": false,
            "profile_pic_url": "https://instagram.fagc2-1.fna.fbcdn.net/v/t51.2885-19/s150x150/156145914_432585927975488_2299316598508472126_n.jpg?tp=1&_nc_ht=instagram.fagc2-1.fna.fbcdn.net&_nc_ohc=WbFDmqQyj8AAX8rkM9R&ccb=7-4&oh=1316ef1b1efa2e08f5f876f714979344&oe=6086BCC4&_nc_sid=9fb510",
            "username": "s.h.e.o.r.a.n_10"
        },
        "likes_count": 0,
        "answers": [
            {
                "id": 17855673938259427,
                "created_at": 1602234789,
                "text": "@s.h.e.o.r.a.n_10 hey check dm",
                "owner": {
                    "id": "31345321949",
                    "is_verified": false,
                    "profile_pic_url": "https://instagram.fagc2-1.fna.fbcdn.net/v/t51.2885-19/s150x150/104655610_734890267265839_7042082510067431729_n.jpg?tp=1&_nc_ht=instagram.fagc2-1.fna.fbcdn.net&_nc_ohc=Q9yxDDyzyrwAX9Xuts8&ccb=7-4&oh=d86b1b6d639825b0f55d29acf1a38f6f&oe=608866EF&_nc_sid=9fb510",
                    "username": "airpods_case_1"
                },
                "likes_count": 0
            }
        ]
    }
]