[
    {
        "id": 17866261742393929,
        "created_at": 1616162614,
        "text": "Price ?",
        "owner": {
            "id": "4296048736",
            "is_verified": false,
            "profile_pic_url": "https://instagram.fagc2-1.fna.fbcdn.net/v/t51.2885-19/s150x150/155920028_719680412031536_4197054207058490919_n.jpg?tp=1&_nc_ht=instagram.fagc2-1.fna.fbcdn.net&_nc_ohc=vd_DkNzFMzoAX8zuo3q&ccb=7-4&oh=ba7ce3771c44e10570a0de039ab2f32a&oe=6086B52C&_nc_sid=9fb510",
            "username": "iamsuyash__"
        },
        "likes_count": 0,
        "answers": [
            {
                "id": 17871618422285657,
                "created_at": 1616164508,
                "text": "@iamsuyash__ check dm",
                "owner": {
                    "id": "31345321949",
                    "is_verified": false,
                    "profile_pic_url": "https://instagram.fagc2-1.fna.fbcdn.net/v/t51.2885-19/s150x150/104655610_734890267265839_7042082510067431729_n.jpg?tp=1&_nc_ht=instagram.fagc2-1.fna.fbcdn.net&_nc_ohc=Q9yxDDyzyrwAX9Xuts8&ccb=7-4&oh=d86b1b6d639825b0f55d29acf1a38f6f&oe=608866EF&_nc_sid=9fb510",
                    "username": "airpods_case_1"
                },
                "likes_count": 0
            }
        ]
    },
    {
        "id": 17892321799844200,
        "created_at": 1612802855,
        "text": "Still have",
        "owner": {
            "id": "1505277585",
            "is_verified": false,
            "profile_pic_url": "https://instagram.fagc2-1.fna.fbcdn.net/v/t51.2885-19/s150x150/14553177_1657676871229557_3026181656944836608_a.jpg?tp=1&_nc_ht=instagram.fagc2-1.fna.fbcdn.net&_nc_ohc=O3wK3m52wkUAX9MEZW_&ccb=7-4&oh=b48d8b113cc5333d2182d06fafeb72b0&oe=6089554E&_nc_sid=9fb510",
            "username": "nikita_agrawal17"
        },
        "likes_count": 0,
        "answers": [
            {
                "id": 18134425507155416,
                "created_at": 1612806615,
                "text": "@nikita_agrawal17 yes check dm",
                "owner": {
                    "id": "31345321949",
                    "is_verified": false,
                    "profile_pic_url": "https://instagram.fagc2-1.fna.fbcdn.net/v/t51.2885-19/s150x150/104655610_734890267265839_7042082510067431729_n.jpg?tp=1&_nc_ht=instagram.fagc2-1.fna.fbcdn.net&_nc_ohc=Q9yxDDyzyrwAX9Xuts8&ccb=7-4&oh=d86b1b6d639825b0f55d29acf1a38f6f&oe=608866EF&_nc_sid=9fb510",
                    "username": "airpods_case_1"
                },
                "likes_count": 0
            }
        ]
    },
    {
        "id": 17873712103874143,
        "created_at": 1598076421,
        "text": "price????",
        "owner": {
            "id": "1668949816",
            "is_verified": false,
            "profile_pic_url": "https://instagram.fagc2-1.fna.fbcdn.net/v/t51.2885-19/s150x150/149943654_870993377086435_647621724363936806_n.jpg?tp=1&_nc_ht=instagram.fagc2-1.fna.fbcdn.net&_nc_ohc=5TzwOPO2T1AAX_kcly8&ccb=7-4&oh=09b0c7a7516ce980cb82d677db9f6e45&oe=6089C4B1&_nc_sid=9fb510",
            "username": "i_m_sheikh_official"
        },
        "likes_count": 0,
        "answers": [
            {
                "id": 17870418763920517,
                "created_at": 1598113353,
                "text": "@i_m_sheikh_official 550",
                "owner": {
                    "id": "31345321949",
                    "is_verified": false,
                    "profile_pic_url": "https://instagram.fagc2-1.fna.fbcdn.net/v/t51.2885-19/s150x150/104655610_734890267265839_7042082510067431729_n.jpg?tp=1&_nc_ht=instagram.fagc2-1.fna.fbcdn.net&_nc_ohc=Q9yxDDyzyrwAX9Xuts8&ccb=7-4&oh=d86b1b6d639825b0f55d29acf1a38f6f&oe=608866EF&_nc_sid=9fb510",
                    "username": "airpods_case_1"
                },
                "likes_count": 0
            }
        ]
    },
    {
        "id": 18155423524051426,
        "created_at": 1596947657,
        "text": "Price",
        "owner": {
            "id": "3404736776",
            "is_verified": false,
            "profile_pic_url": "https://instagram.fagc2-1.fna.fbcdn.net/v/t51.2885-19/s150x150/70750727_1654068831390193_7300078582125035520_n.jpg?tp=1&_nc_ht=instagram.fagc2-1.fna.fbcdn.net&_nc_ohc=n6xQDGK69e0AX-o5FZm&ccb=7-4&oh=7dbd9a9666315292175d2c88af1226d0&oe=6088F2A8&_nc_sid=9fb510",
            "username": "i.abhishek.raj"
        },
        "likes_count": 0,
        "answers": []
    },
    {
        "id": 17862605759025353,
        "created_at": 1596945993,
        "text": "Price?",
        "owner": {
            "id": "24008812445",
            "is_verified": false,
            "profile_pic_url": "https://instagram.fagc2-1.fna.fbcdn.net/v/t51.2885-19/s150x150/106717779_656670304924322_924429971955958882_n.jpg?tp=1&_nc_ht=instagram.fagc2-1.fna.fbcdn.net&_nc_ohc=nkOR-YCJeNIAX-7WoC7&ccb=7-4&oh=274fb6333797743df0e776247fdf06c2&oe=6087BC72&_nc_sid=9fb510",
            "username": "rajat_kapoor2003"
        },
        "likes_count": 0,
        "answers": []
    }
]