[
    {
        "id": 17884447325074855,
        "created_at": 1616780183,
        "text": "Pp",
        "owner": {
            "id": "537515466",
            "is_verified": false,
            "profile_pic_url": "https://instagram.fagc2-1.fna.fbcdn.net/v/t51.2885-19/s150x150/16908773_578770342316415_7654643216334979072_a.jpg?tp=1&_nc_ht=instagram.fagc2-1.fna.fbcdn.net&_nc_ohc=-mKguCIGdQMAX_Tf8jM&ccb=7-4&oh=75a5063a59b041986bb0e7d93c1c46db&oe=60876E65&_nc_sid=9fb510",
            "username": "alisha_sheth"
        },
        "likes_count": 0,
        "answers": [
            {
                "id": 17875151516216754,
                "created_at": 1616780932,
                "text": "@alisha_sheth check dm",
                "owner": {
                    "id": "31345321949",
                    "is_verified": false,
                    "profile_pic_url": "https://instagram.fagc2-1.fna.fbcdn.net/v/t51.2885-19/s150x150/104655610_734890267265839_7042082510067431729_n.jpg?tp=1&_nc_ht=instagram.fagc2-1.fna.fbcdn.net&_nc_ohc=Q9yxDDyzyrwAX9Xuts8&ccb=7-4&oh=d86b1b6d639825b0f55d29acf1a38f6f&oe=608866EF&_nc_sid=9fb510",
                    "username": "airpods_case_1"
                },
                "likes_count": 0
            }
        ]
    },
    {
        "id": 17914410262606386,
        "created_at": 1616768312,
        "text": "Price",
        "owner": {
            "id": "5341246554",
            "is_verified": false,
            "profile_pic_url": "https://instagram.fagc2-1.fna.fbcdn.net/v/t51.2885-19/s150x150/162461142_246071410559471_3062366555165763064_n.jpg?tp=1&_nc_ht=instagram.fagc2-1.fna.fbcdn.net&_nc_ohc=ffMHh9Oyqh4AX-a-oN-&ccb=7-4&oh=714aa96ffa4d735a6bd9ca4fc03cdbbe&oe=608615CE&_nc_sid=9fb510",
            "username": "ishu__jain__"
        },
        "likes_count": 0,
        "answers": [
            {
                "id": 17889833336037043,
                "created_at": 1616780867,
                "text": "@ishu__jain__ check dm",
                "owner": {
                    "id": "31345321949",
                    "is_verified": false,
                    "profile_pic_url": "https://instagram.fagc2-1.fna.fbcdn.net/v/t51.2885-19/s150x150/104655610_734890267265839_7042082510067431729_n.jpg?tp=1&_nc_ht=instagram.fagc2-1.fna.fbcdn.net&_nc_ohc=Q9yxDDyzyrwAX9Xuts8&ccb=7-4&oh=d86b1b6d639825b0f55d29acf1a38f6f&oe=608866EF&_nc_sid=9fb510",
                    "username": "airpods_case_1"
                },
                "likes_count": 0
            }
        ]
    },
    {
        "id": 18208610281030674,
        "created_at": 1616653325,
        "text": "Pp?",
        "owner": {
            "id": "17926806548",
            "is_verified": false,
            "profile_pic_url": "https://instagram.fagc2-1.fna.fbcdn.net/v/t51.2885-19/s150x150/127182624_733472420602429_5285749989266976243_n.jpg?tp=1&_nc_ht=instagram.fagc2-1.fna.fbcdn.net&_nc_ohc=H2E5O-XBdvMAX8AU-R5&ccb=7-4&oh=4703ab27842e43532b6e3ecd66499b2d&oe=60887B4D&_nc_sid=9fb510",
            "username": "simridhi._.17"
        },
        "likes_count": 0,
        "answers": []
    },
    {
        "id": 17937979798480379,
        "created_at": 1616576572,
        "text": "Pp",
        "owner": {
            "id": "16411978659",
            "is_verified": false,
            "profile_pic_url": "https://instagram.fagc2-1.fna.fbcdn.net/v/t51.2885-19/s150x150/90982838_1211860172317881_8853399439398666240_n.jpg?tp=1&_nc_ht=instagram.fagc2-1.fna.fbcdn.net&_nc_ohc=ooXrMP6gIikAX9ZNN1o&ccb=7-4&oh=7c5f802ca69bcea2fa93b85a62ab817d&oe=6087390F&_nc_sid=9fb510",
            "username": "basant.surya"
        },
        "likes_count": 0,
        "answers": [
            {
                "id": 17843713958562028,
                "created_at": 1616588311,
                "text": "@basant.surya check dm",
                "owner": {
                    "id": "31345321949",
                    "is_verified": false,
                    "profile_pic_url": "https://instagram.fagc2-1.fna.fbcdn.net/v/t51.2885-19/s150x150/104655610_734890267265839_7042082510067431729_n.jpg?tp=1&_nc_ht=instagram.fagc2-1.fna.fbcdn.net&_nc_ohc=Q9yxDDyzyrwAX9Xuts8&ccb=7-4&oh=d86b1b6d639825b0f55d29acf1a38f6f&oe=608866EF&_nc_sid=9fb510",
                    "username": "airpods_case_1"
                },
                "likes_count": 0
            }
        ]
    },
    {
        "id": 17895027064880270,
        "created_at": 1616529956,
        "text": "price ??",
        "owner": {
            "id": "1739185517",
            "is_verified": false,
            "profile_pic_url": "https://instagram.fagc2-1.fna.fbcdn.net/v/t51.2885-19/s150x150/119538585_1780914235411204_3590586751769081550_n.jpg?tp=1&_nc_ht=instagram.fagc2-1.fna.fbcdn.net&_nc_ohc=RnmD-7VzK4MAX-E3vTw&ccb=7-4&oh=785b456e5aa7dc12f26c04ac2f856a1a&oe=60897361&_nc_sid=9fb510",
            "username": "kanza.omer1"
        },
        "likes_count": 0,
        "answers": [
            {
                "id": 18115790602204421,
                "created_at": 1616556029,
                "text": "@kanza.omer1 check dm",
                "owner": {
                    "id": "31345321949",
                    "is_verified": false,
                    "profile_pic_url": "https://instagram.fagc2-1.fna.fbcdn.net/v/t51.2885-19/s150x150/104655610_734890267265839_7042082510067431729_n.jpg?tp=1&_nc_ht=instagram.fagc2-1.fna.fbcdn.net&_nc_ohc=Q9yxDDyzyrwAX9Xuts8&ccb=7-4&oh=d86b1b6d639825b0f55d29acf1a38f6f&oe=608866EF&_nc_sid=9fb510",
                    "username": "airpods_case_1"
                },
                "likes_count": 0
            }
        ]
    },
    {
        "id": 18163053568114425,
        "created_at": 1616255090,
        "text": "Pp",
        "owner": {
            "id": "45526365906",
            "is_verified": false,
            "profile_pic_url": "https://instagram.fagc2-1.fna.fbcdn.net/v/t51.2885-19/s150x150/148014119_688678455161713_486000389371941853_n.jpg?tp=1&_nc_ht=instagram.fagc2-1.fna.fbcdn.net&_nc_ohc=9FTS9zQU7fUAX8udYAi&ccb=7-4&oh=43e6da653f4e3e603ab452eabe6c5a62&oe=6089EBAC&_nc_sid=9fb510",
            "username": "haiderali020075155"
        },
        "likes_count": 0,
        "answers": [
            {
                "id": 17960290480395720,
                "created_at": 1616255220,
                "text": "@haiderali020075155 check dm",
                "owner": {
                    "id": "31345321949",
                    "is_verified": false,
                    "profile_pic_url": "https://instagram.fagc2-1.fna.fbcdn.net/v/t51.2885-19/s150x150/104655610_734890267265839_7042082510067431729_n.jpg?tp=1&_nc_ht=instagram.fagc2-1.fna.fbcdn.net&_nc_ohc=Q9yxDDyzyrwAX9Xuts8&ccb=7-4&oh=d86b1b6d639825b0f55d29acf1a38f6f&oe=608866EF&_nc_sid=9fb510",
                    "username": "airpods_case_1"
                },
                "likes_count": 0
            }
        ]
    },
    {
        "id": 17889306587018816,
        "created_at": 1615869142,
        "text": "Dm",
        "owner": {
            "id": "2050078730",
            "is_verified": false,
            "profile_pic_url": "https://instagram.fagc2-1.fna.fbcdn.net/v/t51.2885-19/s150x150/30856598_190920818202873_6105819108215881728_n.jpg?tp=1&_nc_ht=instagram.fagc2-1.fna.fbcdn.net&_nc_ohc=NUyfCQIWazcAX82rb1D&ccb=7-4&oh=a4d75cb3a8e68679d33c7fbbd0a990ce&oe=60899B57&_nc_sid=9fb510",
            "username": "leexsharmine_91"
        },
        "likes_count": 0,
        "answers": [
            {
                "id": 17856205997491717,
                "created_at": 1615869190,
                "text": "@leexsharmine_91 check dm",
                "owner": {
                    "id": "31345321949",
                    "is_verified": false,
                    "profile_pic_url": "https://instagram.fagc2-1.fna.fbcdn.net/v/t51.2885-19/s150x150/104655610_734890267265839_7042082510067431729_n.jpg?tp=1&_nc_ht=instagram.fagc2-1.fna.fbcdn.net&_nc_ohc=Q9yxDDyzyrwAX9Xuts8&ccb=7-4&oh=d86b1b6d639825b0f55d29acf1a38f6f&oe=608866EF&_nc_sid=9fb510",
                    "username": "airpods_case_1"
                },
                "likes_count": 0
            }
        ]
    },
    {
        "id": 17984825401344005,
        "created_at": 1615545105,
        "text": "Pp",
        "owner": {
            "id": "8534617657",
            "is_verified": false,
            "profile_pic_url": "https://instagram.fagc2-1.fna.fbcdn.net/v/t51.2885-19/s150x150/107381091_339705157039928_8626052317379343305_n.jpg?tp=1&_nc_ht=instagram.fagc2-1.fna.fbcdn.net&_nc_ohc=QIfeUiixeaUAX92xjCt&ccb=7-4&oh=e630e1a722fe19e2cd8a7b81b5d512ad&oe=608790C1&_nc_sid=9fb510",
            "username": "abi_hershy_thaa"
        },
        "likes_count": 0,
        "answers": [
            {
                "id": 17898587047857153,
                "created_at": 1615546608,
                "text": "@abi_hershy_thaa check dm",
                "owner": {
                    "id": "31345321949",
                    "is_verified": false,
                    "profile_pic_url": "https://instagram.fagc2-1.fna.fbcdn.net/v/t51.2885-19/s150x150/104655610_734890267265839_7042082510067431729_n.jpg?tp=1&_nc_ht=instagram.fagc2-1.fna.fbcdn.net&_nc_ohc=Q9yxDDyzyrwAX9Xuts8&ccb=7-4&oh=d86b1b6d639825b0f55d29acf1a38f6f&oe=608866EF&_nc_sid=9fb510",
                    "username": "airpods_case_1"
                },
                "likes_count": 0
            }
        ]
    },
    {
        "id": 18097681873228058,
        "created_at": 1615529767,
        "text": "Pp",
        "owner": {
            "id": "20176512407",
            "is_verified": false,
            "profile_pic_url": "https://instagram.faju10-1.fna.fbcdn.net/v/t51.2885-19/44884218_345707102882519_2446069589734326272_n.jpg?_nc_ht=instagram.faju10-1.fna.fbcdn.net&_nc_ohc=hLTkwc3uTqUAX8RedIe&ccb=7-4&oh=3e146aca87b07872f4e0feb98df15818&oe=6087738F&_nc_sid=4a9e64&ig_cache_key=YW5vbnltb3VzX3Byb2ZpbGVfcGlj.2-ccb7-4",
            "username": "__candyflos__"
        },
        "likes_count": 0,
        "answers": []
    },
    {
        "id": 17846175140540918,
        "created_at": 1615468216,
        "text": "Hola, qu\u00e9 precio tiene ?",
        "owner": {
            "id": "5547328957",
            "is_verified": false,
            "profile_pic_url": "https://instagram.fagc2-1.fna.fbcdn.net/v/t51.2885-19/s150x150/122624543_279892909888100_4524789716825339597_n.jpg?tp=1&_nc_ht=instagram.fagc2-1.fna.fbcdn.net&_nc_ohc=8F8ma-Lq1YUAX_TWQdW&ccb=7-4&oh=0dabeb202a33e0489983083ff2670c30&oe=6089C8BF&_nc_sid=9fb510",
            "username": "marymon99"
        },
        "likes_count": 0,
        "answers": []
    },
    {
        "id": 17900353900834167,
        "created_at": 1615377584,
        "text": "pp",
        "owner": {
            "id": "41209945115",
            "is_verified": false,
            "profile_pic_url": "https://instagram.fagc2-1.fna.fbcdn.net/v/t51.2885-19/s150x150/149761464_1825052977675971_8568755266569946093_n.jpg?tp=1&_nc_ht=instagram.fagc2-1.fna.fbcdn.net&_nc_ohc=22KBTwNIH8sAX8ZSuZq&ccb=7-4&oh=b059a079d98a1b35ccfcd1bbf9bf044e&oe=608616EF&_nc_sid=9fb510",
            "username": "preet6162kaur"
        },
        "likes_count": 0,
        "answers": [
            {
                "id": 17897828362878872,
                "created_at": 1615377692,
                "text": "@preet6162kaur check dm",
                "owner": {
                    "id": "31345321949",
                    "is_verified": false,
                    "profile_pic_url": "https://instagram.fagc2-1.fna.fbcdn.net/v/t51.2885-19/s150x150/104655610_734890267265839_7042082510067431729_n.jpg?tp=1&_nc_ht=instagram.fagc2-1.fna.fbcdn.net&_nc_ohc=Q9yxDDyzyrwAX9Xuts8&ccb=7-4&oh=d86b1b6d639825b0f55d29acf1a38f6f&oe=608866EF&_nc_sid=9fb510",
                    "username": "airpods_case_1"
                },
                "likes_count": 0
            }
        ]
    },
    {
        "id": 17881232177128233,
        "created_at": 1614876638,
        "text": "price please",
        "owner": {
            "id": "2203099019",
            "is_verified": false,
            "profile_pic_url": "https://instagram.fagc2-1.fna.fbcdn.net/v/t51.2885-19/s150x150/132825350_397546934887991_299552313583159411_n.jpg?tp=1&_nc_ht=instagram.fagc2-1.fna.fbcdn.net&_nc_ohc=l1om_Iz1chsAX_RugxM&ccb=7-4&oh=d290f08bff7488091ce3de745e12cdae&oe=6089B059&_nc_sid=9fb510",
            "username": "tannu_tripathi"
        },
        "likes_count": 0,
        "answers": [
            {
                "id": 17912913883621815,
                "created_at": 1614877174,
                "text": "@tannu_tripathi check dm",
                "owner": {
                    "id": "31345321949",
                    "is_verified": false,
                    "profile_pic_url": "https://instagram.fagc2-1.fna.fbcdn.net/v/t51.2885-19/s150x150/104655610_734890267265839_7042082510067431729_n.jpg?tp=1&_nc_ht=instagram.fagc2-1.fna.fbcdn.net&_nc_ohc=Q9yxDDyzyrwAX9Xuts8&ccb=7-4&oh=d86b1b6d639825b0f55d29acf1a38f6f&oe=608866EF&_nc_sid=9fb510",
                    "username": "airpods_case_1"
                },
                "likes_count": 0
            }
        ]
    },
    {
        "id": 17852185928510573,
        "created_at": 1614470889,
        "text": "Precio?",
        "owner": {
            "id": "2911309440",
            "is_verified": false,
            "profile_pic_url": "https://instagram.fagc2-1.fna.fbcdn.net/v/t51.2885-19/s150x150/121206610_2818641118357819_744451140693788890_n.jpg?tp=1&_nc_ht=instagram.fagc2-1.fna.fbcdn.net&_nc_ohc=ekv7gpknKOIAX8FWon8&ccb=7-4&oh=0e70bf2b162ced24b0f8b55c5e4fb50b&oe=608934FB&_nc_sid=9fb510",
            "username": "katherin.mendoza13"
        },
        "likes_count": 0,
        "answers": [
            {
                "id": 17883932999101848,
                "created_at": 1614483476,
                "text": "@katherin_13155 check dm",
                "owner": {
                    "id": "31345321949",
                    "is_verified": false,
                    "profile_pic_url": "https://instagram.fagc2-1.fna.fbcdn.net/v/t51.2885-19/s150x150/104655610_734890267265839_7042082510067431729_n.jpg?tp=1&_nc_ht=instagram.fagc2-1.fna.fbcdn.net&_nc_ohc=Q9yxDDyzyrwAX9Xuts8&ccb=7-4&oh=d86b1b6d639825b0f55d29acf1a38f6f&oe=608866EF&_nc_sid=9fb510",
                    "username": "airpods_case_1"
                },
                "likes_count": 0
            }
        ]
    },
    {
        "id": 17895833776882901,
        "created_at": 1614341578,
        "text": "Dm price",
        "owner": {
            "id": "325562923",
            "is_verified": false,
            "profile_pic_url": "https://instagram.fagc2-1.fna.fbcdn.net/v/t51.2885-19/s150x150/154672324_717281465616611_2427876221730960968_n.jpg?tp=1&_nc_ht=instagram.fagc2-1.fna.fbcdn.net&_nc_ohc=ryXGE8iHwskAX85Y2wA&ccb=7-4&oh=1ac1de91427b9d3736e0abad3f6f3ed1&oe=6089275E&_nc_sid=9fb510",
            "username": "nurfarahinibrahim"
        },
        "likes_count": 0,
        "answers": [
            {
                "id": 17870730713260201,
                "created_at": 1614342347,
                "text": "@nurfarahinibrahim check dm",
                "owner": {
                    "id": "31345321949",
                    "is_verified": false,
                    "profile_pic_url": "https://instagram.fagc2-1.fna.fbcdn.net/v/t51.2885-19/s150x150/104655610_734890267265839_7042082510067431729_n.jpg?tp=1&_nc_ht=instagram.fagc2-1.fna.fbcdn.net&_nc_ohc=Q9yxDDyzyrwAX9Xuts8&ccb=7-4&oh=d86b1b6d639825b0f55d29acf1a38f6f&oe=608866EF&_nc_sid=9fb510",
                    "username": "airpods_case_1"
                },
                "likes_count": 0
            }
        ]
    },
    {
        "id": 17907273799719239,
        "created_at": 1613838615,
        "text": "Pp?",
        "owner": {
            "id": "7818200443",
            "is_verified": false,
            "profile_pic_url": "https://instagram.fagc2-1.fna.fbcdn.net/v/t51.2885-19/s150x150/147425500_868997437009121_8183845812915542203_n.jpg?tp=1&_nc_ht=instagram.fagc2-1.fna.fbcdn.net&_nc_ohc=6KgIjpLpIi4AX9ci4o0&ccb=7-4&oh=1017463d5a5bfe74ca17c592005f2038&oe=60888848&_nc_sid=9fb510",
            "username": "neetutrehan"
        },
        "likes_count": 0,
        "answers": [
            {
                "id": 17859046331490717,
                "created_at": 1613838714,
                "text": "@neetutrehan check dm",
                "owner": {
                    "id": "31345321949",
                    "is_verified": false,
                    "profile_pic_url": "https://instagram.fagc2-1.fna.fbcdn.net/v/t51.2885-19/s150x150/104655610_734890267265839_7042082510067431729_n.jpg?tp=1&_nc_ht=instagram.fagc2-1.fna.fbcdn.net&_nc_ohc=Q9yxDDyzyrwAX9Xuts8&ccb=7-4&oh=d86b1b6d639825b0f55d29acf1a38f6f&oe=608866EF&_nc_sid=9fb510",
                    "username": "airpods_case_1"
                },
                "likes_count": 0
            }
        ]
    },
    {
        "id": 18194671798010389,
        "created_at": 1613605001,
        "text": "Hm",
        "owner": {
            "id": "1553822896",
            "is_verified": false,
            "profile_pic_url": "https://instagram.fagc2-1.fna.fbcdn.net/v/t51.2885-19/s150x150/138270051_933589283841485_3896987191147820463_n.jpg?tp=1&_nc_ht=instagram.fagc2-1.fna.fbcdn.net&_nc_ohc=s1tVzidUjUAAX9CkCA7&ccb=7-4&oh=a135aef6612deb5824b6290d380944ec&oe=6087E5D2&_nc_sid=9fb510",
            "username": "rawannmostafaa_"
        },
        "likes_count": 0,
        "answers": [
            {
                "id": 17870376032323695,
                "created_at": 1613628872,
                "text": "Yess",
                "owner": {
                    "id": "31345321949",
                    "is_verified": false,
                    "profile_pic_url": "https://instagram.fagc2-1.fna.fbcdn.net/v/t51.2885-19/s150x150/104655610_734890267265839_7042082510067431729_n.jpg?tp=1&_nc_ht=instagram.fagc2-1.fna.fbcdn.net&_nc_ohc=Q9yxDDyzyrwAX9Xuts8&ccb=7-4&oh=d86b1b6d639825b0f55d29acf1a38f6f&oe=608866EF&_nc_sid=9fb510",
                    "username": "airpods_case_1"
                },
                "likes_count": 0
            }
        ]
    },
    {
        "id": 17881210919105280,
        "created_at": 1613464783,
        "text": "Price please",
        "owner": {
            "id": "6814603901",
            "is_verified": false,
            "profile_pic_url": "https://instagram.fagc2-1.fna.fbcdn.net/v/t51.2885-19/s150x150/151284037_1192005511254748_5095724332468461094_n.jpg?tp=1&_nc_ht=instagram.fagc2-1.fna.fbcdn.net&_nc_ohc=Tco9I5QQ2KkAX-fKbFx&tn=Hc-VwSHyVqxnuij_&ccb=7-4&oh=142e19698b1ef381893d141ec5975f6a&oe=60897E28&_nc_sid=9fb510",
            "username": "the_lone_wolf_619"
        },
        "likes_count": 1,
        "answers": []
    },
    {
        "id": 17888007952962597,
        "created_at": 1612343906,
        "text": "Price",
        "owner": {
            "id": "43027175032",
            "is_verified": false,
            "profile_pic_url": "https://instagram.fagc2-1.fna.fbcdn.net/v/t51.2885-19/s150x150/120455147_175303977417798_5569085638317076489_n.jpg?tp=1&_nc_ht=instagram.fagc2-1.fna.fbcdn.net&_nc_ohc=Y59GmyRG1gIAX9GikMz&ccb=7-4&oh=54cb15682294c0d76274bad59bd6c042&oe=608953E9&_nc_sid=9fb510",
            "username": "fashion_corner_05_12"
        },
        "likes_count": 0,
        "answers": []
    },
    {
        "id": 18139216093179310,
        "created_at": 1611657823,
        "text": "Price?",
        "owner": {
            "id": "2153804227",
            "is_verified": false,
            "profile_pic_url": "https://instagram.fagc2-1.fna.fbcdn.net/v/t51.2885-19/s150x150/152068319_710603479585631_2747173110954728360_n.jpg?tp=1&_nc_ht=instagram.fagc2-1.fna.fbcdn.net&_nc_ohc=NABBLnPb4IkAX9oe434&ccb=7-4&oh=36bcbac0b30598cb8e56fb6edd01d86e&oe=6088B35C&_nc_sid=9fb510",
            "username": "brownish__girl"
        },
        "likes_count": 0,
        "answers": [
            {
                "id": 17886455380921735,
                "created_at": 1611657848,
                "text": "@brownish__girl check dm",
                "owner": {
                    "id": "31345321949",
                    "is_verified": false,
                    "profile_pic_url": "https://instagram.fagc2-1.fna.fbcdn.net/v/t51.2885-19/s150x150/104655610_734890267265839_7042082510067431729_n.jpg?tp=1&_nc_ht=instagram.fagc2-1.fna.fbcdn.net&_nc_ohc=Q9yxDDyzyrwAX9Xuts8&ccb=7-4&oh=d86b1b6d639825b0f55d29acf1a38f6f&oe=608866EF&_nc_sid=9fb510",
                    "username": "airpods_case_1"
                },
                "likes_count": 0
            }
        ]
    },
    {
        "id": 17869993535260235,
        "created_at": 1611636908,
        "text": "Still available?",
        "owner": {
            "id": "2060198057",
            "is_verified": false,
            "profile_pic_url": "https://instagram.fagc2-1.fna.fbcdn.net/v/t51.2885-19/s150x150/152400618_1600685446785280_4492268041197165314_n.jpg?tp=1&_nc_ht=instagram.fagc2-1.fna.fbcdn.net&_nc_ohc=vD2dXZtWtS8AX9CrePb&ccb=7-4&oh=95c9fcf6bb1be13ce8cef47c25f84bbd&oe=60862A91&_nc_sid=9fb510",
            "username": "anjdelacruz"
        },
        "likes_count": 0,
        "answers": [
            {
                "id": 18157646290100726,
                "created_at": 1611637093,
                "text": "@anjdelacruz yes check dm",
                "owner": {
                    "id": "31345321949",
                    "is_verified": false,
                    "profile_pic_url": "https://instagram.fagc2-1.fna.fbcdn.net/v/t51.2885-19/s150x150/104655610_734890267265839_7042082510067431729_n.jpg?tp=1&_nc_ht=instagram.fagc2-1.fna.fbcdn.net&_nc_ohc=Q9yxDDyzyrwAX9Xuts8&ccb=7-4&oh=d86b1b6d639825b0f55d29acf1a38f6f&oe=608866EF&_nc_sid=9fb510",
                    "username": "airpods_case_1"
                },
                "likes_count": 0
            }
        ]
    },
    {
        "id": 17904305092719806,
        "created_at": 1611286613,
        "text": "Precio",
        "owner": {
            "id": "45457993921",
            "is_verified": false,
            "profile_pic_url": "https://instagram.fagc2-1.fna.fbcdn.net/v/t51.2885-19/s150x150/139394003_164034391824439_5202494477371643224_n.jpg?tp=1&_nc_ht=instagram.fagc2-1.fna.fbcdn.net&_nc_ohc=3Pl8Ikdx9PwAX_OXAxA&ccb=7-4&oh=34d83dd0741ed46c618d64df864acf2e&oe=60866287&_nc_sid=9fb510",
            "username": "yerdalis_mdm"
        },
        "likes_count": 1,
        "answers": []
    },
    {
        "id": 17876125160090168,
        "created_at": 1611210970,
        "text": "How much?",
        "owner": {
            "id": "44722228222",
            "is_verified": false,
            "profile_pic_url": "https://instagram.fagc2-1.fna.fbcdn.net/v/t51.2885-19/s150x150/135397005_421410519209197_1470549121650266964_n.jpg?tp=1&_nc_ht=instagram.fagc2-1.fna.fbcdn.net&_nc_ohc=0iSxVwvPTBUAX9UHPYb&ccb=7-4&oh=7d0b4c629815f44dd52edf255964f170&oe=60869A6E&_nc_sid=9fb510",
            "username": "heart_angel_gapasin"
        },
        "likes_count": 0,
        "answers": [
            {
                "id": 17865829427278863,
                "created_at": 1611211156,
                "text": "@heart_angel_gapasin check dm",
                "owner": {
                    "id": "31345321949",
                    "is_verified": false,
                    "profile_pic_url": "https://instagram.fagc2-1.fna.fbcdn.net/v/t51.2885-19/s150x150/104655610_734890267265839_7042082510067431729_n.jpg?tp=1&_nc_ht=instagram.fagc2-1.fna.fbcdn.net&_nc_ohc=Q9yxDDyzyrwAX9Xuts8&ccb=7-4&oh=d86b1b6d639825b0f55d29acf1a38f6f&oe=608866EF&_nc_sid=9fb510",
                    "username": "airpods_case_1"
                },
                "likes_count": 0
            }
        ]
    },
    {
        "id": 17979211519341616,
        "created_at": 1611161671,
        "text": "Pp",
        "owner": {
            "id": "21450179950",
            "is_verified": false,
            "profile_pic_url": "https://instagram.fagc2-1.fna.fbcdn.net/v/t51.2885-19/s150x150/164523784_385909959265489_6322717485290397561_n.jpg?tp=1&_nc_ht=instagram.fagc2-1.fna.fbcdn.net&_nc_ohc=BDZBGbFCnQAAX9PFCKO&ccb=7-4&oh=d3bc4d1a677b223902807b61e20c0e95&oe=6087484D&_nc_sid=9fb510",
            "username": "_gautami_tupe_007_"
        },
        "likes_count": 1,
        "answers": []
    },
    {
        "id": 17927891119483578,
        "created_at": 1610867563,
        "text": "Pp",
        "owner": {
            "id": "8439570009",
            "is_verified": false,
            "profile_pic_url": "https://instagram.fagc2-1.fna.fbcdn.net/v/t51.2885-19/s150x150/162567070_1360916744273096_1902816507660601741_n.jpg?tp=1&_nc_ht=instagram.fagc2-1.fna.fbcdn.net&_nc_ohc=X7n3dpYFQ0AAX9QpzRZ&ccb=7-4&oh=117f085cff54b92495f92b1ae3da7b48&oe=608886AC&_nc_sid=9fb510",
            "username": "_syed.liza"
        },
        "likes_count": 0,
        "answers": [
            {
                "id": 17932898254461174,
                "created_at": 1610867742,
                "text": "@_syed.liza check dm",
                "owner": {
                    "id": "31345321949",
                    "is_verified": false,
                    "profile_pic_url": "https://instagram.fagc2-1.fna.fbcdn.net/v/t51.2885-19/s150x150/104655610_734890267265839_7042082510067431729_n.jpg?tp=1&_nc_ht=instagram.fagc2-1.fna.fbcdn.net&_nc_ohc=Q9yxDDyzyrwAX9Xuts8&ccb=7-4&oh=d86b1b6d639825b0f55d29acf1a38f6f&oe=608866EF&_nc_sid=9fb510",
                    "username": "airpods_case_1"
                },
                "likes_count": 1
            }
        ]
    },
    {
        "id": 17936864680445092,
        "created_at": 1610725106,
        "text": "Pp",
        "owner": {
            "id": "8461497802",
            "is_verified": false,
            "profile_pic_url": "https://instagram.fagc2-1.fna.fbcdn.net/v/t51.2885-19/s150x150/136448691_159342785635593_1401674689988164632_n.jpg?tp=1&_nc_ht=instagram.fagc2-1.fna.fbcdn.net&_nc_ohc=WysUtOE_hU8AX-WOXzT&ccb=7-4&oh=623b72acecf1c02f6b4ae3f3c269e6f2&oe=60896B92&_nc_sid=9fb510",
            "username": "iamneelsingh1911"
        },
        "likes_count": 0,
        "answers": [
            {
                "id": 17892679141848554,
                "created_at": 1610725452,
                "text": "@iamneelsingh1911 check dm",
                "owner": {
                    "id": "31345321949",
                    "is_verified": false,
                    "profile_pic_url": "https://instagram.fagc2-1.fna.fbcdn.net/v/t51.2885-19/s150x150/104655610_734890267265839_7042082510067431729_n.jpg?tp=1&_nc_ht=instagram.fagc2-1.fna.fbcdn.net&_nc_ohc=Q9yxDDyzyrwAX9Xuts8&ccb=7-4&oh=d86b1b6d639825b0f55d29acf1a38f6f&oe=608866EF&_nc_sid=9fb510",
                    "username": "airpods_case_1"
                },
                "likes_count": 0
            }
        ]
    },
    {
        "id": 17940902350438945,
        "created_at": 1610638063,
        "text": "How much",
        "owner": {
            "id": "21471693978",
            "is_verified": false,
            "profile_pic_url": "https://instagram.faju10-1.fna.fbcdn.net/v/t51.2885-19/44884218_345707102882519_2446069589734326272_n.jpg?_nc_ht=instagram.faju10-1.fna.fbcdn.net&_nc_ohc=hLTkwc3uTqUAX8RedIe&ccb=7-4&oh=3e146aca87b07872f4e0feb98df15818&oe=6087738F&_nc_sid=4a9e64&ig_cache_key=YW5vbnltb3VzX3Byb2ZpbGVfcGlj.2-ccb7-4",
            "username": "_internal.affairs"
        },
        "likes_count": 0,
        "answers": [
            {
                "id": 17893094023812922,
                "created_at": 1610640479,
                "text": "@_internal.affairs check dm",
                "owner": {
                    "id": "31345321949",
                    "is_verified": false,
                    "profile_pic_url": "https://instagram.fagc2-1.fna.fbcdn.net/v/t51.2885-19/s150x150/104655610_734890267265839_7042082510067431729_n.jpg?tp=1&_nc_ht=instagram.fagc2-1.fna.fbcdn.net&_nc_ohc=Q9yxDDyzyrwAX9Xuts8&ccb=7-4&oh=d86b1b6d639825b0f55d29acf1a38f6f&oe=608866EF&_nc_sid=9fb510",
                    "username": "airpods_case_1"
                },
                "likes_count": 0
            }
        ]
    },
    {
        "id": 17902132681685398,
        "created_at": 1610248010,
        "text": "Available for pro ?!",
        "owner": {
            "id": "5698408000",
            "is_verified": false,
            "profile_pic_url": "https://instagram.fagc2-1.fna.fbcdn.net/v/t51.2885-19/s150x150/122531664_121676436384679_8463333214947033823_n.jpg?tp=1&_nc_ht=instagram.fagc2-1.fna.fbcdn.net&_nc_ohc=zcl6vABWDcMAX-BWhpy&ccb=7-4&oh=68fc9a2dbc82c1cf7bf7aaab9d09e518&oe=60875C80&_nc_sid=9fb510",
            "username": "nora.n.alabsi1"
        },
        "likes_count": 1,
        "answers": [
            {
                "id": 17859564596376400,
                "created_at": 1610249417,
                "text": "@nora.n.alabsi1 nooo",
                "owner": {
                    "id": "31345321949",
                    "is_verified": false,
                    "profile_pic_url": "https://instagram.fagc2-1.fna.fbcdn.net/v/t51.2885-19/s150x150/104655610_734890267265839_7042082510067431729_n.jpg?tp=1&_nc_ht=instagram.fagc2-1.fna.fbcdn.net&_nc_ohc=Q9yxDDyzyrwAX9Xuts8&ccb=7-4&oh=d86b1b6d639825b0f55d29acf1a38f6f&oe=608866EF&_nc_sid=9fb510",
                    "username": "airpods_case_1"
                },
                "likes_count": 0
            }
        ]
    },
    {
        "id": 18184562944060103,
        "created_at": 1609994755,
        "text": "HowMuchh",
        "owner": {
            "id": "38107653620",
            "is_verified": false,
            "profile_pic_url": "https://instagram.fagc2-1.fna.fbcdn.net/v/t51.2885-19/s150x150/135901731_229719978615634_1911636783328954816_n.jpg?tp=1&_nc_ht=instagram.fagc2-1.fna.fbcdn.net&_nc_ohc=2huo8MuKETMAX8QL2-l&ccb=7-4&oh=d37a84e3c99f2f69512605480f3382c0&oe=60863CA4&_nc_sid=9fb510",
            "username": "kimmynathaliey"
        },
        "likes_count": 1,
        "answers": [
            {
                "id": 17881106612026119,
                "created_at": 1609995730,
                "text": "@kimmynathaliey check dm",
                "owner": {
                    "id": "31345321949",
                    "is_verified": false,
                    "profile_pic_url": "https://instagram.fagc2-1.fna.fbcdn.net/v/t51.2885-19/s150x150/104655610_734890267265839_7042082510067431729_n.jpg?tp=1&_nc_ht=instagram.fagc2-1.fna.fbcdn.net&_nc_ohc=Q9yxDDyzyrwAX9Xuts8&ccb=7-4&oh=d86b1b6d639825b0f55d29acf1a38f6f&oe=608866EF&_nc_sid=9fb510",
                    "username": "airpods_case_1"
                },
                "likes_count": 0
            }
        ]
    },
    {
        "id": 17906820187624853,
        "created_at": 1609948420,
        "text": "Pp",
        "owner": {
            "id": "41952230284",
            "is_verified": false,
            "profile_pic_url": "https://instagram.fagc2-1.fna.fbcdn.net/v/t51.2885-19/s150x150/141379429_190932716064321_6343791716754397599_n.jpg?tp=1&_nc_ht=instagram.fagc2-1.fna.fbcdn.net&_nc_ohc=A3W4bFybA1AAX_sfoeM&ccb=7-4&oh=085da87c0edeb2fe32122ede43c0c6c1&oe=6087B8BA&_nc_sid=9fb510",
            "username": "nanu.788"
        },
        "likes_count": 1,
        "answers": []
    },
    {
        "id": 17931204331462904,
        "created_at": 1609927098,
        "text": "Pp",
        "owner": {
            "id": "3312108429",
            "is_verified": false,
            "profile_pic_url": "https://instagram.fagc2-1.fna.fbcdn.net/v/t51.2885-19/s150x150/136473105_475759453415445_6651293727592943754_n.jpg?tp=1&_nc_ht=instagram.fagc2-1.fna.fbcdn.net&_nc_ohc=Mxsqukjji4AAX__sK68&ccb=7-4&oh=62004052596fb184af3d8922fe50c421&oe=6086A0FB&_nc_sid=9fb510",
            "username": "vampy_quinn"
        },
        "likes_count": 1,
        "answers": [
            {
                "id": 17853071009454020,
                "created_at": 1609928027,
                "text": "@vampy_quinn check dm",
                "owner": {
                    "id": "31345321949",
                    "is_verified": false,
                    "profile_pic_url": "https://instagram.fagc2-1.fna.fbcdn.net/v/t51.2885-19/s150x150/104655610_734890267265839_7042082510067431729_n.jpg?tp=1&_nc_ht=instagram.fagc2-1.fna.fbcdn.net&_nc_ohc=Q9yxDDyzyrwAX9Xuts8&ccb=7-4&oh=d86b1b6d639825b0f55d29acf1a38f6f&oe=608866EF&_nc_sid=9fb510",
                    "username": "airpods_case_1"
                },
                "likes_count": 0
            }
        ]
    },
    {
        "id": 17899142884732703,
        "created_at": 1609835642,
        "text": "Do we also have this for airpods pro po?",
        "owner": {
            "id": "1248546788",
            "is_verified": false,
            "profile_pic_url": "https://instagram.fagc2-1.fna.fbcdn.net/v/t51.2885-19/s150x150/161067184_276568850619138_6988593767567449759_n.jpg?tp=1&_nc_ht=instagram.fagc2-1.fna.fbcdn.net&_nc_ohc=63H0ZmNiDVIAX87Ek6e&ccb=7-4&oh=a03a591c86a35a1a84c97aee7a1ea9d2&oe=60866C19&_nc_sid=9fb510",
            "username": "mrlltrstnpnt"
        },
        "likes_count": 1,
        "answers": [
            {
                "id": 17929102246471437,
                "created_at": 1609888069,
                "text": "@airpods_case_1 PM sent po thanks",
                "owner": {
                    "id": "1248546788",
                    "is_verified": false,
                    "profile_pic_url": "https://instagram.fagc2-1.fna.fbcdn.net/v/t51.2885-19/s150x150/161067184_276568850619138_6988593767567449759_n.jpg?tp=1&_nc_ht=instagram.fagc2-1.fna.fbcdn.net&_nc_ohc=63H0ZmNiDVIAX87Ek6e&ccb=7-4&oh=a03a591c86a35a1a84c97aee7a1ea9d2&oe=60866C19&_nc_sid=9fb510",
                    "username": "mrlltrstnpnt"
                },
                "likes_count": 0
            },
            {
                "id": 17877557738093173,
                "created_at": 1609838702,
                "text": "@mrlltrstnpnt no only for airpods 1/2",
                "owner": {
                    "id": "31345321949",
                    "is_verified": false,
                    "profile_pic_url": "https://instagram.fagc2-1.fna.fbcdn.net/v/t51.2885-19/s150x150/104655610_734890267265839_7042082510067431729_n.jpg?tp=1&_nc_ht=instagram.fagc2-1.fna.fbcdn.net&_nc_ohc=Q9yxDDyzyrwAX9Xuts8&ccb=7-4&oh=d86b1b6d639825b0f55d29acf1a38f6f&oe=608866EF&_nc_sid=9fb510",
                    "username": "airpods_case_1"
                },
                "likes_count": 0
            }
        ]
    },
    {
        "id": 18124137952160021,
        "created_at": 1609778412,
        "text": "Price please",
        "owner": {
            "id": "1427511425",
            "is_verified": false,
            "profile_pic_url": "https://instagram.fagc2-1.fna.fbcdn.net/v/t51.2885-19/s150x150/156780910_256833905987493_8884695043423362431_n.jpg?tp=1&_nc_ht=instagram.fagc2-1.fna.fbcdn.net&_nc_ohc=RWtQoRJgiz4AX8u_NDg&ccb=7-4&oh=b961b73e8acfee0c7c75808dfb4c569d&oe=6089F755&_nc_sid=9fb510",
            "username": "nimisharma2"
        },
        "likes_count": 1,
        "answers": [
            {
                "id": 17993169367308813,
                "created_at": 1609778719,
                "text": "@nimisharma2 check dm",
                "owner": {
                    "id": "31345321949",
                    "is_verified": false,
                    "profile_pic_url": "https://instagram.fagc2-1.fna.fbcdn.net/v/t51.2885-19/s150x150/104655610_734890267265839_7042082510067431729_n.jpg?tp=1&_nc_ht=instagram.fagc2-1.fna.fbcdn.net&_nc_ohc=Q9yxDDyzyrwAX9Xuts8&ccb=7-4&oh=d86b1b6d639825b0f55d29acf1a38f6f&oe=608866EF&_nc_sid=9fb510",
                    "username": "airpods_case_1"
                },
                "likes_count": 0
            }
        ]
    },
    {
        "id": 18139034581186447,
        "created_at": 1609778406,
        "text": "Price",
        "owner": {
            "id": "1427511425",
            "is_verified": false,
            "profile_pic_url": "https://instagram.fagc2-1.fna.fbcdn.net/v/t51.2885-19/s150x150/156780910_256833905987493_8884695043423362431_n.jpg?tp=1&_nc_ht=instagram.fagc2-1.fna.fbcdn.net&_nc_ohc=RWtQoRJgiz4AX8u_NDg&ccb=7-4&oh=b961b73e8acfee0c7c75808dfb4c569d&oe=6089F755&_nc_sid=9fb510",
            "username": "nimisharma2"
        },
        "likes_count": 1,
        "answers": [
            {
                "id": 17855142011440142,
                "created_at": 1609778551,
                "text": "@nimisharma2 check dm",
                "owner": {
                    "id": "31345321949",
                    "is_verified": false,
                    "profile_pic_url": "https://instagram.fagc2-1.fna.fbcdn.net/v/t51.2885-19/s150x150/104655610_734890267265839_7042082510067431729_n.jpg?tp=1&_nc_ht=instagram.fagc2-1.fna.fbcdn.net&_nc_ohc=Q9yxDDyzyrwAX9Xuts8&ccb=7-4&oh=d86b1b6d639825b0f55d29acf1a38f6f&oe=608866EF&_nc_sid=9fb510",
                    "username": "airpods_case_1"
                },
                "likes_count": 0
            }
        ]
    },
    {
        "id": 18059525206269484,
        "created_at": 1609255193,
        "text": "Pp",
        "owner": {
            "id": "7943436775",
            "is_verified": false,
            "profile_pic_url": "https://instagram.fagc2-1.fna.fbcdn.net/v/t51.2885-19/s150x150/160078859_3861739390551632_8384077944855838358_n.jpg?tp=1&_nc_ht=instagram.fagc2-1.fna.fbcdn.net&_nc_ohc=UZveoRMChj8AX8VQ2gG&ccb=7-4&oh=ab46d83e1a7e501d2474b94f6b1d3195&oe=6088E602&_nc_sid=9fb510",
            "username": "kanikamaggonagpal"
        },
        "likes_count": 1,
        "answers": [
            {
                "id": 17892955759751188,
                "created_at": 1609255539,
                "text": "@kanikamaggonagpal check dm",
                "owner": {
                    "id": "31345321949",
                    "is_verified": false,
                    "profile_pic_url": "https://instagram.fagc2-1.fna.fbcdn.net/v/t51.2885-19/s150x150/104655610_734890267265839_7042082510067431729_n.jpg?tp=1&_nc_ht=instagram.fagc2-1.fna.fbcdn.net&_nc_ohc=Q9yxDDyzyrwAX9Xuts8&ccb=7-4&oh=d86b1b6d639825b0f55d29acf1a38f6f&oe=608866EF&_nc_sid=9fb510",
                    "username": "airpods_case_1"
                },
                "likes_count": 0
            }
        ]
    },
    {
        "id": 17923508830495176,
        "created_at": 1609240369,
        "text": "Price",
        "owner": {
            "id": "363776109",
            "is_verified": false,
            "profile_pic_url": "https://instagram.fagc2-1.fna.fbcdn.net/v/t51.2885-19/s150x150/131972608_845330509588885_2706582208026964977_n.jpg?tp=1&_nc_ht=instagram.fagc2-1.fna.fbcdn.net&_nc_ohc=yucvhBsKI_sAX85NxRe&ccb=7-4&oh=6cc78f6949c7a213bd12ad0d08e3700c&oe=6087A298&_nc_sid=9fb510",
            "username": "ravi_bhambhani_"
        },
        "likes_count": 1,
        "answers": [
            {
                "id": 17854487348435107,
                "created_at": 1609240412,
                "text": "@ravi_bhambhani_ check dm",
                "owner": {
                    "id": "31345321949",
                    "is_verified": false,
                    "profile_pic_url": "https://instagram.fagc2-1.fna.fbcdn.net/v/t51.2885-19/s150x150/104655610_734890267265839_7042082510067431729_n.jpg?tp=1&_nc_ht=instagram.fagc2-1.fna.fbcdn.net&_nc_ohc=Q9yxDDyzyrwAX9Xuts8&ccb=7-4&oh=d86b1b6d639825b0f55d29acf1a38f6f&oe=608866EF&_nc_sid=9fb510",
                    "username": "airpods_case_1"
                },
                "likes_count": 0
            }
        ]
    },
    {
        "id": 17882043868986786,
        "created_at": 1609229397,
        "text": "price plz",
        "owner": {
            "id": "44617547582",
            "is_verified": false,
            "profile_pic_url": "https://instagram.faju10-1.fna.fbcdn.net/v/t51.2885-19/44884218_345707102882519_2446069589734326272_n.jpg?_nc_ht=instagram.faju10-1.fna.fbcdn.net&_nc_ohc=hLTkwc3uTqUAX8RedIe&ccb=7-4&oh=3e146aca87b07872f4e0feb98df15818&oe=6087738F&_nc_sid=4a9e64&ig_cache_key=YW5vbnltb3VzX3Byb2ZpbGVfcGlj.2-ccb7-4",
            "username": "waqarahmad5316"
        },
        "likes_count": 2,
        "answers": [
            {
                "id": 18093173353210919,
                "created_at": 1609239239,
                "text": "@waqarahmad5316 check dm",
                "owner": {
                    "id": "31345321949",
                    "is_verified": false,
                    "profile_pic_url": "https://instagram.fagc2-1.fna.fbcdn.net/v/t51.2885-19/s150x150/104655610_734890267265839_7042082510067431729_n.jpg?tp=1&_nc_ht=instagram.fagc2-1.fna.fbcdn.net&_nc_ohc=Q9yxDDyzyrwAX9Xuts8&ccb=7-4&oh=d86b1b6d639825b0f55d29acf1a38f6f&oe=608866EF&_nc_sid=9fb510",
                    "username": "airpods_case_1"
                },
                "likes_count": 0
            }
        ]
    },
    {
        "id": 17905473559614766,
        "created_at": 1608641952,
        "text": "Price",
        "owner": {
            "id": "5544433288",
            "is_verified": false,
            "profile_pic_url": "https://instagram.fagc2-1.fna.fbcdn.net/v/t51.2885-19/s150x150/161784713_476627506853968_152603831236441622_n.jpg?tp=1&_nc_ht=instagram.fagc2-1.fna.fbcdn.net&_nc_ohc=QSjKLgzmeTIAX8b9VJ1&ccb=7-4&oh=38b03b3541fd58239489b642aca5fd33&oe=6087A677&_nc_sid=9fb510",
            "username": "__parleen__"
        },
        "likes_count": 1,
        "answers": []
    },
    {
        "id": 17952964063386398,
        "created_at": 1608641950,
        "text": "Price",
        "owner": {
            "id": "5544433288",
            "is_verified": false,
            "profile_pic_url": "https://instagram.fagc2-1.fna.fbcdn.net/v/t51.2885-19/s150x150/161784713_476627506853968_152603831236441622_n.jpg?tp=1&_nc_ht=instagram.fagc2-1.fna.fbcdn.net&_nc_ohc=QSjKLgzmeTIAX8b9VJ1&ccb=7-4&oh=38b03b3541fd58239489b642aca5fd33&oe=6087A677&_nc_sid=9fb510",
            "username": "__parleen__"
        },
        "likes_count": 1,
        "answers": []
    },
    {
        "id": 18180302455026929,
        "created_at": 1608461963,
        "text": "Pp",
        "owner": {
            "id": "4200928434",
            "is_verified": false,
            "profile_pic_url": "https://instagram.fagc2-1.fna.fbcdn.net/v/t51.2885-19/s150x150/161038001_947016512734527_3998314775845835360_n.jpg?tp=1&_nc_ht=instagram.fagc2-1.fna.fbcdn.net&_nc_ohc=6V4Qj0n6xKEAX-fE93Q&ccb=7-4&oh=8f7c415d8a06ea33538e1c825ea25caa&oe=60862CBF&_nc_sid=9fb510",
            "username": "manavkaushik_"
        },
        "likes_count": 1,
        "answers": []
    },
    {
        "id": 17862186230259548,
        "created_at": 1608368413,
        "text": "Hm",
        "owner": {
            "id": "1581830036",
            "is_verified": false,
            "profile_pic_url": "https://instagram.fagc2-1.fna.fbcdn.net/v/t51.2885-19/s150x150/127110012_2564026350502622_3989947586894168750_n.jpg?tp=1&_nc_ht=instagram.fagc2-1.fna.fbcdn.net&_nc_ohc=0tzBdl6fw8UAX_GGte9&ccb=7-4&oh=0c47686d3cf966d32c6902d5e6fdb188&oe=6089A0AF&_nc_sid=9fb510",
            "username": "mariane.linel"
        },
        "likes_count": 1,
        "answers": []
    },
    {
        "id": 18137870326190311,
        "created_at": 1608365304,
        "text": "Pp",
        "owner": {
            "id": "40402248835",
            "is_verified": false,
            "profile_pic_url": "https://instagram.fagc2-1.fna.fbcdn.net/v/t51.2885-19/s150x150/117679362_1214508518885110_2112387411111405490_n.jpg?tp=1&_nc_ht=instagram.fagc2-1.fna.fbcdn.net&_nc_ohc=Y3InZHD42XIAX8o3JvJ&ccb=7-4&oh=1cb37a75d0e4b5138686e400f9853c51&oe=60876778&_nc_sid=9fb510",
            "username": "jaspreetk0422"
        },
        "likes_count": 1,
        "answers": [
            {
                "id": 17883892207917517,
                "created_at": 1608365826,
                "text": "@jaspreetk0422 check dm",
                "owner": {
                    "id": "31345321949",
                    "is_verified": false,
                    "profile_pic_url": "https://instagram.fagc2-1.fna.fbcdn.net/v/t51.2885-19/s150x150/104655610_734890267265839_7042082510067431729_n.jpg?tp=1&_nc_ht=instagram.fagc2-1.fna.fbcdn.net&_nc_ohc=Q9yxDDyzyrwAX9Xuts8&ccb=7-4&oh=d86b1b6d639825b0f55d29acf1a38f6f&oe=608866EF&_nc_sid=9fb510",
                    "username": "airpods_case_1"
                },
                "likes_count": 0
            }
        ]
    },
    {
        "id": 18177694402019781,
        "created_at": 1608112623,
        "text": "hm",
        "owner": {
            "id": "2247088365",
            "is_verified": false,
            "profile_pic_url": "https://instagram.fagc2-1.fna.fbcdn.net/v/t51.2885-19/s150x150/164211745_193528215601682_3524992022900034901_n.jpg?tp=1&_nc_ht=instagram.fagc2-1.fna.fbcdn.net&_nc_ohc=tLGSF9etXHcAX9phJ4i&ccb=7-4&oh=613d09e2a23ad07a05c007bdddee452e&oe=6089B467&_nc_sid=9fb510",
            "username": "zellee28"
        },
        "likes_count": 1,
        "answers": []
    },
    {
        "id": 17884462432843560,
        "created_at": 1607617808,
        "text": "Price please",
        "owner": {
            "id": "1538710455",
            "is_verified": false,
            "profile_pic_url": "https://instagram.fagc2-1.fna.fbcdn.net/v/t51.2885-19/s150x150/162937204_1152098565233836_6588203218005357498_n.jpg?tp=1&_nc_ht=instagram.fagc2-1.fna.fbcdn.net&_nc_ohc=tFiVsttH_7sAX9x2GD7&ccb=7-4&oh=cf00c4ed23726cc9f47f0963279186d7&oe=6087FBA6&_nc_sid=9fb510",
            "username": "bhagyashree_sorte"
        },
        "likes_count": 1,
        "answers": []
    },
    {
        "id": 17852668508342865,
        "created_at": 1607533627,
        "text": "Hm",
        "owner": {
            "id": "247705005",
            "is_verified": false,
            "profile_pic_url": "https://instagram.fagc2-1.fna.fbcdn.net/v/t51.2885-19/s150x150/148839464_174265120947833_8880579428342245626_n.jpg?tp=1&_nc_ht=instagram.fagc2-1.fna.fbcdn.net&_nc_ohc=1CiNzN_uDQoAX-EAqqG&ccb=7-4&oh=2be3ac9567cbd545f0bac3170deef3b3&oe=60867B03&_nc_sid=9fb510",
            "username": "mariceltn"
        },
        "likes_count": 1,
        "answers": []
    },
    {
        "id": 18059053102257978,
        "created_at": 1606933095,
        "text": "Pp",
        "owner": {
            "id": "609792519",
            "is_verified": false,
            "profile_pic_url": "https://instagram.fagc2-1.fna.fbcdn.net/v/t51.2885-19/s150x150/122955189_671344987105357_3402912045246519144_n.jpg?tp=1&_nc_ht=instagram.fagc2-1.fna.fbcdn.net&_nc_ohc=xZmRkBpWYYoAX8UOMg_&ccb=7-4&oh=bb6ffd456b0e0a5e0554d2b61e84cba4&oe=6087C89B&_nc_sid=9fb510",
            "username": "harshalikoli"
        },
        "likes_count": 1,
        "answers": [
            {
                "id": 17861454518223055,
                "created_at": 1606933319,
                "text": "@harshalikoli check dm",
                "owner": {
                    "id": "31345321949",
                    "is_verified": false,
                    "profile_pic_url": "https://instagram.fagc2-1.fna.fbcdn.net/v/t51.2885-19/s150x150/104655610_734890267265839_7042082510067431729_n.jpg?tp=1&_nc_ht=instagram.fagc2-1.fna.fbcdn.net&_nc_ohc=Q9yxDDyzyrwAX9Xuts8&ccb=7-4&oh=d86b1b6d639825b0f55d29acf1a38f6f&oe=608866EF&_nc_sid=9fb510",
                    "username": "airpods_case_1"
                },
                "likes_count": 0
            }
        ]
    },
    {
        "id": 17881353697911225,
        "created_at": 1606922879,
        "text": "Pp",
        "owner": {
            "id": "1598124759",
            "is_verified": false,
            "profile_pic_url": "https://instagram.fagc2-1.fna.fbcdn.net/v/t51.2885-19/s150x150/160372319_778180662829513_8485876392900677542_n.jpg?tp=1&_nc_ht=instagram.fagc2-1.fna.fbcdn.net&_nc_ohc=JWFMj3BzL-YAX93MgOw&ccb=7-4&oh=7e3adcc141ab8c094e275bd012c416fc&oe=6087651B&_nc_sid=9fb510",
            "username": "riashori01"
        },
        "likes_count": 1,
        "answers": [
            {
                "id": 17917127122489040,
                "created_at": 1606928224,
                "text": "@riashori115 check dm",
                "owner": {
                    "id": "31345321949",
                    "is_verified": false,
                    "profile_pic_url": "https://instagram.fagc2-1.fna.fbcdn.net/v/t51.2885-19/s150x150/104655610_734890267265839_7042082510067431729_n.jpg?tp=1&_nc_ht=instagram.fagc2-1.fna.fbcdn.net&_nc_ohc=Q9yxDDyzyrwAX9Xuts8&ccb=7-4&oh=d86b1b6d639825b0f55d29acf1a38f6f&oe=608866EF&_nc_sid=9fb510",
                    "username": "airpods_case_1"
                },
                "likes_count": 0
            }
        ]
    }
]