[
    {
        "id": 17870840258281083,
        "created_at": 1615400113,
        "text": "How can I order",
        "owner": {
            "id": "7352178017",
            "is_verified": false,
            "profile_pic_url": "https://instagram.fagc2-1.fna.fbcdn.net/v/t51.2885-19/s150x150/61071921_885893471745207_6496160205821181952_n.jpg?tp=1&_nc_ht=instagram.fagc2-1.fna.fbcdn.net&_nc_ohc=St0iXYaNWAEAX-YqQLh&ccb=7-4&oh=937c6be8c9de6e481284d1095ddcd031&oe=6087D067&_nc_sid=9fb510",
            "username": "lunawatnupur"
        },
        "likes_count": 0,
        "answers": []
    },
    {
        "id": 18000211426314527,
        "created_at": 1615400105,
        "text": "Price plz??",
        "owner": {
            "id": "7352178017",
            "is_verified": false,
            "profile_pic_url": "https://instagram.fagc2-1.fna.fbcdn.net/v/t51.2885-19/s150x150/61071921_885893471745207_6496160205821181952_n.jpg?tp=1&_nc_ht=instagram.fagc2-1.fna.fbcdn.net&_nc_ohc=St0iXYaNWAEAX-YqQLh&ccb=7-4&oh=937c6be8c9de6e481284d1095ddcd031&oe=6087D067&_nc_sid=9fb510",
            "username": "lunawatnupur"
        },
        "likes_count": 0,
        "answers": [
            {
                "id": 18098487979226056,
                "created_at": 1615400627,
                "text": "@lunawatnupur check dm",
                "owner": {
                    "id": "31345321949",
                    "is_verified": false,
                    "profile_pic_url": "https://instagram.fagc2-1.fna.fbcdn.net/v/t51.2885-19/s150x150/104655610_734890267265839_7042082510067431729_n.jpg?tp=1&_nc_ht=instagram.fagc2-1.fna.fbcdn.net&_nc_ohc=Q9yxDDyzyrwAX9Xuts8&ccb=7-4&oh=d86b1b6d639825b0f55d29acf1a38f6f&oe=608866EF&_nc_sid=9fb510",
                    "username": "airpods_case_1"
                },
                "likes_count": 0
            }
        ]
    },
    {
        "id": 18031167625304395,
        "created_at": 1603820292,
        "text": "Price ?",
        "owner": {
            "id": "373502738",
            "is_verified": false,
            "profile_pic_url": "https://instagram.fagc2-1.fna.fbcdn.net/v/t51.2885-19/s150x150/152397826_261771582235111_6819703126661185824_n.jpg?tp=1&_nc_ht=instagram.fagc2-1.fna.fbcdn.net&_nc_ohc=yAE6xHIyG-EAX9CypyS&ccb=7-4&oh=e69c77f8fc28944b1a0dc929d0e8d6dd&oe=60882507&_nc_sid=9fb510",
            "username": "sonakshi1"
        },
        "likes_count": 0,
        "answers": [
            {
                "id": 17846493302393364,
                "created_at": 1603820927,
                "text": "@sonakshi1 check dm",
                "owner": {
                    "id": "31345321949",
                    "is_verified": false,
                    "profile_pic_url": "https://instagram.fagc2-1.fna.fbcdn.net/v/t51.2885-19/s150x150/104655610_734890267265839_7042082510067431729_n.jpg?tp=1&_nc_ht=instagram.fagc2-1.fna.fbcdn.net&_nc_ohc=Q9yxDDyzyrwAX9Xuts8&ccb=7-4&oh=d86b1b6d639825b0f55d29acf1a38f6f&oe=608866EF&_nc_sid=9fb510",
                    "username": "airpods_case_1"
                },
                "likes_count": 0
            }
        ]
    },
    {
        "id": 17953757680370029,
        "created_at": 1602807223,
        "text": "Price??",
        "owner": {
            "id": "4562915367",
            "is_verified": false,
            "profile_pic_url": "https://instagram.fagc2-1.fna.fbcdn.net/v/t51.2885-19/s150x150/158143555_814345622491486_2727074661435014264_n.jpg?tp=1&_nc_ht=instagram.fagc2-1.fna.fbcdn.net&_nc_ohc=iUCMM0gvUwwAX_6qQ4Q&ccb=7-4&oh=dc11c28a4af7334dcf64e0f15fc76103&oe=60876D00&_nc_sid=9fb510",
            "username": "_shabu_nawab_"
        },
        "likes_count": 0,
        "answers": [
            {
                "id": 17855749088244550,
                "created_at": 1602819470,
                "text": "@_shabu_nawab_ check dm",
                "owner": {
                    "id": "31345321949",
                    "is_verified": false,
                    "profile_pic_url": "https://instagram.fagc2-1.fna.fbcdn.net/v/t51.2885-19/s150x150/104655610_734890267265839_7042082510067431729_n.jpg?tp=1&_nc_ht=instagram.fagc2-1.fna.fbcdn.net&_nc_ohc=Q9yxDDyzyrwAX9Xuts8&ccb=7-4&oh=d86b1b6d639825b0f55d29acf1a38f6f&oe=608866EF&_nc_sid=9fb510",
                    "username": "airpods_case_1"
                },
                "likes_count": 0
            }
        ]
    }
]