[
    {
        "id": 17924716330515067,
        "created_at": 1612888440,
        "text": "Price ??",
        "owner": {
            "id": "2247228610",
            "is_verified": false,
            "profile_pic_url": "https://instagram.fagc2-1.fna.fbcdn.net/v/t51.2885-19/s150x150/117150794_297170034951432_8999901659090612071_n.jpg?tp=1&_nc_ht=instagram.fagc2-1.fna.fbcdn.net&_nc_ohc=Tc06wt4BGkIAX8h2IIw&ccb=7-4&oh=42c1873d3b045cbf6639aaecbe55ee05&oe=608612C2&_nc_sid=9fb510",
            "username": "whoshubh"
        },
        "likes_count": 0,
        "answers": [
            {
                "id": 17871299267253375,
                "created_at": 1612890553,
                "text": "@whoshubh check dm",
                "owner": {
                    "id": "31345321949",
                    "is_verified": false,
                    "profile_pic_url": "https://instagram.fagc2-1.fna.fbcdn.net/v/t51.2885-19/s150x150/104655610_734890267265839_7042082510067431729_n.jpg?tp=1&_nc_ht=instagram.fagc2-1.fna.fbcdn.net&_nc_ohc=Q9yxDDyzyrwAX9Xuts8&ccb=7-4&oh=d86b1b6d639825b0f55d29acf1a38f6f&oe=608866EF&_nc_sid=9fb510",
                    "username": "airpods_case_1"
                },
                "likes_count": 0
            }
        ]
    },
    {
        "id": 18072260287248433,
        "created_at": 1612803277,
        "text": "Pp",
        "owner": {
            "id": "1113711583",
            "is_verified": false,
            "profile_pic_url": "https://scontent-gig2-1.cdninstagram.com/v/t51.2885-19/44884218_345707102882519_2446069589734326272_n.jpg?_nc_ht=scontent-gig2-1.cdninstagram.com&_nc_ohc=hLTkwc3uTqUAX8J2-qP&ccb=7-4&oh=440312f605056cf1034d69fa038dfc40&oe=6087738F&_nc_sid=ec1c8f&ig_cache_key=YW5vbnltb3VzX3Byb2ZpbGVfcGlj.2-ccb7-4",
            "username": "haritec"
        },
        "likes_count": 0,
        "answers": [
            {
                "id": 17862920999379099,
                "created_at": 1612806633,
                "text": "@haritec check dm",
                "owner": {
                    "id": "31345321949",
                    "is_verified": false,
                    "profile_pic_url": "https://instagram.fagc2-1.fna.fbcdn.net/v/t51.2885-19/s150x150/104655610_734890267265839_7042082510067431729_n.jpg?tp=1&_nc_ht=instagram.fagc2-1.fna.fbcdn.net&_nc_ohc=Q9yxDDyzyrwAX9Xuts8&ccb=7-4&oh=d86b1b6d639825b0f55d29acf1a38f6f&oe=608866EF&_nc_sid=9fb510",
                    "username": "airpods_case_1"
                },
                "likes_count": 0
            }
        ]
    },
    {
        "id": 17856821303451744,
        "created_at": 1610717879,
        "text": "Hi",
        "owner": {
            "id": "12092036485",
            "is_verified": false,
            "profile_pic_url": "https://instagram.fagc2-1.fna.fbcdn.net/v/t51.2885-19/s150x150/54266370_1851126744992636_7965102805612494848_n.jpg?tp=1&_nc_ht=instagram.fagc2-1.fna.fbcdn.net&_nc_ohc=s32Wa2XsqRYAX-BlzRZ&ccb=7-4&oh=a41fcd9114e6eac2dbc5bef51cfa80f9&oe=60871657&_nc_sid=9fb510",
            "username": "junheng80"
        },
        "likes_count": 0,
        "answers": [
            {
                "id": 17864500529296214,
                "created_at": 1610718806,
                "text": "@junheng80 hello",
                "owner": {
                    "id": "31345321949",
                    "is_verified": false,
                    "profile_pic_url": "https://instagram.fagc2-1.fna.fbcdn.net/v/t51.2885-19/s150x150/104655610_734890267265839_7042082510067431729_n.jpg?tp=1&_nc_ht=instagram.fagc2-1.fna.fbcdn.net&_nc_ohc=Q9yxDDyzyrwAX9Xuts8&ccb=7-4&oh=d86b1b6d639825b0f55d29acf1a38f6f&oe=608866EF&_nc_sid=9fb510",
                    "username": "airpods_case_1"
                },
                "likes_count": 0
            }
        ]
    }
]