[
    {
        "id": 17900064520746540,
        "created_at": 1613993351,
        "text": "Pp",
        "owner": {
            "id": "12014066043",
            "is_verified": false,
            "profile_pic_url": "https://instagram.fagc2-1.fna.fbcdn.net/v/t51.2885-19/s150x150/160021254_1671998939669136_7397895801752911342_n.jpg?tp=1&_nc_ht=instagram.fagc2-1.fna.fbcdn.net&_nc_ohc=JT4ZAsv29ugAX8orgJ4&ccb=7-4&oh=5bf9401c9549b298b013164aa83863f7&oe=6089B48F&_nc_sid=9fb510",
            "username": "surbhisingh.25"
        },
        "likes_count": 0,
        "answers": []
    },
    {
        "id": 17908356724649167,
        "created_at": 1613237340,
        "text": "Pp?",
        "owner": {
            "id": "7515250687",
            "is_verified": false,
            "profile_pic_url": "https://instagram.fagc2-1.fna.fbcdn.net/v/t51.2885-19/s150x150/154404179_933530547386292_1119197836106386393_n.jpg?tp=1&_nc_ht=instagram.fagc2-1.fna.fbcdn.net&_nc_ohc=bVi9uiRQ3jwAX96JwOP&ccb=7-4&oh=924acacd8bcaac4c4d765cd9cbaeca62&oe=6087FC4C&_nc_sid=9fb510",
            "username": "sangeethag318"
        },
        "likes_count": 0,
        "answers": [
            {
                "id": 17880324929120872,
                "created_at": 1613237684,
                "text": "Check dm",
                "owner": {
                    "id": "31345321949",
                    "is_verified": false,
                    "profile_pic_url": "https://instagram.fagc2-1.fna.fbcdn.net/v/t51.2885-19/s150x150/104655610_734890267265839_7042082510067431729_n.jpg?tp=1&_nc_ht=instagram.fagc2-1.fna.fbcdn.net&_nc_ohc=Q9yxDDyzyrwAX9Xuts8&ccb=7-4&oh=d86b1b6d639825b0f55d29acf1a38f6f&oe=608866EF&_nc_sid=9fb510",
                    "username": "airpods_case_1"
                },
                "likes_count": 0
            }
        ]
    },
    {
        "id": 17869385516175506,
        "created_at": 1609588198,
        "text": "Price broo",
        "owner": {
            "id": "1909852166",
            "is_verified": false,
            "profile_pic_url": "https://instagram.fagc2-1.fna.fbcdn.net/v/t51.2885-19/s150x150/135067915_451329319584323_399342954109951084_n.jpg?tp=1&_nc_ht=instagram.fagc2-1.fna.fbcdn.net&_nc_ohc=iG_u6weDHkoAX-i7wFP&ccb=7-4&oh=7fa4fbeafeaec14698e3f64a6949fe92&oe=6087E5AC&_nc_sid=9fb510",
            "username": "ur_sardar_manpreet"
        },
        "likes_count": 0,
        "answers": [
            {
                "id": 18133042573178613,
                "created_at": 1609590087,
                "text": "@ur_sardar_manpreet check dm",
                "owner": {
                    "id": "31345321949",
                    "is_verified": false,
                    "profile_pic_url": "https://instagram.fagc2-1.fna.fbcdn.net/v/t51.2885-19/s150x150/104655610_734890267265839_7042082510067431729_n.jpg?tp=1&_nc_ht=instagram.fagc2-1.fna.fbcdn.net&_nc_ohc=Q9yxDDyzyrwAX9Xuts8&ccb=7-4&oh=d86b1b6d639825b0f55d29acf1a38f6f&oe=608866EF&_nc_sid=9fb510",
                    "username": "airpods_case_1"
                },
                "likes_count": 0
            }
        ]
    },
    {
        "id": 17871376604114883,
        "created_at": 1608100381,
        "text": "Price",
        "owner": {
            "id": "18566618645",
            "is_verified": false,
            "profile_pic_url": "https://instagram.fagc2-1.fna.fbcdn.net/v/t51.2885-19/s150x150/164333659_555781359157793_5865834111592596475_n.jpg?tp=1&_nc_ht=instagram.fagc2-1.fna.fbcdn.net&_nc_ohc=xg2hE7ATltsAX9QeCZb&ccb=7-4&oh=efbde4b7b456ff35e0f52488d4750420&oe=60892B22&_nc_sid=9fb510",
            "username": "jaydya20_"
        },
        "likes_count": 0,
        "answers": []
    }
]