[
    {
        "id": 17850021845512652,
        "created_at": 1613460961,
        "text": "Price",
        "owner": {
            "id": "41935875068",
            "is_verified": false,
            "profile_pic_url": "https://instagram.fagc2-1.fna.fbcdn.net/v/t51.2885-19/s150x150/119749124_656445991720359_2297154703117373458_n.jpg?tp=1&_nc_ht=instagram.fagc2-1.fna.fbcdn.net&_nc_ohc=I96Zuk0H1owAX-pPCD7&ccb=7-4&oh=5457e9d0b97cbba4a250d5c506dd1956&oe=6088C32D&_nc_sid=9fb510",
            "username": "rameen_noor_khan"
        },
        "likes_count": 0,
        "answers": [
            {
                "id": 17917223494569652,
                "created_at": 1613463587,
                "text": "@rameen_noor_khan check dm",
                "owner": {
                    "id": "31345321949",
                    "is_verified": false,
                    "profile_pic_url": "https://instagram.fagc2-1.fna.fbcdn.net/v/t51.2885-19/s150x150/104655610_734890267265839_7042082510067431729_n.jpg?tp=1&_nc_ht=instagram.fagc2-1.fna.fbcdn.net&_nc_ohc=Q9yxDDyzyrwAX9Xuts8&ccb=7-4&oh=d86b1b6d639825b0f55d29acf1a38f6f&oe=608866EF&_nc_sid=9fb510",
                    "username": "airpods_case_1"
                },
                "likes_count": 0
            }
        ]
    },
    {
        "id": 17896152133758548,
        "created_at": 1609595235,
        "text": "Pp",
        "owner": {
            "id": "18499196725",
            "is_verified": false,
            "profile_pic_url": "https://instagram.fagc2-1.fna.fbcdn.net/v/t51.2885-19/s150x150/155846468_713484615995075_4045675791395448441_n.jpg?tp=1&_nc_ht=instagram.fagc2-1.fna.fbcdn.net&_nc_ohc=8c55z4l_WwwAX_K1Ry7&ccb=7-4&oh=597845c3656f92622cc4c485cb972c80&oe=60872A4B&_nc_sid=9fb510",
            "username": "vaishhhhhhhhhh10"
        },
        "likes_count": 0,
        "answers": [
            {
                "id": 17869767254170005,
                "created_at": 1609595341,
                "text": "@vaishhhhhhhhhh10 check dm",
                "owner": {
                    "id": "31345321949",
                    "is_verified": false,
                    "profile_pic_url": "https://instagram.fagc2-1.fna.fbcdn.net/v/t51.2885-19/s150x150/104655610_734890267265839_7042082510067431729_n.jpg?tp=1&_nc_ht=instagram.fagc2-1.fna.fbcdn.net&_nc_ohc=Q9yxDDyzyrwAX9Xuts8&ccb=7-4&oh=d86b1b6d639825b0f55d29acf1a38f6f&oe=608866EF&_nc_sid=9fb510",
                    "username": "airpods_case_1"
                },
                "likes_count": 0
            }
        ]
    },
    {
        "id": 18103272313175415,
        "created_at": 1600513134,
        "text": "Price plz",
        "owner": {
            "id": "5586291345",
            "is_verified": false,
            "profile_pic_url": "https://instagram.fagc2-1.fna.fbcdn.net/v/t51.2885-19/s150x150/21107515_884153425110700_2886110270772477952_a.jpg?tp=1&_nc_ht=instagram.fagc2-1.fna.fbcdn.net&_nc_ohc=w7clD0P5jWEAX9i0Cq9&ccb=7-4&oh=a3ff0169ecc146a055614aefbfa3aec6&oe=60871683&_nc_sid=9fb510",
            "username": "m.patel____"
        },
        "likes_count": 0,
        "answers": []
    }
]