[
    {
        "id": 17904355519787528,
        "created_at": 1616332620,
        "text": "Price",
        "owner": {
            "id": "6654974064",
            "is_verified": false,
            "profile_pic_url": "https://instagram.fagc2-1.fna.fbcdn.net/v/t51.2885-19/s150x150/147499539_3679660478738381_2306305605423170264_n.jpg?tp=1&_nc_ht=instagram.fagc2-1.fna.fbcdn.net&_nc_ohc=wI8uZJRsy7cAX-2TPTl&ccb=7-4&oh=3f4d12227bf32b5ddddbeec83165eec2&oe=60871138&_nc_sid=9fb510",
            "username": "__officialarorarajveer__"
        },
        "likes_count": 0,
        "answers": [
            {
                "id": 17904867349760340,
                "created_at": 1616338258,
                "text": "@__officialarorarajveer__ check dm",
                "owner": {
                    "id": "31345321949",
                    "is_verified": false,
                    "profile_pic_url": "https://instagram.fagc2-1.fna.fbcdn.net/v/t51.2885-19/s150x150/104655610_734890267265839_7042082510067431729_n.jpg?tp=1&_nc_ht=instagram.fagc2-1.fna.fbcdn.net&_nc_ohc=Q9yxDDyzyrwAX9Xuts8&ccb=7-4&oh=d86b1b6d639825b0f55d29acf1a38f6f&oe=608866EF&_nc_sid=9fb510",
                    "username": "airpods_case_1"
                },
                "likes_count": 0
            }
        ]
    },
    {
        "id": 18204546217025376,
        "created_at": 1616251833,
        "text": "Are they still in stock",
        "owner": {
            "id": "3694927483",
            "is_verified": false,
            "profile_pic_url": "https://instagram.fagc2-1.fna.fbcdn.net/v/t51.2885-19/s150x150/103967090_270819257490174_8182605513288934320_n.jpg?tp=1&_nc_ht=instagram.fagc2-1.fna.fbcdn.net&_nc_ohc=bddnzFhPu1sAX9qKD2h&ccb=7-4&oh=1c542405a1e950e7be81057a3492a08e&oe=6086B616&_nc_sid=9fb510",
            "username": "_rhay.ann_"
        },
        "likes_count": 0,
        "answers": [
            {
                "id": 17860732031440398,
                "created_at": 1616255196,
                "text": "@_rhay.ann_ yess",
                "owner": {
                    "id": "31345321949",
                    "is_verified": false,
                    "profile_pic_url": "https://instagram.fagc2-1.fna.fbcdn.net/v/t51.2885-19/s150x150/104655610_734890267265839_7042082510067431729_n.jpg?tp=1&_nc_ht=instagram.fagc2-1.fna.fbcdn.net&_nc_ohc=Q9yxDDyzyrwAX9Xuts8&ccb=7-4&oh=d86b1b6d639825b0f55d29acf1a38f6f&oe=608866EF&_nc_sid=9fb510",
                    "username": "airpods_case_1"
                },
                "likes_count": 0
            }
        ]
    },
    {
        "id": 17899892605813627,
        "created_at": 1613896159,
        "text": "Price ?",
        "owner": {
            "id": "29099670811",
            "is_verified": false,
            "profile_pic_url": "https://instagram.fagc2-1.fna.fbcdn.net/v/t51.2885-19/s150x150/94061872_543426103254698_2939432324112056320_n.jpg?tp=1&_nc_ht=instagram.fagc2-1.fna.fbcdn.net&_nc_ohc=nb-DPM8MOWcAX9KepiI&ccb=7-4&oh=eeba35a3a461d62a23b0e47c7cd076de&oe=60899567&_nc_sid=9fb510",
            "username": "sakthi_10._"
        },
        "likes_count": 0,
        "answers": []
    },
    {
        "id": 18156175000106681,
        "created_at": 1612598652,
        "text": "How much bro",
        "owner": {
            "id": "1800109278",
            "is_verified": false,
            "profile_pic_url": "https://instagram.fagc2-1.fna.fbcdn.net/v/t51.2885-19/s150x150/162690735_2880931738895604_4156039406292859662_n.jpg?tp=1&_nc_ht=instagram.fagc2-1.fna.fbcdn.net&_nc_ohc=wOAs0de9IwMAX-RCWbi&ccb=7-4&oh=9a7092030b5be557e36aa7807abb1fae&oe=608669EF&_nc_sid=9fb510",
            "username": "prem_pavan"
        },
        "likes_count": 0,
        "answers": [
            {
                "id": 18183314917064772,
                "created_at": 1612602084,
                "text": "@prem_pavan check dm",
                "owner": {
                    "id": "31345321949",
                    "is_verified": false,
                    "profile_pic_url": "https://instagram.fagc2-1.fna.fbcdn.net/v/t51.2885-19/s150x150/104655610_734890267265839_7042082510067431729_n.jpg?tp=1&_nc_ht=instagram.fagc2-1.fna.fbcdn.net&_nc_ohc=Q9yxDDyzyrwAX9Xuts8&ccb=7-4&oh=d86b1b6d639825b0f55d29acf1a38f6f&oe=608866EF&_nc_sid=9fb510",
                    "username": "airpods_case_1"
                },
                "likes_count": 0
            }
        ]
    },
    {
        "id": 17984234620327035,
        "created_at": 1612171725,
        "text": "Price?",
        "owner": {
            "id": "3478560041",
            "is_verified": false,
            "profile_pic_url": "https://instagram.fagc2-1.fna.fbcdn.net/v/t51.2885-19/s150x150/146033666_1325246404507176_3297716949944957224_n.jpg?tp=1&_nc_ht=instagram.fagc2-1.fna.fbcdn.net&_nc_ohc=jhLMzr6w_d8AX92adu0&ccb=7-4&oh=4940feb4aa4aada8548d7be963081a48&oe=60893E83&_nc_sid=9fb510",
            "username": "pt_of_lebanon"
        },
        "likes_count": 0,
        "answers": [
            {
                "id": 18138405805180491,
                "created_at": 1612173563,
                "text": "@akl.michel check dm",
                "owner": {
                    "id": "31345321949",
                    "is_verified": false,
                    "profile_pic_url": "https://instagram.fagc2-1.fna.fbcdn.net/v/t51.2885-19/s150x150/104655610_734890267265839_7042082510067431729_n.jpg?tp=1&_nc_ht=instagram.fagc2-1.fna.fbcdn.net&_nc_ohc=Q9yxDDyzyrwAX9Xuts8&ccb=7-4&oh=d86b1b6d639825b0f55d29acf1a38f6f&oe=608866EF&_nc_sid=9fb510",
                    "username": "airpods_case_1"
                },
                "likes_count": 0
            }
        ]
    },
    {
        "id": 17977768183329639,
        "created_at": 1611564391,
        "text": "Price",
        "owner": {
            "id": "3431264080",
            "is_verified": false,
            "profile_pic_url": "https://instagram.fagc2-1.fna.fbcdn.net/v/t51.2885-19/s150x150/127050687_659526208069064_3500764816979204857_n.jpg?tp=1&_nc_ht=instagram.fagc2-1.fna.fbcdn.net&_nc_ohc=CzfPxM7amWMAX8kp_Ff&ccb=7-4&oh=d40d9855c50f69a1bc66ad6f57d52fd8&oe=608885B9&_nc_sid=9fb510",
            "username": "__atharva__7373"
        },
        "likes_count": 0,
        "answers": [
            {
                "id": 18188945935006894,
                "created_at": 1611566794,
                "text": "@__atharva__7373 check dm",
                "owner": {
                    "id": "31345321949",
                    "is_verified": false,
                    "profile_pic_url": "https://instagram.fagc2-1.fna.fbcdn.net/v/t51.2885-19/s150x150/104655610_734890267265839_7042082510067431729_n.jpg?tp=1&_nc_ht=instagram.fagc2-1.fna.fbcdn.net&_nc_ohc=Q9yxDDyzyrwAX9Xuts8&ccb=7-4&oh=d86b1b6d639825b0f55d29acf1a38f6f&oe=608866EF&_nc_sid=9fb510",
                    "username": "airpods_case_1"
                },
                "likes_count": 0
            }
        ]
    },
    {
        "id": 17884298272992666,
        "created_at": 1611159524,
        "text": "Hm?",
        "owner": {
            "id": "480434680",
            "is_verified": false,
            "profile_pic_url": "https://instagram.fagc2-1.fna.fbcdn.net/v/t51.2885-19/s150x150/73423638_1246661582204553_8055531632632791040_n.jpg?tp=1&_nc_ht=instagram.fagc2-1.fna.fbcdn.net&_nc_ohc=bGIUOhJiGUoAX93sTd6&ccb=7-4&oh=0c39cd60c38963e753b831db99c8e027&oe=60880ED8&_nc_sid=9fb510",
            "username": "_ajpadillon"
        },
        "likes_count": 0,
        "answers": []
    },
    {
        "id": 17880725912058885,
        "created_at": 1610268467,
        "text": "Price?",
        "owner": {
            "id": "8598274701",
            "is_verified": false,
            "profile_pic_url": "https://instagram.fagc2-1.fna.fbcdn.net/v/t51.2885-19/s150x150/161682554_147697490483029_6460398058462892950_n.jpg?tp=1&_nc_ht=instagram.fagc2-1.fna.fbcdn.net&_nc_ohc=yvoEXh84JxsAX9P4NWX&ccb=7-4&oh=3676fd504f27e2f914b57ca8f6167d58&oe=60879E7C&_nc_sid=9fb510",
            "username": "me.anas_khan"
        },
        "likes_count": 0,
        "answers": [
            {
                "id": 17891766034861354,
                "created_at": 1610268625,
                "text": "@me.anas_khan check dm",
                "owner": {
                    "id": "31345321949",
                    "is_verified": false,
                    "profile_pic_url": "https://instagram.fagc2-1.fna.fbcdn.net/v/t51.2885-19/s150x150/104655610_734890267265839_7042082510067431729_n.jpg?tp=1&_nc_ht=instagram.fagc2-1.fna.fbcdn.net&_nc_ohc=Q9yxDDyzyrwAX9Xuts8&tn=jkJTMELZ2e2NJ4X0&ccb=7-4&oh=e536c0b2682a8b868c9079b01fea3e52&oe=608866EF&_nc_sid=9fb510",
                    "username": "airpods_case_1"
                },
                "likes_count": 0
            }
        ]
    },
    {
        "id": 17892805597786612,
        "created_at": 1609692284,
        "text": "Price",
        "owner": {
            "id": "5719857277",
            "is_verified": false,
            "profile_pic_url": "https://instagram.fagc2-1.fna.fbcdn.net/v/t51.2885-19/s150x150/147888395_3709527332435382_4078611873884170604_n.jpg?tp=1&_nc_ht=instagram.fagc2-1.fna.fbcdn.net&_nc_ohc=EAHqyWk7aa8AX_t-EA_&ccb=7-4&oh=aff96d9a6fd4682a6d9adcf98f6211f2&oe=608856F7&_nc_sid=9fb510",
            "username": "darshan._456"
        },
        "likes_count": 0,
        "answers": []
    },
    {
        "id": 17866837775255121,
        "created_at": 1609490556,
        "text": "Price please",
        "owner": {
            "id": "12774610837",
            "is_verified": false,
            "profile_pic_url": "https://instagram.fagc2-1.fna.fbcdn.net/v/t51.2885-19/s150x150/138950813_339004007130031_8478761669173421010_n.jpg?tp=1&_nc_ht=instagram.fagc2-1.fna.fbcdn.net&_nc_ohc=h_afWUyjde0AX8sVvNx&ccb=7-4&oh=2ad5e20de300c1a738fb40a0aaee1543&oe=60872446&_nc_sid=9fb510",
            "username": "gurneet1699"
        },
        "likes_count": 0,
        "answers": []
    },
    {
        "id": 17893449706740187,
        "created_at": 1608917758,
        "text": "pp",
        "owner": {
            "id": "1480194923",
            "is_verified": false,
            "profile_pic_url": "https://instagram.fagc2-1.fna.fbcdn.net/v/t51.2885-19/s150x150/159992570_140882641262658_4034933459694484632_n.jpg?tp=1&_nc_ht=instagram.fagc2-1.fna.fbcdn.net&_nc_ohc=hdIgFsldHBcAX_eIaYL&ccb=7-4&oh=18a0e9217abfb601d638f0a44fbb3a4f&oe=60885633&_nc_sid=9fb510",
            "username": "swati_tiwari3"
        },
        "likes_count": 0,
        "answers": []
    }
]