[
    {
        "id": 17891152525887351,
        "created_at": 1613287656,
        "text": "Pp",
        "owner": {
            "id": "45267456342",
            "is_verified": false,
            "profile_pic_url": "https://instagram.fagc2-1.fna.fbcdn.net/v/t51.2885-19/s150x150/157526050_274273844212703_7023411758337036940_n.jpg?tp=1&_nc_ht=instagram.fagc2-1.fna.fbcdn.net&_nc_ohc=eEBg5YOjPqYAX-BW8NG&ccb=7-4&oh=ea31287660001cedd420882510559364&oe=60863158&_nc_sid=9fb510",
            "username": "sudharma.offl"
        },
        "likes_count": 0,
        "answers": [
            {
                "id": 17868852380333830,
                "created_at": 1613292495,
                "text": "@sudharmasekar check dm",
                "owner": {
                    "id": "31345321949",
                    "is_verified": false,
                    "profile_pic_url": "https://instagram.fagc2-1.fna.fbcdn.net/v/t51.2885-19/s150x150/104655610_734890267265839_7042082510067431729_n.jpg?tp=1&_nc_ht=instagram.fagc2-1.fna.fbcdn.net&_nc_ohc=Q9yxDDyzyrwAX9Xuts8&ccb=7-4&oh=d86b1b6d639825b0f55d29acf1a38f6f&oe=608866EF&_nc_sid=9fb510",
                    "username": "airpods_case_1"
                },
                "likes_count": 0
            }
        ]
    },
    {
        "id": 18155963275115666,
        "created_at": 1612762439,
        "text": "Pp",
        "owner": {
            "id": "42791364757",
            "is_verified": false,
            "profile_pic_url": "https://instagram.fjpa3-1.fna.fbcdn.net/v/t51.2885-19/44884218_345707102882519_2446069589734326272_n.jpg?_nc_ht=instagram.fjpa3-1.fna.fbcdn.net&_nc_ohc=hLTkwc3uTqUAX9AHgJX&ccb=7-4&oh=a041d90cb08f52be7d7016923c2c87c2&oe=6087738F&_nc_sid=643ae9&ig_cache_key=YW5vbnltb3VzX3Byb2ZpbGVfcGlj.2-ccb7-4",
            "username": "payalahuja80920"
        },
        "likes_count": 0,
        "answers": [
            {
                "id": 18195410728016429,
                "created_at": 1612763270,
                "text": "@payalahuja80920 check dm",
                "owner": {
                    "id": "31345321949",
                    "is_verified": false,
                    "profile_pic_url": "https://instagram.fagc2-1.fna.fbcdn.net/v/t51.2885-19/s150x150/104655610_734890267265839_7042082510067431729_n.jpg?tp=1&_nc_ht=instagram.fagc2-1.fna.fbcdn.net&_nc_ohc=Q9yxDDyzyrwAX9Xuts8&ccb=7-4&oh=d86b1b6d639825b0f55d29acf1a38f6f&oe=608866EF&_nc_sid=9fb510",
                    "username": "airpods_case_1"
                },
                "likes_count": 0
            }
        ]
    },
    {
        "id": 17885831683981488,
        "created_at": 1611252603,
        "text": "how much",
        "owner": {
            "id": "42728838982",
            "is_verified": false,
            "profile_pic_url": "https://instagram.fagc2-1.fna.fbcdn.net/v/t51.2885-19/s150x150/119984653_158980159203655_3459640858440625277_n.jpg?tp=1&_nc_ht=instagram.fagc2-1.fna.fbcdn.net&_nc_ohc=eZpz6CBsMZQAX9chTLz&ccb=7-4&oh=57846be6f405e7f4b3d2b6c1ff519c44&oe=60877BBD&_nc_sid=9fb510",
            "username": "mohammed.rouh"
        },
        "likes_count": 1,
        "answers": []
    },
    {
        "id": 17851313288470565,
        "created_at": 1609665912,
        "text": "Pp",
        "owner": {
            "id": "45248800231",
            "is_verified": false,
            "profile_pic_url": "https://instagram.fjpa3-1.fna.fbcdn.net/v/t51.2885-19/44884218_345707102882519_2446069589734326272_n.jpg?_nc_ht=instagram.fjpa3-1.fna.fbcdn.net&_nc_ohc=hLTkwc3uTqUAX9AHgJX&ccb=7-4&oh=a041d90cb08f52be7d7016923c2c87c2&oe=6087738F&_nc_sid=643ae9&ig_cache_key=YW5vbnltb3VzX3Byb2ZpbGVfcGlj.2-ccb7-4",
            "username": "anitabader6"
        },
        "likes_count": 0,
        "answers": []
    },
    {
        "id": 17951043436392855,
        "created_at": 1609665910,
        "text": "Price please",
        "owner": {
            "id": "45248800231",
            "is_verified": false,
            "profile_pic_url": "https://instagram.fjpa3-1.fna.fbcdn.net/v/t51.2885-19/44884218_345707102882519_2446069589734326272_n.jpg?_nc_ht=instagram.fjpa3-1.fna.fbcdn.net&_nc_ohc=hLTkwc3uTqUAX9AHgJX&ccb=7-4&oh=a041d90cb08f52be7d7016923c2c87c2&oe=6087738F&_nc_sid=643ae9&ig_cache_key=YW5vbnltb3VzX3Byb2ZpbGVfcGlj.2-ccb7-4",
            "username": "anitabader6"
        },
        "likes_count": 0,
        "answers": [
            {
                "id": 17855920406430367,
                "created_at": 1609668504,
                "text": "@anitabader6 check dm",
                "owner": {
                    "id": "31345321949",
                    "is_verified": false,
                    "profile_pic_url": "https://instagram.fagc2-1.fna.fbcdn.net/v/t51.2885-19/s150x150/104655610_734890267265839_7042082510067431729_n.jpg?tp=1&_nc_ht=instagram.fagc2-1.fna.fbcdn.net&_nc_ohc=Q9yxDDyzyrwAX9Xuts8&ccb=7-4&oh=d86b1b6d639825b0f55d29acf1a38f6f&oe=608866EF&_nc_sid=9fb510",
                    "username": "airpods_case_1"
                },
                "likes_count": 1
            }
        ]
    },
    {
        "id": 17954404765389000,
        "created_at": 1609348784,
        "text": "Gin kaseq",
        "owner": {
            "id": "21275581349",
            "is_verified": false,
            "profile_pic_url": "https://instagram.fagc2-1.fna.fbcdn.net/v/t51.2885-19/s150x150/160040903_907225296781444_2815043618350790273_n.jpg?tp=1&_nc_ht=instagram.fagc2-1.fna.fbcdn.net&_nc_ohc=vENHlN8i_lQAX-1ZgsK&ccb=7-4&oh=9e3922b9695dd536a1a83fe5bc860ad3&oe=60882B4B&_nc_sid=9fb510",
            "username": "elen._.933"
        },
        "likes_count": 0,
        "answers": []
    },
    {
        "id": 17872345565103411,
        "created_at": 1607761792,
        "text": "Pp",
        "owner": {
            "id": "2127456554",
            "is_verified": false,
            "profile_pic_url": "https://instagram.fagc2-1.fna.fbcdn.net/v/t51.2885-19/s150x150/159898567_885264248710018_986059334621108390_n.jpg?tp=1&_nc_ht=instagram.fagc2-1.fna.fbcdn.net&_nc_ohc=k-it4f2jNvgAX9Nqfqv&ccb=7-4&oh=beab56318afa767f5971c76f62703138&oe=608751C3&_nc_sid=9fb510",
            "username": "gunnu_kapoor"
        },
        "likes_count": 0,
        "answers": [
            {
                "id": 17850948233458590,
                "created_at": 1607763125,
                "text": "@gunnu_kapoor check dm",
                "owner": {
                    "id": "31345321949",
                    "is_verified": false,
                    "profile_pic_url": "https://instagram.fagc2-1.fna.fbcdn.net/v/t51.2885-19/s150x150/104655610_734890267265839_7042082510067431729_n.jpg?tp=1&_nc_ht=instagram.fagc2-1.fna.fbcdn.net&_nc_ohc=Q9yxDDyzyrwAX9Xuts8&ccb=7-4&oh=d86b1b6d639825b0f55d29acf1a38f6f&oe=608866EF&_nc_sid=9fb510",
                    "username": "airpods_case_1"
                },
                "likes_count": 0
            }
        ]
    }
]