[
    {
        "id": 17975346190369274,
        "created_at": 1616576634,
        "text": "Pp",
        "owner": {
            "id": "16411978659",
            "is_verified": false,
            "profile_pic_url": "https://instagram.fagc2-1.fna.fbcdn.net/v/t51.2885-19/s150x150/90982838_1211860172317881_8853399439398666240_n.jpg?tp=1&_nc_ht=instagram.fagc2-1.fna.fbcdn.net&_nc_ohc=ooXrMP6gIikAX9ZNN1o&ccb=7-4&oh=7c5f802ca69bcea2fa93b85a62ab817d&oe=6087390F&_nc_sid=9fb510",
            "username": "basant.surya"
        },
        "likes_count": 0,
        "answers": []
    },
    {
        "id": 17964082141388248,
        "created_at": 1616023059,
        "text": "Hm?",
        "owner": {
            "id": "1106832452",
            "is_verified": false,
            "profile_pic_url": "https://instagram.fagc2-1.fna.fbcdn.net/v/t51.2885-19/s150x150/18512988_1915222192027229_490988300362842112_a.jpg?tp=1&_nc_ht=instagram.fagc2-1.fna.fbcdn.net&_nc_ohc=bBTAChfYx6cAX_Hw4Gs&ccb=7-4&oh=5f70c0147c25d86f2f0697d5f4c0b179&oe=6086CA4F&_nc_sid=9fb510",
            "username": "its_karine"
        },
        "likes_count": 0,
        "answers": []
    },
    {
        "id": 17919609262543448,
        "created_at": 1614835224,
        "text": "pp",
        "owner": {
            "id": "4876869217",
            "is_verified": false,
            "profile_pic_url": "https://instagram.fagc2-1.fna.fbcdn.net/v/t51.2885-19/s150x150/69410841_1293826830780646_8969214559680200704_n.jpg?tp=1&_nc_ht=instagram.fagc2-1.fna.fbcdn.net&_nc_ohc=HhRUpt83IZkAX_fi9yV&ccb=7-4&oh=e7ea251cc7c45dce5461abbb71778620&oe=60866A2D&_nc_sid=9fb510",
            "username": "naveena_kothamasu"
        },
        "likes_count": 0,
        "answers": []
    },
    {
        "id": 17951294866416326,
        "created_at": 1613943401,
        "text": "Price please",
        "owner": {
            "id": "39161378415",
            "is_verified": false,
            "profile_pic_url": "https://instagram.fagc2-1.fna.fbcdn.net/v/t51.2885-19/s150x150/106909495_297142611474679_3028846073092620043_n.jpg?tp=1&_nc_ht=instagram.fagc2-1.fna.fbcdn.net&_nc_ohc=Gqe74TOZMKcAX-DEvnJ&ccb=7-4&oh=9cae7736eac66ffd6d643730bb73cbc1&oe=6087B8AD&_nc_sid=9fb510",
            "username": "jenildahomedecor"
        },
        "likes_count": 0,
        "answers": [
            {
                "id": 18195361711010534,
                "created_at": 1613962742,
                "text": "@jenildahomedecor check dm",
                "owner": {
                    "id": "31345321949",
                    "is_verified": false,
                    "profile_pic_url": "https://instagram.fagc2-1.fna.fbcdn.net/v/t51.2885-19/s150x150/104655610_734890267265839_7042082510067431729_n.jpg?tp=1&_nc_ht=instagram.fagc2-1.fna.fbcdn.net&_nc_ohc=Q9yxDDyzyrwAX9Xuts8&ccb=7-4&oh=d86b1b6d639825b0f55d29acf1a38f6f&oe=608866EF&_nc_sid=9fb510",
                    "username": "airpods_case_1"
                },
                "likes_count": 0
            }
        ]
    },
    {
        "id": 17888072998965057,
        "created_at": 1612520014,
        "text": "Price",
        "owner": {
            "id": "11363707911",
            "is_verified": false,
            "profile_pic_url": "https://instagram.ftow3-1.fna.fbcdn.net/v/t51.2885-19/44884218_345707102882519_2446069589734326272_n.jpg?_nc_ht=instagram.ftow3-1.fna.fbcdn.net&_nc_ohc=hLTkwc3uTqUAX9fkcvV&ccb=7-4&oh=3a8435a1ada52e991a8e4cfbd8086479&oe=6087738F&_nc_sid=9a90d6&ig_cache_key=YW5vbnltb3VzX3Byb2ZpbGVfcGlj.2-ccb7-4",
            "username": "yadovanshibhawna31"
        },
        "likes_count": 0,
        "answers": [
            {
                "id": 17895430588807139,
                "created_at": 1612520500,
                "text": "@yadovanshibhawna31 check dm",
                "owner": {
                    "id": "31345321949",
                    "is_verified": false,
                    "profile_pic_url": "https://instagram.fagc2-1.fna.fbcdn.net/v/t51.2885-19/s150x150/104655610_734890267265839_7042082510067431729_n.jpg?tp=1&_nc_ht=instagram.fagc2-1.fna.fbcdn.net&_nc_ohc=Q9yxDDyzyrwAX9Xuts8&ccb=7-4&oh=d86b1b6d639825b0f55d29acf1a38f6f&oe=608866EF&_nc_sid=9fb510",
                    "username": "airpods_case_1"
                },
                "likes_count": 1
            }
        ]
    },
    {
        "id": 18138095224080110,
        "created_at": 1612195263,
        "text": "Pp how to order? And cash on delivery?",
        "owner": {
            "id": "3553017806",
            "is_verified": false,
            "profile_pic_url": "https://instagram.fagc2-1.fna.fbcdn.net/v/t51.2885-19/s150x150/128372124_3721580464566539_1899170720899678461_n.jpg?tp=1&_nc_ht=instagram.fagc2-1.fna.fbcdn.net&_nc_ohc=bKGU7tktSiEAX_uOdrJ&ccb=7-4&oh=17457eabb4f3671d7582f0a0c19f1023&oe=608959E8&_nc_sid=9fb510",
            "username": "shrishti.sm28"
        },
        "likes_count": 0,
        "answers": [
            {
                "id": 18145534345190294,
                "created_at": 1612195493,
                "text": "@shrishti.sm28 yes check dm",
                "owner": {
                    "id": "31345321949",
                    "is_verified": false,
                    "profile_pic_url": "https://instagram.fagc2-1.fna.fbcdn.net/v/t51.2885-19/s150x150/104655610_734890267265839_7042082510067431729_n.jpg?tp=1&_nc_ht=instagram.fagc2-1.fna.fbcdn.net&_nc_ohc=Q9yxDDyzyrwAX9Xuts8&ccb=7-4&oh=d86b1b6d639825b0f55d29acf1a38f6f&oe=608866EF&_nc_sid=9fb510",
                    "username": "airpods_case_1"
                },
                "likes_count": 0
            }
        ]
    },
    {
        "id": 17914716094571001,
        "created_at": 1611228128,
        "text": "Pp?",
        "owner": {
            "id": "4923194950",
            "is_verified": false,
            "profile_pic_url": "https://instagram.fagc2-1.fna.fbcdn.net/v/t51.2885-19/s150x150/165269667_259297149183174_5375489238486100862_n.jpg?tp=1&_nc_ht=instagram.fagc2-1.fna.fbcdn.net&_nc_ohc=or_0jSu4LJIAX938wwo&ccb=7-4&oh=b17555df029b9a14d9c11c7eb27d5d94&oe=6088EEE6&_nc_sid=9fb510",
            "username": "hett_mehta"
        },
        "likes_count": 0,
        "answers": [
            {
                "id": 17900668633705780,
                "created_at": 1611230305,
                "text": "@hett_mehta check dm",
                "owner": {
                    "id": "31345321949",
                    "is_verified": false,
                    "profile_pic_url": "https://instagram.fagc2-1.fna.fbcdn.net/v/t51.2885-19/s150x150/104655610_734890267265839_7042082510067431729_n.jpg?tp=1&_nc_ht=instagram.fagc2-1.fna.fbcdn.net&_nc_ohc=Q9yxDDyzyrwAX9Xuts8&ccb=7-4&oh=d86b1b6d639825b0f55d29acf1a38f6f&oe=608866EF&_nc_sid=9fb510",
                    "username": "airpods_case_1"
                },
                "likes_count": 0
            }
        ]
    },
    {
        "id": 17893763305788397,
        "created_at": 1610366271,
        "text": "I wanna order these ! Available in gzb ?",
        "owner": {
            "id": "3172979321",
            "is_verified": false,
            "profile_pic_url": "https://instagram.fagc2-1.fna.fbcdn.net/v/t51.2885-19/s150x150/162091300_121061526640320_5176998726687975082_n.jpg?tp=1&_nc_ht=instagram.fagc2-1.fna.fbcdn.net&_nc_ohc=zmw2jbOhzugAX80H67i&ccb=7-4&oh=e0272a0c77a2c6487ac33ecb057310fe&oe=60861A21&_nc_sid=9fb510",
            "username": "ogmnan"
        },
        "likes_count": 0,
        "answers": [
            {
                "id": 18185633824004880,
                "created_at": 1610366342,
                "text": "@imnan.xo check dm",
                "owner": {
                    "id": "31345321949",
                    "is_verified": false,
                    "profile_pic_url": "https://instagram.fagc2-1.fna.fbcdn.net/v/t51.2885-19/s150x150/104655610_734890267265839_7042082510067431729_n.jpg?tp=1&_nc_ht=instagram.fagc2-1.fna.fbcdn.net&_nc_ohc=Q9yxDDyzyrwAX9Xuts8&ccb=7-4&oh=d86b1b6d639825b0f55d29acf1a38f6f&oe=608866EF&_nc_sid=9fb510",
                    "username": "airpods_case_1"
                },
                "likes_count": 0
            }
        ]
    },
    {
        "id": 17900348497704186,
        "created_at": 1609927111,
        "text": "Pp",
        "owner": {
            "id": "3312108429",
            "is_verified": false,
            "profile_pic_url": "https://instagram.fagc2-1.fna.fbcdn.net/v/t51.2885-19/s150x150/136473105_475759453415445_6651293727592943754_n.jpg?tp=1&_nc_ht=instagram.fagc2-1.fna.fbcdn.net&_nc_ohc=Mxsqukjji4AAX__sK68&ccb=7-4&oh=62004052596fb184af3d8922fe50c421&oe=6086A0FB&_nc_sid=9fb510",
            "username": "vampy_quinn"
        },
        "likes_count": 0,
        "answers": []
    },
    {
        "id": 18044969848282701,
        "created_at": 1609314837,
        "text": "Price pls??",
        "owner": {
            "id": "16404228224",
            "is_verified": false,
            "profile_pic_url": "https://instagram.fagc2-1.fna.fbcdn.net/v/t51.2885-19/s150x150/147892558_1814331025401572_6152019069173967849_n.jpg?tp=1&_nc_ht=instagram.fagc2-1.fna.fbcdn.net&_nc_ohc=TKg7OOVXaPoAX9SKqqU&ccb=7-4&oh=79bffeed7aef952f9e352cc9005bf46f&oe=6087DE0D&_nc_sid=9fb510",
            "username": "_iam__anjali__"
        },
        "likes_count": 0,
        "answers": [
            {
                "id": 17891905852830159,
                "created_at": 1609315266,
                "text": "@_iam__anjali__ check dm",
                "owner": {
                    "id": "31345321949",
                    "is_verified": false,
                    "profile_pic_url": "https://instagram.fagc2-1.fna.fbcdn.net/v/t51.2885-19/s150x150/104655610_734890267265839_7042082510067431729_n.jpg?tp=1&_nc_ht=instagram.fagc2-1.fna.fbcdn.net&_nc_ohc=Q9yxDDyzyrwAX9Xuts8&ccb=7-4&oh=d86b1b6d639825b0f55d29acf1a38f6f&oe=608866EF&_nc_sid=9fb510",
                    "username": "airpods_case_1"
                },
                "likes_count": 1
            }
        ]
    },
    {
        "id": 18120195385198966,
        "created_at": 1608986504,
        "text": "Is it available",
        "owner": {
            "id": "44650141690",
            "is_verified": false,
            "profile_pic_url": "https://instagram.fagc2-1.fna.fbcdn.net/v/t51.2885-19/s150x150/149370648_466261094532529_6694557631789710234_n.jpg?tp=1&_nc_ht=instagram.fagc2-1.fna.fbcdn.net&_nc_ohc=VIfFAP9DRfwAX8FjN_g&ccb=7-4&oh=5f06b6151876185dc23f2e8251fbc56b&oe=6086DDE6&_nc_sid=9fb510",
            "username": "692malak"
        },
        "likes_count": 0,
        "answers": []
    },
    {
        "id": 17934101644439014,
        "created_at": 1608908523,
        "text": "Pp",
        "owner": {
            "id": "41777459115",
            "is_verified": false,
            "profile_pic_url": "https://instagram.fagc2-1.fna.fbcdn.net/v/t51.2885-19/s150x150/155244535_256715315955865_1300498542342936021_n.jpg?tp=1&_nc_ht=instagram.fagc2-1.fna.fbcdn.net&_nc_ohc=-XrKygVEKdIAX82V0uG&ccb=7-4&oh=0dc527dccaf80008611d58b21a8fa252&oe=608692BF&_nc_sid=9fb510",
            "username": "thari_handmade"
        },
        "likes_count": 0,
        "answers": [
            {
                "id": 17902783501616118,
                "created_at": 1608909025,
                "text": "@thari_handmade check dm",
                "owner": {
                    "id": "31345321949",
                    "is_verified": false,
                    "profile_pic_url": "https://instagram.fagc2-1.fna.fbcdn.net/v/t51.2885-19/s150x150/104655610_734890267265839_7042082510067431729_n.jpg?tp=1&_nc_ht=instagram.fagc2-1.fna.fbcdn.net&_nc_ohc=Q9yxDDyzyrwAX9Xuts8&ccb=7-4&oh=d86b1b6d639825b0f55d29acf1a38f6f&oe=608866EF&_nc_sid=9fb510",
                    "username": "airpods_case_1"
                },
                "likes_count": 0
            }
        ]
    },
    {
        "id": 17847216995467142,
        "created_at": 1607694648,
        "text": "Price",
        "owner": {
            "id": "1269429414",
            "is_verified": false,
            "profile_pic_url": "https://instagram.fagc2-1.fna.fbcdn.net/v/t51.2885-19/s150x150/141458457_998258221002183_8018994882179157282_n.jpg?tp=1&_nc_ht=instagram.fagc2-1.fna.fbcdn.net&_nc_ohc=yKDonzCZ1E0AX9u_TKG&ccb=7-4&oh=45c1394ed0de873d674a2d6af0d742f7&oe=6089D59D&_nc_sid=9fb510",
            "username": "dr._mayanksri"
        },
        "likes_count": 0,
        "answers": [
            {
                "id": 17938297552426705,
                "created_at": 1607695939,
                "text": "@airpods_case_1 didn't get any msg bro",
                "owner": {
                    "id": "1269429414",
                    "is_verified": false,
                    "profile_pic_url": "https://instagram.fagc2-1.fna.fbcdn.net/v/t51.2885-19/s150x150/141458457_998258221002183_8018994882179157282_n.jpg?tp=1&_nc_ht=instagram.fagc2-1.fna.fbcdn.net&_nc_ohc=yKDonzCZ1E0AX9u_TKG&ccb=7-4&oh=45c1394ed0de873d674a2d6af0d742f7&oe=6089D59D&_nc_sid=9fb510",
                    "username": "dr._mayanksri"
                },
                "likes_count": 0
            },
            {
                "id": 17876147921034437,
                "created_at": 1607695607,
                "text": "@dr._mayanksri check dm",
                "owner": {
                    "id": "31345321949",
                    "is_verified": false,
                    "profile_pic_url": "https://instagram.fagc2-1.fna.fbcdn.net/v/t51.2885-19/s150x150/104655610_734890267265839_7042082510067431729_n.jpg?tp=1&_nc_ht=instagram.fagc2-1.fna.fbcdn.net&_nc_ohc=Q9yxDDyzyrwAX9Xuts8&ccb=7-4&oh=d86b1b6d639825b0f55d29acf1a38f6f&oe=608866EF&_nc_sid=9fb510",
                    "username": "airpods_case_1"
                },
                "likes_count": 0
            }
        ]
    },
    {
        "id": 17884591939868753,
        "created_at": 1606661416,
        "text": "price\uff1f",
        "owner": {
            "id": "7012728989",
            "is_verified": false,
            "profile_pic_url": "https://instagram.fagc2-1.fna.fbcdn.net/v/t51.2885-19/s150x150/135332047_1074960612979815_1088694970996749812_n.jpg?tp=1&_nc_ht=instagram.fagc2-1.fna.fbcdn.net&_nc_ohc=NUP9nHyiGakAX9nlJmg&ccb=7-4&oh=75c4d94a0ffbadc08e3213a408e5de5d&oe=6086B7D0&_nc_sid=9fb510",
            "username": "is.aabella_l"
        },
        "likes_count": 0,
        "answers": [
            {
                "id": 17902748413607543,
                "created_at": 1606662058,
                "text": "@is.aabella_l check dm",
                "owner": {
                    "id": "31345321949",
                    "is_verified": false,
                    "profile_pic_url": "https://instagram.fagc2-1.fna.fbcdn.net/v/t51.2885-19/s150x150/104655610_734890267265839_7042082510067431729_n.jpg?tp=1&_nc_ht=instagram.fagc2-1.fna.fbcdn.net&_nc_ohc=Q9yxDDyzyrwAX9Xuts8&ccb=7-4&oh=d86b1b6d639825b0f55d29acf1a38f6f&oe=608866EF&_nc_sid=9fb510",
                    "username": "airpods_case_1"
                },
                "likes_count": 0
            }
        ]
    },
    {
        "id": 17901125614613195,
        "created_at": 1605953881,
        "text": "Pp pls?",
        "owner": {
            "id": "1819787022",
            "is_verified": false,
            "profile_pic_url": "https://instagram.fagc2-1.fna.fbcdn.net/v/t51.2885-19/s150x150/154436019_206918664512692_995596370265266982_n.jpg?tp=1&_nc_ht=instagram.fagc2-1.fna.fbcdn.net&_nc_ohc=O3IWNpOgbBAAX-LETlU&ccb=7-4&oh=27c6be889c33a8e85adeb11c12ec853a&oe=60883A31&_nc_sid=9fb510",
            "username": "sunehamittal"
        },
        "likes_count": 0,
        "answers": [
            {
                "id": 17858758043313858,
                "created_at": 1605955083,
                "text": "@sunehamittal check dm",
                "owner": {
                    "id": "31345321949",
                    "is_verified": false,
                    "profile_pic_url": "https://instagram.fagc2-1.fna.fbcdn.net/v/t51.2885-19/s150x150/104655610_734890267265839_7042082510067431729_n.jpg?tp=1&_nc_ht=instagram.fagc2-1.fna.fbcdn.net&_nc_ohc=Q9yxDDyzyrwAX9Xuts8&ccb=7-4&oh=d86b1b6d639825b0f55d29acf1a38f6f&oe=608866EF&_nc_sid=9fb510",
                    "username": "airpods_case_1"
                },
                "likes_count": 0
            }
        ]
    },
    {
        "id": 17860509542255495,
        "created_at": 1605919137,
        "text": "Pp",
        "owner": {
            "id": "2039466224",
            "is_verified": false,
            "profile_pic_url": "https://instagram.fagc2-1.fna.fbcdn.net/v/t51.2885-19/s150x150/162984230_172332591370338_178039709285094682_n.jpg?tp=1&_nc_ht=instagram.fagc2-1.fna.fbcdn.net&_nc_ohc=rg8ed0j3ri4AX_dNlMK&ccb=7-4&oh=afe89221fd97f0bc40faa0c62a24ac0f&oe=6088E5D0&_nc_sid=9fb510",
            "username": "taniyadas813"
        },
        "likes_count": 0,
        "answers": [
            {
                "id": 18175025749014671,
                "created_at": 1605934149,
                "text": "@taniyadas813 check dm",
                "owner": {
                    "id": "31345321949",
                    "is_verified": false,
                    "profile_pic_url": "https://instagram.fagc2-1.fna.fbcdn.net/v/t51.2885-19/s150x150/104655610_734890267265839_7042082510067431729_n.jpg?tp=1&_nc_ht=instagram.fagc2-1.fna.fbcdn.net&_nc_ohc=Q9yxDDyzyrwAX9Xuts8&ccb=7-4&oh=d86b1b6d639825b0f55d29acf1a38f6f&oe=608866EF&_nc_sid=9fb510",
                    "username": "airpods_case_1"
                },
                "likes_count": 0
            }
        ]
    },
    {
        "id": 17870762270095405,
        "created_at": 1605723217,
        "text": "Cost pls",
        "owner": {
            "id": "5620580705",
            "is_verified": false,
            "profile_pic_url": "https://instagram.fagc2-1.fna.fbcdn.net/v/t51.2885-19/s150x150/117865356_3536318309731858_1704559346798945012_n.jpg?tp=1&_nc_ht=instagram.fagc2-1.fna.fbcdn.net&_nc_ohc=VrIpYtoTmFwAX8Ko62z&ccb=7-4&oh=d883086db377ed6966936dc46f971eef&oe=608828FA&_nc_sid=9fb510",
            "username": "dr_priyank_prasann"
        },
        "likes_count": 0,
        "answers": [
            {
                "id": 17851996043338909,
                "created_at": 1605723264,
                "text": "@dr_priyank_prasann check dm",
                "owner": {
                    "id": "31345321949",
                    "is_verified": false,
                    "profile_pic_url": "https://instagram.fagc2-1.fna.fbcdn.net/v/t51.2885-19/s150x150/104655610_734890267265839_7042082510067431729_n.jpg?tp=1&_nc_ht=instagram.fagc2-1.fna.fbcdn.net&_nc_ohc=Q9yxDDyzyrwAX9Xuts8&ccb=7-4&oh=d86b1b6d639825b0f55d29acf1a38f6f&oe=608866EF&_nc_sid=9fb510",
                    "username": "airpods_case_1"
                },
                "likes_count": 0
            }
        ]
    },
    {
        "id": 18033808099287755,
        "created_at": 1605720126,
        "text": "Price",
        "owner": {
            "id": "5894530257",
            "is_verified": false,
            "profile_pic_url": "https://instagram.fagc2-1.fna.fbcdn.net/v/t51.2885-19/s150x150/147053983_446772606476663_3579224944868859499_n.jpg?tp=1&_nc_ht=instagram.fagc2-1.fna.fbcdn.net&_nc_ohc=uKzIDBu5Eq4AX_vc4Ek&ccb=7-4&oh=56742caa9ced2a3618d2b88a69a8165a&oe=608931B9&_nc_sid=9fb510",
            "username": "preetzzzzzzzz_"
        },
        "likes_count": 0,
        "answers": [
            {
                "id": 17877899206950962,
                "created_at": 1605721818,
                "text": "@preetzzzzzzzz_ check dm",
                "owner": {
                    "id": "31345321949",
                    "is_verified": false,
                    "profile_pic_url": "https://instagram.fagc2-1.fna.fbcdn.net/v/t51.2885-19/s150x150/104655610_734890267265839_7042082510067431729_n.jpg?tp=1&_nc_ht=instagram.fagc2-1.fna.fbcdn.net&_nc_ohc=Q9yxDDyzyrwAX9Xuts8&ccb=7-4&oh=d86b1b6d639825b0f55d29acf1a38f6f&oe=608866EF&_nc_sid=9fb510",
                    "username": "airpods_case_1"
                },
                "likes_count": 0
            }
        ]
    },
    {
        "id": 18142272481129426,
        "created_at": 1604824236,
        "text": "Po",
        "owner": {
            "id": "15778689924",
            "is_verified": false,
            "profile_pic_url": "https://instagram.fagc2-1.fna.fbcdn.net/v/t51.2885-19/s150x150/105486425_2708345286071932_4269782206609711875_n.jpg?tp=1&_nc_ht=instagram.fagc2-1.fna.fbcdn.net&_nc_ohc=7rY9iYSYh9IAX-h-KVa&ccb=7-4&oh=56452302671e538329ed323558e38642&oe=608818C7&_nc_sid=9fb510",
            "username": "yummy_diariez"
        },
        "likes_count": 0,
        "answers": [
            {
                "id": 17896492105654297,
                "created_at": 1604825487,
                "text": "@yummy_diariez check dm",
                "owner": {
                    "id": "31345321949",
                    "is_verified": false,
                    "profile_pic_url": "https://instagram.fagc2-1.fna.fbcdn.net/v/t51.2885-19/s150x150/104655610_734890267265839_7042082510067431729_n.jpg?tp=1&_nc_ht=instagram.fagc2-1.fna.fbcdn.net&_nc_ohc=Q9yxDDyzyrwAX9Xuts8&ccb=7-4&oh=d86b1b6d639825b0f55d29acf1a38f6f&oe=608866EF&_nc_sid=9fb510",
                    "username": "airpods_case_1"
                },
                "likes_count": 0
            }
        ]
    },
    {
        "id": 17867826473106516,
        "created_at": 1604345950,
        "text": "Price?",
        "owner": {
            "id": "30095006909",
            "is_verified": false,
            "profile_pic_url": "https://instagram.fagc2-1.fna.fbcdn.net/v/t51.2885-19/s150x150/128858254_474964146824054_7099152322527602087_n.jpg?tp=1&_nc_ht=instagram.fagc2-1.fna.fbcdn.net&_nc_ohc=tcdHxwyZcREAX9McPi-&ccb=7-4&oh=b380f958fdd93ea1c66e3d864bd24387&oe=6086B987&_nc_sid=9fb510",
            "username": "fizifari"
        },
        "likes_count": 0,
        "answers": []
    },
    {
        "id": 17864849315146108,
        "created_at": 1604229419,
        "text": "Pp?",
        "owner": {
            "id": "5791801572",
            "is_verified": false,
            "profile_pic_url": "https://instagram.fagc2-1.fna.fbcdn.net/v/t51.2885-19/s150x150/142139735_226637682344929_3370603881485433527_n.jpg?tp=1&_nc_ht=instagram.fagc2-1.fna.fbcdn.net&_nc_ohc=_4jqBDy03yoAX-Wl3K6&ccb=7-4&oh=50c82869f758b1ac8702c4c35265f3b7&oe=6086CE0C&_nc_sid=9fb510",
            "username": "mahekk_lakhwani"
        },
        "likes_count": 0,
        "answers": [
            {
                "id": 18172903408034549,
                "created_at": 1604230673,
                "text": "@mahekk_lakhwani check dm",
                "owner": {
                    "id": "31345321949",
                    "is_verified": false,
                    "profile_pic_url": "https://instagram.fagc2-1.fna.fbcdn.net/v/t51.2885-19/s150x150/104655610_734890267265839_7042082510067431729_n.jpg?tp=1&_nc_ht=instagram.fagc2-1.fna.fbcdn.net&_nc_ohc=Q9yxDDyzyrwAX9Xuts8&ccb=7-4&oh=d86b1b6d639825b0f55d29acf1a38f6f&oe=608866EF&_nc_sid=9fb510",
                    "username": "airpods_case_1"
                },
                "likes_count": 0
            }
        ]
    },
    {
        "id": 17886578167765907,
        "created_at": 1603356634,
        "text": "Pp",
        "owner": {
            "id": "3438340363",
            "is_verified": false,
            "profile_pic_url": "https://instagram.fagc2-1.fna.fbcdn.net/v/t51.2885-19/s150x150/139914696_336782817385429_351234697940458516_n.jpg?tp=1&_nc_ht=instagram.fagc2-1.fna.fbcdn.net&_nc_ohc=a4ThuEka6ekAX8oIv_3&ccb=7-4&oh=24774f6c61caf3e385601b79488661ab&oe=6088595B&_nc_sid=9fb510",
            "username": "bhutanibobby"
        },
        "likes_count": 0,
        "answers": [
            {
                "id": 17864283287141337,
                "created_at": 1603357062,
                "text": "@bhutanibobby check dm",
                "owner": {
                    "id": "31345321949",
                    "is_verified": false,
                    "profile_pic_url": "https://instagram.fagc2-1.fna.fbcdn.net/v/t51.2885-19/s150x150/104655610_734890267265839_7042082510067431729_n.jpg?tp=1&_nc_ht=instagram.fagc2-1.fna.fbcdn.net&_nc_ohc=Q9yxDDyzyrwAX9Xuts8&ccb=7-4&oh=d86b1b6d639825b0f55d29acf1a38f6f&oe=608866EF&_nc_sid=9fb510",
                    "username": "airpods_case_1"
                },
                "likes_count": 0
            }
        ]
    },
    {
        "id": 17873603251972709,
        "created_at": 1602945478,
        "text": "Pp",
        "owner": {
            "id": "1367794488",
            "is_verified": false,
            "profile_pic_url": "https://instagram.fagc2-1.fna.fbcdn.net/v/t51.2885-19/s150x150/122586210_2784091915212174_2354337950320547160_n.jpg?tp=1&_nc_ht=instagram.fagc2-1.fna.fbcdn.net&_nc_ohc=M1par19sN5MAX8leX5k&ccb=7-4&oh=6586ad8a40a07e1e89d9b7484df10146&oe=6086398E&_nc_sid=9fb510",
            "username": "nimi_chawla"
        },
        "likes_count": 0,
        "answers": [
            {
                "id": 17869807397045676,
                "created_at": 1602949255,
                "text": "@nimi_chawla check dm",
                "owner": {
                    "id": "31345321949",
                    "is_verified": false,
                    "profile_pic_url": "https://instagram.fagc2-1.fna.fbcdn.net/v/t51.2885-19/s150x150/104655610_734890267265839_7042082510067431729_n.jpg?tp=1&_nc_ht=instagram.fagc2-1.fna.fbcdn.net&_nc_ohc=Q9yxDDyzyrwAX9Xuts8&ccb=7-4&oh=d86b1b6d639825b0f55d29acf1a38f6f&oe=608866EF&_nc_sid=9fb510",
                    "username": "airpods_case_1"
                },
                "likes_count": 0
            }
        ]
    },
    {
        "id": 18128097652186024,
        "created_at": 1602595222,
        "text": "pp",
        "owner": {
            "id": "38985368609",
            "is_verified": false,
            "profile_pic_url": "https://instagram.fagc2-1.fna.fbcdn.net/v/t51.2885-19/s150x150/159598704_711181189575003_2615577645140912871_n.jpg?tp=1&_nc_ht=instagram.fagc2-1.fna.fbcdn.net&_nc_ohc=BjeqUpHebckAX92D-tw&ccb=7-4&oh=2e104d3b423d91e281bf189509637fbf&oe=6088421B&_nc_sid=9fb510",
            "username": "ravleenkaur000"
        },
        "likes_count": 0,
        "answers": [
            {
                "id": 18127653691187869,
                "created_at": 1602599162,
                "text": "@ravleenkaur000 check dm",
                "owner": {
                    "id": "31345321949",
                    "is_verified": false,
                    "profile_pic_url": "https://instagram.fagc2-1.fna.fbcdn.net/v/t51.2885-19/s150x150/104655610_734890267265839_7042082510067431729_n.jpg?tp=1&_nc_ht=instagram.fagc2-1.fna.fbcdn.net&_nc_ohc=Q9yxDDyzyrwAX9Xuts8&ccb=7-4&oh=d86b1b6d639825b0f55d29acf1a38f6f&oe=608866EF&_nc_sid=9fb510",
                    "username": "airpods_case_1"
                },
                "likes_count": 1
            }
        ]
    },
    {
        "id": 17852437247321932,
        "created_at": 1602254701,
        "text": "Price please?",
        "owner": {
            "id": "2230261579",
            "is_verified": false,
            "profile_pic_url": "https://instagram.fagc2-1.fna.fbcdn.net/v/t51.2885-19/s150x150/125443453_1693353364158040_1150929332854143893_n.jpg?tp=1&_nc_ht=instagram.fagc2-1.fna.fbcdn.net&_nc_ohc=pVOhHMHXg-YAX9nYNbd&ccb=7-4&oh=b2faab6b8fc92d4b934ec2f8e9320673&oe=60877FC0&_nc_sid=9fb510",
            "username": "sahithi.deshapathi"
        },
        "likes_count": 0,
        "answers": [
            {
                "id": 17899778440582502,
                "created_at": 1602258064,
                "text": "@sahithi.deshapathi check dm",
                "owner": {
                    "id": "31345321949",
                    "is_verified": false,
                    "profile_pic_url": "https://instagram.fagc2-1.fna.fbcdn.net/v/t51.2885-19/s150x150/104655610_734890267265839_7042082510067431729_n.jpg?tp=1&_nc_ht=instagram.fagc2-1.fna.fbcdn.net&_nc_ohc=Q9yxDDyzyrwAX9Xuts8&ccb=7-4&oh=d86b1b6d639825b0f55d29acf1a38f6f&oe=608866EF&_nc_sid=9fb510",
                    "username": "airpods_case_1"
                },
                "likes_count": 0
            }
        ]
    },
    {
        "id": 17863675175090999,
        "created_at": 1602248235,
        "text": "Pp",
        "owner": {
            "id": "482544622",
            "is_verified": false,
            "profile_pic_url": "https://instagram.fagc2-1.fna.fbcdn.net/v/t51.2885-19/s150x150/92572427_2546474342349136_7104801842403475456_n.jpg?tp=1&_nc_ht=instagram.fagc2-1.fna.fbcdn.net&_nc_ohc=MUfWg7mw_1QAX_9Arwl&ccb=7-4&oh=0d10964f18ad0c659a4f98ac6c5c6470&oe=6086B95C&_nc_sid=9fb510",
            "username": "shrutimairsharad"
        },
        "likes_count": 0,
        "answers": []
    },
    {
        "id": 17904484612541182,
        "created_at": 1601475375,
        "text": "Pp",
        "owner": {
            "id": "541046738",
            "is_verified": false,
            "profile_pic_url": "https://instagram.fagc2-1.fna.fbcdn.net/v/t51.2885-19/s150x150/29738748_561098640925268_7125196717946830848_n.jpg?tp=1&_nc_ht=instagram.fagc2-1.fna.fbcdn.net&_nc_ohc=SfOxsrTXbcQAX_oct7i&ccb=7-4&oh=469d4150b71406de3f747fd2987f4b47&oe=608628E1&_nc_sid=9fb510",
            "username": "sarika_madan"
        },
        "likes_count": 0,
        "answers": [
            {
                "id": 17960214034350766,
                "created_at": 1601475711,
                "text": "@sarika_madan check again",
                "owner": {
                    "id": "31345321949",
                    "profile_pic_url": "https://instagram.fagc2-1.fna.fbcdn.net/v/t51.2885-19/s150x150/104655610_734890267265839_7042082510067431729_n.jpg?tp=1&_nc_ht=instagram.fagc2-1.fna.fbcdn.net&_nc_ohc=Q9yxDDyzyrwAX9Xuts8&ccb=7-4&oh=d86b1b6d639825b0f55d29acf1a38f6f&oe=608866EF&_nc_sid=3f1853",
                    "username": "airpods_case_1"
                },
                "likes_count": 0
            },
            {
                "id": 17898682351572831,
                "created_at": 1601475599,
                "text": "@sarika_madan check your dm",
                "owner": {
                    "id": "31345321949",
                    "profile_pic_url": "https://instagram.fagc2-1.fna.fbcdn.net/v/t51.2885-19/s150x150/104655610_734890267265839_7042082510067431729_n.jpg?tp=1&_nc_ht=instagram.fagc2-1.fna.fbcdn.net&_nc_ohc=Q9yxDDyzyrwAX9Xuts8&ccb=7-4&oh=d86b1b6d639825b0f55d29acf1a38f6f&oe=608866EF&_nc_sid=3f1853",
                    "username": "airpods_case_1"
                },
                "likes_count": 0
            },
            {
                "id": 17884151011750791,
                "created_at": 1601475653,
                "text": "@airpods_case_1 didn\u2019t get message",
                "owner": {
                    "id": "541046738",
                    "profile_pic_url": "https://instagram.fagc2-1.fna.fbcdn.net/v/t51.2885-19/s150x150/29738748_561098640925268_7125196717946830848_n.jpg?tp=1&_nc_ht=instagram.fagc2-1.fna.fbcdn.net&_nc_ohc=SfOxsrTXbcQAX_oct7i&ccb=7-4&oh=469d4150b71406de3f747fd2987f4b47&oe=608628E1&_nc_sid=3f1853",
                    "username": "sarika_madan"
                },
                "likes_count": 0
            },
            {
                "id": 17870919262957092,
                "created_at": 1601475875,
                "text": "@airpods_case_1 didn\u2019t get",
                "owner": {
                    "id": "541046738",
                    "profile_pic_url": "https://instagram.fagc2-1.fna.fbcdn.net/v/t51.2885-19/s150x150/29738748_561098640925268_7125196717946830848_n.jpg?tp=1&_nc_ht=instagram.fagc2-1.fna.fbcdn.net&_nc_ohc=SfOxsrTXbcQAX_oct7i&ccb=7-4&oh=469d4150b71406de3f747fd2987f4b47&oe=608628E1&_nc_sid=3f1853",
                    "username": "sarika_madan"
                },
                "likes_count": 0
            }
        ]
    },
    {
        "id": 17856981974190344,
        "created_at": 1601223660,
        "text": "price",
        "owner": {
            "id": "1356208476",
            "is_verified": false,
            "profile_pic_url": "https://instagram.fagc2-1.fna.fbcdn.net/v/t51.2885-19/s150x150/140544808_224813382511759_1208616447895874270_n.jpg?tp=1&_nc_ht=instagram.fagc2-1.fna.fbcdn.net&_nc_ohc=cgWdKrjPhc8AX9e4fTG&ccb=7-4&oh=f41973bec26422e313e9c2db5873d91e&oe=6088E4F7&_nc_sid=9fb510",
            "username": "bani_kalra14"
        },
        "likes_count": 0,
        "answers": [
            {
                "id": 17853029642268892,
                "created_at": 1601225792,
                "text": "@bani_kalra14 check your dm",
                "owner": {
                    "id": "31345321949",
                    "is_verified": false,
                    "profile_pic_url": "https://instagram.fagc2-1.fna.fbcdn.net/v/t51.2885-19/s150x150/104655610_734890267265839_7042082510067431729_n.jpg?tp=1&_nc_ht=instagram.fagc2-1.fna.fbcdn.net&_nc_ohc=Q9yxDDyzyrwAX9Xuts8&ccb=7-4&oh=d86b1b6d639825b0f55d29acf1a38f6f&oe=608866EF&_nc_sid=9fb510",
                    "username": "airpods_case_1"
                },
                "likes_count": 0
            }
        ]
    },
    {
        "id": 17928463462429674,
        "created_at": 1601055233,
        "text": "How much",
        "owner": {
            "id": "5888401109",
            "is_verified": false,
            "profile_pic_url": "https://instagram.fagc2-1.fna.fbcdn.net/v/t51.2885-19/s150x150/163983485_180124770420249_1361043005953153938_n.jpg?tp=1&_nc_ht=instagram.fagc2-1.fna.fbcdn.net&_nc_ohc=oMk64GzKka4AX_11Dev&ccb=7-4&oh=0a8d878a9428abe8016596072b3769f9&oe=6088925F&_nc_sid=9fb510",
            "username": "offical_arnav0002"
        },
        "likes_count": 1,
        "answers": [
            {
                "id": 18046090102271567,
                "created_at": 1601055248,
                "text": "@offical_arnav02 check your dm",
                "owner": {
                    "id": "31345321949",
                    "is_verified": false,
                    "profile_pic_url": "https://instagram.fagc2-1.fna.fbcdn.net/v/t51.2885-19/s150x150/104655610_734890267265839_7042082510067431729_n.jpg?tp=1&_nc_ht=instagram.fagc2-1.fna.fbcdn.net&_nc_ohc=Q9yxDDyzyrwAX9Xuts8&ccb=7-4&oh=d86b1b6d639825b0f55d29acf1a38f6f&oe=608866EF&_nc_sid=9fb510",
                    "username": "airpods_case_1"
                },
                "likes_count": 0
            }
        ]
    },
    {
        "id": 17855068331188009,
        "created_at": 1599587693,
        "text": "How much ?",
        "owner": {
            "id": "2053618708",
            "is_verified": false,
            "profile_pic_url": "https://instagram.fagc2-1.fna.fbcdn.net/v/t51.2885-19/s150x150/21042231_111887929503215_4284276753033068544_a.jpg?tp=1&_nc_ht=instagram.fagc2-1.fna.fbcdn.net&_nc_ohc=ibgKG0q-Z4EAX-wk4yk&ccb=7-4&oh=b0e24684a899eac2cb8705b6bfe099c2&oe=6086BA6E&_nc_sid=9fb510",
            "username": "payalkalradumra"
        },
        "likes_count": 0,
        "answers": [
            {
                "id": 17866098404034496,
                "created_at": 1599588372,
                "text": "@payalkalradumra check your inbox",
                "owner": {
                    "id": "31345321949",
                    "is_verified": false,
                    "profile_pic_url": "https://instagram.fagc2-1.fna.fbcdn.net/v/t51.2885-19/s150x150/104655610_734890267265839_7042082510067431729_n.jpg?tp=1&_nc_ht=instagram.fagc2-1.fna.fbcdn.net&_nc_ohc=Q9yxDDyzyrwAX9Xuts8&ccb=7-4&oh=d86b1b6d639825b0f55d29acf1a38f6f&oe=608866EF&_nc_sid=9fb510",
                    "username": "airpods_case_1"
                },
                "likes_count": 0
            }
        ]
    }
]