[
    {
        "id": 17916055168610047,
        "created_at": 1616051278,
        "text": "Heyy..i just wanted to know the price and if the top third one(gucci) is available for airpods 1/2?",
        "owner": {
            "id": "2293207518",
            "is_verified": false,
            "profile_pic_url": "https://instagram.fagc2-1.fna.fbcdn.net/v/t51.2885-19/s150x150/161751623_560645314913991_5729174230625122492_n.jpg?tp=1&_nc_ht=instagram.fagc2-1.fna.fbcdn.net&_nc_ohc=XBjJOICwzucAX-vZLSg&ccb=7-4&oh=c7d85fc2dc8ce86de3c757956a57cacf&oe=6087EC1F&_nc_sid=9fb510",
            "username": "sanand_deep"
        },
        "likes_count": 0,
        "answers": [
            {
                "id": 17898687007826816,
                "created_at": 1616058344,
                "text": "@sanand_deep not available",
                "owner": {
                    "id": "31345321949",
                    "is_verified": false,
                    "profile_pic_url": "https://instagram.fagc2-1.fna.fbcdn.net/v/t51.2885-19/s150x150/104655610_734890267265839_7042082510067431729_n.jpg?tp=1&_nc_ht=instagram.fagc2-1.fna.fbcdn.net&_nc_ohc=Q9yxDDyzyrwAX9Xuts8&ccb=7-4&oh=d86b1b6d639825b0f55d29acf1a38f6f&oe=608866EF&_nc_sid=9fb510",
                    "username": "airpods_case_1"
                },
                "likes_count": 0
            }
        ]
    },
    {
        "id": 17858184488466784,
        "created_at": 1615521263,
        "text": "Price",
        "owner": {
            "id": "6181435606",
            "is_verified": false,
            "profile_pic_url": "https://instagram.fagc2-1.fna.fbcdn.net/v/t51.2885-19/s150x150/131584426_259731862249396_4111098529106964174_n.jpg?tp=1&_nc_ht=instagram.fagc2-1.fna.fbcdn.net&_nc_ohc=fV_dumEvewMAX-jxUZp&ccb=7-4&oh=d8e944c3788ac3b81369131722c7c699&oe=6089CCCA&_nc_sid=9fb510",
            "username": "richie_g40"
        },
        "likes_count": 0,
        "answers": [
            {
                "id": 17864913809474815,
                "created_at": 1615522136,
                "text": "@richie_g40 check dm",
                "owner": {
                    "id": "31345321949",
                    "is_verified": false,
                    "profile_pic_url": "https://instagram.fagc2-1.fna.fbcdn.net/v/t51.2885-19/s150x150/104655610_734890267265839_7042082510067431729_n.jpg?tp=1&_nc_ht=instagram.fagc2-1.fna.fbcdn.net&_nc_ohc=Q9yxDDyzyrwAX9Xuts8&ccb=7-4&oh=d86b1b6d639825b0f55d29acf1a38f6f&oe=608866EF&_nc_sid=9fb510",
                    "username": "airpods_case_1"
                },
                "likes_count": 0
            }
        ]
    },
    {
        "id": 18068068675265205,
        "created_at": 1613654720,
        "text": "Hm",
        "owner": {
            "id": "1447892732",
            "is_verified": false,
            "profile_pic_url": "https://instagram.fagc2-1.fna.fbcdn.net/v/t51.2885-19/s150x150/160336434_552940232289366_757963679844640029_n.jpg?tp=1&_nc_ht=instagram.fagc2-1.fna.fbcdn.net&_nc_ohc=FUeVi0TA8ZkAX-cX6g1&ccb=7-4&oh=92f9669b765ce450a23677e14e8fa2c4&oe=6089724D&_nc_sid=9fb510",
            "username": "adham_faragg"
        },
        "likes_count": 0,
        "answers": []
    },
    {
        "id": 17894572120863058,
        "created_at": 1612171854,
        "text": "How much?",
        "owner": {
            "id": "3478560041",
            "is_verified": false,
            "profile_pic_url": "https://instagram.fagc2-1.fna.fbcdn.net/v/t51.2885-19/s150x150/146033666_1325246404507176_3297716949944957224_n.jpg?tp=1&_nc_ht=instagram.fagc2-1.fna.fbcdn.net&_nc_ohc=jhLMzr6w_d8AX92adu0&ccb=7-4&oh=4940feb4aa4aada8548d7be963081a48&oe=60893E83&_nc_sid=9fb510",
            "username": "pt_of_lebanon"
        },
        "likes_count": 0,
        "answers": []
    },
    {
        "id": 18144955576141166,
        "created_at": 1611508815,
        "text": "Price",
        "owner": {
            "id": "3928851004",
            "is_verified": false,
            "profile_pic_url": "https://instagram.fagc2-1.fna.fbcdn.net/v/t51.2885-19/s150x150/132087006_2828785764114429_922824210550267694_n.jpg?tp=1&_nc_ht=instagram.fagc2-1.fna.fbcdn.net&_nc_ohc=dDowdGCxe6IAX_LXFW-&ccb=7-4&oh=37168d38ac2cc1a26e73d698d1d60a7d&oe=6087A62F&_nc_sid=9fb510",
            "username": "rooshabh_.k"
        },
        "likes_count": 0,
        "answers": [
            {
                "id": 17878076054112973,
                "created_at": 1611511250,
                "text": "@rooshabh_.k check dm",
                "owner": {
                    "id": "31345321949",
                    "is_verified": false,
                    "profile_pic_url": "https://instagram.fagc2-1.fna.fbcdn.net/v/t51.2885-19/s150x150/104655610_734890267265839_7042082510067431729_n.jpg?tp=1&_nc_ht=instagram.fagc2-1.fna.fbcdn.net&_nc_ohc=Q9yxDDyzyrwAX9Xuts8&ccb=7-4&oh=d86b1b6d639825b0f55d29acf1a38f6f&oe=608866EF&_nc_sid=9fb510",
                    "username": "airpods_case_1"
                },
                "likes_count": 0
            }
        ]
    },
    {
        "id": 17858255804429025,
        "created_at": 1611324221,
        "text": "price",
        "owner": {
            "id": "4746919728",
            "is_verified": false,
            "profile_pic_url": "https://instagram.fagc2-1.fna.fbcdn.net/v/t51.2885-19/s150x150/156798259_1352699691768445_3689365524493663220_n.jpg?tp=1&_nc_ht=instagram.fagc2-1.fna.fbcdn.net&_nc_ohc=Tar9NzP2C3QAX8pOnDt&ccb=7-4&oh=ddf8c4343686abcc455a861174fbf497&oe=60898DC0&_nc_sid=9fb510",
            "username": "_ahmadsudais"
        },
        "likes_count": 0,
        "answers": []
    },
    {
        "id": 17953455274391575,
        "created_at": 1611324219,
        "text": "proce",
        "owner": {
            "id": "4746919728",
            "is_verified": false,
            "profile_pic_url": "https://instagram.fagc2-1.fna.fbcdn.net/v/t51.2885-19/s150x150/156798259_1352699691768445_3689365524493663220_n.jpg?tp=1&_nc_ht=instagram.fagc2-1.fna.fbcdn.net&_nc_ohc=Tar9NzP2C3QAX8pOnDt&ccb=7-4&oh=ddf8c4343686abcc455a861174fbf497&oe=60898DC0&_nc_sid=9fb510",
            "username": "_ahmadsudais"
        },
        "likes_count": 0,
        "answers": []
    },
    {
        "id": 17981743762332505,
        "created_at": 1610429941,
        "text": "Price",
        "owner": {
            "id": "7962398289",
            "is_verified": false,
            "profile_pic_url": "https://instagram.fagc2-1.fna.fbcdn.net/v/t51.2885-19/s150x150/163564923_212160307365000_5239726697571752090_n.jpg?tp=1&_nc_ht=instagram.fagc2-1.fna.fbcdn.net&_nc_ohc=irJ8H4dGU9cAX88ZQfb&ccb=7-4&oh=1addf79a7a76e95c98648eabaae20010&oe=608808FD&_nc_sid=9fb510",
            "username": "ari__.f"
        },
        "likes_count": 0,
        "answers": [
            {
                "id": 17885037172971618,
                "created_at": 1610430082,
                "text": "@sk_zahedi check dm",
                "owner": {
                    "id": "31345321949",
                    "is_verified": false,
                    "profile_pic_url": "https://instagram.fagc2-1.fna.fbcdn.net/v/t51.2885-19/s150x150/104655610_734890267265839_7042082510067431729_n.jpg?tp=1&_nc_ht=instagram.fagc2-1.fna.fbcdn.net&_nc_ohc=Q9yxDDyzyrwAX9Xuts8&ccb=7-4&oh=d86b1b6d639825b0f55d29acf1a38f6f&oe=608866EF&_nc_sid=9fb510",
                    "username": "airpods_case_1"
                },
                "likes_count": 0
            }
        ]
    },
    {
        "id": 17908304608541619,
        "created_at": 1606846282,
        "text": "Price",
        "owner": {
            "id": "3568103443",
            "is_verified": false,
            "profile_pic_url": "https://instagram.fagc2-1.fna.fbcdn.net/v/t51.2885-19/s150x150/138853705_867281504035810_6410388882596951096_n.jpg?tp=1&_nc_ht=instagram.fagc2-1.fna.fbcdn.net&_nc_ohc=4_OYOoNPVw8AX_lKbCh&ccb=7-4&oh=b99abd6c2600fd113ab905aea11dd642&oe=6087D6DA&_nc_sid=9fb510",
            "username": "shubham.siingh"
        },
        "likes_count": 0,
        "answers": [
            {
                "id": 17962461598351591,
                "created_at": 1606846519,
                "text": "@shubham.siingh check dm",
                "owner": {
                    "id": "31345321949",
                    "is_verified": false,
                    "profile_pic_url": "https://instagram.fagc2-1.fna.fbcdn.net/v/t51.2885-19/s150x150/104655610_734890267265839_7042082510067431729_n.jpg?tp=1&_nc_ht=instagram.fagc2-1.fna.fbcdn.net&_nc_ohc=Q9yxDDyzyrwAX9Xuts8&ccb=7-4&oh=d86b1b6d639825b0f55d29acf1a38f6f&oe=608866EF&_nc_sid=9fb510",
                    "username": "airpods_case_1"
                },
                "likes_count": 0
            }
        ]
    },
    {
        "id": 17894090611677191,
        "created_at": 1606144254,
        "text": "price",
        "owner": {
            "id": "7438170335",
            "is_verified": false,
            "profile_pic_url": "https://instagram.fagc2-1.fna.fbcdn.net/v/t51.2885-19/s150x150/143407765_711142929768659_1282576571963215894_n.jpg?tp=1&_nc_ht=instagram.fagc2-1.fna.fbcdn.net&_nc_ohc=57vZBvnrHXQAX_rIaL7&ccb=7-4&oh=8a730d22810fbfb8deb961c5b0887385&oe=6086AA28&_nc_sid=9fb510",
            "username": "rahul_3788_"
        },
        "likes_count": 0,
        "answers": [
            {
                "id": 17928873856451472,
                "created_at": 1606146236,
                "text": "@rahul_3788_ check dm",
                "owner": {
                    "id": "31345321949",
                    "is_verified": false,
                    "profile_pic_url": "https://instagram.fagc2-1.fna.fbcdn.net/v/t51.2885-19/s150x150/104655610_734890267265839_7042082510067431729_n.jpg?tp=1&_nc_ht=instagram.fagc2-1.fna.fbcdn.net&_nc_ohc=Q9yxDDyzyrwAX9Xuts8&ccb=7-4&oh=d86b1b6d639825b0f55d29acf1a38f6f&oe=608866EF&_nc_sid=9fb510",
                    "username": "airpods_case_1"
                },
                "likes_count": 0
            }
        ]
    },
    {
        "id": 17949003868385164,
        "created_at": 1605812591,
        "text": "Price",
        "owner": {
            "id": "6812374313",
            "is_verified": false,
            "profile_pic_url": "https://instagram.fagc2-1.fna.fbcdn.net/v/t51.2885-19/s150x150/120498913_750565475790458_1320299939680972125_n.jpg?tp=1&_nc_ht=instagram.fagc2-1.fna.fbcdn.net&_nc_ohc=90Qbqd6X6-4AX-ihw8p&ccb=7-4&oh=36eae41b60a7c5bdb22e65abf1bca962&oe=608853A8&_nc_sid=9fb510",
            "username": "itz_tausif_c84"
        },
        "likes_count": 0,
        "answers": []
    },
    {
        "id": 18141776764113671,
        "created_at": 1605422302,
        "text": "I need this can I place an order",
        "owner": {
            "id": "1523258251",
            "is_verified": false,
            "profile_pic_url": "https://instagram.fagc2-1.fna.fbcdn.net/v/t51.2885-19/s150x150/100919868_285712602831098_8056770563193962496_n.jpg?tp=1&_nc_ht=instagram.fagc2-1.fna.fbcdn.net&_nc_ohc=mKFcj4i0DOMAX8rmjX9&ccb=7-4&oh=10240f6f15db27eeab75218bc5fbccbd&oe=60899134&_nc_sid=9fb510",
            "username": "sunil_pop"
        },
        "likes_count": 0,
        "answers": [
            {
                "id": 17846141171474448,
                "created_at": 1605422670,
                "text": "@sunil_pop yes",
                "owner": {
                    "id": "31345321949",
                    "is_verified": false,
                    "profile_pic_url": "https://instagram.fagc2-1.fna.fbcdn.net/v/t51.2885-19/s150x150/104655610_734890267265839_7042082510067431729_n.jpg?tp=1&_nc_ht=instagram.fagc2-1.fna.fbcdn.net&_nc_ohc=Q9yxDDyzyrwAX9Xuts8&ccb=7-4&oh=d86b1b6d639825b0f55d29acf1a38f6f&oe=608866EF&_nc_sid=9fb510",
                    "username": "airpods_case_1"
                },
                "likes_count": 0
            }
        ]
    },
    {
        "id": 17854406258310340,
        "created_at": 1602555872,
        "text": "Price",
        "owner": {
            "id": "4595530778",
            "is_verified": false,
            "profile_pic_url": "https://instagram.fagc2-1.fna.fbcdn.net/v/t51.2885-19/s150x150/153825062_263810908589493_1186134459315509331_n.jpg?tp=1&_nc_ht=instagram.fagc2-1.fna.fbcdn.net&_nc_ohc=E349FVHRM4UAX_7or2C&ccb=7-4&oh=634c779170e33b87def88d267cb6c678&oe=60880EAB&_nc_sid=9fb510",
            "username": "pratibha__mishra__"
        },
        "likes_count": 0,
        "answers": [
            {
                "id": 17907866731518274,
                "created_at": 1602556328,
                "text": "@pratibha__mishra__ check dm",
                "owner": {
                    "id": "31345321949",
                    "is_verified": false,
                    "profile_pic_url": "https://instagram.fagc2-1.fna.fbcdn.net/v/t51.2885-19/s150x150/104655610_734890267265839_7042082510067431729_n.jpg?tp=1&_nc_ht=instagram.fagc2-1.fna.fbcdn.net&_nc_ohc=Q9yxDDyzyrwAX9Xuts8&ccb=7-4&oh=d86b1b6d639825b0f55d29acf1a38f6f&oe=608866EF&_nc_sid=9fb510",
                    "username": "airpods_case_1"
                },
                "likes_count": 0
            }
        ]
    },
    {
        "id": 17902125061539258,
        "created_at": 1599817707,
        "text": "City name",
        "owner": {
            "id": "40270337258",
            "is_verified": false,
            "profile_pic_url": "https://instagram.fagc2-1.fna.fbcdn.net/v/t51.2885-19/s150x150/128076439_185738123190436_3654284828059517938_n.jpg?tp=1&_nc_ht=instagram.fagc2-1.fna.fbcdn.net&_nc_ohc=Nt5acXGYX4wAX86fPHN&ccb=7-4&oh=11ba860ed21149411b7623a7f1974f9c&oe=6086120A&_nc_sid=9fb510",
            "username": "daljeet5735"
        },
        "likes_count": 0,
        "answers": [
            {
                "id": 17853792875208857,
                "created_at": 1599821195,
                "text": "@daljeet5735 delhi",
                "owner": {
                    "id": "31345321949",
                    "is_verified": false,
                    "profile_pic_url": "https://instagram.fagc2-1.fna.fbcdn.net/v/t51.2885-19/s150x150/104655610_734890267265839_7042082510067431729_n.jpg?tp=1&_nc_ht=instagram.fagc2-1.fna.fbcdn.net&_nc_ohc=Q9yxDDyzyrwAX9Xuts8&ccb=7-4&oh=d86b1b6d639825b0f55d29acf1a38f6f&oe=608866EF&_nc_sid=9fb510",
                    "username": "airpods_case_1"
                },
                "likes_count": 0
            }
        ]
    },
    {
        "id": 17925817873432244,
        "created_at": 1599817689,
        "text": "Price",
        "owner": {
            "id": "40270337258",
            "is_verified": false,
            "profile_pic_url": "https://instagram.fagc2-1.fna.fbcdn.net/v/t51.2885-19/s150x150/128076439_185738123190436_3654284828059517938_n.jpg?tp=1&_nc_ht=instagram.fagc2-1.fna.fbcdn.net&_nc_ohc=Nt5acXGYX4wAX86fPHN&ccb=7-4&oh=11ba860ed21149411b7623a7f1974f9c&oe=6086120A&_nc_sid=9fb510",
            "username": "daljeet5735"
        },
        "likes_count": 0,
        "answers": [
            {
                "id": 18067200508242127,
                "created_at": 1599821201,
                "text": "@daljeet5735 dm",
                "owner": {
                    "id": "31345321949",
                    "is_verified": false,
                    "profile_pic_url": "https://instagram.fagc2-1.fna.fbcdn.net/v/t51.2885-19/s150x150/104655610_734890267265839_7042082510067431729_n.jpg?tp=1&_nc_ht=instagram.fagc2-1.fna.fbcdn.net&_nc_ohc=Q9yxDDyzyrwAX9Xuts8&ccb=7-4&oh=d86b1b6d639825b0f55d29acf1a38f6f&oe=608866EF&_nc_sid=9fb510",
                    "username": "airpods_case_1"
                },
                "likes_count": 1
            }
        ]
    }
]