[
    {
        "id": 18139764769152286,
        "created_at": 1614632801,
        "text": "can you bring to Guatemala",
        "owner": {
            "id": "5986163364",
            "is_verified": false,
            "profile_pic_url": "https://instagram.fagc2-1.fna.fbcdn.net/v/t51.2885-19/s150x150/163381198_3815458161834847_2539220672541937718_n.jpg?tp=1&_nc_ht=instagram.fagc2-1.fna.fbcdn.net&_nc_ohc=lBsUbFjkufwAX8Sm0vH&ccb=7-4&oh=729a3bfe729e763fc3f6dfce4918c7d2&oe=6089E57E&_nc_sid=9fb510",
            "username": "msod._.wtf"
        },
        "likes_count": 0,
        "answers": [
            {
                "id": 17858122298460883,
                "created_at": 1614659562,
                "text": "@msod._.wtf noo",
                "owner": {
                    "id": "31345321949",
                    "is_verified": false,
                    "profile_pic_url": "https://instagram.fagc2-1.fna.fbcdn.net/v/t51.2885-19/s150x150/104655610_734890267265839_7042082510067431729_n.jpg?tp=1&_nc_ht=instagram.fagc2-1.fna.fbcdn.net&_nc_ohc=Q9yxDDyzyrwAX9Xuts8&ccb=7-4&oh=d86b1b6d639825b0f55d29acf1a38f6f&oe=608866EF&_nc_sid=9fb510",
                    "username": "airpods_case_1"
                },
                "likes_count": 0
            }
        ]
    },
    {
        "id": 17914541206579205,
        "created_at": 1612373488,
        "text": "With air pods or only case",
        "owner": {
            "id": "44184709449",
            "is_verified": false,
            "profile_pic_url": "https://instagram.fagc2-1.fna.fbcdn.net/v/t51.2885-19/s150x150/160516139_432547991297487_3084338874553529863_n.jpg?tp=1&_nc_ht=instagram.fagc2-1.fna.fbcdn.net&_nc_ohc=cFthZTymz5UAX-AXrZY&ccb=7-4&oh=ff9f2e45347f09ef8654e8decdaf1648&oe=6087D0B9&_nc_sid=9fb510",
            "username": "rameensiddiqui_"
        },
        "likes_count": 0,
        "answers": [
            {
                "id": 17996024815313126,
                "created_at": 1612373519,
                "text": "@rameensiddiqui_ only case",
                "owner": {
                    "id": "31345321949",
                    "is_verified": false,
                    "profile_pic_url": "https://instagram.fagc2-1.fna.fbcdn.net/v/t51.2885-19/s150x150/104655610_734890267265839_7042082510067431729_n.jpg?tp=1&_nc_ht=instagram.fagc2-1.fna.fbcdn.net&_nc_ohc=Q9yxDDyzyrwAX9Xuts8&ccb=7-4&oh=d86b1b6d639825b0f55d29acf1a38f6f&oe=608866EF&_nc_sid=9fb510",
                    "username": "airpods_case_1"
                },
                "likes_count": 0
            }
        ]
    },
    {
        "id": 18139493335192712,
        "created_at": 1610821929,
        "text": "price",
        "owner": {
            "id": "18483607003",
            "is_verified": false,
            "profile_pic_url": "https://instagram.fagc2-1.fna.fbcdn.net/v/t51.2885-19/s150x150/152079922_855904815250297_6232905175967986198_n.jpg?tp=1&_nc_ht=instagram.fagc2-1.fna.fbcdn.net&_nc_ohc=ctMBdOjB3vUAX8lnqA_&ccb=7-4&oh=d79bbd94aacf84051c367a19842559b7&oe=6086989E&_nc_sid=9fb510",
            "username": "a_mandi_99_"
        },
        "likes_count": 0,
        "answers": []
    },
    {
        "id": 17956302775380137,
        "created_at": 1609934375,
        "text": "Price?",
        "owner": {
            "id": "39161178089",
            "is_verified": false,
            "profile_pic_url": "https://instagram.fagc2-1.fna.fbcdn.net/v/t51.2885-19/s150x150/162127886_152527893317412_2117669172918339987_n.jpg?tp=1&_nc_ht=instagram.fagc2-1.fna.fbcdn.net&_nc_ohc=wsyUIFRDPaAAX94tU3n&ccb=7-4&oh=bbe1da308faad6392af98acee9207ec6&oe=60889C51&_nc_sid=9fb510",
            "username": "ezza__mehboob"
        },
        "likes_count": 1,
        "answers": [
            {
                "id": 17894645689750519,
                "created_at": 1609935586,
                "text": "@mehboob_ezza check dm",
                "owner": {
                    "id": "31345321949",
                    "is_verified": false,
                    "profile_pic_url": "https://instagram.fagc2-1.fna.fbcdn.net/v/t51.2885-19/s150x150/104655610_734890267265839_7042082510067431729_n.jpg?tp=1&_nc_ht=instagram.fagc2-1.fna.fbcdn.net&_nc_ohc=Q9yxDDyzyrwAX9Xuts8&ccb=7-4&oh=d86b1b6d639825b0f55d29acf1a38f6f&oe=608866EF&_nc_sid=9fb510",
                    "username": "airpods_case_1"
                },
                "likes_count": 0
            }
        ]
    }
]