[
    {
        "id": 17874658904299115,
        "created_at": 1614686156,
        "text": "+",
        "owner": {
            "id": "3583022731",
            "is_verified": false,
            "profile_pic_url": "https://instagram.fagc2-1.fna.fbcdn.net/v/t51.2885-19/s150x150/104091872_1164724037213098_6587535961094835115_n.jpg?tp=1&_nc_ht=instagram.fagc2-1.fna.fbcdn.net&_nc_ohc=5QREic9cFoUAX9Ap8Du&ccb=7-4&oh=9088852174611fbfba3d87a3cdc7eb34&oe=6088A14A&_nc_sid=9fb510",
            "username": "itsmylifestyleeee"
        },
        "likes_count": 0,
        "answers": []
    },
    {
        "id": 17899178575779890,
        "created_at": 1612330991,
        "text": "Available? Price please. Also let me know if available in white. @airpods_case_1",
        "owner": {
            "id": "640984519",
            "is_verified": false,
            "profile_pic_url": "https://instagram.fagc2-1.fna.fbcdn.net/v/t51.2885-19/s150x150/139587388_151079643486358_2086701260058417646_n.jpg?tp=1&_nc_ht=instagram.fagc2-1.fna.fbcdn.net&_nc_ohc=l5kS4jxLgggAX_WD56V&ccb=7-4&oh=736332d6fa19194a4c49989e3e54ac3a&oe=60865C59&_nc_sid=9fb510",
            "username": "overlyhormonalraptor"
        },
        "likes_count": 0,
        "answers": [
            {
                "id": 17914272679581819,
                "created_at": 1612334664,
                "text": "@overlyhormonalraptor this is out of stock",
                "owner": {
                    "id": "31345321949",
                    "is_verified": false,
                    "profile_pic_url": "https://instagram.fagc2-1.fna.fbcdn.net/v/t51.2885-19/s150x150/104655610_734890267265839_7042082510067431729_n.jpg?tp=1&_nc_ht=instagram.fagc2-1.fna.fbcdn.net&_nc_ohc=Q9yxDDyzyrwAX9Xuts8&ccb=7-4&oh=d86b1b6d639825b0f55d29acf1a38f6f&oe=608866EF&_nc_sid=9fb510",
                    "username": "airpods_case_1"
                },
                "likes_count": 0
            }
        ]
    },
    {
        "id": 17913409483578741,
        "created_at": 1611669289,
        "text": "Price??",
        "owner": {
            "id": "5559226947",
            "is_verified": false,
            "profile_pic_url": "https://instagram.fagc2-1.fna.fbcdn.net/v/t51.2885-19/s150x150/143732822_112180017511136_3898559150284942070_n.jpg?tp=1&_nc_ht=instagram.fagc2-1.fna.fbcdn.net&_nc_ohc=9hT4wxQ0MTIAX-w2kzc&ccb=7-4&oh=4cd42c72f05de293fc945275e25055e9&oe=6089CA80&_nc_sid=9fb510",
            "username": "aliha_khan_"
        },
        "likes_count": 0,
        "answers": []
    },
    {
        "id": 17858146877417333,
        "created_at": 1610897610,
        "text": "Price?",
        "owner": {
            "id": "1334794185",
            "is_verified": false,
            "profile_pic_url": "https://instagram.fagc2-1.fna.fbcdn.net/v/t51.2885-19/s150x150/122897850_1809638122520357_7029885231990086757_n.jpg?tp=1&_nc_ht=instagram.fagc2-1.fna.fbcdn.net&_nc_ohc=GalYHdo8HEUAX_Rgz9T&tn=6vBRbiNvveEQgoX4&ccb=7-4&oh=ed9380d7820b46723ef968bab40c2787&oe=6087D283&_nc_sid=9fb510",
            "username": "karishmajolly"
        },
        "likes_count": 0,
        "answers": []
    },
    {
        "id": 17885625955913400,
        "created_at": 1610891503,
        "text": "Is white colour available on this product ?",
        "owner": {
            "id": "4266230967",
            "is_verified": false,
            "profile_pic_url": "https://instagram.fagc2-1.fna.fbcdn.net/v/t51.2885-19/s150x150/121191832_623669438304297_8646335146404416731_n.jpg?tp=1&_nc_ht=instagram.fagc2-1.fna.fbcdn.net&_nc_ohc=x0sUkjpCULQAX_71ma6&ccb=7-4&oh=5076b45f5c19066038ea7a2ae5613224&oe=608914B6&_nc_sid=9fb510",
            "username": "mrsfaridarehman786"
        },
        "likes_count": 1,
        "answers": [
            {
                "id": 17868964232270025,
                "created_at": 1610900165,
                "text": "@mrsfaridarehman786 yes available sending you pic in dm",
                "owner": {
                    "id": "31345321949",
                    "is_verified": false,
                    "profile_pic_url": "https://instagram.fagc2-1.fna.fbcdn.net/v/t51.2885-19/s150x150/104655610_734890267265839_7042082510067431729_n.jpg?tp=1&_nc_ht=instagram.fagc2-1.fna.fbcdn.net&_nc_ohc=Q9yxDDyzyrwAX9Xuts8&ccb=7-4&oh=d86b1b6d639825b0f55d29acf1a38f6f&oe=608866EF&_nc_sid=9fb510",
                    "username": "airpods_case_1"
                },
                "likes_count": 0
            }
        ]
    },
    {
        "id": 17893891597795275,
        "created_at": 1610891476,
        "text": "Price please",
        "owner": {
            "id": "4266230967",
            "is_verified": false,
            "profile_pic_url": "https://instagram.fagc2-1.fna.fbcdn.net/v/t51.2885-19/s150x150/121191832_623669438304297_8646335146404416731_n.jpg?tp=1&_nc_ht=instagram.fagc2-1.fna.fbcdn.net&_nc_ohc=x0sUkjpCULQAX_71ma6&ccb=7-4&oh=5076b45f5c19066038ea7a2ae5613224&oe=608914B6&_nc_sid=9fb510",
            "username": "mrsfaridarehman786"
        },
        "likes_count": 1,
        "answers": []
    },
    {
        "id": 18116859331160966,
        "created_at": 1605723158,
        "text": "Cost pls",
        "owner": {
            "id": "5620580705",
            "is_verified": false,
            "profile_pic_url": "https://instagram.fagc2-1.fna.fbcdn.net/v/t51.2885-19/s150x150/117865356_3536318309731858_1704559346798945012_n.jpg?tp=1&_nc_ht=instagram.fagc2-1.fna.fbcdn.net&_nc_ohc=VrIpYtoTmFwAX8Ko62z&ccb=7-4&oh=d883086db377ed6966936dc46f971eef&oe=608828FA&_nc_sid=9fb510",
            "username": "dr_priyank_prasann"
        },
        "likes_count": 0,
        "answers": []
    },
    {
        "id": 17943819190402620,
        "created_at": 1605506123,
        "text": "How much",
        "owner": {
            "id": "2203020487",
            "is_verified": false,
            "profile_pic_url": "https://instagram.fagc2-1.fna.fbcdn.net/v/t51.2885-19/s150x150/135324735_120456259900618_9006992927012128503_n.jpg?tp=1&_nc_ht=instagram.fagc2-1.fna.fbcdn.net&_nc_ohc=WO3F4MWIIvgAX88gdum&ccb=7-4&oh=59db586002222ef6e16f806432f1acc0&oe=60875D15&_nc_sid=9fb510",
            "username": "yash.gehlot02"
        },
        "likes_count": 0,
        "answers": [
            {
                "id": 17903756458585570,
                "created_at": 1605506277,
                "text": "@yash.gehlot02 this one is out of stock",
                "owner": {
                    "id": "31345321949",
                    "is_verified": false,
                    "profile_pic_url": "https://instagram.fagc2-1.fna.fbcdn.net/v/t51.2885-19/s150x150/104655610_734890267265839_7042082510067431729_n.jpg?tp=1&_nc_ht=instagram.fagc2-1.fna.fbcdn.net&_nc_ohc=Q9yxDDyzyrwAX9Xuts8&ccb=7-4&oh=d86b1b6d639825b0f55d29acf1a38f6f&oe=608866EF&_nc_sid=9fb510",
                    "username": "airpods_case_1"
                },
                "likes_count": 0
            }
        ]
    },
    {
        "id": 17885487499840407,
        "created_at": 1605447346,
        "text": "Ewan hhahh",
        "owner": {
            "id": "1684752789",
            "is_verified": false,
            "profile_pic_url": "https://instagram.fagc2-1.fna.fbcdn.net/v/t51.2885-19/s150x150/144880390_1170858206717793_6255226209485059079_n.jpg?tp=1&_nc_ht=instagram.fagc2-1.fna.fbcdn.net&_nc_ohc=BQo3O4W-6LUAX_M-w9s&ccb=7-4&oh=8b01b7cb47ea3bf52328e63e14d79c07&oe=60899A90&_nc_sid=9fb510",
            "username": "itsmarcgyver"
        },
        "likes_count": 0,
        "answers": []
    },
    {
        "id": 17909576827527793,
        "created_at": 1605447189,
        "text": "@yatsxy",
        "owner": {
            "id": "1684752789",
            "is_verified": false,
            "profile_pic_url": "https://instagram.fagc2-1.fna.fbcdn.net/v/t51.2885-19/s150x150/144880390_1170858206717793_6255226209485059079_n.jpg?tp=1&_nc_ht=instagram.fagc2-1.fna.fbcdn.net&_nc_ohc=BQo3O4W-6LUAX_M-w9s&ccb=7-4&oh=8b01b7cb47ea3bf52328e63e14d79c07&oe=60899A90&_nc_sid=9fb510",
            "username": "itsmarcgyver"
        },
        "likes_count": 0,
        "answers": [
            {
                "id": 18084178465220857,
                "created_at": 1605447299,
                "text": "@itsmarcgyver Taiwan ba to",
                "owner": {
                    "id": "1661398543",
                    "is_verified": false,
                    "profile_pic_url": "https://instagram.fagc2-1.fna.fbcdn.net/v/t51.2885-19/s150x150/50115171_2430753270286840_5732119578658471936_n.jpg?tp=1&_nc_ht=instagram.fagc2-1.fna.fbcdn.net&_nc_ohc=d7Pru_5S2QoAX_8FUm0&ccb=7-4&oh=32bcf3182a58cf15f4d5d5888dd715b7&oe=608782A0&_nc_sid=9fb510",
                    "username": "yatsxy"
                },
                "likes_count": 0
            }
        ]
    },
    {
        "id": 17906273341529818,
        "created_at": 1605062944,
        "text": "Price please",
        "owner": {
            "id": "1930328163",
            "is_verified": false,
            "profile_pic_url": "https://scontent-lim1-1.cdninstagram.com/v/t51.2885-19/44884218_345707102882519_2446069589734326272_n.jpg?_nc_ht=scontent-lim1-1.cdninstagram.com&_nc_ohc=hLTkwc3uTqUAX9hy19d&ccb=7-4&oh=48efe2347debc72c6998e152f66bf34d&oe=6087738F&_nc_sid=def01a&ig_cache_key=YW5vbnltb3VzX3Byb2ZpbGVfcGlj.2-ccb7-4",
            "username": "richu_shrth"
        },
        "likes_count": 0,
        "answers": [
            {
                "id": 17904968149574641,
                "created_at": 1605074831,
                "text": "@richu_shrth this one is out of stock sorry",
                "owner": {
                    "id": "31345321949",
                    "is_verified": false,
                    "profile_pic_url": "https://instagram.fagc2-1.fna.fbcdn.net/v/t51.2885-19/s150x150/104655610_734890267265839_7042082510067431729_n.jpg?tp=1&_nc_ht=instagram.fagc2-1.fna.fbcdn.net&_nc_ohc=Q9yxDDyzyrwAX9Xuts8&ccb=7-4&oh=d86b1b6d639825b0f55d29acf1a38f6f&oe=608866EF&_nc_sid=9fb510",
                    "username": "airpods_case_1"
                },
                "likes_count": 0
            }
        ]
    },
    {
        "id": 17865714326128981,
        "created_at": 1604417044,
        "text": "Pp?",
        "owner": {
            "id": "755487228",
            "is_verified": false,
            "profile_pic_url": "https://instagram.fagc2-1.fna.fbcdn.net/v/t51.2885-19/s150x150/151355631_244156190722226_6295048939380737052_n.jpg?tp=1&_nc_ht=instagram.fagc2-1.fna.fbcdn.net&_nc_ohc=ocmcqlJjObYAX_qgUuh&ccb=7-4&oh=7fec42b53f999d99d6110ae7c032b14b&oe=6088F08B&_nc_sid=9fb510",
            "username": "meera_dholakiya"
        },
        "likes_count": 0,
        "answers": [
            {
                "id": 17943381595382418,
                "created_at": 1604418343,
                "text": "@meera_dholakiya dm",
                "owner": {
                    "id": "31345321949",
                    "is_verified": false,
                    "profile_pic_url": "https://instagram.fagc2-1.fna.fbcdn.net/v/t51.2885-19/s150x150/104655610_734890267265839_7042082510067431729_n.jpg?tp=1&_nc_ht=instagram.fagc2-1.fna.fbcdn.net&_nc_ohc=Q9yxDDyzyrwAX9Xuts8&ccb=7-4&oh=d86b1b6d639825b0f55d29acf1a38f6f&oe=608866EF&_nc_sid=9fb510",
                    "username": "airpods_case_1"
                },
                "likes_count": 0
            }
        ]
    },
    {
        "id": 17853190235296935,
        "created_at": 1602789142,
        "text": "Price",
        "owner": {
            "id": "211700687",
            "is_verified": false,
            "profile_pic_url": "https://instagram.fagc2-1.fna.fbcdn.net/v/t51.2885-19/s150x150/13398496_524244101095955_287900444_a.jpg?tp=1&_nc_ht=instagram.fagc2-1.fna.fbcdn.net&_nc_ohc=DLireBhFMDoAX8drPll&ccb=7-4&oh=992334dbfa138053c322fa298bd64384&oe=6086A793&_nc_sid=9fb510",
            "username": "auto.trump"
        },
        "likes_count": 0,
        "answers": [
            {
                "id": 17851952171331619,
                "created_at": 1602789167,
                "text": "@auto.trump check dm",
                "owner": {
                    "id": "31345321949",
                    "is_verified": false,
                    "profile_pic_url": "https://instagram.fagc2-1.fna.fbcdn.net/v/t51.2885-19/s150x150/104655610_734890267265839_7042082510067431729_n.jpg?tp=1&_nc_ht=instagram.fagc2-1.fna.fbcdn.net&_nc_ohc=Q9yxDDyzyrwAX9Xuts8&ccb=7-4&oh=d86b1b6d639825b0f55d29acf1a38f6f&oe=608866EF&_nc_sid=9fb510",
                    "username": "airpods_case_1"
                },
                "likes_count": 0
            }
        ]
    },
    {
        "id": 17870347913017151,
        "created_at": 1602513408,
        "text": "Price pls???",
        "owner": {
            "id": "2197588373",
            "is_verified": false,
            "profile_pic_url": "https://instagram.fagc2-1.fna.fbcdn.net/v/t51.2885-19/s150x150/130770122_668934780402124_5307434112638510481_n.jpg?tp=1&_nc_ht=instagram.fagc2-1.fna.fbcdn.net&_nc_ohc=V2I7q3EvbPoAX9ZI45Z&tn=zFXlt5O1GbQZiB0_&ccb=7-4&oh=29248f08e53c79d98eefd54b33abd74c&oe=6089B470&_nc_sid=9fb510",
            "username": "nazneengdk17"
        },
        "likes_count": 0,
        "answers": [
            {
                "id": 17864278274115109,
                "created_at": 1602515551,
                "text": "@nazneengdk17 check dm",
                "owner": {
                    "id": "31345321949",
                    "is_verified": false,
                    "profile_pic_url": "https://instagram.fagc2-1.fna.fbcdn.net/v/t51.2885-19/s150x150/104655610_734890267265839_7042082510067431729_n.jpg?tp=1&_nc_ht=instagram.fagc2-1.fna.fbcdn.net&_nc_ohc=Q9yxDDyzyrwAX9Xuts8&ccb=7-4&oh=d86b1b6d639825b0f55d29acf1a38f6f&oe=608866EF&_nc_sid=9fb510",
                    "username": "airpods_case_1"
                },
                "likes_count": 0
            }
        ]
    },
    {
        "id": 17877503356843739,
        "created_at": 1601729224,
        "text": "OMG ICH WILL DIE @ixa_and_horses_ HAHAHAHA",
        "owner": {
            "id": "26686777186",
            "is_verified": false,
            "profile_pic_url": "https://scontent-lim1-1.cdninstagram.com/v/t51.2885-19/44884218_345707102882519_2446069589734326272_n.jpg?_nc_ht=scontent-lim1-1.cdninstagram.com&_nc_ohc=hLTkwc3uTqUAX9hy19d&ccb=7-4&oh=48efe2347debc72c6998e152f66bf34d&oe=6087738F&_nc_sid=def01a&ig_cache_key=YW5vbnltb3VzX3Byb2ZpbGVfcGlj.2-ccb7-4",
            "username": "lexnie._.btw"
        },
        "likes_count": 0,
        "answers": []
    },
    {
        "id": 18148575421077624,
        "created_at": 1600623433,
        "text": "Price Please",
        "owner": {
            "id": "611443191",
            "is_verified": false,
            "profile_pic_url": "https://instagram.fagc2-1.fna.fbcdn.net/v/t51.2885-19/s150x150/156608703_765506197737710_6782728220925721128_n.jpg?tp=1&_nc_ht=instagram.fagc2-1.fna.fbcdn.net&_nc_ohc=_LuyoRwUj0YAX9IBsr0&ccb=7-4&oh=bc811f43ea5f9a8c544f9637543c3aa6&oe=60888576&_nc_sid=9fb510",
            "username": "samraat2810"
        },
        "likes_count": 0,
        "answers": []
    },
    {
        "id": 17867060320995162,
        "created_at": 1600094793,
        "text": "Pp... nd these for airpoda pro?",
        "owner": {
            "id": "2021127216",
            "is_verified": false,
            "profile_pic_url": "https://instagram.fagc2-1.fna.fbcdn.net/v/t51.2885-19/s150x150/126397553_963890654018950_8557312739018538248_n.jpg?tp=1&_nc_ht=instagram.fagc2-1.fna.fbcdn.net&_nc_ohc=LBGuJCko0zgAX_vyuzX&ccb=7-4&oh=6cc24e0015e2c594aeec42da76226d7b&oe=60892156&_nc_sid=9fb510",
            "username": "thewanderlustgirlll"
        },
        "likes_count": 0,
        "answers": [
            {
                "id": 17862202988108956,
                "created_at": 1600094921,
                "text": "No only for series 2 right now",
                "owner": {
                    "id": "31345321949",
                    "is_verified": false,
                    "profile_pic_url": "https://instagram.fagc2-1.fna.fbcdn.net/v/t51.2885-19/s150x150/104655610_734890267265839_7042082510067431729_n.jpg?tp=1&_nc_ht=instagram.fagc2-1.fna.fbcdn.net&_nc_ohc=Q9yxDDyzyrwAX9Xuts8&ccb=7-4&oh=d86b1b6d639825b0f55d29acf1a38f6f&oe=608866EF&_nc_sid=9fb510",
                    "username": "airpods_case_1"
                },
                "likes_count": 0
            }
        ]
    },
    {
        "id": 17857087286149746,
        "created_at": 1598119585,
        "text": "Price",
        "owner": {
            "id": "1911036533",
            "is_verified": false,
            "profile_pic_url": "https://instagram.fagc2-1.fna.fbcdn.net/v/t51.2885-19/s150x150/151292454_915150112557127_5029041840936527660_n.jpg?tp=1&_nc_ht=instagram.fagc2-1.fna.fbcdn.net&_nc_ohc=PU86KErCB4oAX9Eq62i&tn=FcAb9SbRSYcfSkhI&ccb=7-4&oh=b86a27da606f5c0d249a13ff9fd53b5d&oe=608914D7&_nc_sid=9fb510",
            "username": "junaidhassan67"
        },
        "likes_count": 0,
        "answers": []
    },
    {
        "id": 17872883071841795,
        "created_at": 1597936674,
        "text": "Pp",
        "owner": {
            "id": "10683740296",
            "is_verified": false,
            "profile_pic_url": "https://instagram.fagc2-1.fna.fbcdn.net/v/t51.2885-19/s150x150/140934493_1651669361671234_1368646879349016291_n.jpg?tp=1&_nc_ht=instagram.fagc2-1.fna.fbcdn.net&_nc_ohc=AQpfKAoqGewAX84w4Ue&ccb=7-4&oh=d01a84b3b49adc3a9bec629f8b794304&oe=6088204B&_nc_sid=9fb510",
            "username": "khadarnida"
        },
        "likes_count": 0,
        "answers": [
            {
                "id": 17847592868315006,
                "created_at": 1597937106,
                "text": "@khadarnida 550",
                "owner": {
                    "id": "31345321949",
                    "is_verified": false,
                    "profile_pic_url": "https://instagram.fagc2-1.fna.fbcdn.net/v/t51.2885-19/s150x150/104655610_734890267265839_7042082510067431729_n.jpg?tp=1&_nc_ht=instagram.fagc2-1.fna.fbcdn.net&_nc_ohc=Q9yxDDyzyrwAX9Xuts8&ccb=7-4&oh=d86b1b6d639825b0f55d29acf1a38f6f&oe=608866EF&_nc_sid=9fb510",
                    "username": "airpods_case_1"
                },
                "likes_count": 0
            }
        ]
    },
    {
        "id": 17856025217104611,
        "created_at": 1596775282,
        "text": "AirPods Pro is available?",
        "owner": {
            "id": "1471449980",
            "is_verified": false,
            "profile_pic_url": "https://instagram.fagc2-1.fna.fbcdn.net/v/t51.2885-19/s150x150/143563892_1319378645112051_978505431219079475_n.jpg?tp=1&_nc_ht=instagram.fagc2-1.fna.fbcdn.net&_nc_ohc=3oSX3Kh5Y9gAX9t6YZz&ccb=7-4&oh=e3c3ccf98409fa01fc8a9f620390a5b7&oe=6088F9A6&_nc_sid=9fb510",
            "username": "millee_hu_mai"
        },
        "likes_count": 0,
        "answers": []
    },
    {
        "id": 18158797339033741,
        "created_at": 1595414418,
        "text": "Available ?",
        "owner": {
            "id": "1411109266",
            "is_verified": false,
            "profile_pic_url": "https://instagram.fagc2-1.fna.fbcdn.net/v/t51.2885-19/s150x150/138666614_298656875169719_5018256837981063871_n.jpg?tp=1&_nc_ht=instagram.fagc2-1.fna.fbcdn.net&_nc_ohc=etVDTqWHwBQAX_RaqL2&ccb=7-4&oh=78b8d77f1c591435d6c85e572d82e086&oe=608668A9&_nc_sid=9fb510",
            "username": "imjuhil"
        },
        "likes_count": 0,
        "answers": [
            {
                "id": 17866654573919833,
                "created_at": 1595414455,
                "text": "@imjuhil yeass",
                "owner": {
                    "id": "31345321949",
                    "is_verified": false,
                    "profile_pic_url": "https://instagram.fagc2-1.fna.fbcdn.net/v/t51.2885-19/s150x150/104655610_734890267265839_7042082510067431729_n.jpg?tp=1&_nc_ht=instagram.fagc2-1.fna.fbcdn.net&_nc_ohc=Q9yxDDyzyrwAX9Xuts8&ccb=7-4&oh=d86b1b6d639825b0f55d29acf1a38f6f&oe=608866EF&_nc_sid=9fb510",
                    "username": "airpods_case_1"
                },
                "likes_count": 0
            }
        ]
    }
]