[
    {
        "id": 17901718654833414,
        "created_at": 1616273907,
        "text": "Que precio?",
        "owner": {
            "id": "7321218184",
            "is_verified": false,
            "profile_pic_url": "https://instagram.fagc2-1.fna.fbcdn.net/v/t51.2885-19/s150x150/139007293_490656058600135_4042677065595314351_n.jpg?tp=1&_nc_ht=instagram.fagc2-1.fna.fbcdn.net&_nc_ohc=apNPEEwmTboAX8mh_c-&ccb=7-4&oh=36b48380cadd05845991f53cc97842f5&oe=6086DA82&_nc_sid=9fb510",
            "username": "juan_cobos25"
        },
        "likes_count": 0,
        "answers": []
    }
]