[
    {
        "id": 17854619270437994,
        "created_at": 1611147795,
        "text": "Hm",
        "owner": {
            "id": "8221359286",
            "is_verified": false,
            "profile_pic_url": "https://instagram.fagc2-1.fna.fbcdn.net/v/t51.2885-19/s150x150/153567819_206230684619112_7778237938072050336_n.jpg?tp=1&_nc_ht=instagram.fagc2-1.fna.fbcdn.net&_nc_ohc=SATJGBRQnTUAX9_nva4&ccb=7-4&oh=77e6984224fca90ff690ccfcd1d58322&oe=6086B2DD&_nc_sid=9fb510",
            "username": "kenzy14_"
        },
        "likes_count": 0,
        "answers": []
    },
    {
        "id": 17881293796928222,
        "created_at": 1606973639,
        "text": "Neciyedi?",
        "owner": {
            "id": "35799648775",
            "is_verified": false,
            "profile_pic_url": "https://instagram.fagc2-1.fna.fbcdn.net/v/t51.2885-19/s150x150/133878670_797621350791770_8115131536247255339_n.jpg?tp=1&_nc_ht=instagram.fagc2-1.fna.fbcdn.net&_nc_ohc=0Rf1LgaFf_gAX89HZz0&ccb=7-4&oh=9e8997292335e77b8d9362fc29ab5425&oe=60884465&_nc_sid=9fb510",
            "username": "ragimova_211"
        },
        "likes_count": 0,
        "answers": []
    },
    {
        "id": 17913733390518541,
        "created_at": 1605722771,
        "text": "How can i purchase ths",
        "owner": {
            "id": "5620580705",
            "is_verified": false,
            "profile_pic_url": "https://instagram.fagc2-1.fna.fbcdn.net/v/t51.2885-19/s150x150/117865356_3536318309731858_1704559346798945012_n.jpg?tp=1&_nc_ht=instagram.fagc2-1.fna.fbcdn.net&_nc_ohc=VrIpYtoTmFwAX8Ko62z&ccb=7-4&oh=d883086db377ed6966936dc46f971eef&oe=608828FA&_nc_sid=9fb510",
            "username": "dr_priyank_prasann"
        },
        "likes_count": 0,
        "answers": [
            {
                "id": 17849400242415439,
                "created_at": 1605722906,
                "text": "@dr_priyank_prasann check dm",
                "owner": {
                    "id": "31345321949",
                    "is_verified": false,
                    "profile_pic_url": "https://instagram.fagc2-1.fna.fbcdn.net/v/t51.2885-19/s150x150/104655610_734890267265839_7042082510067431729_n.jpg?tp=1&_nc_ht=instagram.fagc2-1.fna.fbcdn.net&_nc_ohc=Q9yxDDyzyrwAX9Xuts8&ccb=7-4&oh=d86b1b6d639825b0f55d29acf1a38f6f&oe=608866EF&_nc_sid=9fb510",
                    "username": "airpods_case_1"
                },
                "likes_count": 0
            }
        ]
    },
    {
        "id": 17922084148459231,
        "created_at": 1605272684,
        "text": "How much???",
        "owner": {
            "id": "38105218961",
            "is_verified": false,
            "profile_pic_url": "https://instagram.fagc2-1.fna.fbcdn.net/v/t51.2885-19/s150x150/145585690_798711317526200_5011531287965304696_n.jpg?tp=1&_nc_ht=instagram.fagc2-1.fna.fbcdn.net&_nc_ohc=RJySm0LBt9kAX9CpLIe&ccb=7-4&oh=8c84bcb97c82f0394de0371c6c3fa050&oe=6088EBB0&_nc_sid=9fb510",
            "username": "_itsmariamsherifsofficialac_"
        },
        "likes_count": 0,
        "answers": []
    },
    {
        "id": 17845444211319428,
        "created_at": 1597599103,
        "text": "Price plz\ud83d\ude2e",
        "owner": {
            "id": "21395578587",
            "is_verified": false,
            "profile_pic_url": "https://instagram.fagc2-1.fna.fbcdn.net/v/t51.2885-19/s150x150/80012133_587756252048820_6452952319427346432_n.jpg?tp=1&_nc_ht=instagram.fagc2-1.fna.fbcdn.net&_nc_ohc=J_mOFn4E5joAX-gdKxk&ccb=7-4&oh=94865995a8fa9efcb77871179a32c98f&oe=608709FD&_nc_sid=9fb510",
            "username": "sheikh_abdul.muizz"
        },
        "likes_count": 0,
        "answers": [
            {
                "id": 17847990476274611,
                "created_at": 1597599128,
                "text": "@sheikhabdulmuiz 450",
                "owner": {
                    "id": "31345321949",
                    "is_verified": false,
                    "profile_pic_url": "https://instagram.fagc2-1.fna.fbcdn.net/v/t51.2885-19/s150x150/104655610_734890267265839_7042082510067431729_n.jpg?tp=1&_nc_ht=instagram.fagc2-1.fna.fbcdn.net&_nc_ohc=Q9yxDDyzyrwAX9Xuts8&ccb=7-4&oh=d86b1b6d639825b0f55d29acf1a38f6f&oe=608866EF&_nc_sid=9fb510",
                    "username": "airpods_case_1"
                },
                "likes_count": 0
            }
        ]
    }
]