[
    {
        "id": 17907782092621705,
        "created_at": 1610660539,
        "text": "Price",
        "owner": {
            "id": "3486824782",
            "is_verified": false,
            "profile_pic_url": "https://instagram.fagc2-1.fna.fbcdn.net/v/t51.2885-19/s150x150/94878155_2703362989946690_6819900529762631680_n.jpg?tp=1&_nc_ht=instagram.fagc2-1.fna.fbcdn.net&_nc_ohc=l8D41zKOIk8AX8J7F-G&ccb=7-4&oh=f69fceea60c418ec047767d4c109c626&oe=6088F5C5&_nc_sid=9fb510",
            "username": "jh_dresses"
        },
        "likes_count": 0,
        "answers": [
            {
                "id": 17844215396511821,
                "created_at": 1610690518,
                "text": "@jh_dresses check dm",
                "owner": {
                    "id": "31345321949",
                    "is_verified": false,
                    "profile_pic_url": "https://instagram.fagc2-1.fna.fbcdn.net/v/t51.2885-19/s150x150/104655610_734890267265839_7042082510067431729_n.jpg?tp=1&_nc_ht=instagram.fagc2-1.fna.fbcdn.net&_nc_ohc=Q9yxDDyzyrwAX9Xuts8&ccb=7-4&oh=d86b1b6d639825b0f55d29acf1a38f6f&oe=608866EF&_nc_sid=9fb510",
                    "username": "airpods_case_1"
                },
                "likes_count": 0
            }
        ]
    }
]