[
    {
        "id": 17893611748953104,
        "created_at": 1616696760,
        "text": "Price?",
        "owner": {
            "id": "1559455690",
            "is_verified": false,
            "profile_pic_url": "https://instagram.fagc2-1.fna.fbcdn.net/v/t51.2885-19/s150x150/83822798_492366091428831_8859310461154230272_n.jpg?tp=1&_nc_ht=instagram.fagc2-1.fna.fbcdn.net&_nc_ohc=N_Je0ekY36QAX8Zobk1&ccb=7-4&oh=6a054fb567e36101735dfb3399b0cffc&oe=608835FF&_nc_sid=9fb510",
            "username": "shreyanssurana15"
        },
        "likes_count": 0,
        "answers": [
            {
                "id": 17869626848370227,
                "created_at": 1616699989,
                "text": "@shreyanssurana15 check dm",
                "owner": {
                    "id": "31345321949",
                    "is_verified": false,
                    "profile_pic_url": "https://instagram.fagc2-1.fna.fbcdn.net/v/t51.2885-19/s150x150/104655610_734890267265839_7042082510067431729_n.jpg?tp=1&_nc_ht=instagram.fagc2-1.fna.fbcdn.net&_nc_ohc=Q9yxDDyzyrwAX9Xuts8&ccb=7-4&oh=d86b1b6d639825b0f55d29acf1a38f6f&oe=608866EF&_nc_sid=9fb510",
                    "username": "airpods_case_1"
                },
                "likes_count": 0
            }
        ]
    },
    {
        "id": 18034116703288451,
        "created_at": 1615913254,
        "text": "Price?",
        "owner": {
            "id": "2520148002",
            "is_verified": false,
            "profile_pic_url": "https://instagram.fagc2-1.fna.fbcdn.net/v/t51.2885-19/s150x150/162272754_764462751128344_2522135639188290663_n.jpg?tp=1&_nc_ht=instagram.fagc2-1.fna.fbcdn.net&_nc_ohc=Sd6CnX3lRoAAX9NpVLA&ccb=7-4&oh=9f675dffd7cca51831bb1fccaebbe60f&oe=6088764D&_nc_sid=9fb510",
            "username": "arora_a953"
        },
        "likes_count": 0,
        "answers": [
            {
                "id": 17864609693356047,
                "created_at": 1615913447,
                "text": "@arora_a953 check dm",
                "owner": {
                    "id": "31345321949",
                    "is_verified": false,
                    "profile_pic_url": "https://instagram.fagc2-1.fna.fbcdn.net/v/t51.2885-19/s150x150/104655610_734890267265839_7042082510067431729_n.jpg?tp=1&_nc_ht=instagram.fagc2-1.fna.fbcdn.net&_nc_ohc=Q9yxDDyzyrwAX9Xuts8&ccb=7-4&oh=d86b1b6d639825b0f55d29acf1a38f6f&oe=608866EF&_nc_sid=9fb510",
                    "username": "airpods_case_1"
                },
                "likes_count": 0
            }
        ]
    },
    {
        "id": 17866485149239909,
        "created_at": 1608588749,
        "text": "How much",
        "owner": {
            "id": "34617020252",
            "is_verified": false,
            "profile_pic_url": "https://instagram.fagc2-1.fna.fbcdn.net/v/t51.2885-19/s150x150/95418725_645045416080257_2215286248002551808_n.jpg?tp=1&_nc_ht=instagram.fagc2-1.fna.fbcdn.net&_nc_ohc=sl6kE_poyhcAX8VFoOs&ccb=7-4&oh=816f6e2b9b099f83e86094bb98f7c2a4&oe=60871426&_nc_sid=9fb510",
            "username": "maxvredeveld"
        },
        "likes_count": 0,
        "answers": []
    },
    {
        "id": 17889621727827634,
        "created_at": 1608287052,
        "text": "How much",
        "owner": {
            "id": "4046829841",
            "is_verified": false,
            "profile_pic_url": "https://instagram.fagc2-1.fna.fbcdn.net/v/t51.2885-19/s150x150/39494131_305441243342361_1661375341018480640_n.jpg?tp=1&_nc_ht=instagram.fagc2-1.fna.fbcdn.net&_nc_ohc=axQc75qVkEMAX9khV42&tn=BoYrlzcoir0_MKCw&ccb=7-4&oh=daa29927e74345a4ea1487d2cfce9e4f&oe=608894E3&_nc_sid=9fb510",
            "username": "sudeepsrivatsav"
        },
        "likes_count": 0,
        "answers": [
            {
                "id": 17891367166809538,
                "created_at": 1608288409,
                "text": "Check dm",
                "owner": {
                    "id": "31345321949",
                    "is_verified": false,
                    "profile_pic_url": "https://instagram.fagc2-1.fna.fbcdn.net/v/t51.2885-19/s150x150/104655610_734890267265839_7042082510067431729_n.jpg?tp=1&_nc_ht=instagram.fagc2-1.fna.fbcdn.net&_nc_ohc=Q9yxDDyzyrwAX9Xuts8&ccb=7-4&oh=d86b1b6d639825b0f55d29acf1a38f6f&oe=608866EF&_nc_sid=9fb510",
                    "username": "airpods_case_1"
                },
                "likes_count": 0
            },
            {
                "id": 17888122396824367,
                "created_at": 1608288418,
                "text": "Check dm",
                "owner": {
                    "id": "31345321949",
                    "is_verified": false,
                    "profile_pic_url": "https://instagram.fagc2-1.fna.fbcdn.net/v/t51.2885-19/s150x150/104655610_734890267265839_7042082510067431729_n.jpg?tp=1&_nc_ht=instagram.fagc2-1.fna.fbcdn.net&_nc_ohc=Q9yxDDyzyrwAX9Xuts8&ccb=7-4&oh=d86b1b6d639825b0f55d29acf1a38f6f&oe=608866EF&_nc_sid=9fb510",
                    "username": "airpods_case_1"
                },
                "likes_count": 0
            }
        ]
    }
]