[
    {
        "id": 17874183971147594,
        "created_at": 1612468155,
        "text": "Available hai",
        "owner": {
            "id": "29305195964",
            "is_verified": false,
            "profile_pic_url": "https://instagram.fagc2-1.fna.fbcdn.net/v/t51.2885-19/s150x150/156995389_898522404297139_2916202847329234310_n.jpg?tp=1&_nc_ht=instagram.fagc2-1.fna.fbcdn.net&_nc_ohc=HADXrEdvigAAX_aHB1T&ccb=7-4&oh=5f7c72f9a62af9ad06a9310696078342&oe=6088F523&_nc_sid=9fb510",
            "username": "sachin.saroj.58173000"
        },
        "likes_count": 0,
        "answers": []
    },
    {
        "id": 17887856218945683,
        "created_at": 1611653780,
        "text": "Price po",
        "owner": {
            "id": "2028952766",
            "is_verified": false,
            "profile_pic_url": "https://instagram.fagc2-1.fna.fbcdn.net/v/t51.2885-19/s150x150/104446530_684217882433769_1980798910130100026_n.jpg?tp=1&_nc_ht=instagram.fagc2-1.fna.fbcdn.net&_nc_ohc=uL5Y0PNbMIUAX83MxwL&ccb=7-4&oh=e7601aad5f1eafdda3e89f68b65afd61&oe=60891B80&_nc_sid=9fb510",
            "username": "dotheroll_000"
        },
        "likes_count": 0,
        "answers": [
            {
                "id": 17928022648494011,
                "created_at": 1611656968,
                "text": "@dotheroll_000 check dm",
                "owner": {
                    "id": "31345321949",
                    "is_verified": false,
                    "profile_pic_url": "https://instagram.fagc2-1.fna.fbcdn.net/v/t51.2885-19/s150x150/104655610_734890267265839_7042082510067431729_n.jpg?tp=1&_nc_ht=instagram.fagc2-1.fna.fbcdn.net&_nc_ohc=Q9yxDDyzyrwAX9Xuts8&ccb=7-4&oh=d86b1b6d639825b0f55d29acf1a38f6f&oe=608866EF&_nc_sid=9fb510",
                    "username": "airpods_case_1"
                },
                "likes_count": 0
            }
        ]
    },
    {
        "id": 18067556827250052,
        "created_at": 1610179929,
        "text": "Price bro",
        "owner": {
            "id": "35842266410",
            "is_verified": false,
            "profile_pic_url": "https://instagram.fagc2-1.fna.fbcdn.net/v/t51.2885-19/s150x150/121999396_405138177156560_2311857762896082190_n.jpg?tp=1&_nc_ht=instagram.fagc2-1.fna.fbcdn.net&_nc_ohc=OqPq24zv96sAX-VPHqk&ccb=7-4&oh=2fe61e738d122144addd8de693edc92a&oe=60860DBD&_nc_sid=9fb510",
            "username": "hamzi076"
        },
        "likes_count": 0,
        "answers": [
            {
                "id": 17864999981273235,
                "created_at": 1610180000,
                "text": "@hamzi076 check dm",
                "owner": {
                    "id": "31345321949",
                    "is_verified": false,
                    "profile_pic_url": "https://instagram.fagc2-1.fna.fbcdn.net/v/t51.2885-19/s150x150/104655610_734890267265839_7042082510067431729_n.jpg?tp=1&_nc_ht=instagram.fagc2-1.fna.fbcdn.net&_nc_ohc=Q9yxDDyzyrwAX9Xuts8&ccb=7-4&oh=d86b1b6d639825b0f55d29acf1a38f6f&oe=608866EF&_nc_sid=9fb510",
                    "username": "airpods_case_1"
                },
                "likes_count": 0
            }
        ]
    },
    {
        "id": 17870288210142347,
        "created_at": 1609328339,
        "text": "Price??",
        "owner": {
            "id": "38909870400",
            "is_verified": false,
            "profile_pic_url": "https://instagram.fagc2-1.fna.fbcdn.net/v/t51.2885-19/s150x150/156859013_1509161779287666_4532060043364197948_n.jpg?tp=1&_nc_ht=instagram.fagc2-1.fna.fbcdn.net&_nc_ohc=6NEZbnc2aqIAX8tpB0z&ccb=7-4&oh=8b04608d19b4163c88f668656bd3aa3d&oe=60885671&_nc_sid=9fb510",
            "username": "sultan_a_punjab"
        },
        "likes_count": 0,
        "answers": []
    },
    {
        "id": 17907795019595637,
        "created_at": 1608588877,
        "text": "Price?",
        "owner": {
            "id": "34617020252",
            "is_verified": false,
            "profile_pic_url": "https://instagram.fagc2-1.fna.fbcdn.net/v/t51.2885-19/s150x150/95418725_645045416080257_2215286248002551808_n.jpg?tp=1&_nc_ht=instagram.fagc2-1.fna.fbcdn.net&_nc_ohc=sl6kE_poyhcAX8VFoOs&ccb=7-4&oh=816f6e2b9b099f83e86094bb98f7c2a4&oe=60871426&_nc_sid=9fb510",
            "username": "maxvredeveld"
        },
        "likes_count": 0,
        "answers": [
            {
                "id": 17888451124851292,
                "created_at": 1608605241,
                "text": "@maxvredeveld check dm",
                "owner": {
                    "id": "31345321949",
                    "is_verified": false,
                    "profile_pic_url": "https://instagram.fagc2-1.fna.fbcdn.net/v/t51.2885-19/s150x150/104655610_734890267265839_7042082510067431729_n.jpg?tp=1&_nc_ht=instagram.fagc2-1.fna.fbcdn.net&_nc_ohc=Q9yxDDyzyrwAX9Xuts8&ccb=7-4&oh=d86b1b6d639825b0f55d29acf1a38f6f&oe=608866EF&_nc_sid=9fb510",
                    "username": "airpods_case_1"
                },
                "likes_count": 0
            }
        ]
    },
    {
        "id": 17905881598566023,
        "created_at": 1605610632,
        "text": "Pp",
        "owner": {
            "id": "1587156883",
            "is_verified": false,
            "profile_pic_url": "https://instagram.fagc2-1.fna.fbcdn.net/v/t51.2885-19/s150x150/149311354_177127933839128_7222319106651212148_n.jpg?tp=1&_nc_ht=instagram.fagc2-1.fna.fbcdn.net&_nc_ohc=QDgN-Yu2rtoAX9G7aF7&ccb=7-4&oh=021f139ead3489d22e7dfdafc77abc65&oe=60881C37&_nc_sid=9fb510",
            "username": "yanajn94"
        },
        "likes_count": 0,
        "answers": [
            {
                "id": 17860512953197584,
                "created_at": 1605612257,
                "text": "@yanajn94 check dm",
                "owner": {
                    "id": "31345321949",
                    "is_verified": false,
                    "profile_pic_url": "https://instagram.fagc2-1.fna.fbcdn.net/v/t51.2885-19/s150x150/104655610_734890267265839_7042082510067431729_n.jpg?tp=1&_nc_ht=instagram.fagc2-1.fna.fbcdn.net&_nc_ohc=Q9yxDDyzyrwAX9Xuts8&ccb=7-4&oh=d86b1b6d639825b0f55d29acf1a38f6f&oe=608866EF&_nc_sid=9fb510",
                    "username": "airpods_case_1"
                },
                "likes_count": 0
            }
        ]
    },
    {
        "id": 17882809888794126,
        "created_at": 1603168795,
        "text": "Sir price plz",
        "owner": {
            "id": "3284588646",
            "is_verified": false,
            "profile_pic_url": "https://instagram.fagc2-1.fna.fbcdn.net/v/t51.2885-19/s150x150/129764982_502852654021375_4836147374201227127_n.jpg?tp=1&_nc_ht=instagram.fagc2-1.fna.fbcdn.net&_nc_ohc=yw4jNTWPpDAAX9SGmwd&ccb=7-4&oh=f123f670dd82d4d20660e8f3e0b0996e&oe=60882399&_nc_sid=9fb510",
            "username": "amitarora0811"
        },
        "likes_count": 0,
        "answers": [
            {
                "id": 18168075640035821,
                "created_at": 1603171962,
                "text": "@amitarora0811 check dm",
                "owner": {
                    "id": "31345321949",
                    "is_verified": false,
                    "profile_pic_url": "https://instagram.fagc2-1.fna.fbcdn.net/v/t51.2885-19/s150x150/104655610_734890267265839_7042082510067431729_n.jpg?tp=1&_nc_ht=instagram.fagc2-1.fna.fbcdn.net&_nc_ohc=Q9yxDDyzyrwAX9Xuts8&ccb=7-4&oh=d86b1b6d639825b0f55d29acf1a38f6f&oe=608866EF&_nc_sid=9fb510",
                    "username": "airpods_case_1"
                },
                "likes_count": 0
            }
        ]
    },
    {
        "id": 17960999989346944,
        "created_at": 1601028462,
        "text": "Price",
        "owner": {
            "id": "41190823388",
            "is_verified": false,
            "profile_pic_url": "https://instagram.fagc2-1.fna.fbcdn.net/v/t51.2885-19/s150x150/119105833_372337217497888_5353413837286563433_n.jpg?tp=1&_nc_ht=instagram.fagc2-1.fna.fbcdn.net&_nc_ohc=JW3Fn7Rr9TIAX-Qd-AR&ccb=7-4&oh=ef507a33a1a404528e3e41e1c8155498&oe=60867CA9&_nc_sid=9fb510",
            "username": "candy.girl1212"
        },
        "likes_count": 0,
        "answers": [
            {
                "id": 17860200923153888,
                "created_at": 1601029172,
                "text": "Check dm",
                "owner": {
                    "id": "31345321949",
                    "is_verified": false,
                    "profile_pic_url": "https://instagram.fagc2-1.fna.fbcdn.net/v/t51.2885-19/s150x150/104655610_734890267265839_7042082510067431729_n.jpg?tp=1&_nc_ht=instagram.fagc2-1.fna.fbcdn.net&_nc_ohc=Q9yxDDyzyrwAX9Xuts8&ccb=7-4&oh=d86b1b6d639825b0f55d29acf1a38f6f&oe=608866EF&_nc_sid=9fb510",
                    "username": "airpods_case_1"
                },
                "likes_count": 0
            }
        ]
    },
    {
        "id": 18163243567045848,
        "created_at": 1600623380,
        "text": "Price please",
        "owner": {
            "id": "611443191",
            "is_verified": false,
            "profile_pic_url": "https://instagram.fagc2-1.fna.fbcdn.net/v/t51.2885-19/s150x150/156608703_765506197737710_6782728220925721128_n.jpg?tp=1&_nc_ht=instagram.fagc2-1.fna.fbcdn.net&_nc_ohc=_LuyoRwUj0YAX9IBsr0&ccb=7-4&oh=bc811f43ea5f9a8c544f9637543c3aa6&oe=60888576&_nc_sid=9fb510",
            "username": "samraat2810"
        },
        "likes_count": 0,
        "answers": [
            {
                "id": 17893560775625028,
                "created_at": 1600623743,
                "text": "@samraat2810 check dm",
                "owner": {
                    "id": "31345321949",
                    "is_verified": false,
                    "profile_pic_url": "https://instagram.fagc2-1.fna.fbcdn.net/v/t51.2885-19/s150x150/104655610_734890267265839_7042082510067431729_n.jpg?tp=1&_nc_ht=instagram.fagc2-1.fna.fbcdn.net&_nc_ohc=Q9yxDDyzyrwAX9Xuts8&ccb=7-4&oh=d86b1b6d639825b0f55d29acf1a38f6f&oe=608866EF&_nc_sid=9fb510",
                    "username": "airpods_case_1"
                },
                "likes_count": 1
            }
        ]
    },
    {
        "id": 17850002708304338,
        "created_at": 1600513149,
        "text": "Price plz",
        "owner": {
            "id": "5586291345",
            "is_verified": false,
            "profile_pic_url": "https://instagram.fagc2-1.fna.fbcdn.net/v/t51.2885-19/s150x150/21107515_884153425110700_2886110270772477952_a.jpg?tp=1&_nc_ht=instagram.fagc2-1.fna.fbcdn.net&_nc_ohc=w7clD0P5jWEAX9i0Cq9&ccb=7-4&oh=a3ff0169ecc146a055614aefbfa3aec6&oe=60871683&_nc_sid=9fb510",
            "username": "m.patel____"
        },
        "likes_count": 0,
        "answers": []
    }
]