[
    {
        "id": 17893029943952307,
        "created_at": 1616244901,
        "text": "Pp",
        "owner": {
            "id": "1016074640",
            "is_verified": false,
            "profile_pic_url": "https://instagram.fagc2-1.fna.fbcdn.net/v/t51.2885-19/s150x150/12568861_793274847445487_1730901110_a.jpg?tp=1&_nc_ht=instagram.fagc2-1.fna.fbcdn.net&_nc_ohc=EV9UKjQaWmYAX8u9AF4&ccb=7-4&oh=64ac210cc03e348267ff2bfe5295e76a&oe=60877303&_nc_sid=9fb510",
            "username": "priyank16492"
        },
        "likes_count": 1,
        "answers": [
            {
                "id": 17909911741713897,
                "created_at": 1616248312,
                "text": "@priyank16492 check dm",
                "owner": {
                    "id": "31345321949",
                    "is_verified": false,
                    "profile_pic_url": "https://instagram.fagc2-1.fna.fbcdn.net/v/t51.2885-19/s150x150/104655610_734890267265839_7042082510067431729_n.jpg?tp=1&_nc_ht=instagram.fagc2-1.fna.fbcdn.net&_nc_ohc=Q9yxDDyzyrwAX9Xuts8&ccb=7-4&oh=d86b1b6d639825b0f55d29acf1a38f6f&oe=608866EF&_nc_sid=9fb510",
                    "username": "airpods_case_1"
                },
                "likes_count": 0
            }
        ]
    },
    {
        "id": 17864487368401464,
        "created_at": 1615031105,
        "text": "Pp",
        "owner": {
            "id": "1338629420",
            "is_verified": false,
            "profile_pic_url": "https://instagram.fagc2-1.fna.fbcdn.net/v/t51.2885-19/s150x150/92436283_265624607786748_3216400140667453440_n.jpg?tp=1&_nc_ht=instagram.fagc2-1.fna.fbcdn.net&_nc_ohc=qsbJ38hydAwAX_-WJdC&ccb=7-4&oh=35438771cd94b5447cd7295f24ecdd2a&oe=60865CDC&_nc_sid=9fb510",
            "username": "navyafashions_18"
        },
        "likes_count": 0,
        "answers": [
            {
                "id": 17845947533525980,
                "created_at": 1615090363,
                "text": "@navyafashions_18 check dm",
                "owner": {
                    "id": "31345321949",
                    "is_verified": false,
                    "profile_pic_url": "https://instagram.fagc2-1.fna.fbcdn.net/v/t51.2885-19/s150x150/104655610_734890267265839_7042082510067431729_n.jpg?tp=1&_nc_ht=instagram.fagc2-1.fna.fbcdn.net&_nc_ohc=Q9yxDDyzyrwAX9Xuts8&ccb=7-4&oh=d86b1b6d639825b0f55d29acf1a38f6f&oe=608866EF&_nc_sid=9fb510",
                    "username": "airpods_case_1"
                },
                "likes_count": 0
            }
        ]
    },
    {
        "id": 17868543041312896,
        "created_at": 1614880574,
        "text": "Price?",
        "owner": {
            "id": "197951671",
            "is_verified": false,
            "profile_pic_url": "https://instagram.fagc2-1.fna.fbcdn.net/v/t51.2885-19/s150x150/27574656_161771197716249_7929904161347338240_n.jpg?tp=1&_nc_ht=instagram.fagc2-1.fna.fbcdn.net&_nc_ohc=oKvfGSoQmCcAX9VlBAm&ccb=7-4&oh=78154297fbd99d7845a82c29e4d76cfa&oe=608832DD&_nc_sid=9fb510",
            "username": "sheel_sonigara07"
        },
        "likes_count": 0,
        "answers": [
            {
                "id": 17896428076832324,
                "created_at": 1614896963,
                "text": "@sheel_sonigara07 check dm",
                "owner": {
                    "id": "31345321949",
                    "is_verified": false,
                    "profile_pic_url": "https://instagram.fagc2-1.fna.fbcdn.net/v/t51.2885-19/s150x150/104655610_734890267265839_7042082510067431729_n.jpg?tp=1&_nc_ht=instagram.fagc2-1.fna.fbcdn.net&_nc_ohc=Q9yxDDyzyrwAX9Xuts8&ccb=7-4&oh=d86b1b6d639825b0f55d29acf1a38f6f&oe=608866EF&_nc_sid=9fb510",
                    "username": "airpods_case_1"
                },
                "likes_count": 0
            }
        ]
    },
    {
        "id": 17884758641050627,
        "created_at": 1613223560,
        "text": "Airpods pro case price",
        "owner": {
            "id": "4144849048",
            "is_verified": false,
            "profile_pic_url": "https://instagram.fagc2-1.fna.fbcdn.net/v/t51.2885-19/s150x150/161447299_4209805675748280_5744070952433431117_n.jpg?tp=1&_nc_ht=instagram.fagc2-1.fna.fbcdn.net&_nc_ohc=LqH5pAmAIMIAX85TA2p&ccb=7-4&oh=b845a6ea4070848b8c2cc506358589ec&oe=60881489&_nc_sid=9fb510",
            "username": "prasath_jacktar"
        },
        "likes_count": 0,
        "answers": [
            {
                "id": 17862244766388525,
                "created_at": 1613237605,
                "text": "@prasath_jacktar check dm",
                "owner": {
                    "id": "31345321949",
                    "is_verified": false,
                    "profile_pic_url": "https://instagram.fagc2-1.fna.fbcdn.net/v/t51.2885-19/s150x150/104655610_734890267265839_7042082510067431729_n.jpg?tp=1&_nc_ht=instagram.fagc2-1.fna.fbcdn.net&_nc_ohc=Q9yxDDyzyrwAX9Xuts8&ccb=7-4&oh=d86b1b6d639825b0f55d29acf1a38f6f&oe=608866EF&_nc_sid=9fb510",
                    "username": "airpods_case_1"
                },
                "likes_count": 0
            }
        ]
    },
    {
        "id": 17929567111493562,
        "created_at": 1613217289,
        "text": "Pric",
        "owner": {
            "id": "2234497093",
            "is_verified": false,
            "profile_pic_url": "https://instagram.fagc2-1.fna.fbcdn.net/v/t51.2885-19/s150x150/153999963_2884209481859648_2148974833498349116_n.jpg?tp=1&_nc_ht=instagram.fagc2-1.fna.fbcdn.net&_nc_ohc=tb5R17vs6OMAX_e7o9u&ccb=7-4&oh=3c2e16551a653c96b2201fdfd9d38374&oe=608846AB&_nc_sid=9fb510",
            "username": "__saaddahmedd__"
        },
        "likes_count": 0,
        "answers": [
            {
                "id": 17865266378350957,
                "created_at": 1613237585,
                "text": "Check dm",
                "owner": {
                    "id": "31345321949",
                    "is_verified": false,
                    "profile_pic_url": "https://instagram.fagc2-1.fna.fbcdn.net/v/t51.2885-19/s150x150/104655610_734890267265839_7042082510067431729_n.jpg?tp=1&_nc_ht=instagram.fagc2-1.fna.fbcdn.net&_nc_ohc=Q9yxDDyzyrwAX9Xuts8&ccb=7-4&oh=d86b1b6d639825b0f55d29acf1a38f6f&oe=608866EF&_nc_sid=9fb510",
                    "username": "airpods_case_1"
                },
                "likes_count": 0
            }
        ]
    },
    {
        "id": 17853196385488457,
        "created_at": 1612868076,
        "text": "pp",
        "owner": {
            "id": "2925925746",
            "is_verified": false,
            "profile_pic_url": "https://instagram.fagc2-1.fna.fbcdn.net/v/t51.2885-19/s150x150/75561400_791730361275406_4324155760599629824_n.jpg?tp=1&_nc_ht=instagram.fagc2-1.fna.fbcdn.net&_nc_ohc=UOZy-0uYiRcAX-8Yrju&ccb=7-4&oh=f52d87b7875ff972cba6a7a32d94293a&oe=608681B5&_nc_sid=9fb510",
            "username": "heena4999"
        },
        "likes_count": 0,
        "answers": []
    },
    {
        "id": 17896571722828120,
        "created_at": 1612632570,
        "text": "Price",
        "owner": {
            "id": "4164258545",
            "is_verified": false,
            "profile_pic_url": "https://instagram.fagc2-1.fna.fbcdn.net/v/t51.2885-19/s150x150/47694055_614543382307469_6453021854947868672_n.jpg?tp=1&_nc_ht=instagram.fagc2-1.fna.fbcdn.net&_nc_ohc=mckzAzrHr4cAX9RjHIg&ccb=7-4&oh=a15d9cdfdb060e8d31a97fc52770fb44&oe=6088606D&_nc_sid=9fb510",
            "username": "danger_boy_7563"
        },
        "likes_count": 0,
        "answers": [
            {
                "id": 17885131814015231,
                "created_at": 1612633105,
                "text": "@danger_boy_7563 check dm",
                "owner": {
                    "id": "31345321949",
                    "is_verified": false,
                    "profile_pic_url": "https://instagram.fagc2-1.fna.fbcdn.net/v/t51.2885-19/s150x150/104655610_734890267265839_7042082510067431729_n.jpg?tp=1&_nc_ht=instagram.fagc2-1.fna.fbcdn.net&_nc_ohc=Q9yxDDyzyrwAX9Xuts8&ccb=7-4&oh=d86b1b6d639825b0f55d29acf1a38f6f&oe=608866EF&_nc_sid=9fb510",
                    "username": "airpods_case_1"
                },
                "likes_count": 0
            }
        ]
    },
    {
        "id": 17869969226219216,
        "created_at": 1612532634,
        "text": "Pp",
        "owner": {
            "id": "3888296944",
            "is_verified": false,
            "profile_pic_url": "https://instagram.fagc2-1.fna.fbcdn.net/v/t51.2885-19/s150x150/89814983_514406302593808_5889467578153172992_n.jpg?tp=1&_nc_ht=instagram.fagc2-1.fna.fbcdn.net&_nc_ohc=m6Ruq6B7bY4AX8HmsIF&ccb=7-4&oh=d0879743f5cd614e8eb61ac64a848ed7&oe=6088C0B8&_nc_sid=9fb510",
            "username": "swatii_chawlaa"
        },
        "likes_count": 0,
        "answers": []
    },
    {
        "id": 18138264316083868,
        "created_at": 1611998868,
        "text": "Price plz",
        "owner": {
            "id": "4028017480",
            "is_verified": false,
            "profile_pic_url": "https://instagram.fagc2-1.fna.fbcdn.net/v/t51.2885-19/s150x150/164572564_1679667308886709_2483453780499963597_n.jpg?tp=1&_nc_ht=instagram.fagc2-1.fna.fbcdn.net&_nc_ohc=qSi478Q4iaQAX9b59UD&ccb=7-4&oh=7799b094dac195c976075e724cd05c99&oe=6089CB2F&_nc_sid=9fb510",
            "username": "iam.harjot"
        },
        "likes_count": 0,
        "answers": [
            {
                "id": 18193272652014611,
                "created_at": 1612000734,
                "text": "@iam.harjot check dm",
                "owner": {
                    "id": "31345321949",
                    "is_verified": false,
                    "profile_pic_url": "https://instagram.fagc2-1.fna.fbcdn.net/v/t51.2885-19/s150x150/104655610_734890267265839_7042082510067431729_n.jpg?tp=1&_nc_ht=instagram.fagc2-1.fna.fbcdn.net&_nc_ohc=Q9yxDDyzyrwAX9Xuts8&ccb=7-4&oh=d86b1b6d639825b0f55d29acf1a38f6f&oe=608866EF&_nc_sid=9fb510",
                    "username": "airpods_case_1"
                },
                "likes_count": 0
            }
        ]
    },
    {
        "id": 17899368181744431,
        "created_at": 1611585412,
        "text": "Price",
        "owner": {
            "id": "2919402384",
            "is_verified": false,
            "profile_pic_url": "https://instagram.fagc2-1.fna.fbcdn.net/v/t51.2885-19/s150x150/18444415_267504110378420_2730052393554149376_a.jpg?tp=1&_nc_ht=instagram.fagc2-1.fna.fbcdn.net&_nc_ohc=lFQrhLdaLDMAX-urfUw&ccb=7-4&oh=579bf8283a2d263e019048ea41596963&oe=6087183E&_nc_sid=9fb510",
            "username": "invincible_1756"
        },
        "likes_count": 0,
        "answers": []
    },
    {
        "id": 18063362455271426,
        "created_at": 1610569492,
        "text": "Price?",
        "owner": {
            "id": "6896164226",
            "is_verified": false,
            "profile_pic_url": "https://instagram.fagc2-1.fna.fbcdn.net/v/t51.2885-19/s150x150/161310027_101937328616697_4410366955982077141_n.jpg?tp=1&_nc_ht=instagram.fagc2-1.fna.fbcdn.net&_nc_ohc=LM9wpHfM1LkAX9HRlR0&ccb=7-4&oh=01b76e4ff3aeaecc166ef7f6474abbe6&oe=60880CB6&_nc_sid=9fb510",
            "username": "official_abhay_kalsi"
        },
        "likes_count": 0,
        "answers": [
            {
                "id": 17868604898203245,
                "created_at": 1610598615,
                "text": "@official_abhay_kalsi check dm",
                "owner": {
                    "id": "31345321949",
                    "is_verified": false,
                    "profile_pic_url": "https://instagram.fagc2-1.fna.fbcdn.net/v/t51.2885-19/s150x150/104655610_734890267265839_7042082510067431729_n.jpg?tp=1&_nc_ht=instagram.fagc2-1.fna.fbcdn.net&_nc_ohc=Q9yxDDyzyrwAX9Xuts8&ccb=7-4&oh=d86b1b6d639825b0f55d29acf1a38f6f&oe=608866EF&_nc_sid=9fb510",
                    "username": "airpods_case_1"
                },
                "likes_count": 1
            }
        ]
    },
    {
        "id": 17864441747284412,
        "created_at": 1610022612,
        "text": "Price?",
        "owner": {
            "id": "2003932728",
            "is_verified": false,
            "profile_pic_url": "https://instagram.fagc2-1.fna.fbcdn.net/v/t51.2885-19/s150x150/158858618_201555431757348_3243970309432742992_n.jpg?tp=1&_nc_ht=instagram.fagc2-1.fna.fbcdn.net&_nc_ohc=RhYCXIyTC80AX8xelCi&ccb=7-4&oh=32eff85abbd72c09fb7d985096adb823&oe=608876B0&_nc_sid=9fb510",
            "username": "tarun_kumar98118"
        },
        "likes_count": 0,
        "answers": [
            {
                "id": 17871362885148281,
                "created_at": 1610022659,
                "text": "@tarun_kumar98118 check dm",
                "owner": {
                    "id": "31345321949",
                    "is_verified": false,
                    "profile_pic_url": "https://instagram.fagc2-1.fna.fbcdn.net/v/t51.2885-19/s150x150/104655610_734890267265839_7042082510067431729_n.jpg?tp=1&_nc_ht=instagram.fagc2-1.fna.fbcdn.net&_nc_ohc=Q9yxDDyzyrwAX9Xuts8&ccb=7-4&oh=d86b1b6d639825b0f55d29acf1a38f6f&oe=608866EF&_nc_sid=9fb510",
                    "username": "airpods_case_1"
                },
                "likes_count": 0
            }
        ]
    },
    {
        "id": 18082687333244010,
        "created_at": 1609869992,
        "text": "Price",
        "owner": {
            "id": "517547719",
            "is_verified": false,
            "profile_pic_url": "https://instagram.fagc2-1.fna.fbcdn.net/v/t51.2885-19/s150x150/149482561_179980676839910_7981591837004498349_n.jpg?tp=1&_nc_ht=instagram.fagc2-1.fna.fbcdn.net&_nc_ohc=GfI64060oysAX_5tAak&ccb=7-4&oh=f3b05fbbab2abd6c670cf09c2daf193d&oe=60875655&_nc_sid=9fb510",
            "username": "ritwik_ritz999"
        },
        "likes_count": 0,
        "answers": [
            {
                "id": 17951780890393952,
                "created_at": 1609870143,
                "text": "@ritwik_ritz999 check dm",
                "owner": {
                    "id": "31345321949",
                    "is_verified": false,
                    "profile_pic_url": "https://instagram.fagc2-1.fna.fbcdn.net/v/t51.2885-19/s150x150/104655610_734890267265839_7042082510067431729_n.jpg?tp=1&_nc_ht=instagram.fagc2-1.fna.fbcdn.net&_nc_ohc=Q9yxDDyzyrwAX9Xuts8&ccb=7-4&oh=d86b1b6d639825b0f55d29acf1a38f6f&oe=608866EF&_nc_sid=9fb510",
                    "username": "airpods_case_1"
                },
                "likes_count": 0
            }
        ]
    },
    {
        "id": 17899986019623365,
        "created_at": 1605849877,
        "text": "Price",
        "owner": {
            "id": "6452130934",
            "is_verified": false,
            "profile_pic_url": "https://instagram.fagc2-1.fna.fbcdn.net/v/t51.2885-19/s150x150/149775671_2814438802156091_3077314747694909078_n.jpg?tp=1&_nc_ht=instagram.fagc2-1.fna.fbcdn.net&_nc_ohc=N9muFwwn2jEAX_pYRek&ccb=7-4&oh=fba8760d28b2bc7afca35c7cb545b06b&oe=60896D35&_nc_sid=9fb510",
            "username": "anuu1039"
        },
        "likes_count": 0,
        "answers": [
            {
                "id": 17889247627761130,
                "created_at": 1605858933,
                "text": "@anuu1039 check dm",
                "owner": {
                    "id": "31345321949",
                    "is_verified": false,
                    "profile_pic_url": "https://instagram.fagc2-1.fna.fbcdn.net/v/t51.2885-19/s150x150/104655610_734890267265839_7042082510067431729_n.jpg?tp=1&_nc_ht=instagram.fagc2-1.fna.fbcdn.net&_nc_ohc=Q9yxDDyzyrwAX9Xuts8&ccb=7-4&oh=d86b1b6d639825b0f55d29acf1a38f6f&oe=608866EF&_nc_sid=9fb510",
                    "username": "airpods_case_1"
                },
                "likes_count": 0
            }
        ]
    },
    {
        "id": 17945093041403568,
        "created_at": 1605806020,
        "text": "How much",
        "owner": {
            "id": "7014431070",
            "is_verified": false,
            "profile_pic_url": "https://instagram.fagc2-1.fna.fbcdn.net/v/t51.2885-19/s150x150/42419823_709951706049883_2330420783471394816_n.jpg?tp=1&_nc_ht=instagram.fagc2-1.fna.fbcdn.net&_nc_ohc=OO5M1bt5bFkAX-aHQQ7&ccb=7-4&oh=89b305ce8ec0be0afcbb08a52069b678&oe=60896525&_nc_sid=9fb510",
            "username": "pappas_little_gal"
        },
        "likes_count": 0,
        "answers": [
            {
                "id": 17915021182491661,
                "created_at": 1605806124,
                "text": "@pappas_little_gal check dm",
                "owner": {
                    "id": "31345321949",
                    "is_verified": false,
                    "profile_pic_url": "https://instagram.fagc2-1.fna.fbcdn.net/v/t51.2885-19/s150x150/104655610_734890267265839_7042082510067431729_n.jpg?tp=1&_nc_ht=instagram.fagc2-1.fna.fbcdn.net&_nc_ohc=Q9yxDDyzyrwAX9Xuts8&ccb=7-4&oh=d86b1b6d639825b0f55d29acf1a38f6f&oe=608866EF&_nc_sid=9fb510",
                    "username": "airpods_case_1"
                },
                "likes_count": 0
            }
        ]
    }
]