[
    {
        "id": 17885383135986919,
        "created_at": 1611160991,
        "text": "Pp",
        "owner": {
            "id": "21450179950",
            "is_verified": false,
            "profile_pic_url": "https://instagram.fagc2-1.fna.fbcdn.net/v/t51.2885-19/s150x150/164523784_385909959265489_6322717485290397561_n.jpg?tp=1&_nc_ht=instagram.fagc2-1.fna.fbcdn.net&_nc_ohc=BDZBGbFCnQAAX9PFCKO&ccb=7-4&oh=d3bc4d1a677b223902807b61e20c0e95&oe=6087484D&_nc_sid=9fb510",
            "username": "_gautami_tupe_007_"
        },
        "likes_count": 0,
        "answers": []
    },
    {
        "id": 17868686366157565,
        "created_at": 1609125431,
        "text": "Pp",
        "owner": {
            "id": "630301815",
            "is_verified": false,
            "profile_pic_url": "https://instagram.fagc2-1.fna.fbcdn.net/v/t51.2885-19/s150x150/21371983_139717109969089_1728837165430865920_a.jpg?tp=1&_nc_ht=instagram.fagc2-1.fna.fbcdn.net&_nc_ohc=8Oz_hTGIS94AX8hrKow&ccb=7-4&oh=30fb8ff83290ac8a0a24ddf1cc9c18f3&oe=60892D64&_nc_sid=9fb510",
            "username": "vaisshali_1411"
        },
        "likes_count": 0,
        "answers": [
            {
                "id": 17887097485843999,
                "created_at": 1609132311,
                "text": "@vaisshali_1411 check dm",
                "owner": {
                    "id": "31345321949",
                    "is_verified": false,
                    "profile_pic_url": "https://instagram.fagc2-1.fna.fbcdn.net/v/t51.2885-19/s150x150/104655610_734890267265839_7042082510067431729_n.jpg?tp=1&_nc_ht=instagram.fagc2-1.fna.fbcdn.net&_nc_ohc=Q9yxDDyzyrwAX9Xuts8&ccb=7-4&oh=d86b1b6d639825b0f55d29acf1a38f6f&oe=608866EF&_nc_sid=9fb510",
                    "username": "airpods_case_1"
                },
                "likes_count": 0
            }
        ]
    },
    {
        "id": 17886979255799223,
        "created_at": 1606802169,
        "text": "\u0426\u0435\u043d\u0430?",
        "owner": {
            "id": "301631587",
            "is_verified": false,
            "profile_pic_url": "https://instagram.fagc2-1.fna.fbcdn.net/v/t51.2885-19/s150x150/67167644_353896942205204_4366009774517518336_n.jpg?tp=1&_nc_ht=instagram.fagc2-1.fna.fbcdn.net&_nc_ohc=jBjEeIvFZPwAX8M0moz&ccb=7-4&oh=5ae5bb897be852cd8ed14c0bf100cfaf&oe=60879EA6&_nc_sid=9fb510",
            "username": "victoriaborovikova1"
        },
        "likes_count": 0,
        "answers": []
    }
]