[
    {
        "id": 17983517032349892,
        "created_at": 1616576531,
        "text": "Pp",
        "owner": {
            "id": "16411978659",
            "is_verified": false,
            "profile_pic_url": "https://instagram.fagc2-1.fna.fbcdn.net/v/t51.2885-19/s150x150/90982838_1211860172317881_8853399439398666240_n.jpg?tp=1&_nc_ht=instagram.fagc2-1.fna.fbcdn.net&_nc_ohc=ooXrMP6gIikAX9ZNN1o&ccb=7-4&oh=7c5f802ca69bcea2fa93b85a62ab817d&oe=6087390F&_nc_sid=9fb510",
            "username": "basant.surya"
        },
        "likes_count": 0,
        "answers": []
    },
    {
        "id": 17932474279489697,
        "created_at": 1614771420,
        "text": "Pp",
        "owner": {
            "id": "37968526850",
            "is_verified": false,
            "profile_pic_url": "https://instagram.fagc2-1.fna.fbcdn.net/v/t51.2885-19/s150x150/122412781_757404308142828_6429831260329792601_n.jpg?tp=1&_nc_ht=instagram.fagc2-1.fna.fbcdn.net&_nc_ohc=ZSH6YhHEtxMAX_5NuGE&ccb=7-4&oh=d62a1ca1c09008de09734ea1c835fcfd&oe=6087962F&_nc_sid=9fb510",
            "username": "the.chamomilestore_____"
        },
        "likes_count": 0,
        "answers": [
            {
                "id": 17878565624178923,
                "created_at": 1614771861,
                "text": "@the.chamomilestore_____ out of stock",
                "owner": {
                    "id": "31345321949",
                    "is_verified": false,
                    "profile_pic_url": "https://instagram.fagc2-1.fna.fbcdn.net/v/t51.2885-19/s150x150/104655610_734890267265839_7042082510067431729_n.jpg?tp=1&_nc_ht=instagram.fagc2-1.fna.fbcdn.net&_nc_ohc=Q9yxDDyzyrwAX9Xuts8&ccb=7-4&oh=d86b1b6d639825b0f55d29acf1a38f6f&oe=608866EF&_nc_sid=9fb510",
                    "username": "airpods_case_1"
                },
                "likes_count": 0
            }
        ]
    },
    {
        "id": 17882062577080922,
        "created_at": 1613499260,
        "text": "Is this still available?  And how much",
        "owner": {
            "id": "39273130878",
            "is_verified": false,
            "profile_pic_url": "https://instagram.fagc2-1.fna.fbcdn.net/v/t51.2885-19/s150x150/116130976_286285809327854_7400250486159325297_n.jpg?tp=1&_nc_ht=instagram.fagc2-1.fna.fbcdn.net&_nc_ohc=5ZG8eiudNe4AX9zu0Zs&ccb=7-4&oh=ab03eceb0ad9696862ea3c1efc24bb33&oe=6089615E&_nc_sid=9fb510",
            "username": "crafteeemma"
        },
        "likes_count": 0,
        "answers": [
            {
                "id": 17886073228977814,
                "created_at": 1613499699,
                "text": "@crafteeemma yes check dm",
                "owner": {
                    "id": "31345321949",
                    "is_verified": false,
                    "profile_pic_url": "https://instagram.fagc2-1.fna.fbcdn.net/v/t51.2885-19/s150x150/104655610_734890267265839_7042082510067431729_n.jpg?tp=1&_nc_ht=instagram.fagc2-1.fna.fbcdn.net&_nc_ohc=Q9yxDDyzyrwAX9Xuts8&ccb=7-4&oh=d86b1b6d639825b0f55d29acf1a38f6f&oe=608866EF&_nc_sid=9fb510",
                    "username": "airpods_case_1"
                },
                "likes_count": 1
            }
        ]
    },
    {
        "id": 17863790711313571,
        "created_at": 1610958822,
        "text": "Price?",
        "owner": {
            "id": "1464450543",
            "is_verified": false,
            "profile_pic_url": "https://instagram.fagc2-1.fna.fbcdn.net/v/t51.2885-19/s150x150/165307320_495412701833670_771773903730933825_n.jpg?tp=1&_nc_ht=instagram.fagc2-1.fna.fbcdn.net&_nc_ohc=lknOWukLVIgAX8VCm9Q&ccb=7-4&oh=19329999df59fcda2e429ccaea085203&oe=6089747E&_nc_sid=9fb510",
            "username": "muskaaann__"
        },
        "likes_count": 0,
        "answers": [
            {
                "id": 17937650122448824,
                "created_at": 1610958943,
                "text": "@muskaaann__ check dm",
                "owner": {
                    "id": "31345321949",
                    "is_verified": false,
                    "profile_pic_url": "https://instagram.fagc2-1.fna.fbcdn.net/v/t51.2885-19/s150x150/104655610_734890267265839_7042082510067431729_n.jpg?tp=1&_nc_ht=instagram.fagc2-1.fna.fbcdn.net&_nc_ohc=Q9yxDDyzyrwAX9Xuts8&ccb=7-4&oh=d86b1b6d639825b0f55d29acf1a38f6f&oe=608866EF&_nc_sid=9fb510",
                    "username": "airpods_case_1"
                },
                "likes_count": 0
            }
        ]
    },
    {
        "id": 18185420161051058,
        "created_at": 1610883587,
        "text": "Rs?",
        "owner": {
            "id": "2726734618",
            "is_verified": false,
            "profile_pic_url": "https://instagram.fagc2-1.fna.fbcdn.net/v/t51.2885-19/s150x150/163743285_801749474027424_8721409660523053263_n.jpg?tp=1&_nc_ht=instagram.fagc2-1.fna.fbcdn.net&_nc_ohc=o2BPDodLw2YAX_DL9Dc&ccb=7-4&oh=b64e94f72603b4addf2c5f395c2a3cfc&oe=60886356&_nc_sid=9fb510",
            "username": "vasubhandula1111"
        },
        "likes_count": 0,
        "answers": []
    },
    {
        "id": 17918064904530425,
        "created_at": 1610821947,
        "text": "price",
        "owner": {
            "id": "18483607003",
            "is_verified": false,
            "profile_pic_url": "https://instagram.fagc2-1.fna.fbcdn.net/v/t51.2885-19/s150x150/152079922_855904815250297_6232905175967986198_n.jpg?tp=1&_nc_ht=instagram.fagc2-1.fna.fbcdn.net&_nc_ohc=ctMBdOjB3vUAX8lnqA_&ccb=7-4&oh=d79bbd94aacf84051c367a19842559b7&oe=6086989E&_nc_sid=9fb510",
            "username": "a_mandi_99_"
        },
        "likes_count": 0,
        "answers": []
    },
    {
        "id": 18152026798112539,
        "created_at": 1610546047,
        "text": "Pp",
        "owner": {
            "id": "184400495",
            "is_verified": false,
            "profile_pic_url": "https://instagram.fagc2-1.fna.fbcdn.net/v/t51.2885-19/s150x150/12543282_1715583462008560_1320722216_a.jpg?tp=1&_nc_ht=instagram.fagc2-1.fna.fbcdn.net&_nc_ohc=AzOMCj8uLhAAX_aqx1m&ccb=7-4&oh=23f5118744ab21fd08c7efca354b625c&oe=6087A944&_nc_sid=9fb510",
            "username": "purandhi_"
        },
        "likes_count": 1,
        "answers": [
            {
                "id": 17851518230499396,
                "created_at": 1610547466,
                "text": "@purandhi_ check dm",
                "owner": {
                    "id": "31345321949",
                    "is_verified": false,
                    "profile_pic_url": "https://instagram.fagc2-1.fna.fbcdn.net/v/t51.2885-19/s150x150/104655610_734890267265839_7042082510067431729_n.jpg?tp=1&_nc_ht=instagram.fagc2-1.fna.fbcdn.net&_nc_ohc=Q9yxDDyzyrwAX9Xuts8&ccb=7-4&oh=d86b1b6d639825b0f55d29acf1a38f6f&oe=608866EF&_nc_sid=9fb510",
                    "username": "airpods_case_1"
                },
                "likes_count": 0
            }
        ]
    },
    {
        "id": 17924978542490323,
        "created_at": 1609308376,
        "text": "price?",
        "owner": {
            "id": "3602763258",
            "is_verified": false,
            "profile_pic_url": "https://instagram.fagc2-1.fna.fbcdn.net/v/t51.2885-19/s150x150/141820512_831056084126339_8063802400212940051_n.jpg?tp=1&_nc_ht=instagram.fagc2-1.fna.fbcdn.net&_nc_ohc=43L45dZ_RUEAX9iX5PV&ccb=7-4&oh=e1bae0ee865029766f80186761c402d9&oe=60878B0F&_nc_sid=9fb510",
            "username": "_dr.akanksha"
        },
        "likes_count": 1,
        "answers": [
            {
                "id": 17953806403389477,
                "created_at": 1609309474,
                "text": "@_dr.akanksha check dm",
                "owner": {
                    "id": "31345321949",
                    "is_verified": false,
                    "profile_pic_url": "https://instagram.fagc2-1.fna.fbcdn.net/v/t51.2885-19/s150x150/104655610_734890267265839_7042082510067431729_n.jpg?tp=1&_nc_ht=instagram.fagc2-1.fna.fbcdn.net&_nc_ohc=Q9yxDDyzyrwAX9Xuts8&ccb=7-4&oh=d86b1b6d639825b0f55d29acf1a38f6f&oe=608866EF&_nc_sid=9fb510",
                    "username": "airpods_case_1"
                },
                "likes_count": 0
            }
        ]
    },
    {
        "id": 17872227842133270,
        "created_at": 1608539656,
        "text": "Pp",
        "owner": {
            "id": "3488782617",
            "is_verified": false,
            "profile_pic_url": "https://instagram.fagc2-1.fna.fbcdn.net/v/t51.2885-19/s150x150/164359291_945166206223180_4022246468068567089_n.jpg?tp=1&_nc_ht=instagram.fagc2-1.fna.fbcdn.net&_nc_ohc=B__lDJXt7zIAX8pWeMa&ccb=7-4&oh=05d38fa9a4bc42509d8c8177f81ef026&oe=60882AA2&_nc_sid=9fb510",
            "username": "shrishty_khod"
        },
        "likes_count": 1,
        "answers": [
            {
                "id": 18084932131228464,
                "created_at": 1608547120,
                "text": "@shrishty_khod check dm",
                "owner": {
                    "id": "31345321949",
                    "is_verified": false,
                    "profile_pic_url": "https://instagram.fagc2-1.fna.fbcdn.net/v/t51.2885-19/s150x150/104655610_734890267265839_7042082510067431729_n.jpg?tp=1&_nc_ht=instagram.fagc2-1.fna.fbcdn.net&_nc_ohc=Q9yxDDyzyrwAX9Xuts8&ccb=7-4&oh=d86b1b6d639825b0f55d29acf1a38f6f&oe=608866EF&_nc_sid=9fb510",
                    "username": "airpods_case_1"
                },
                "likes_count": 0
            }
        ]
    }
]