[
    {
        "id": 18195857917041932,
        "created_at": 1614870807,
        "text": "Hm and in stock ?",
        "owner": {
            "id": "252539131",
            "is_verified": false,
            "profile_pic_url": "https://instagram.fagc2-1.fna.fbcdn.net/v/t51.2885-19/s150x150/135727962_236529864618380_6742268203610410429_n.jpg?tp=1&_nc_ht=instagram.fagc2-1.fna.fbcdn.net&_nc_ohc=Ei8E5dGqEEMAX8ObzwW&ccb=7-4&oh=725bde94d315f7d61ebcb89949a03e5b&oe=6089BBF5&_nc_sid=9fb510",
            "username": "manith_khiev"
        },
        "likes_count": 0,
        "answers": [
            {
                "id": 17894834104857690,
                "created_at": 1614872092,
                "text": "@manith_khiev no out of stock",
                "owner": {
                    "id": "31345321949",
                    "is_verified": false,
                    "profile_pic_url": "https://instagram.fagc2-1.fna.fbcdn.net/v/t51.2885-19/s150x150/104655610_734890267265839_7042082510067431729_n.jpg?tp=1&_nc_ht=instagram.fagc2-1.fna.fbcdn.net&_nc_ohc=Q9yxDDyzyrwAX9Xuts8&ccb=7-4&oh=d86b1b6d639825b0f55d29acf1a38f6f&oe=608866EF&_nc_sid=9fb510",
                    "username": "airpods_case_1"
                },
                "likes_count": 0
            }
        ]
    },
    {
        "id": 17921770834531517,
        "created_at": 1613927349,
        "text": "Price",
        "owner": {
            "id": "646796828",
            "is_verified": false,
            "profile_pic_url": "https://instagram.fagc2-1.fna.fbcdn.net/v/t51.2885-19/s150x150/21909239_134065407228000_5956080923186298880_n.jpg?tp=1&_nc_ht=instagram.fagc2-1.fna.fbcdn.net&_nc_ohc=wz8izrXwqywAX-_9MSH&ccb=7-4&oh=df6de685a3c007a435dc42f4bc84ddf8&oe=6089FA60&_nc_sid=9fb510",
            "username": "shivam_leo17"
        },
        "likes_count": 0,
        "answers": [
            {
                "id": 17897353291799114,
                "created_at": 1613929884,
                "text": "@shivam_leo17 check dm",
                "owner": {
                    "id": "31345321949",
                    "is_verified": false,
                    "profile_pic_url": "https://instagram.fagc2-1.fna.fbcdn.net/v/t51.2885-19/s150x150/104655610_734890267265839_7042082510067431729_n.jpg?tp=1&_nc_ht=instagram.fagc2-1.fna.fbcdn.net&_nc_ohc=Q9yxDDyzyrwAX9Xuts8&ccb=7-4&oh=d86b1b6d639825b0f55d29acf1a38f6f&oe=608866EF&_nc_sid=9fb510",
                    "username": "airpods_case_1"
                },
                "likes_count": 0
            }
        ]
    },
    {
        "id": 17857114457273743,
        "created_at": 1605186434,
        "text": "Gin",
        "owner": {
            "id": "43317724854",
            "is_verified": false,
            "profile_pic_url": "https://instagram.fagc2-1.fna.fbcdn.net/v/t51.2885-19/s150x150/122021658_264629718261992_1622498722054175405_n.jpg?tp=1&_nc_ht=instagram.fagc2-1.fna.fbcdn.net&_nc_ohc=_0MA1VrkDJ4AX8U1BKc&ccb=7-4&oh=9b872f70a9767148508dec447064eaec&oe=6089B36D&_nc_sid=9fb510",
            "username": "mhe3276"
        },
        "likes_count": 0,
        "answers": []
    }
]