[
    {
        "id": 17890829206908861,
        "created_at": 1612718884,
        "text": "Pp",
        "owner": {
            "id": "6854909223",
            "is_verified": false,
            "profile_pic_url": "https://instagram.fagc2-1.fna.fbcdn.net/v/t51.2885-19/s150x150/162302412_477654820252769_2352545680930879670_n.jpg?tp=1&_nc_ht=instagram.fagc2-1.fna.fbcdn.net&_nc_ohc=nagV1DeBu1IAX-vgi2R&ccb=7-4&oh=c92a0739044de86c4911d9cb8d73ac52&oe=6087D5A4&_nc_sid=9fb510",
            "username": "soam_saab_avnish"
        },
        "likes_count": 0,
        "answers": []
    },
    {
        "id": 18136253785135858,
        "created_at": 1609744973,
        "text": "Price",
        "owner": {
            "id": "9672288128",
            "is_verified": false,
            "profile_pic_url": "https://instagram.fagc2-1.fna.fbcdn.net/v/t51.2885-19/s150x150/162544732_228301235651967_3773594986130123162_n.jpg?tp=1&_nc_ht=instagram.fagc2-1.fna.fbcdn.net&_nc_ohc=M-PGXNeLGnwAX-vn3NH&ccb=7-4&oh=985df52eeac550c4b7374a1ac0bc48de&oe=6088EEBD&_nc_sid=9fb510",
            "username": "idivyanshagrawal"
        },
        "likes_count": 0,
        "answers": [
            {
                "id": 17851950863492985,
                "created_at": 1609747450,
                "text": "@_._wierdo_ check dm",
                "owner": {
                    "id": "31345321949",
                    "is_verified": false,
                    "profile_pic_url": "https://instagram.fagc2-1.fna.fbcdn.net/v/t51.2885-19/s150x150/104655610_734890267265839_7042082510067431729_n.jpg?tp=1&_nc_ht=instagram.fagc2-1.fna.fbcdn.net&_nc_ohc=Q9yxDDyzyrwAX9Xuts8&ccb=7-4&oh=d86b1b6d639825b0f55d29acf1a38f6f&oe=608866EF&_nc_sid=9fb510",
                    "username": "airpods_case_1"
                },
                "likes_count": 0
            }
        ]
    },
    {
        "id": 17878120267958538,
        "created_at": 1606032426,
        "text": "Pp ?",
        "owner": {
            "id": "3430205014",
            "is_verified": false,
            "profile_pic_url": "https://instagram.fagc2-1.fna.fbcdn.net/v/t51.2885-19/s150x150/123820260_353202765982009_6220548055318657276_n.jpg?tp=1&_nc_ht=instagram.fagc2-1.fna.fbcdn.net&_nc_ohc=VCBAUxapTuYAX_ZCfpc&ccb=7-4&oh=bebe0eb0862219a4b130644284a18840&oe=6088E8EA&_nc_sid=9fb510",
            "username": "bhartikansal_"
        },
        "likes_count": 0,
        "answers": []
    },
    {
        "id": 17863360772186416,
        "created_at": 1605034120,
        "text": "Price?",
        "owner": {
            "id": "1808186179",
            "is_verified": false,
            "profile_pic_url": "https://instagram.fagc2-1.fna.fbcdn.net/v/t51.2885-19/s150x150/144642044_109614864451681_6597742187246345681_n.jpg?tp=1&_nc_ht=instagram.fagc2-1.fna.fbcdn.net&_nc_ohc=ENqQfGN4C8MAX-aHJFL&ccb=7-4&oh=75cbb6cd2903203abbcfb9dce8111796&oe=60895C19&_nc_sid=9fb510",
            "username": "anhad_asp"
        },
        "likes_count": 0,
        "answers": [
            {
                "id": 17872723478028123,
                "created_at": 1605035526,
                "text": "@anhad_asp check dm",
                "owner": {
                    "id": "31345321949",
                    "is_verified": false,
                    "profile_pic_url": "https://instagram.fagc2-1.fna.fbcdn.net/v/t51.2885-19/s150x150/104655610_734890267265839_7042082510067431729_n.jpg?tp=1&_nc_ht=instagram.fagc2-1.fna.fbcdn.net&_nc_ohc=Q9yxDDyzyrwAX9Xuts8&ccb=7-4&oh=d86b1b6d639825b0f55d29acf1a38f6f&oe=608866EF&_nc_sid=9fb510",
                    "username": "airpods_case_1"
                },
                "likes_count": 0
            }
        ]
    },
    {
        "id": 17908105687548327,
        "created_at": 1604333386,
        "text": "Prize",
        "owner": {
            "id": "1461977496",
            "is_verified": false,
            "profile_pic_url": "https://instagram.fagc2-1.fna.fbcdn.net/v/t51.2885-19/s150x150/163647101_3535654886660219_3104057562142149523_n.jpg?tp=1&_nc_ht=instagram.fagc2-1.fna.fbcdn.net&_nc_ohc=VqQaI265j2IAX9zUBB7&ccb=7-4&oh=29695ac64cdf36c80eb6b4652c334ebe&oe=6086B1BB&_nc_sid=9fb510",
            "username": "son_of_queen_143"
        },
        "likes_count": 0,
        "answers": [
            {
                "id": 17983788214309293,
                "created_at": 1604336379,
                "text": "@son_of_queen_143 check dm",
                "owner": {
                    "id": "31345321949",
                    "is_verified": false,
                    "profile_pic_url": "https://instagram.fagc2-1.fna.fbcdn.net/v/t51.2885-19/s150x150/104655610_734890267265839_7042082510067431729_n.jpg?tp=1&_nc_ht=instagram.fagc2-1.fna.fbcdn.net&_nc_ohc=Q9yxDDyzyrwAX9Xuts8&ccb=7-4&oh=d86b1b6d639825b0f55d29acf1a38f6f&oe=608866EF&_nc_sid=9fb510",
                    "username": "airpods_case_1"
                },
                "likes_count": 0
            }
        ]
    },
    {
        "id": 17903022049574117,
        "created_at": 1603469283,
        "text": "Price",
        "owner": {
            "id": "9133115961",
            "is_verified": false,
            "profile_pic_url": "https://instagram.fagc2-1.fna.fbcdn.net/v/t51.2885-19/s150x150/132149516_115156840433022_8502233688621479358_n.jpg?tp=1&_nc_ht=instagram.fagc2-1.fna.fbcdn.net&_nc_ohc=cflCK7LWZNUAX-xkyaL&ccb=7-4&oh=fc5d84bb439506bf60b34335ceefb0c1&oe=6089EC62&_nc_sid=9fb510",
            "username": "itsdkzofficial"
        },
        "likes_count": 0,
        "answers": []
    },
    {
        "id": 17895728329627319,
        "created_at": 1602564927,
        "text": "Price",
        "owner": {
            "id": "8980894953",
            "is_verified": false,
            "profile_pic_url": "https://instagram.fagc2-1.fna.fbcdn.net/v/t51.2885-19/s150x150/128550247_186114219774609_4836645038328027010_n.jpg?tp=1&_nc_ht=instagram.fagc2-1.fna.fbcdn.net&_nc_ohc=Ztf9PyfYWYcAX-8wehS&ccb=7-4&oh=90c0ad31fa79ebc266457beb6bb45175&oe=60885B8B&_nc_sid=9fb510",
            "username": "im_anish_01"
        },
        "likes_count": 0,
        "answers": [
            {
                "id": 18113426677162619,
                "created_at": 1602568184,
                "text": "@mr_anish_147 check dm",
                "owner": {
                    "id": "31345321949",
                    "is_verified": false,
                    "profile_pic_url": "https://instagram.fagc2-1.fna.fbcdn.net/v/t51.2885-19/s150x150/104655610_734890267265839_7042082510067431729_n.jpg?tp=1&_nc_ht=instagram.fagc2-1.fna.fbcdn.net&_nc_ohc=Q9yxDDyzyrwAX9Xuts8&ccb=7-4&oh=d86b1b6d639825b0f55d29acf1a38f6f&oe=608866EF&_nc_sid=9fb510",
                    "username": "airpods_case_1"
                },
                "likes_count": 0
            }
        ]
    },
    {
        "id": 17881576669781047,
        "created_at": 1601698936,
        "text": "How to buy ?",
        "owner": {
            "id": "3286270142",
            "is_verified": false,
            "profile_pic_url": "https://instagram.fagc2-1.fna.fbcdn.net/v/t51.2885-19/s150x150/163300775_4173610619318413_3824989800485094016_n.jpg?tp=1&_nc_ht=instagram.fagc2-1.fna.fbcdn.net&_nc_ohc=nlx_VNpNxyQAX9f-V3U&ccb=7-4&oh=312888ee3fa0cc38c282089dac319770&oe=6089AE40&_nc_sid=9fb510",
            "username": "siddx12"
        },
        "likes_count": 0,
        "answers": [
            {
                "id": 17857838495178583,
                "created_at": 1601698961,
                "text": "@siddx12 check your dm",
                "owner": {
                    "id": "31345321949",
                    "is_verified": false,
                    "profile_pic_url": "https://instagram.fagc2-1.fna.fbcdn.net/v/t51.2885-19/s150x150/104655610_734890267265839_7042082510067431729_n.jpg?tp=1&_nc_ht=instagram.fagc2-1.fna.fbcdn.net&_nc_ohc=Q9yxDDyzyrwAX9Xuts8&ccb=7-4&oh=d86b1b6d639825b0f55d29acf1a38f6f&oe=608866EF&_nc_sid=9fb510",
                    "username": "airpods_case_1"
                },
                "likes_count": 0
            }
        ]
    },
    {
        "id": 17894188939625497,
        "created_at": 1601108026,
        "text": "Price",
        "owner": {
            "id": "11141172988",
            "is_verified": false,
            "profile_pic_url": "https://instagram.fagc2-1.fna.fbcdn.net/v/t51.2885-19/s150x150/150723459_247236740215744_3855110236313493242_n.jpg?tp=1&_nc_ht=instagram.fagc2-1.fna.fbcdn.net&_nc_ohc=_eE5GNQDI08AX_c73zx&ccb=7-4&oh=c583f74e7afe9b29a726bc4f9f5043ec&oe=6088814E&_nc_sid=9fb510",
            "username": "shrenik_0785"
        },
        "likes_count": 0,
        "answers": []
    },
    {
        "id": 18125714665121308,
        "created_at": 1599304348,
        "text": "Cod?",
        "owner": {
            "id": "1787280764",
            "is_verified": false,
            "profile_pic_url": "https://instagram.fagc2-1.fna.fbcdn.net/v/t51.2885-19/s150x150/159257015_257833012675433_8442196689406037709_n.jpg?tp=1&_nc_ht=instagram.fagc2-1.fna.fbcdn.net&_nc_ohc=AHFOV2Su9IAAX9dT_x4&ccb=7-4&oh=6d6aef8ce55ee15ba9e357f7ddebc0a4&oe=6086CDE2&_nc_sid=9fb510",
            "username": "kartikgehija_"
        },
        "likes_count": 0,
        "answers": [
            {
                "id": 17871889156918627,
                "created_at": 1599304426,
                "text": "@kartikgehija_ available",
                "owner": {
                    "id": "31345321949",
                    "is_verified": false,
                    "profile_pic_url": "https://instagram.fagc2-1.fna.fbcdn.net/v/t51.2885-19/s150x150/104655610_734890267265839_7042082510067431729_n.jpg?tp=1&_nc_ht=instagram.fagc2-1.fna.fbcdn.net&_nc_ohc=Q9yxDDyzyrwAX9Xuts8&ccb=7-4&oh=d86b1b6d639825b0f55d29acf1a38f6f&oe=608866EF&_nc_sid=9fb510",
                    "username": "airpods_case_1"
                },
                "likes_count": 0
            }
        ]
    }
]