[
    {
        "id": 18092726188234232,
        "created_at": 1613644123,
        "text": "Ki price kya hai",
        "owner": {
            "id": "44950266203",
            "is_verified": false,
            "profile_pic_url": "https://instagram.fagc2-1.fna.fbcdn.net/v/t51.2885-19/s150x150/140080935_436598587654643_5301214679844233883_n.jpg?tp=1&_nc_ht=instagram.fagc2-1.fna.fbcdn.net&_nc_ohc=DS2dZGXk3y8AX_pHa_w&ccb=7-4&oh=3666cfa312a2afe4736b88c18cade81b&oe=60877532&_nc_sid=9fb510",
            "username": "piyushkukreja7"
        },
        "likes_count": 0,
        "answers": []
    },
    {
        "id": 17922699703501364,
        "created_at": 1611335516,
        "text": "Price",
        "owner": {
            "id": "1345034024",
            "is_verified": false,
            "profile_pic_url": "https://instagram.fagc2-1.fna.fbcdn.net/v/t51.2885-19/s150x150/145091868_2945293352371773_7278918258281751303_n.jpg?tp=1&_nc_ht=instagram.fagc2-1.fna.fbcdn.net&_nc_ohc=aP-sqSvwBcwAX_FTuWB&ccb=7-4&oh=bf60dac05d85ba8d4df64b111960c1c0&oe=60883912&_nc_sid=9fb510",
            "username": "karthikgiri"
        },
        "likes_count": 0,
        "answers": [
            {
                "id": 17858721518374121,
                "created_at": 1611335591,
                "text": "@karthikgiri check dm",
                "owner": {
                    "id": "31345321949",
                    "is_verified": false,
                    "profile_pic_url": "https://instagram.fagc2-1.fna.fbcdn.net/v/t51.2885-19/s150x150/104655610_734890267265839_7042082510067431729_n.jpg?tp=1&_nc_ht=instagram.fagc2-1.fna.fbcdn.net&_nc_ohc=Q9yxDDyzyrwAX9Xuts8&ccb=7-4&oh=d86b1b6d639825b0f55d29acf1a38f6f&oe=608866EF&_nc_sid=9fb510",
                    "username": "airpods_case_1"
                },
                "likes_count": 0
            }
        ]
    },
    {
        "id": 17876139206134870,
        "created_at": 1611213671,
        "text": "Price",
        "owner": {
            "id": "26919115277",
            "is_verified": false,
            "profile_pic_url": "https://instagram.fagc2-1.fna.fbcdn.net/v/t51.2885-19/s150x150/135496448_413389106678765_5603686415592737146_n.jpg?tp=1&_nc_ht=instagram.fagc2-1.fna.fbcdn.net&_nc_ohc=J2wPKyswJAAAX84ZRcS&ccb=7-4&oh=69c9bc4fa0299fe8a30da50ae2581c3e&oe=60879757&_nc_sid=9fb510",
            "username": "m_a_n_u_p_a_n_n_a_l_a"
        },
        "likes_count": 0,
        "answers": [
            {
                "id": 17878012751066051,
                "created_at": 1611216120,
                "text": "Check dm",
                "owner": {
                    "id": "31345321949",
                    "is_verified": false,
                    "profile_pic_url": "https://instagram.fagc2-1.fna.fbcdn.net/v/t51.2885-19/s150x150/104655610_734890267265839_7042082510067431729_n.jpg?tp=1&_nc_ht=instagram.fagc2-1.fna.fbcdn.net&_nc_ohc=Q9yxDDyzyrwAX9Xuts8&ccb=7-4&oh=d86b1b6d639825b0f55d29acf1a38f6f&oe=608866EF&_nc_sid=9fb510",
                    "username": "airpods_case_1"
                },
                "likes_count": 0
            }
        ]
    },
    {
        "id": 18135176395091173,
        "created_at": 1609866675,
        "text": "Price",
        "owner": {
            "id": "5733199270",
            "is_verified": false,
            "profile_pic_url": "https://instagram.fagc2-1.fna.fbcdn.net/v/t51.2885-19/s150x150/163649992_277113080560285_5660361800639687125_n.jpg?tp=1&_nc_ht=instagram.fagc2-1.fna.fbcdn.net&_nc_ohc=ZZ1rMX8AgvQAX-fzdOH&ccb=7-4&oh=d90b987aca59ed8fb24604ee7f897dc7&oe=60884D65&_nc_sid=9fb510",
            "username": "iam_srk_______"
        },
        "likes_count": 0,
        "answers": [
            {
                "id": 17916972889534973,
                "created_at": 1609866979,
                "text": "@iam_srk_______ check dm",
                "owner": {
                    "id": "31345321949",
                    "is_verified": false,
                    "profile_pic_url": "https://instagram.fagc2-1.fna.fbcdn.net/v/t51.2885-19/s150x150/104655610_734890267265839_7042082510067431729_n.jpg?tp=1&_nc_ht=instagram.fagc2-1.fna.fbcdn.net&_nc_ohc=Q9yxDDyzyrwAX9Xuts8&ccb=7-4&oh=d86b1b6d639825b0f55d29acf1a38f6f&oe=608866EF&_nc_sid=9fb510",
                    "username": "airpods_case_1"
                },
                "likes_count": 0
            }
        ]
    },
    {
        "id": 17845144016450085,
        "created_at": 1603615337,
        "text": "Hm",
        "owner": {
            "id": "3609820024",
            "is_verified": false,
            "profile_pic_url": "https://instagram.fagc2-1.fna.fbcdn.net/v/t51.2885-19/s150x150/142979708_115777367094091_6200719131680976204_n.jpg?tp=1&_nc_ht=instagram.fagc2-1.fna.fbcdn.net&_nc_ohc=agAms5r9T_QAX9ZQj9z&ccb=7-4&oh=7cffc26474f5c65e4a128cdce23d5ce8&oe=608786CE&_nc_sid=9fb510",
            "username": "yosoresprincess"
        },
        "likes_count": 0,
        "answers": []
    }
]