[
    {
        "id": 17867738027240666,
        "created_at": 1610821978,
        "text": "price",
        "owner": {
            "id": "18483607003",
            "is_verified": false,
            "profile_pic_url": "https://instagram.fagc2-1.fna.fbcdn.net/v/t51.2885-19/s150x150/152079922_855904815250297_6232905175967986198_n.jpg?tp=1&_nc_ht=instagram.fagc2-1.fna.fbcdn.net&_nc_ohc=ctMBdOjB3vUAX8lnqA_&ccb=7-4&oh=d79bbd94aacf84051c367a19842559b7&oe=6086989E&_nc_sid=9fb510",
            "username": "a_mandi_99_"
        },
        "likes_count": 0,
        "answers": [
            {
                "id": 17901842221695431,
                "created_at": 1610822047,
                "text": "@a_mandi_99_ check dm",
                "owner": {
                    "id": "31345321949",
                    "is_verified": false,
                    "profile_pic_url": "https://instagram.fagc2-1.fna.fbcdn.net/v/t51.2885-19/s150x150/104655610_734890267265839_7042082510067431729_n.jpg?tp=1&_nc_ht=instagram.fagc2-1.fna.fbcdn.net&_nc_ohc=Q9yxDDyzyrwAX9Xuts8&ccb=7-4&oh=d86b1b6d639825b0f55d29acf1a38f6f&oe=608866EF&_nc_sid=9fb510",
                    "username": "airpods_case_1"
                },
                "likes_count": 0
            }
        ]
    },
    {
        "id": 17879462411082013,
        "created_at": 1610807677,
        "text": "Pricee",
        "owner": {
            "id": "3171237124",
            "is_verified": false,
            "profile_pic_url": "https://instagram.fagc2-1.fna.fbcdn.net/v/t51.2885-19/s150x150/74670574_419603562258065_325541684764999680_n.jpg?tp=1&_nc_ht=instagram.fagc2-1.fna.fbcdn.net&_nc_ohc=E1BvHOXbemoAX-h2IZK&ccb=7-4&oh=5a32d3326b843db835c415c59f258079&oe=60864B28&_nc_sid=9fb510",
            "username": "aex_wajdan_manj"
        },
        "likes_count": 0,
        "answers": []
    }
]