[
    {
        "id": 17860746176410859,
        "created_at": 1615078909,
        "text": "Fiyat nedir@",
        "owner": {
            "id": "778946250",
            "is_verified": false,
            "profile_pic_url": "https://instagram.fagc2-1.fna.fbcdn.net/v/t51.2885-19/s150x150/134400753_258158235662119_2180910458254039665_n.jpg?tp=1&_nc_ht=instagram.fagc2-1.fna.fbcdn.net&_nc_ohc=xakstxN6wqQAX9kEjPP&ccb=7-4&oh=d3aee573bbbd74abb2ecdda945d11a97&oe=60887EAF&_nc_sid=9fb510",
            "username": "kubra.sengoz"
        },
        "likes_count": 0,
        "answers": []
    }
]