[
    {
        "id": 17890324495928980,
        "created_at": 1612122442,
        "text": "How much?",
        "owner": {
            "id": "15463740",
            "is_verified": false,
            "profile_pic_url": "https://instagram.fagc2-1.fna.fbcdn.net/v/t51.2885-19/s150x150/139347717_342163806772756_3788749619023437560_n.jpg?tp=1&_nc_ht=instagram.fagc2-1.fna.fbcdn.net&_nc_ohc=WQ0vS3yISBgAX_3hJmT&ccb=7-4&oh=9103cb9ad005b58c22208acaef896d59&oe=608767A9&_nc_sid=9fb510",
            "username": "miss_weibel"
        },
        "likes_count": 0,
        "answers": []
    },
    {
        "id": 17916822532547856,
        "created_at": 1609997272,
        "text": "Price?",
        "owner": {
            "id": "25468646881",
            "is_verified": false,
            "profile_pic_url": "https://instagram.fagc2-1.fna.fbcdn.net/v/t51.2885-19/s150x150/162842005_430618354708570_2779822630376185099_n.jpg?tp=1&_nc_ht=instagram.fagc2-1.fna.fbcdn.net&_nc_ohc=imvOWMSumrAAX-Zu2Wq&ccb=7-4&oh=729f47166156c8d5862fb456e6cd650a&oe=60891ECF&_nc_sid=9fb510",
            "username": "_harjeet_singh_148"
        },
        "likes_count": 0,
        "answers": []
    },
    {
        "id": 17926703440470451,
        "created_at": 1608674796,
        "text": "Hm",
        "owner": {
            "id": "1572675569",
            "is_verified": false,
            "profile_pic_url": "https://instagram.fagc2-1.fna.fbcdn.net/v/t51.2885-19/s150x150/71729082_1186908888186138_760559216866885632_n.jpg?tp=1&_nc_ht=instagram.fagc2-1.fna.fbcdn.net&_nc_ohc=fsx9fHIdEEYAX87PHSU&ccb=7-4&oh=b2e25a53c6780777ea379c78e4521b0e&oe=608633D0&_nc_sid=9fb510",
            "username": "sohilak1"
        },
        "likes_count": 0,
        "answers": []
    },
    {
        "id": 17898866935634743,
        "created_at": 1606973611,
        "text": "Neciyedi?",
        "owner": {
            "id": "35799648775",
            "is_verified": false,
            "profile_pic_url": "https://instagram.fagc2-1.fna.fbcdn.net/v/t51.2885-19/s150x150/133878670_797621350791770_8115131536247255339_n.jpg?tp=1&_nc_ht=instagram.fagc2-1.fna.fbcdn.net&_nc_ohc=0Rf1LgaFf_gAX89HZz0&ccb=7-4&oh=9e8997292335e77b8d9362fc29ab5425&oe=60884465&_nc_sid=9fb510",
            "username": "ragimova_211"
        },
        "likes_count": 0,
        "answers": []
    },
    {
        "id": 17850481406377059,
        "created_at": 1604851189,
        "text": "Can I order",
        "owner": {
            "id": "5624981654",
            "is_verified": false,
            "profile_pic_url": "https://instagram.fagc2-1.fna.fbcdn.net/v/t51.2885-19/s150x150/22858348_130087784417341_994902841673908224_n.jpg?tp=1&_nc_ht=instagram.fagc2-1.fna.fbcdn.net&_nc_ohc=1zzqiBRkSloAX8TzFmC&ccb=7-4&oh=1507191d752a61735d7d4a0e929cb06f&oe=60882E8A&_nc_sid=9fb510",
            "username": "poshlendavid"
        },
        "likes_count": 0,
        "answers": [
            {
                "id": 17892508156725355,
                "created_at": 1604851216,
                "text": "@poshlendavid check dm",
                "owner": {
                    "id": "31345321949",
                    "is_verified": false,
                    "profile_pic_url": "https://instagram.fagc2-1.fna.fbcdn.net/v/t51.2885-19/s150x150/104655610_734890267265839_7042082510067431729_n.jpg?tp=1&_nc_ht=instagram.fagc2-1.fna.fbcdn.net&_nc_ohc=Q9yxDDyzyrwAX9Xuts8&ccb=7-4&oh=d86b1b6d639825b0f55d29acf1a38f6f&oe=608866EF&_nc_sid=9fb510",
                    "username": "airpods_case_1"
                },
                "likes_count": 0
            }
        ]
    },
    {
        "id": 17879092747708005,
        "created_at": 1594192024,
        "text": "How much for this?",
        "owner": {
            "id": "2483671390",
            "is_verified": false,
            "profile_pic_url": "https://instagram.fagc2-1.fna.fbcdn.net/v/t51.2885-19/s150x150/133774430_696876314349431_2118330490195641130_n.jpg?tp=1&_nc_ht=instagram.fagc2-1.fna.fbcdn.net&_nc_ohc=rZ--s_UHefkAX8YKRGf&ccb=7-4&oh=3985d709f9915d3e57491c81f2c80f96&oe=60877EE0&_nc_sid=9fb510",
            "username": "sourabh_jain_goutham_chand"
        },
        "likes_count": 0,
        "answers": []
    }
]