[
    {
        "id": 17875513280144024,
        "created_at": 1610409724,
        "text": "Pp?",
        "owner": {
            "id": "3499189621",
            "is_verified": false,
            "profile_pic_url": "https://instagram.fagc2-1.fna.fbcdn.net/v/t51.2885-19/s150x150/164047057_2832138697000633_2977246802368018222_n.jpg?tp=1&_nc_ht=instagram.fagc2-1.fna.fbcdn.net&_nc_ohc=HN8x5-dw-DUAX-UZfIK&ccb=7-4&oh=d326d66f4e44d553eb4013958278c21a&oe=6089C1CB&_nc_sid=9fb510",
            "username": "ramsha.asad29"
        },
        "likes_count": 0,
        "answers": []
    },
    {
        "id": 17933051791436158,
        "created_at": 1606234470,
        "text": "Pp",
        "owner": {
            "id": "1194928861",
            "is_verified": false,
            "profile_pic_url": "https://instagram.fagc2-1.fna.fbcdn.net/v/t51.2885-19/s150x150/91442558_1096305174101413_6461660803706650624_n.jpg?tp=1&_nc_ht=instagram.fagc2-1.fna.fbcdn.net&_nc_ohc=RBQQVS5S1YAAX_bLCxM&ccb=7-4&oh=57a773e8e7e42db9dc86f9bb60830eeb&oe=6086C973&_nc_sid=9fb510",
            "username": "abhinav_shokeen"
        },
        "likes_count": 0,
        "answers": [
            {
                "id": 17955570409374596,
                "created_at": 1606235775,
                "text": "@abhinav_shokeen check dm",
                "owner": {
                    "id": "31345321949",
                    "is_verified": false,
                    "profile_pic_url": "https://instagram.fagc2-1.fna.fbcdn.net/v/t51.2885-19/s150x150/104655610_734890267265839_7042082510067431729_n.jpg?tp=1&_nc_ht=instagram.fagc2-1.fna.fbcdn.net&_nc_ohc=Q9yxDDyzyrwAX9Xuts8&ccb=7-4&oh=d86b1b6d639825b0f55d29acf1a38f6f&oe=608866EF&_nc_sid=9fb510",
                    "username": "airpods_case_1"
                },
                "likes_count": 0
            }
        ]
    },
    {
        "id": 18077963458243181,
        "created_at": 1606032363,
        "text": "Pp ?",
        "owner": {
            "id": "3430205014",
            "is_verified": false,
            "profile_pic_url": "https://instagram.fagc2-1.fna.fbcdn.net/v/t51.2885-19/s150x150/123820260_353202765982009_6220548055318657276_n.jpg?tp=1&_nc_ht=instagram.fagc2-1.fna.fbcdn.net&_nc_ohc=VCBAUxapTuYAX_ZCfpc&ccb=7-4&oh=bebe0eb0862219a4b130644284a18840&oe=6088E8EA&_nc_sid=9fb510",
            "username": "bhartikansal_"
        },
        "likes_count": 0,
        "answers": []
    },
    {
        "id": 17855065103299356,
        "created_at": 1604346164,
        "text": "Price?",
        "owner": {
            "id": "30095006909",
            "is_verified": false,
            "profile_pic_url": "https://instagram.fagc2-1.fna.fbcdn.net/v/t51.2885-19/s150x150/128858254_474964146824054_7099152322527602087_n.jpg?tp=1&_nc_ht=instagram.fagc2-1.fna.fbcdn.net&_nc_ohc=tcdHxwyZcREAX9McPi-&ccb=7-4&oh=b380f958fdd93ea1c66e3d864bd24387&oe=6086B987&_nc_sid=9fb510",
            "username": "fizifari"
        },
        "likes_count": 0,
        "answers": []
    },
    {
        "id": 17885696284737043,
        "created_at": 1600858704,
        "text": "Price??",
        "owner": {
            "id": "20294151898",
            "is_verified": false,
            "profile_pic_url": "https://instagram.fagc2-1.fna.fbcdn.net/v/t51.2885-19/s150x150/141468134_1339422699784206_6552108016696313080_n.jpg?tp=1&_nc_ht=instagram.fagc2-1.fna.fbcdn.net&_nc_ohc=7STbgXA0whUAX-AHFYR&ccb=7-4&oh=62fc5fc5a1fb927fbce8c21ec26c6fc4&oe=6086ED3C&_nc_sid=9fb510",
            "username": "malik_ammad7"
        },
        "likes_count": 1,
        "answers": [
            {
                "id": 17842061828418805,
                "created_at": 1600863244,
                "text": "@malik_ammad7 check your dm",
                "owner": {
                    "id": "31345321949",
                    "is_verified": false,
                    "profile_pic_url": "https://instagram.fagc2-1.fna.fbcdn.net/v/t51.2885-19/s150x150/104655610_734890267265839_7042082510067431729_n.jpg?tp=1&_nc_ht=instagram.fagc2-1.fna.fbcdn.net&_nc_ohc=Q9yxDDyzyrwAX9Xuts8&ccb=7-4&oh=d86b1b6d639825b0f55d29acf1a38f6f&oe=608866EF&_nc_sid=9fb510",
                    "username": "airpods_case_1"
                },
                "likes_count": 0
            }
        ]
    }
]