[
    {
        "id": 17903130412611487,
        "created_at": 1607237172,
        "text": "Price??",
        "owner": {
            "id": "4070096656",
            "is_verified": false,
            "profile_pic_url": "https://instagram.fagc2-1.fna.fbcdn.net/v/t51.2885-19/s150x150/120726264_827067718065938_4694868436091642157_n.jpg?tp=1&_nc_ht=instagram.fagc2-1.fna.fbcdn.net&_nc_ohc=QXFX1yMQgkIAX_UxuXj&ccb=7-4&oh=9e7b01b1b01699c9037f3c2a61f47a88&oe=6088BECD&_nc_sid=9fb510",
            "username": "jerald_jk"
        },
        "likes_count": 0,
        "answers": []
    },
    {
        "id": 17888328775808878,
        "created_at": 1606415014,
        "text": "Price?",
        "owner": {
            "id": "1507004541",
            "is_verified": false,
            "profile_pic_url": "https://instagram.fagc2-1.fna.fbcdn.net/v/t51.2885-19/s150x150/135323788_1080359945740416_438841095313736447_n.jpg?tp=1&_nc_ht=instagram.fagc2-1.fna.fbcdn.net&_nc_ohc=DGRs_1To3dQAX-gWEwk&ccb=7-4&oh=fd32325b8b2d9d51b29460a83c9bd35f&oe=6089BA36&_nc_sid=9fb510",
            "username": "_therealravi"
        },
        "likes_count": 0,
        "answers": []
    },
    {
        "id": 17911921306512112,
        "created_at": 1603612349,
        "text": "Price",
        "owner": {
            "id": "8621082191",
            "is_verified": false,
            "profile_pic_url": "https://instagram.fagc2-1.fna.fbcdn.net/v/t51.2885-19/s150x150/126313386_373270830400340_2595125905268504483_n.jpg?tp=1&_nc_ht=instagram.fagc2-1.fna.fbcdn.net&_nc_ohc=NX90-5D6Nn0AX-wLq_T&ccb=7-4&oh=00bec345377d491d3e7b94e1d73d6380&oe=6086CF55&_nc_sid=9fb510",
            "username": "mk_studio5057"
        },
        "likes_count": 0,
        "answers": [
            {
                "id": 18111434569197589,
                "created_at": 1603612839,
                "text": "@mk_studio5057 check dm",
                "owner": {
                    "id": "31345321949",
                    "is_verified": false,
                    "profile_pic_url": "https://instagram.fagc2-1.fna.fbcdn.net/v/t51.2885-19/s150x150/104655610_734890267265839_7042082510067431729_n.jpg?tp=1&_nc_ht=instagram.fagc2-1.fna.fbcdn.net&_nc_ohc=Q9yxDDyzyrwAX9Xuts8&ccb=7-4&oh=d86b1b6d639825b0f55d29acf1a38f6f&oe=608866EF&_nc_sid=9fb510",
                    "username": "airpods_case_1"
                },
                "likes_count": 0
            }
        ]
    },
    {
        "id": 17849013023335308,
        "created_at": 1600858750,
        "text": "Price?",
        "owner": {
            "id": "20294151898",
            "is_verified": false,
            "profile_pic_url": "https://instagram.fagc2-1.fna.fbcdn.net/v/t51.2885-19/s150x150/141468134_1339422699784206_6552108016696313080_n.jpg?tp=1&_nc_ht=instagram.fagc2-1.fna.fbcdn.net&_nc_ohc=7STbgXA0whUAX-AHFYR&ccb=7-4&oh=62fc5fc5a1fb927fbce8c21ec26c6fc4&oe=6086ED3C&_nc_sid=9fb510",
            "username": "malik_ammad7"
        },
        "likes_count": 0,
        "answers": []
    },
    {
        "id": 18071633605222704,
        "created_at": 1596609818,
        "text": "Price?",
        "owner": {
            "id": "2283084569",
            "is_verified": false,
            "profile_pic_url": "https://instagram.fagc2-1.fna.fbcdn.net/v/t51.2885-19/s150x150/115787311_756383428442926_4524020200645868946_n.jpg?tp=1&_nc_ht=instagram.fagc2-1.fna.fbcdn.net&_nc_ohc=Vx46AUbVRnoAX_ZKAdN&ccb=7-4&oh=49565177f7229ee3485777c21e08d772&oe=6088C09A&_nc_sid=9fb510",
            "username": "its_ur_meet00"
        },
        "likes_count": 0,
        "answers": []
    },
    {
        "id": 17847773438245973,
        "created_at": 1595438417,
        "text": "\u2764\ufe0f",
        "owner": {
            "id": "8611155846",
            "is_verified": false,
            "profile_pic_url": "https://instagram.fagc2-1.fna.fbcdn.net/v/t51.2885-19/s150x150/141949732_733932587254181_6634342997202641952_n.jpg?tp=1&_nc_ht=instagram.fagc2-1.fna.fbcdn.net&_nc_ohc=3uAHF04WTDcAX8ssphp&ccb=7-4&oh=ef59942dc8d2a28e72ae79c6850cd91c&oe=608826DD&_nc_sid=9fb510",
            "username": "hifideepak"
        },
        "likes_count": 0,
        "answers": [
            {
                "id": 17854348697108042,
                "created_at": 1595441069,
                "text": "@hifideepak want to order?",
                "owner": {
                    "id": "31345321949",
                    "is_verified": false,
                    "profile_pic_url": "https://instagram.fagc2-1.fna.fbcdn.net/v/t51.2885-19/s150x150/104655610_734890267265839_7042082510067431729_n.jpg?tp=1&_nc_ht=instagram.fagc2-1.fna.fbcdn.net&_nc_ohc=Q9yxDDyzyrwAX9Xuts8&ccb=7-4&oh=d86b1b6d639825b0f55d29acf1a38f6f&oe=608866EF&_nc_sid=9fb510",
                    "username": "airpods_case_1"
                },
                "likes_count": 0
            }
        ]
    }
]