[
    {
        "id": 17883725698996507,
        "created_at": 1610477934,
        "text": "Price",
        "owner": {
            "id": "28828303344",
            "is_verified": false,
            "profile_pic_url": "https://instagram.fagc2-1.fna.fbcdn.net/v/t51.2885-19/s150x150/143645602_446500789807938_560340502714888176_n.jpg?tp=1&_nc_ht=instagram.fagc2-1.fna.fbcdn.net&_nc_ohc=mdAthEcU0ncAX_CTCmW&ccb=7-4&oh=c93b17d47a7297c05c2aead483e7b54f&oe=60897F58&_nc_sid=9fb510",
            "username": "eashan.ag._"
        },
        "likes_count": 0,
        "answers": [
            {
                "id": 18025689076291492,
                "created_at": 1610511466,
                "text": "@eashan.ag._ check dm",
                "owner": {
                    "id": "31345321949",
                    "is_verified": false,
                    "profile_pic_url": "https://instagram.fagc2-1.fna.fbcdn.net/v/t51.2885-19/s150x150/104655610_734890267265839_7042082510067431729_n.jpg?tp=1&_nc_ht=instagram.fagc2-1.fna.fbcdn.net&_nc_ohc=Q9yxDDyzyrwAX9Xuts8&ccb=7-4&oh=d86b1b6d639825b0f55d29acf1a38f6f&oe=608866EF&_nc_sid=9fb510",
                    "username": "airpods_case_1"
                },
                "likes_count": 0
            }
        ]
    },
    {
        "id": 17855583068458727,
        "created_at": 1609745138,
        "text": "Priceeeee",
        "owner": {
            "id": "11871714352",
            "is_verified": false,
            "profile_pic_url": "https://instagram.fagc2-1.fna.fbcdn.net/v/t51.2885-19/s150x150/92490531_2334417823526277_8037989534496980992_n.jpg?tp=1&_nc_ht=instagram.fagc2-1.fna.fbcdn.net&_nc_ohc=o1UTpBdGdC4AX_L-cmC&ccb=7-4&oh=e4fd48b1837c86e883f859fe55a9b839&oe=60881139&_nc_sid=9fb510",
            "username": "nanakkkkkkkk"
        },
        "likes_count": 0,
        "answers": []
    },
    {
        "id": 17866763627249222,
        "created_at": 1609416641,
        "text": "Price of AirPods pro",
        "owner": {
            "id": "8096138983",
            "is_verified": false,
            "profile_pic_url": "https://instagram.fagc2-1.fna.fbcdn.net/v/t51.2885-19/s150x150/154934110_257514602671294_3412053000900218692_n.jpg?tp=1&_nc_ht=instagram.fagc2-1.fna.fbcdn.net&_nc_ohc=9wwMsFLW9XwAX_ybAJ4&ccb=7-4&oh=09bd0c2917bb43225a7c3d73e8cdb5dc&oe=60877AAF&_nc_sid=9fb510",
            "username": "muntaha_a_l_i"
        },
        "likes_count": 0,
        "answers": [
            {
                "id": 17867066189245371,
                "created_at": 1609419488,
                "text": "@muntaha_a_l_i check dm",
                "owner": {
                    "id": "31345321949",
                    "is_verified": false,
                    "profile_pic_url": "https://instagram.fagc2-1.fna.fbcdn.net/v/t51.2885-19/s150x150/104655610_734890267265839_7042082510067431729_n.jpg?tp=1&_nc_ht=instagram.fagc2-1.fna.fbcdn.net&_nc_ohc=Q9yxDDyzyrwAX9Xuts8&ccb=7-4&oh=d86b1b6d639825b0f55d29acf1a38f6f&oe=608866EF&_nc_sid=9fb510",
                    "username": "airpods_case_1"
                },
                "likes_count": 0
            }
        ]
    },
    {
        "id": 17867252609183540,
        "created_at": 1609007320,
        "text": "pp",
        "owner": {
            "id": "4213638821",
            "is_verified": false,
            "profile_pic_url": "https://instagram.fagc2-1.fna.fbcdn.net/v/t51.2885-19/s150x150/142595506_324191858922450_8039933588141284589_n.jpg?tp=1&_nc_ht=instagram.fagc2-1.fna.fbcdn.net&_nc_ohc=LDQEgMBHjK4AX-Oxr1E&ccb=7-4&oh=eadbbe03ce70f56bbaf269e3b36beba3&oe=6086C3E5&_nc_sid=9fb510",
            "username": "_khillan_"
        },
        "likes_count": 0,
        "answers": [
            {
                "id": 17927386732474578,
                "created_at": 1609007455,
                "text": "@_khillan_ check dm",
                "owner": {
                    "id": "31345321949",
                    "is_verified": false,
                    "profile_pic_url": "https://instagram.fagc2-1.fna.fbcdn.net/v/t51.2885-19/s150x150/104655610_734890267265839_7042082510067431729_n.jpg?tp=1&_nc_ht=instagram.fagc2-1.fna.fbcdn.net&_nc_ohc=Q9yxDDyzyrwAX9Xuts8&ccb=7-4&oh=d86b1b6d639825b0f55d29acf1a38f6f&oe=608866EF&_nc_sid=9fb510",
                    "username": "airpods_case_1"
                },
                "likes_count": 0
            }
        ]
    },
    {
        "id": 17873471369108499,
        "created_at": 1608461948,
        "text": "Price of last picture?",
        "owner": {
            "id": "4200928434",
            "is_verified": false,
            "profile_pic_url": "https://instagram.fagc2-1.fna.fbcdn.net/v/t51.2885-19/s150x150/161038001_947016512734527_3998314775845835360_n.jpg?tp=1&_nc_ht=instagram.fagc2-1.fna.fbcdn.net&_nc_ohc=6V4Qj0n6xKEAX-fE93Q&ccb=7-4&oh=8f7c415d8a06ea33538e1c825ea25caa&oe=60862CBF&_nc_sid=9fb510",
            "username": "manavkaushik_"
        },
        "likes_count": 0,
        "answers": [
            {
                "id": 17889705625794023,
                "created_at": 1608462108,
                "text": "@manavkaushik_ check dm",
                "owner": {
                    "id": "31345321949",
                    "is_verified": false,
                    "profile_pic_url": "https://instagram.fagc2-1.fna.fbcdn.net/v/t51.2885-19/s150x150/104655610_734890267265839_7042082510067431729_n.jpg?tp=1&_nc_ht=instagram.fagc2-1.fna.fbcdn.net&_nc_ohc=Q9yxDDyzyrwAX9Xuts8&ccb=7-4&oh=d86b1b6d639825b0f55d29acf1a38f6f&oe=608866EF&_nc_sid=9fb510",
                    "username": "airpods_case_1"
                },
                "likes_count": 0
            }
        ]
    },
    {
        "id": 17944001620405752,
        "created_at": 1607237081,
        "text": "Price",
        "owner": {
            "id": "4070096656",
            "is_verified": false,
            "profile_pic_url": "https://instagram.fagc2-1.fna.fbcdn.net/v/t51.2885-19/s150x150/120726264_827067718065938_4694868436091642157_n.jpg?tp=1&_nc_ht=instagram.fagc2-1.fna.fbcdn.net&_nc_ohc=QXFX1yMQgkIAX_UxuXj&ccb=7-4&oh=9e7b01b1b01699c9037f3c2a61f47a88&oe=6088BECD&_nc_sid=9fb510",
            "username": "jerald_jk"
        },
        "likes_count": 0,
        "answers": [
            {
                "id": 17888938495816196,
                "created_at": 1607240951,
                "text": "@jerald_jk check dm",
                "owner": {
                    "id": "31345321949",
                    "is_verified": false,
                    "profile_pic_url": "https://instagram.fagc2-1.fna.fbcdn.net/v/t51.2885-19/s150x150/104655610_734890267265839_7042082510067431729_n.jpg?tp=1&_nc_ht=instagram.fagc2-1.fna.fbcdn.net&_nc_ohc=Q9yxDDyzyrwAX9Xuts8&ccb=7-4&oh=d86b1b6d639825b0f55d29acf1a38f6f&oe=608866EF&_nc_sid=9fb510",
                    "username": "airpods_case_1"
                },
                "likes_count": 1
            }
        ]
    }
]