[
    {
        "id": 17872324802286313,
        "created_at": 1616653384,
        "text": "Pp?",
        "owner": {
            "id": "17926806548",
            "is_verified": false,
            "profile_pic_url": "https://instagram.fagc2-1.fna.fbcdn.net/v/t51.2885-19/s150x150/127182624_733472420602429_5285749989266976243_n.jpg?tp=1&_nc_ht=instagram.fagc2-1.fna.fbcdn.net&_nc_ohc=H2E5O-XBdvMAX8AU-R5&ccb=7-4&oh=4703ab27842e43532b6e3ecd66499b2d&oe=60887B4D&_nc_sid=9fb510",
            "username": "simridhi._.17"
        },
        "likes_count": 0,
        "answers": []
    },
    {
        "id": 17885223740055737,
        "created_at": 1613645791,
        "text": "Pp?",
        "owner": {
            "id": "264709321",
            "is_verified": false,
            "profile_pic_url": "https://instagram.fagc2-1.fna.fbcdn.net/v/t51.2885-19/s150x150/150182305_805378920046949_4121798686739682703_n.jpg?tp=1&_nc_ht=instagram.fagc2-1.fna.fbcdn.net&_nc_ohc=5XkD4DQ2iCYAX_sY565&ccb=7-4&oh=6584fdf8b3a48817411562a97f68088f&oe=6086FCD5&_nc_sid=9fb510",
            "username": "paridhi_21"
        },
        "likes_count": 0,
        "answers": []
    },
    {
        "id": 17915120407559763,
        "created_at": 1611505371,
        "text": "Price plz??",
        "owner": {
            "id": "5349435568",
            "is_verified": false,
            "profile_pic_url": "https://instagram.fagc2-1.fna.fbcdn.net/v/t51.2885-19/s150x150/123611855_847620479340958_501664328398589379_n.jpg?tp=1&_nc_ht=instagram.fagc2-1.fna.fbcdn.net&_nc_ohc=tvSHHDubvxoAX9gpBY3&ccb=7-4&oh=7410ec995148db00ff1af919c877a02c&oe=608937AE&_nc_sid=9fb510",
            "username": "andleebbakhtawar"
        },
        "likes_count": 0,
        "answers": [
            {
                "id": 17877805418113541,
                "created_at": 1611506677,
                "text": "@andleebbakhtawar check dm",
                "owner": {
                    "id": "31345321949",
                    "is_verified": false,
                    "profile_pic_url": "https://instagram.fagc2-1.fna.fbcdn.net/v/t51.2885-19/s150x150/104655610_734890267265839_7042082510067431729_n.jpg?tp=1&_nc_ht=instagram.fagc2-1.fna.fbcdn.net&_nc_ohc=Q9yxDDyzyrwAX9Xuts8&ccb=7-4&oh=d86b1b6d639825b0f55d29acf1a38f6f&oe=608866EF&_nc_sid=9fb510",
                    "username": "airpods_case_1"
                },
                "likes_count": 0
            }
        ]
    },
    {
        "id": 17861762270357668,
        "created_at": 1611161022,
        "text": "Pp",
        "owner": {
            "id": "21450179950",
            "is_verified": false,
            "profile_pic_url": "https://instagram.fagc2-1.fna.fbcdn.net/v/t51.2885-19/s150x150/164523784_385909959265489_6322717485290397561_n.jpg?tp=1&_nc_ht=instagram.fagc2-1.fna.fbcdn.net&_nc_ohc=BDZBGbFCnQAAX9PFCKO&ccb=7-4&oh=d3bc4d1a677b223902807b61e20c0e95&oe=6087484D&_nc_sid=9fb510",
            "username": "_gautami_tupe_007_"
        },
        "likes_count": 0,
        "answers": [
            {
                "id": 17935862674454127,
                "created_at": 1611161510,
                "text": "@_gautami_tupe_007_ check dm",
                "owner": {
                    "id": "31345321949",
                    "is_verified": false,
                    "profile_pic_url": "https://instagram.fagc2-1.fna.fbcdn.net/v/t51.2885-19/s150x150/104655610_734890267265839_7042082510067431729_n.jpg?tp=1&_nc_ht=instagram.fagc2-1.fna.fbcdn.net&_nc_ohc=Q9yxDDyzyrwAX9Xuts8&ccb=7-4&oh=d86b1b6d639825b0f55d29acf1a38f6f&oe=608866EF&_nc_sid=9fb510",
                    "username": "airpods_case_1"
                },
                "likes_count": 1
            }
        ]
    },
    {
        "id": 17876222825138460,
        "created_at": 1611156815,
        "text": "will it fit in the Realme Buds Air Neo?",
        "owner": {
            "id": "1787811760",
            "is_verified": false,
            "profile_pic_url": "https://instagram.fagc2-1.fna.fbcdn.net/v/t51.2885-19/s150x150/126309287_1299415643758253_338196286752864014_n.jpg?tp=1&_nc_ht=instagram.fagc2-1.fna.fbcdn.net&_nc_ohc=N32zz6y1K2QAX9wDaIF&ccb=7-4&oh=1459eee517200998cb60af47ce95abc5&oe=60865DD7&_nc_sid=9fb510",
            "username": "sayaniipaull"
        },
        "likes_count": 0,
        "answers": []
    },
    {
        "id": 18096060712214970,
        "created_at": 1610460549,
        "text": "Price ???",
        "owner": {
            "id": "44821227236",
            "is_verified": false,
            "profile_pic_url": "https://instagram.fagc2-1.fna.fbcdn.net/v/t51.2885-19/s150x150/158843668_833128813933085_7439047241843179948_n.jpg?tp=1&_nc_ht=instagram.fagc2-1.fna.fbcdn.net&_nc_ohc=fKkgarQdvVAAX_6BvKM&ccb=7-4&oh=943f2d6bd44cef504a0bc13fb9ce22af&oe=6088047E&_nc_sid=9fb510",
            "username": "hervibethings"
        },
        "likes_count": 0,
        "answers": [
            {
                "id": 17895070477764117,
                "created_at": 1610462887,
                "text": "@hervibethings check dm",
                "owner": {
                    "id": "31345321949",
                    "is_verified": false,
                    "profile_pic_url": "https://instagram.fagc2-1.fna.fbcdn.net/v/t51.2885-19/s150x150/104655610_734890267265839_7042082510067431729_n.jpg?tp=1&_nc_ht=instagram.fagc2-1.fna.fbcdn.net&_nc_ohc=Q9yxDDyzyrwAX9Xuts8&ccb=7-4&oh=d86b1b6d639825b0f55d29acf1a38f6f&oe=608866EF&_nc_sid=9fb510",
                    "username": "airpods_case_1"
                },
                "likes_count": 0
            }
        ]
    },
    {
        "id": 17951732425389640,
        "created_at": 1609878634,
        "text": "Price??",
        "owner": {
            "id": "3122871014",
            "is_verified": false,
            "profile_pic_url": "https://instagram.fagc2-1.fna.fbcdn.net/v/t51.2885-19/s150x150/153213961_442862633592231_7875485729598530268_n.jpg?tp=1&_nc_ht=instagram.fagc2-1.fna.fbcdn.net&_nc_ohc=AqRfo0MmKKUAX_aI6EY&ccb=7-4&oh=b8536fefbd19ace4345a333db71ff0c9&oe=608626F2&_nc_sid=9fb510",
            "username": "_s.h.a.a.n_"
        },
        "likes_count": 0,
        "answers": [
            {
                "id": 17870730794195251,
                "created_at": 1609906357,
                "text": "@_s.h.a.a.n_ check dm",
                "owner": {
                    "id": "31345321949",
                    "is_verified": false,
                    "profile_pic_url": "https://instagram.fagc2-1.fna.fbcdn.net/v/t51.2885-19/s150x150/104655610_734890267265839_7042082510067431729_n.jpg?tp=1&_nc_ht=instagram.fagc2-1.fna.fbcdn.net&_nc_ohc=Q9yxDDyzyrwAX9Xuts8&ccb=7-4&oh=d86b1b6d639825b0f55d29acf1a38f6f&oe=608866EF&_nc_sid=9fb510",
                    "username": "airpods_case_1"
                },
                "likes_count": 0
            }
        ]
    },
    {
        "id": 17873557334049253,
        "created_at": 1605990151,
        "text": "Pp",
        "owner": {
            "id": "1362031056",
            "is_verified": false,
            "profile_pic_url": "https://instagram.fagc2-1.fna.fbcdn.net/v/t51.2885-19/s150x150/161946753_152481086655561_234622660601877812_n.jpg?tp=1&_nc_ht=instagram.fagc2-1.fna.fbcdn.net&_nc_ohc=-Y8GE54VaU4AX8dp3qz&ccb=7-4&oh=019d08bb56c9fb87717a11e3c91e8e85&oe=60893D5C&_nc_sid=9fb510",
            "username": "jo_goyal1803"
        },
        "likes_count": 0,
        "answers": [
            {
                "id": 17886295138827983,
                "created_at": 1606020478,
                "text": "@pawandmeforever check dm",
                "owner": {
                    "id": "31345321949",
                    "is_verified": false,
                    "profile_pic_url": "https://instagram.fagc2-1.fna.fbcdn.net/v/t51.2885-19/s150x150/104655610_734890267265839_7042082510067431729_n.jpg?tp=1&_nc_ht=instagram.fagc2-1.fna.fbcdn.net&_nc_ohc=Q9yxDDyzyrwAX9Xuts8&ccb=7-4&oh=d86b1b6d639825b0f55d29acf1a38f6f&oe=608866EF&_nc_sid=9fb510",
                    "username": "airpods_case_1"
                },
                "likes_count": 0
            }
        ]
    },
    {
        "id": 18171512236034199,
        "created_at": 1604759723,
        "text": "Pp",
        "owner": {
            "id": "1732990714",
            "is_verified": false,
            "profile_pic_url": "https://instagram.fagc2-1.fna.fbcdn.net/v/t51.2885-19/s150x150/122906952_202121337949326_2916711667435784832_n.jpg?tp=1&_nc_ht=instagram.fagc2-1.fna.fbcdn.net&_nc_ohc=r6t5ED8fXqEAX9xn9xZ&ccb=7-4&oh=f11ad15954e72cfe7507f0ce0d6d5f2f&oe=60865FAF&_nc_sid=9fb510",
            "username": "anchalbansal7777"
        },
        "likes_count": 0,
        "answers": [
            {
                "id": 17895398641654747,
                "created_at": 1604759753,
                "text": "@anchalbansal7777 check dm",
                "owner": {
                    "id": "31345321949",
                    "is_verified": false,
                    "profile_pic_url": "https://instagram.fagc2-1.fna.fbcdn.net/v/t51.2885-19/s150x150/104655610_734890267265839_7042082510067431729_n.jpg?tp=1&_nc_ht=instagram.fagc2-1.fna.fbcdn.net&_nc_ohc=Q9yxDDyzyrwAX9Xuts8&ccb=7-4&oh=d86b1b6d639825b0f55d29acf1a38f6f&oe=608866EF&_nc_sid=9fb510",
                    "username": "airpods_case_1"
                },
                "likes_count": 0
            }
        ]
    },
    {
        "id": 17902873957550933,
        "created_at": 1602248341,
        "text": "Pp of 1",
        "owner": {
            "id": "482544622",
            "is_verified": false,
            "profile_pic_url": "https://instagram.fagc2-1.fna.fbcdn.net/v/t51.2885-19/s150x150/92572427_2546474342349136_7104801842403475456_n.jpg?tp=1&_nc_ht=instagram.fagc2-1.fna.fbcdn.net&_nc_ohc=MUfWg7mw_1QAX_9Arwl&ccb=7-4&oh=0d10964f18ad0c659a4f98ac6c5c6470&oe=6086B95C&_nc_sid=9fb510",
            "username": "shrutimairsharad"
        },
        "likes_count": 0,
        "answers": []
    },
    {
        "id": 17845529423340871,
        "created_at": 1600371080,
        "text": "Pp",
        "owner": {
            "id": "3470593205",
            "is_verified": false,
            "profile_pic_url": "https://instagram.fagc2-1.fna.fbcdn.net/v/t51.2885-19/s150x150/92928833_1882921155175162_1701883290710966272_n.jpg?tp=1&_nc_ht=instagram.fagc2-1.fna.fbcdn.net&_nc_ohc=n7-1dOBeGyYAX9zgcoT&ccb=7-4&oh=d713eaadd0121852e708b6fa0d5d92b5&oe=6089AC84&_nc_sid=9fb510",
            "username": "stylemeupwithsrishti"
        },
        "likes_count": 0,
        "answers": [
            {
                "id": 18114424636153684,
                "created_at": 1600398657,
                "text": "@srishti_nanda_ check your dm",
                "owner": {
                    "id": "31345321949",
                    "is_verified": false,
                    "profile_pic_url": "https://instagram.fagc2-1.fna.fbcdn.net/v/t51.2885-19/s150x150/104655610_734890267265839_7042082510067431729_n.jpg?tp=1&_nc_ht=instagram.fagc2-1.fna.fbcdn.net&_nc_ohc=Q9yxDDyzyrwAX9Xuts8&ccb=7-4&oh=d86b1b6d639825b0f55d29acf1a38f6f&oe=608866EF&_nc_sid=9fb510",
                    "username": "airpods_case_1"
                },
                "likes_count": 0
            },
            {
                "id": 17860369577141607,
                "created_at": 1600398672,
                "text": "@srishti_nanda_ check your dm",
                "owner": {
                    "id": "31345321949",
                    "is_verified": false,
                    "profile_pic_url": "https://instagram.fagc2-1.fna.fbcdn.net/v/t51.2885-19/s150x150/104655610_734890267265839_7042082510067431729_n.jpg?tp=1&_nc_ht=instagram.fagc2-1.fna.fbcdn.net&_nc_ohc=Q9yxDDyzyrwAX9Xuts8&ccb=7-4&oh=d86b1b6d639825b0f55d29acf1a38f6f&oe=608866EF&_nc_sid=9fb510",
                    "username": "airpods_case_1"
                },
                "likes_count": 1
            }
        ]
    },
    {
        "id": 17858135468123696,
        "created_at": 1599080850,
        "text": "Price?",
        "owner": {
            "id": "1548014158",
            "is_verified": false,
            "profile_pic_url": "https://instagram.fagc2-1.fna.fbcdn.net/v/t51.2885-19/s150x150/26066570_495646717496443_6334375303246249984_n.jpg?tp=1&_nc_ht=instagram.fagc2-1.fna.fbcdn.net&_nc_ohc=QGOgWRbo5u8AX-e3Ft5&ccb=7-4&oh=eaac6f93ee53bdcd61d40dc2901a1b62&oe=608880B3&_nc_sid=9fb510",
            "username": "gulmuhammad13"
        },
        "likes_count": 0,
        "answers": [
            {
                "id": 17865249611029907,
                "created_at": 1599097301,
                "text": "@gulmuhammad13 589 matt finish",
                "owner": {
                    "id": "31345321949",
                    "is_verified": false,
                    "profile_pic_url": "https://instagram.fagc2-1.fna.fbcdn.net/v/t51.2885-19/s150x150/104655610_734890267265839_7042082510067431729_n.jpg?tp=1&_nc_ht=instagram.fagc2-1.fna.fbcdn.net&_nc_ohc=Q9yxDDyzyrwAX9Xuts8&ccb=7-4&oh=d86b1b6d639825b0f55d29acf1a38f6f&oe=608866EF&_nc_sid=9fb510",
                    "username": "airpods_case_1"
                },
                "likes_count": 0
            }
        ]
    }
]