[
    {
        "id": 17881451990131799,
        "created_at": 1615134013,
        "text": "Hm?",
        "owner": {
            "id": "1369943255",
            "is_verified": false,
            "profile_pic_url": "https://instagram.fagc2-1.fna.fbcdn.net/v/t51.2885-19/s150x150/54800574_2168999093181459_3750220320217235456_n.jpg?tp=1&_nc_ht=instagram.fagc2-1.fna.fbcdn.net&_nc_ohc=FjdXCF9thAEAX91JqEY&ccb=7-4&oh=567994b56f1d7433f0f2216c7b1a7f83&oe=6087823F&_nc_sid=9fb510",
            "username": "zelhouette"
        },
        "likes_count": 0,
        "answers": [
            {
                "id": 17903781928756399,
                "created_at": 1615164411,
                "text": "@zelhouette yess",
                "owner": {
                    "id": "31345321949",
                    "is_verified": false,
                    "profile_pic_url": "https://instagram.fagc2-1.fna.fbcdn.net/v/t51.2885-19/s150x150/104655610_734890267265839_7042082510067431729_n.jpg?tp=1&_nc_ht=instagram.fagc2-1.fna.fbcdn.net&_nc_ohc=Q9yxDDyzyrwAX9Xuts8&ccb=7-4&oh=d86b1b6d639825b0f55d29acf1a38f6f&oe=608866EF&_nc_sid=9fb510",
                    "username": "airpods_case_1"
                },
                "likes_count": 0
            }
        ]
    },
    {
        "id": 17941878817419077,
        "created_at": 1608551482,
        "text": "price??",
        "owner": {
            "id": "4139017546",
            "is_verified": false,
            "profile_pic_url": "https://instagram.fagc2-1.fna.fbcdn.net/v/t51.2885-19/s150x150/161658663_272334034455542_2724140087598179702_n.jpg?tp=1&_nc_ht=instagram.fagc2-1.fna.fbcdn.net&_nc_ohc=HEuObeOa2z8AX_ZWEXM&ccb=7-4&oh=330405cc2031a17dfc3ad59206a90f49&oe=60891EE9&_nc_sid=9fb510",
            "username": "tusharthakur949"
        },
        "likes_count": 0,
        "answers": []
    },
    {
        "id": 17879076187957048,
        "created_at": 1608277627,
        "text": "Price?",
        "owner": {
            "id": "31242219556",
            "is_verified": false,
            "profile_pic_url": "https://instagram.fagc2-1.fna.fbcdn.net/v/t51.2885-19/s150x150/152261791_1054801001598658_7923208025032230964_n.jpg?tp=1&_nc_ht=instagram.fagc2-1.fna.fbcdn.net&_nc_ohc=141q3Zw7pCUAX8dh4G3&ccb=7-4&oh=98adec416a9dff723cd66fb295a66a55&oe=6089998B&_nc_sid=9fb510",
            "username": "luvyadav9"
        },
        "likes_count": 0,
        "answers": [
            {
                "id": 18179174482009071,
                "created_at": 1608277716,
                "text": "@luvyadav9 check dm",
                "owner": {
                    "id": "31345321949",
                    "is_verified": false,
                    "profile_pic_url": "https://instagram.fagc2-1.fna.fbcdn.net/v/t51.2885-19/s150x150/104655610_734890267265839_7042082510067431729_n.jpg?tp=1&_nc_ht=instagram.fagc2-1.fna.fbcdn.net&_nc_ohc=Q9yxDDyzyrwAX9Xuts8&ccb=7-4&oh=d86b1b6d639825b0f55d29acf1a38f6f&oe=608866EF&_nc_sid=9fb510",
                    "username": "airpods_case_1"
                },
                "likes_count": 0
            }
        ]
    },
    {
        "id": 17921846875468035,
        "created_at": 1607996376,
        "text": "How much",
        "owner": {
            "id": "10744711123",
            "is_verified": false,
            "profile_pic_url": "https://instagram.fagc2-1.fna.fbcdn.net/v/t51.2885-19/s150x150/97359285_588681898671134_5031657034550870016_n.jpg?tp=1&_nc_ht=instagram.fagc2-1.fna.fbcdn.net&_nc_ohc=BPQ1dTfcb_4AX-udgzV&ccb=7-4&oh=9e5f9f42438d18ab5d811f7e205c113e&oe=608781CD&_nc_sid=9fb510",
            "username": "srengchhengeang"
        },
        "likes_count": 0,
        "answers": []
    },
    {
        "id": 17859479687318603,
        "created_at": 1606904912,
        "text": "Price?",
        "owner": {
            "id": "3089815267",
            "is_verified": false,
            "profile_pic_url": "https://instagram.fagc2-1.fna.fbcdn.net/v/t51.2885-19/s150x150/73385875_538006880076500_2399247411051495424_n.jpg?tp=1&_nc_ht=instagram.fagc2-1.fna.fbcdn.net&_nc_ohc=zWhCLHWMapYAX8Iq0tl&ccb=7-4&oh=412607a3cfa885fcc75c021d47a1aed1&oe=608714FF&_nc_sid=9fb510",
            "username": "sabith_sbh"
        },
        "likes_count": 0,
        "answers": [
            {
                "id": 17874769907045152,
                "created_at": 1606904938,
                "text": "@sabith_sbh check dm",
                "owner": {
                    "id": "31345321949",
                    "is_verified": false,
                    "profile_pic_url": "https://instagram.fagc2-1.fna.fbcdn.net/v/t51.2885-19/s150x150/104655610_734890267265839_7042082510067431729_n.jpg?tp=1&_nc_ht=instagram.fagc2-1.fna.fbcdn.net&_nc_ohc=Q9yxDDyzyrwAX9Xuts8&ccb=7-4&oh=d86b1b6d639825b0f55d29acf1a38f6f&oe=608866EF&_nc_sid=9fb510",
                    "username": "airpods_case_1"
                },
                "likes_count": 0
            }
        ]
    },
    {
        "id": 17901699679614077,
        "created_at": 1606032451,
        "text": "Pp ?",
        "owner": {
            "id": "3430205014",
            "is_verified": false,
            "profile_pic_url": "https://instagram.fagc2-1.fna.fbcdn.net/v/t51.2885-19/s150x150/123820260_353202765982009_6220548055318657276_n.jpg?tp=1&_nc_ht=instagram.fagc2-1.fna.fbcdn.net&_nc_ohc=VCBAUxapTuYAX_ZCfpc&ccb=7-4&oh=bebe0eb0862219a4b130644284a18840&oe=6088E8EA&_nc_sid=9fb510",
            "username": "bhartikansal_"
        },
        "likes_count": 0,
        "answers": []
    },
    {
        "id": 17901591811571837,
        "created_at": 1603858835,
        "text": "Pp?",
        "owner": {
            "id": "4061943613",
            "is_verified": false,
            "profile_pic_url": "https://instagram.fagc2-1.fna.fbcdn.net/v/t51.2885-19/s150x150/103570070_293830725129975_554331088787792114_n.jpg?tp=1&_nc_ht=instagram.fagc2-1.fna.fbcdn.net&_nc_ohc=yeJe1t7qOkEAX8NoiSe&ccb=7-4&oh=fd363b0cb80086c63aa85418df20687c&oe=608819AB&_nc_sid=9fb510",
            "username": "ishitakhemaria"
        },
        "likes_count": 0,
        "answers": [
            {
                "id": 17849925143339703,
                "created_at": 1603859830,
                "text": "@ishitakhemaria check dm",
                "owner": {
                    "id": "31345321949",
                    "is_verified": false,
                    "profile_pic_url": "https://instagram.fagc2-1.fna.fbcdn.net/v/t51.2885-19/s150x150/104655610_734890267265839_7042082510067431729_n.jpg?tp=1&_nc_ht=instagram.fagc2-1.fna.fbcdn.net&_nc_ohc=Q9yxDDyzyrwAX9Xuts8&ccb=7-4&oh=d86b1b6d639825b0f55d29acf1a38f6f&oe=608866EF&_nc_sid=9fb510",
                    "username": "airpods_case_1"
                },
                "likes_count": 0
            }
        ]
    },
    {
        "id": 17877166954921530,
        "created_at": 1603469208,
        "text": "Price??",
        "owner": {
            "id": "9133115961",
            "is_verified": false,
            "profile_pic_url": "https://instagram.fagc2-1.fna.fbcdn.net/v/t51.2885-19/s150x150/132149516_115156840433022_8502233688621479358_n.jpg?tp=1&_nc_ht=instagram.fagc2-1.fna.fbcdn.net&_nc_ohc=cflCK7LWZNUAX-xkyaL&ccb=7-4&oh=fc5d84bb439506bf60b34335ceefb0c1&oe=6089EC62&_nc_sid=9fb510",
            "username": "itsdkzofficial"
        },
        "likes_count": 0,
        "answers": [
            {
                "id": 17883261667790711,
                "created_at": 1603470231,
                "text": "@____fahad_dkz_ check dm",
                "owner": {
                    "id": "31345321949",
                    "is_verified": false,
                    "profile_pic_url": "https://instagram.fagc2-1.fna.fbcdn.net/v/t51.2885-19/s150x150/104655610_734890267265839_7042082510067431729_n.jpg?tp=1&_nc_ht=instagram.fagc2-1.fna.fbcdn.net&_nc_ohc=Q9yxDDyzyrwAX9Xuts8&ccb=7-4&oh=d86b1b6d639825b0f55d29acf1a38f6f&oe=608866EF&_nc_sid=9fb510",
                    "username": "airpods_case_1"
                },
                "likes_count": 0
            }
        ]
    },
    {
        "id": 18165593557048103,
        "created_at": 1603316541,
        "text": "Is it available for Airpods 2nd gen?",
        "owner": {
            "id": "1330755410",
            "is_verified": false,
            "profile_pic_url": "https://instagram.fagc2-1.fna.fbcdn.net/v/t51.2885-19/s150x150/161764119_748179399226564_9068022349237727223_n.jpg?tp=1&_nc_ht=instagram.fagc2-1.fna.fbcdn.net&_nc_ohc=04HJAP-G9ocAX-vhTPR&ccb=7-4&oh=dd61f2e59ee6f978f0ddfc887fde4629&oe=6086C5C8&_nc_sid=9fb510",
            "username": "apurvmalik"
        },
        "likes_count": 0,
        "answers": [
            {
                "id": 17905824631556414,
                "created_at": 1603333920,
                "text": "@apurvmalik only pro",
                "owner": {
                    "id": "31345321949",
                    "is_verified": false,
                    "profile_pic_url": "https://instagram.fagc2-1.fna.fbcdn.net/v/t51.2885-19/s150x150/104655610_734890267265839_7042082510067431729_n.jpg?tp=1&_nc_ht=instagram.fagc2-1.fna.fbcdn.net&_nc_ohc=Q9yxDDyzyrwAX9Xuts8&ccb=7-4&oh=d86b1b6d639825b0f55d29acf1a38f6f&oe=608866EF&_nc_sid=9fb510",
                    "username": "airpods_case_1"
                },
                "likes_count": 0
            }
        ]
    },
    {
        "id": 17855577683248215,
        "created_at": 1602615917,
        "text": "Pp",
        "owner": {
            "id": "682585400",
            "is_verified": false,
            "profile_pic_url": "https://instagram.fagc2-1.fna.fbcdn.net/v/t51.2885-19/s150x150/11326508_1517730438549808_709012115_a.jpg?tp=1&_nc_ht=instagram.fagc2-1.fna.fbcdn.net&_nc_ohc=my0kqS9bzdUAX9seH2w&ccb=7-4&oh=712071b493c870829cb981ccb61b691c&oe=6087B72F&_nc_sid=9fb510",
            "username": "dbpunjwani"
        },
        "likes_count": 0,
        "answers": [
            {
                "id": 18120743434181751,
                "created_at": 1602615993,
                "text": "@dbpunjwani check dm",
                "owner": {
                    "id": "31345321949",
                    "is_verified": false,
                    "profile_pic_url": "https://instagram.fagc2-1.fna.fbcdn.net/v/t51.2885-19/s150x150/104655610_734890267265839_7042082510067431729_n.jpg?tp=1&_nc_ht=instagram.fagc2-1.fna.fbcdn.net&_nc_ohc=Q9yxDDyzyrwAX9Xuts8&ccb=7-4&oh=d86b1b6d639825b0f55d29acf1a38f6f&oe=608866EF&_nc_sid=9fb510",
                    "username": "airpods_case_1"
                },
                "likes_count": 0
            }
        ]
    },
    {
        "id": 18122595517087666,
        "created_at": 1602226291,
        "text": "Price??",
        "owner": {
            "id": "8062406457",
            "is_verified": false,
            "profile_pic_url": "https://instagram.fagc2-1.fna.fbcdn.net/v/t51.2885-19/s150x150/156145914_432585927975488_2299316598508472126_n.jpg?tp=1&_nc_ht=instagram.fagc2-1.fna.fbcdn.net&_nc_ohc=WbFDmqQyj8AAX8rkM9R&ccb=7-4&oh=1316ef1b1efa2e08f5f876f714979344&oe=6086BCC4&_nc_sid=9fb510",
            "username": "s.h.e.o.r.a.n_10"
        },
        "likes_count": 0,
        "answers": []
    },
    {
        "id": 17870480366006342,
        "created_at": 1601633783,
        "text": "price?",
        "owner": {
            "id": "5401135047",
            "is_verified": false,
            "profile_pic_url": "https://instagram.fagc2-1.fna.fbcdn.net/v/t51.2885-19/s150x150/162033356_747791176127174_266471722551539600_n.jpg?tp=1&_nc_ht=instagram.fagc2-1.fna.fbcdn.net&_nc_ohc=DLDsoDGF5DEAX9BMlpR&ccb=7-4&oh=b9d51465101505321151595954170491&oe=6089D8AE&_nc_sid=9fb510",
            "username": "akshay_nimbalkar22"
        },
        "likes_count": 0,
        "answers": [
            {
                "id": 17870894014992583,
                "created_at": 1601633806,
                "text": "@akshay_nimbalkar22 check dm sir",
                "owner": {
                    "id": "31345321949",
                    "is_verified": false,
                    "profile_pic_url": "https://instagram.fagc2-1.fna.fbcdn.net/v/t51.2885-19/s150x150/104655610_734890267265839_7042082510067431729_n.jpg?tp=1&_nc_ht=instagram.fagc2-1.fna.fbcdn.net&_nc_ohc=Q9yxDDyzyrwAX9Xuts8&ccb=7-4&oh=d86b1b6d639825b0f55d29acf1a38f6f&oe=608866EF&_nc_sid=9fb510",
                    "username": "airpods_case_1"
                },
                "likes_count": 0
            }
        ]
    },
    {
        "id": 17904240247548016,
        "created_at": 1601464776,
        "text": "Pp",
        "owner": {
            "id": "1421972512",
            "is_verified": false,
            "profile_pic_url": "https://instagram.fagc2-1.fna.fbcdn.net/v/t51.2885-19/s150x150/91302149_3399917673357640_8182842533529780224_n.jpg?tp=1&_nc_ht=instagram.fagc2-1.fna.fbcdn.net&_nc_ohc=MWx06a8SuwEAX-4PyV3&ccb=7-4&oh=4fec13faeef3938758b4edd83b9774f4&oe=60865A9E&_nc_sid=9fb510",
            "username": "mukul.14"
        },
        "likes_count": 0,
        "answers": [
            {
                "id": 17863975655108523,
                "created_at": 1601465666,
                "text": "@mukul.14 check your dm",
                "owner": {
                    "id": "31345321949",
                    "is_verified": false,
                    "profile_pic_url": "https://instagram.fagc2-1.fna.fbcdn.net/v/t51.2885-19/s150x150/104655610_734890267265839_7042082510067431729_n.jpg?tp=1&_nc_ht=instagram.fagc2-1.fna.fbcdn.net&_nc_ohc=Q9yxDDyzyrwAX9Xuts8&ccb=7-4&oh=d86b1b6d639825b0f55d29acf1a38f6f&oe=608866EF&_nc_sid=9fb510",
                    "username": "airpods_case_1"
                },
                "likes_count": 0
            }
        ]
    },
    {
        "id": 17962058002344709,
        "created_at": 1601404402,
        "text": "Price?",
        "owner": {
            "id": "30402418807",
            "is_verified": false,
            "profile_pic_url": "https://instagram.fagc2-1.fna.fbcdn.net/v/t51.2885-19/s150x150/104104009_288476865623331_5121901560018977609_n.jpg?tp=1&_nc_ht=instagram.fagc2-1.fna.fbcdn.net&_nc_ohc=zN1O9jz0KfIAX__tEOK&ccb=7-4&oh=69426180b50acacbb0089345181d7681&oe=6088CC61&_nc_sid=9fb510",
            "username": "welcomeinsidethehell"
        },
        "likes_count": 0,
        "answers": []
    }
]