[
    {
        "id": 18075056413250828,
        "created_at": 1614597620,
        "text": "Leather ka h?",
        "owner": {
            "id": "2234497093",
            "is_verified": false,
            "profile_pic_url": "https://instagram.fagc2-1.fna.fbcdn.net/v/t51.2885-19/s150x150/153999963_2884209481859648_2148974833498349116_n.jpg?tp=1&_nc_ht=instagram.fagc2-1.fna.fbcdn.net&_nc_ohc=tb5R17vs6OMAX_e7o9u&ccb=7-4&oh=3c2e16551a653c96b2201fdfd9d38374&oe=608846AB&_nc_sid=9fb510",
            "username": "__saaddahmedd__"
        },
        "likes_count": 0,
        "answers": [
            {
                "id": 17901630736768410,
                "created_at": 1614600315,
                "text": "Check dm",
                "owner": {
                    "id": "31345321949",
                    "is_verified": false,
                    "profile_pic_url": "https://instagram.fagc2-1.fna.fbcdn.net/v/t51.2885-19/s150x150/104655610_734890267265839_7042082510067431729_n.jpg?tp=1&_nc_ht=instagram.fagc2-1.fna.fbcdn.net&_nc_ohc=Q9yxDDyzyrwAX9Xuts8&ccb=7-4&oh=d86b1b6d639825b0f55d29acf1a38f6f&oe=608866EF&_nc_sid=9fb510",
                    "username": "airpods_case_1"
                },
                "likes_count": 0
            }
        ]
    },
    {
        "id": 17971328974366447,
        "created_at": 1613547426,
        "text": "Pp",
        "owner": {
            "id": "3982883893",
            "is_verified": false,
            "profile_pic_url": "https://instagram.fagc2-1.fna.fbcdn.net/v/t51.2885-19/s150x150/72219385_538422863583355_2141650343677657088_n.jpg?tp=1&_nc_ht=instagram.fagc2-1.fna.fbcdn.net&_nc_ohc=WYLpVQJevrMAX9tJ_sn&ccb=7-4&oh=5ac2da3c76798c9453d9e4c31edc12cd&oe=60861931&_nc_sid=9fb510",
            "username": "drao09"
        },
        "likes_count": 0,
        "answers": [
            {
                "id": 17921156509528707,
                "created_at": 1613547560,
                "text": "@drao09 check dm",
                "owner": {
                    "id": "31345321949",
                    "is_verified": false,
                    "profile_pic_url": "https://instagram.fagc2-1.fna.fbcdn.net/v/t51.2885-19/s150x150/104655610_734890267265839_7042082510067431729_n.jpg?tp=1&_nc_ht=instagram.fagc2-1.fna.fbcdn.net&_nc_ohc=Q9yxDDyzyrwAX9Xuts8&ccb=7-4&oh=d86b1b6d639825b0f55d29acf1a38f6f&oe=608866EF&_nc_sid=9fb510",
                    "username": "airpods_case_1"
                },
                "likes_count": 0
            }
        ]
    },
    {
        "id": 17967236302364370,
        "created_at": 1613274990,
        "text": "How much?",
        "owner": {
            "id": "4144849048",
            "is_verified": false,
            "profile_pic_url": "https://instagram.fagc2-1.fna.fbcdn.net/v/t51.2885-19/s150x150/161447299_4209805675748280_5744070952433431117_n.jpg?tp=1&_nc_ht=instagram.fagc2-1.fna.fbcdn.net&_nc_ohc=LqH5pAmAIMIAX85TA2p&ccb=7-4&oh=b845a6ea4070848b8c2cc506358589ec&oe=60881489&_nc_sid=9fb510",
            "username": "prasath_jacktar"
        },
        "likes_count": 0,
        "answers": [
            {
                "id": 18119986045170813,
                "created_at": 1613278408,
                "text": "@prasath_jacktar check dm",
                "owner": {
                    "id": "31345321949",
                    "is_verified": false,
                    "profile_pic_url": "https://instagram.fagc2-1.fna.fbcdn.net/v/t51.2885-19/s150x150/104655610_734890267265839_7042082510067431729_n.jpg?tp=1&_nc_ht=instagram.fagc2-1.fna.fbcdn.net&_nc_ohc=Q9yxDDyzyrwAX9Xuts8&ccb=7-4&oh=d86b1b6d639825b0f55d29acf1a38f6f&oe=608866EF&_nc_sid=9fb510",
                    "username": "airpods_case_1"
                },
                "likes_count": 0
            }
        ]
    },
    {
        "id": 17892123727856602,
        "created_at": 1612636133,
        "text": "Price please",
        "owner": {
            "id": "532617640",
            "is_verified": false,
            "profile_pic_url": "https://instagram.fagc2-1.fna.fbcdn.net/v/t51.2885-19/s150x150/76799760_777881432682892_8093880334761852928_n.jpg?tp=1&_nc_ht=instagram.fagc2-1.fna.fbcdn.net&_nc_ohc=WMXPyUYMK2MAX9ZEFHt&ccb=7-4&oh=c2d53e0ff53c9cca63072c1c1be6149f&oe=6086FA37&_nc_sid=9fb510",
            "username": "suhani07"
        },
        "likes_count": 0,
        "answers": []
    },
    {
        "id": 17879002646119336,
        "created_at": 1612454466,
        "text": "Hello please how much is this ?",
        "owner": {
            "id": "10978213755",
            "is_verified": false,
            "profile_pic_url": "https://instagram.fagc2-1.fna.fbcdn.net/v/t51.2885-19/s150x150/119466894_348934029630345_1496869080744292100_n.jpg?tp=1&_nc_ht=instagram.fagc2-1.fna.fbcdn.net&_nc_ohc=uuri9xArrLwAX8NMD3P&ccb=7-4&oh=566a1cc5d522b63339d19fc689e22e46&oe=6086ECA0&_nc_sid=9fb510",
            "username": "expressions_inc_gh"
        },
        "likes_count": 0,
        "answers": []
    },
    {
        "id": 17879526473083529,
        "created_at": 1611304582,
        "text": "Is this available?",
        "owner": {
            "id": "8326730549",
            "is_verified": false,
            "profile_pic_url": "https://instagram.fagc2-1.fna.fbcdn.net/v/t51.2885-19/s150x150/150746214_752015172403049_7765227758099041180_n.jpg?tp=1&_nc_ht=instagram.fagc2-1.fna.fbcdn.net&_nc_ohc=w3v9w0StZ-UAX_59syT&ccb=7-4&oh=0a2ed05cbc93360e4a2c8db371a83f70&oe=60864090&_nc_sid=9fb510",
            "username": "ak23_rr"
        },
        "likes_count": 0,
        "answers": [
            {
                "id": 18190010413048148,
                "created_at": 1611306483,
                "text": "@arun_23r yes available",
                "owner": {
                    "id": "31345321949",
                    "is_verified": false,
                    "profile_pic_url": "https://instagram.fagc2-1.fna.fbcdn.net/v/t51.2885-19/s150x150/104655610_734890267265839_7042082510067431729_n.jpg?tp=1&_nc_ht=instagram.fagc2-1.fna.fbcdn.net&_nc_ohc=Q9yxDDyzyrwAX9Xuts8&ccb=7-4&oh=d86b1b6d639825b0f55d29acf1a38f6f&oe=608866EF&_nc_sid=9fb510",
                    "username": "airpods_case_1"
                },
                "likes_count": 0
            }
        ]
    },
    {
        "id": 17856404639483700,
        "created_at": 1610891349,
        "text": "Price",
        "owner": {
            "id": "2633260144",
            "is_verified": false,
            "profile_pic_url": "https://instagram.fagc2-1.fna.fbcdn.net/v/t51.2885-19/s150x150/155226528_341437953837090_3166512748820002320_n.jpg?tp=1&_nc_ht=instagram.fagc2-1.fna.fbcdn.net&_nc_ohc=d4keOu6urAQAX_FarVB&ccb=7-4&oh=6ca76ac2c3e7b0e4cc262c7022ff83a8&oe=6088C404&_nc_sid=9fb510",
            "username": "parminder_singhg"
        },
        "likes_count": 0,
        "answers": []
    },
    {
        "id": 18085800301242006,
        "created_at": 1610127058,
        "text": "Price",
        "owner": {
            "id": "3723201807",
            "is_verified": false,
            "profile_pic_url": "https://instagram.fagc2-1.fna.fbcdn.net/v/t51.2885-19/s150x150/154137996_2747820112137427_7446078174181822240_n.jpg?tp=1&_nc_ht=instagram.fagc2-1.fna.fbcdn.net&_nc_ohc=jj5L_zHMi-kAX8dUv7D&ccb=7-4&oh=27514afcebc405ac525393d1c3be7055&oe=60885739&_nc_sid=9fb510",
            "username": "shiva_starzs"
        },
        "likes_count": 0,
        "answers": []
    },
    {
        "id": 17866024850110276,
        "created_at": 1605723346,
        "text": "Cost pls",
        "owner": {
            "id": "5620580705",
            "is_verified": false,
            "profile_pic_url": "https://instagram.fagc2-1.fna.fbcdn.net/v/t51.2885-19/s150x150/117865356_3536318309731858_1704559346798945012_n.jpg?tp=1&_nc_ht=instagram.fagc2-1.fna.fbcdn.net&_nc_ohc=VrIpYtoTmFwAX8Ko62z&ccb=7-4&oh=d883086db377ed6966936dc46f971eef&oe=608828FA&_nc_sid=9fb510",
            "username": "dr_priyank_prasann"
        },
        "likes_count": 0,
        "answers": []
    },
    {
        "id": 17849315732356245,
        "created_at": 1604562454,
        "text": "Pp",
        "owner": {
            "id": "1392436353",
            "is_verified": false,
            "profile_pic_url": "https://instagram.fagc2-1.fna.fbcdn.net/v/t51.2885-19/s150x150/144282838_1817162335119175_1059669890616768048_n.jpg?tp=1&_nc_ht=instagram.fagc2-1.fna.fbcdn.net&_nc_ohc=PO-6gscvEeQAX_MJAmM&ccb=7-4&oh=67953d8951ac52a074b14a119144e3ab&oe=608823C1&_nc_sid=9fb510",
            "username": "bishnu.tokas07"
        },
        "likes_count": 0,
        "answers": [
            {
                "id": 17896007659638722,
                "created_at": 1604562532,
                "text": "@bishnu.tokas07 check dm",
                "owner": {
                    "id": "31345321949",
                    "is_verified": false,
                    "profile_pic_url": "https://instagram.fagc2-1.fna.fbcdn.net/v/t51.2885-19/s150x150/104655610_734890267265839_7042082510067431729_n.jpg?tp=1&_nc_ht=instagram.fagc2-1.fna.fbcdn.net&_nc_ohc=Q9yxDDyzyrwAX9Xuts8&tn=jkJTMELZ2e2NJ4X0&ccb=7-4&oh=e536c0b2682a8b868c9079b01fea3e52&oe=608866EF&_nc_sid=9fb510",
                    "username": "airpods_case_1"
                },
                "likes_count": 0
            }
        ]
    },
    {
        "id": 17910452446522618,
        "created_at": 1604211577,
        "text": "Pp",
        "owner": {
            "id": "37561405955",
            "is_verified": false,
            "profile_pic_url": "https://instagram.fagc2-1.fna.fbcdn.net/v/t51.2885-19/s150x150/104278679_1098972510500608_8133840999406462885_n.jpg?tp=1&_nc_ht=instagram.fagc2-1.fna.fbcdn.net&_nc_ohc=BtprWrv5pb4AX_Zl33Z&ccb=7-4&oh=652f1a82aae7596cd08b038605713f27&oe=608893D6&_nc_sid=9fb510",
            "username": "anitagoel.jindal"
        },
        "likes_count": 0,
        "answers": []
    },
    {
        "id": 17843312930461990,
        "created_at": 1603550000,
        "text": "Price???",
        "owner": {
            "id": "3517182989",
            "is_verified": false,
            "profile_pic_url": "https://instagram.fagc2-1.fna.fbcdn.net/v/t51.2885-19/s150x150/125067246_938711736655914_593310565948488245_n.jpg?tp=1&_nc_ht=instagram.fagc2-1.fna.fbcdn.net&_nc_ohc=8xU6ZaCii4oAX8_Ls_e&ccb=7-4&oh=4aeb5218ca8eec71ccfd9717a7905eab&oe=60870C5B&_nc_sid=9fb510",
            "username": "deepanshu7404"
        },
        "likes_count": 0,
        "answers": [
            {
                "id": 17871907370016012,
                "created_at": 1603556310,
                "text": "@deepanshu7404 check dm",
                "owner": {
                    "id": "31345321949",
                    "is_verified": false,
                    "profile_pic_url": "https://instagram.fagc2-1.fna.fbcdn.net/v/t51.2885-19/s150x150/104655610_734890267265839_7042082510067431729_n.jpg?tp=1&_nc_ht=instagram.fagc2-1.fna.fbcdn.net&_nc_ohc=Q9yxDDyzyrwAX9Xuts8&ccb=7-4&oh=d86b1b6d639825b0f55d29acf1a38f6f&oe=608866EF&_nc_sid=9fb510",
                    "username": "airpods_case_1"
                },
                "likes_count": 0
            }
        ]
    },
    {
        "id": 17881920643829866,
        "created_at": 1602620473,
        "text": "price ?",
        "owner": {
            "id": "14928883777",
            "is_verified": false,
            "profile_pic_url": "https://instagram.fagc2-1.fna.fbcdn.net/v/t51.2885-19/s150x150/157424732_1607382389446263_1336173030359616503_n.jpg?tp=1&_nc_ht=instagram.fagc2-1.fna.fbcdn.net&_nc_ohc=7BWGaeR80HAAX9w0WWD&ccb=7-4&oh=1abd99b5dfb8ddbdb81e3adb7d4bd143&oe=60870E92&_nc_sid=9fb510",
            "username": "since_14_12_2019"
        },
        "likes_count": 0,
        "answers": [
            {
                "id": 17842988249455846,
                "created_at": 1602620925,
                "text": "@saurabh_6070 check dm",
                "owner": {
                    "id": "31345321949",
                    "is_verified": false,
                    "profile_pic_url": "https://instagram.fagc2-1.fna.fbcdn.net/v/t51.2885-19/s150x150/104655610_734890267265839_7042082510067431729_n.jpg?tp=1&_nc_ht=instagram.fagc2-1.fna.fbcdn.net&_nc_ohc=Q9yxDDyzyrwAX9Xuts8&ccb=7-4&oh=d86b1b6d639825b0f55d29acf1a38f6f&oe=608866EF&_nc_sid=9fb510",
                    "username": "airpods_case_1"
                },
                "likes_count": 0
            }
        ]
    },
    {
        "id": 17882128867733737,
        "created_at": 1599081019,
        "text": "Price?",
        "owner": {
            "id": "1548014158",
            "is_verified": false,
            "profile_pic_url": "https://instagram.fagc2-1.fna.fbcdn.net/v/t51.2885-19/s150x150/26066570_495646717496443_6334375303246249984_n.jpg?tp=1&_nc_ht=instagram.fagc2-1.fna.fbcdn.net&_nc_ohc=QGOgWRbo5u8AX-e3Ft5&ccb=7-4&oh=eaac6f93ee53bdcd61d40dc2901a1b62&oe=608880B3&_nc_sid=9fb510",
            "username": "gulmuhammad13"
        },
        "likes_count": 0,
        "answers": [
            {
                "id": 17887725700678200,
                "created_at": 1599097331,
                "text": "@gulmuhammad13 400",
                "owner": {
                    "id": "31345321949",
                    "is_verified": false,
                    "profile_pic_url": "https://instagram.fagc2-1.fna.fbcdn.net/v/t51.2885-19/s150x150/104655610_734890267265839_7042082510067431729_n.jpg?tp=1&_nc_ht=instagram.fagc2-1.fna.fbcdn.net&_nc_ohc=Q9yxDDyzyrwAX9Xuts8&ccb=7-4&oh=d86b1b6d639825b0f55d29acf1a38f6f&oe=608866EF&_nc_sid=9fb510",
                    "username": "airpods_case_1"
                },
                "likes_count": 0
            }
        ]
    },
    {
        "id": 17923858837422293,
        "created_at": 1597599119,
        "text": "Price plz",
        "owner": {
            "id": "21395578587",
            "is_verified": false,
            "profile_pic_url": "https://instagram.fagc2-1.fna.fbcdn.net/v/t51.2885-19/s150x150/80012133_587756252048820_6452952319427346432_n.jpg?tp=1&_nc_ht=instagram.fagc2-1.fna.fbcdn.net&_nc_ohc=J_mOFn4E5joAX-gdKxk&ccb=7-4&oh=94865995a8fa9efcb77871179a32c98f&oe=608709FD&_nc_sid=9fb510",
            "username": "sheikh_abdul.muizz"
        },
        "likes_count": 0,
        "answers": []
    }
]