[
    {
        "id": 18076721356252469,
        "created_at": 1615792821,
        "text": "Which countries you ship to?",
        "owner": {
            "id": "2906690786",
            "is_verified": false,
            "profile_pic_url": "https://instagram.fagc2-1.fna.fbcdn.net/v/t51.2885-19/s150x150/155146027_837839863470029_4145175230641331961_n.jpg?tp=1&_nc_ht=instagram.fagc2-1.fna.fbcdn.net&_nc_ohc=NcsfXvGoSA8AX9SagVw&ccb=7-4&oh=580a1463f2fd5792fcb5e2c2b5fb2bbf&oe=6088D28B&_nc_sid=9fb510",
            "username": "goodwill1904"
        },
        "likes_count": 0,
        "answers": [
            {
                "id": 17864361140356436,
                "created_at": 1615798978,
                "text": "@goodwill1904 india",
                "owner": {
                    "id": "31345321949",
                    "is_verified": false,
                    "profile_pic_url": "https://instagram.fagc2-1.fna.fbcdn.net/v/t51.2885-19/s150x150/104655610_734890267265839_7042082510067431729_n.jpg?tp=1&_nc_ht=instagram.fagc2-1.fna.fbcdn.net&_nc_ohc=Q9yxDDyzyrwAX9Xuts8&ccb=7-4&oh=d86b1b6d639825b0f55d29acf1a38f6f&oe=608866EF&_nc_sid=9fb510",
                    "username": "airpods_case_1"
                },
                "likes_count": 0
            }
        ]
    },
    {
        "id": 17874645587252710,
        "created_at": 1615320309,
        "text": "Wow",
        "owner": {
            "id": "46568616457",
            "is_verified": false,
            "profile_pic_url": "https://instagram.fagc2-1.fna.fbcdn.net/v/t51.2885-19/s150x150/161380309_1343805149317468_9138371122365918404_n.jpg?tp=1&_nc_ht=instagram.fagc2-1.fna.fbcdn.net&_nc_ohc=5wHjuqw9vDUAX__Jek9&ccb=7-4&oh=4d1c521dde241b70e14f10849cb13f91&oe=60872519&_nc_sid=9fb510",
            "username": "andr_eeadenisa15"
        },
        "likes_count": 0,
        "answers": []
    },
    {
        "id": 17874446213250034,
        "created_at": 1615071314,
        "text": "Do you have for i12?",
        "owner": {
            "id": "44331056752",
            "is_verified": false,
            "profile_pic_url": "https://instagram.fagc2-1.fna.fbcdn.net/v/t51.2885-19/s150x150/141868858_226752758989848_6457771289615305110_n.jpg?tp=1&_nc_ht=instagram.fagc2-1.fna.fbcdn.net&_nc_ohc=W8scNZkYJ9UAX_uWx8t&ccb=7-4&oh=a5d963f6d05ad4935a05d5b5099189d4&oe=60895149&_nc_sid=9fb510",
            "username": "anime.fun.girl7"
        },
        "likes_count": 0,
        "answers": [
            {
                "id": 17863947575474321,
                "created_at": 1615090333,
                "text": "@anime.fun.girl7 apple airpods1/2",
                "owner": {
                    "id": "31345321949",
                    "is_verified": false,
                    "profile_pic_url": "https://instagram.fagc2-1.fna.fbcdn.net/v/t51.2885-19/s150x150/104655610_734890267265839_7042082510067431729_n.jpg?tp=1&_nc_ht=instagram.fagc2-1.fna.fbcdn.net&_nc_ohc=Q9yxDDyzyrwAX9Xuts8&ccb=7-4&oh=d86b1b6d639825b0f55d29acf1a38f6f&oe=608866EF&_nc_sid=9fb510",
                    "username": "airpods_case_1"
                },
                "likes_count": 1
            }
        ]
    },
    {
        "id": 17917751125550803,
        "created_at": 1611002654,
        "text": "How much is it please",
        "owner": {
            "id": "4099110567",
            "is_verified": false,
            "profile_pic_url": "https://instagram.fagc2-1.fna.fbcdn.net/v/t51.2885-19/s150x150/118919991_183420169971338_6760287682150628065_n.jpg?tp=1&_nc_ht=instagram.fagc2-1.fna.fbcdn.net&_nc_ohc=8EM-mpKKFG8AX8lSc61&ccb=7-4&oh=d7a97e508225a6002774032c68ff2750&oe=60862CF1&_nc_sid=9fb510",
            "username": "_rubygbafe_"
        },
        "likes_count": 0,
        "answers": []
    },
    {
        "id": 17853030464457414,
        "created_at": 1608737879,
        "text": "How much is this and is it available in Lebanon",
        "owner": {
            "id": "4756476096",
            "is_verified": false,
            "profile_pic_url": "https://instagram.fagc2-1.fna.fbcdn.net/v/t51.2885-19/s150x150/163351582_1122348964856926_2482269211103695899_n.jpg?tp=1&_nc_ht=instagram.fagc2-1.fna.fbcdn.net&_nc_ohc=SBmEik1sDIQAX-rMTbl&ccb=7-4&oh=3ca97fec69aa339596f5a83e9e57fe51&oe=608818FA&_nc_sid=9fb510",
            "username": "charb_elk"
        },
        "likes_count": 0,
        "answers": [
            {
                "id": 17874365849103422,
                "created_at": 1608795618,
                "text": "@charb_elk noo\ud83d\ude05",
                "owner": {
                    "id": "31345321949",
                    "is_verified": false,
                    "profile_pic_url": "https://instagram.fagc2-1.fna.fbcdn.net/v/t51.2885-19/s150x150/104655610_734890267265839_7042082510067431729_n.jpg?tp=1&_nc_ht=instagram.fagc2-1.fna.fbcdn.net&_nc_ohc=Q9yxDDyzyrwAX9Xuts8&ccb=7-4&oh=d86b1b6d639825b0f55d29acf1a38f6f&oe=608866EF&_nc_sid=9fb510",
                    "username": "airpods_case_1"
                },
                "likes_count": 0
            }
        ]
    }
]