[
    {
        "id": 17855300774495971,
        "created_at": 1616310060,
        "text": "price?",
        "owner": {
            "id": "8735574183",
            "is_verified": false,
            "profile_pic_url": "https://instagram.fagc2-1.fna.fbcdn.net/v/t51.2885-19/s150x150/95865042_677649366303010_986962246007521280_n.jpg?tp=1&_nc_ht=instagram.fagc2-1.fna.fbcdn.net&_nc_ohc=WajPSs_4g-QAX8ZNiuj&ccb=7-4&oh=0ab34c00e5bf9b30729eaf1c8b12d15c&oe=60876AAE&_nc_sid=9fb510",
            "username": "l_e_s_e_d_iii"
        },
        "likes_count": 0,
        "answers": [
            {
                "id": 17906762764694633,
                "created_at": 1616325330,
                "text": "@l_e_s_e_d_iii check dm",
                "owner": {
                    "id": "31345321949",
                    "is_verified": false,
                    "profile_pic_url": "https://instagram.fagc2-1.fna.fbcdn.net/v/t51.2885-19/s150x150/104655610_734890267265839_7042082510067431729_n.jpg?tp=1&_nc_ht=instagram.fagc2-1.fna.fbcdn.net&_nc_ohc=Q9yxDDyzyrwAX9Xuts8&ccb=7-4&oh=d86b1b6d639825b0f55d29acf1a38f6f&oe=608866EF&_nc_sid=9fb510",
                    "username": "airpods_case_1"
                },
                "likes_count": 0
            }
        ]
    },
    {
        "id": 17900259733767858,
        "created_at": 1614971040,
        "text": "How much",
        "owner": {
            "id": "4431687534",
            "is_verified": false,
            "profile_pic_url": "https://instagram.fagc2-1.fna.fbcdn.net/v/t51.2885-19/s150x150/159261721_5206337622741416_5634786594842491809_n.jpg?tp=1&_nc_ht=instagram.fagc2-1.fna.fbcdn.net&_nc_ohc=F-QLXkfpvGoAX_hFKkO&ccb=7-4&oh=5c7fe15e9d098f6bdde6bda2cb7c41de&oe=608900B6&_nc_sid=9fb510",
            "username": "ayesha_maesha"
        },
        "likes_count": 0,
        "answers": [
            {
                "id": 17909735362660376,
                "created_at": 1615008879,
                "text": "@ayesha_maesha check dm",
                "owner": {
                    "id": "31345321949",
                    "is_verified": false,
                    "profile_pic_url": "https://instagram.fagc2-1.fna.fbcdn.net/v/t51.2885-19/s150x150/104655610_734890267265839_7042082510067431729_n.jpg?tp=1&_nc_ht=instagram.fagc2-1.fna.fbcdn.net&_nc_ohc=Q9yxDDyzyrwAX9Xuts8&ccb=7-4&oh=d86b1b6d639825b0f55d29acf1a38f6f&oe=608866EF&_nc_sid=9fb510",
                    "username": "airpods_case_1"
                },
                "likes_count": 0
            }
        ]
    },
    {
        "id": 17870410628235961,
        "created_at": 1613062026,
        "text": "Price plzz",
        "owner": {
            "id": "31147960389",
            "is_verified": false,
            "profile_pic_url": "https://instagram.fagc2-1.fna.fbcdn.net/v/t51.2885-19/s150x150/161462202_145572100791479_6182548780587652709_n.jpg?tp=1&_nc_ht=instagram.fagc2-1.fna.fbcdn.net&_nc_ohc=4RcrZoAHqo0AX-L1C35&ccb=7-4&oh=8fe99f3aca7875e0398fca3c0447a4d5&oe=60870A33&_nc_sid=9fb510",
            "username": "aesthetic_arryux_x"
        },
        "likes_count": 0,
        "answers": [
            {
                "id": 17905778281680507,
                "created_at": 1613064929,
                "text": "Check dm",
                "owner": {
                    "id": "31345321949",
                    "is_verified": false,
                    "profile_pic_url": "https://instagram.fagc2-1.fna.fbcdn.net/v/t51.2885-19/s150x150/104655610_734890267265839_7042082510067431729_n.jpg?tp=1&_nc_ht=instagram.fagc2-1.fna.fbcdn.net&_nc_ohc=Q9yxDDyzyrwAX9Xuts8&ccb=7-4&oh=d86b1b6d639825b0f55d29acf1a38f6f&oe=608866EF&_nc_sid=9fb510",
                    "username": "airpods_case_1"
                },
                "likes_count": 0
            }
        ]
    },
    {
        "id": 17885579443963150,
        "created_at": 1612272110,
        "text": "C'est combien ?",
        "owner": {
            "id": "5709115764",
            "is_verified": false,
            "profile_pic_url": "https://instagram.fagc2-1.fna.fbcdn.net/v/t51.2885-19/s150x150/155917446_117365960355605_2419288163497256780_n.jpg?tp=1&_nc_ht=instagram.fagc2-1.fna.fbcdn.net&_nc_ohc=CgMxn3MMsncAX8kqsxH&ccb=7-4&oh=2c590fff924a4ee894c3e48c978c9d3a&oe=6087BDC7&_nc_sid=9fb510",
            "username": "abdel_2.0_officiel"
        },
        "likes_count": 0,
        "answers": []
    },
    {
        "id": 17864902052332775,
        "created_at": 1610691673,
        "text": "Bro I need them",
        "owner": {
            "id": "4481188492",
            "is_verified": false,
            "profile_pic_url": "https://instagram.fagc2-1.fna.fbcdn.net/v/t51.2885-19/s150x150/143936971_1318661995193243_7545912854964425765_n.jpg?tp=1&_nc_ht=instagram.fagc2-1.fna.fbcdn.net&_nc_ohc=vn6px66UMrQAX_FV4pN&ccb=7-4&oh=f39c4cfcf0aea415de699a23dce0f328&oe=608658E5&_nc_sid=9fb510",
            "username": "manmeetrai_17"
        },
        "likes_count": 0,
        "answers": [
            {
                "id": 17868817334264335,
                "created_at": 1610692339,
                "text": "@manmeetrai_17 check dm",
                "owner": {
                    "id": "31345321949",
                    "is_verified": false,
                    "profile_pic_url": "https://instagram.fagc2-1.fna.fbcdn.net/v/t51.2885-19/s150x150/104655610_734890267265839_7042082510067431729_n.jpg?tp=1&_nc_ht=instagram.fagc2-1.fna.fbcdn.net&_nc_ohc=Q9yxDDyzyrwAX9Xuts8&ccb=7-4&oh=d86b1b6d639825b0f55d29acf1a38f6f&oe=608866EF&_nc_sid=9fb510",
                    "username": "airpods_case_1"
                },
                "likes_count": 0
            }
        ]
    },
    {
        "id": 17864817923286562,
        "created_at": 1610293386,
        "text": "Price plz",
        "owner": {
            "id": "39283828015",
            "is_verified": false,
            "profile_pic_url": "https://instagram.fagc2-1.fna.fbcdn.net/v/t51.2885-19/s150x150/116439760_3113769375409000_8209032018634706244_n.jpg?tp=1&_nc_ht=instagram.fagc2-1.fna.fbcdn.net&_nc_ohc=nM67XDhKQoEAX8SU8BA&ccb=7-4&oh=f22ac7bf58ae544601f2758ba0d71ff8&oe=6089B957&_nc_sid=9fb510",
            "username": "g.maknae.3"
        },
        "likes_count": 0,
        "answers": [
            {
                "id": 17896471633783178,
                "created_at": 1610293818,
                "text": "@g.maknae.3 check dm",
                "owner": {
                    "id": "31345321949",
                    "is_verified": false,
                    "profile_pic_url": "https://instagram.fagc2-1.fna.fbcdn.net/v/t51.2885-19/s150x150/104655610_734890267265839_7042082510067431729_n.jpg?tp=1&_nc_ht=instagram.fagc2-1.fna.fbcdn.net&_nc_ohc=Q9yxDDyzyrwAX9Xuts8&ccb=7-4&oh=d86b1b6d639825b0f55d29acf1a38f6f&oe=608866EF&_nc_sid=9fb510",
                    "username": "airpods_case_1"
                },
                "likes_count": 0
            }
        ]
    },
    {
        "id": 17867370986297320,
        "created_at": 1609851924,
        "text": "Pp",
        "owner": {
            "id": "2167199231",
            "is_verified": false,
            "profile_pic_url": "https://instagram.fagc2-1.fna.fbcdn.net/v/t51.2885-19/s150x150/35001695_222617865018406_6832410850372878336_n.jpg?tp=1&_nc_ht=instagram.fagc2-1.fna.fbcdn.net&_nc_ohc=jr72hqORP6gAX9r2exW&ccb=7-4&oh=9d20321018968bcfd45bb50680d2b1e1&oe=60863D06&_nc_sid=9fb510",
            "username": "ranjanimesh"
        },
        "likes_count": 0,
        "answers": []
    },
    {
        "id": 17888722816763712,
        "created_at": 1605356985,
        "text": "@shakthi_a6",
        "owner": {
            "id": "6988664736",
            "is_verified": false,
            "profile_pic_url": "https://instagram.fagc2-1.fna.fbcdn.net/v/t51.2885-19/s150x150/155970126_291321345663112_269964253015354798_n.jpg?tp=1&_nc_ht=instagram.fagc2-1.fna.fbcdn.net&_nc_ohc=QHWIKsEhiSYAX-o-wVL&ccb=7-4&oh=ae271bd3b52c39c1bcae04aa4fe059ec&oe=60875F3F&_nc_sid=9fb510",
            "username": "__s__h__a__r__a__n_"
        },
        "likes_count": 0,
        "answers": []
    },
    {
        "id": 17885533420832158,
        "created_at": 1605356979,
        "text": "@__s__h__a__r__a__n",
        "owner": {
            "id": "6988664736",
            "is_verified": false,
            "profile_pic_url": "https://instagram.fagc2-1.fna.fbcdn.net/v/t51.2885-19/s150x150/155970126_291321345663112_269964253015354798_n.jpg?tp=1&_nc_ht=instagram.fagc2-1.fna.fbcdn.net&_nc_ohc=QHWIKsEhiSYAX-o-wVL&ccb=7-4&oh=ae271bd3b52c39c1bcae04aa4fe059ec&oe=60875F3F&_nc_sid=9fb510",
            "username": "__s__h__a__r__a__n_"
        },
        "likes_count": 0,
        "answers": []
    },
    {
        "id": 17897106436642939,
        "created_at": 1605356973,
        "text": "@coimbatore_promotions",
        "owner": {
            "id": "6988664736",
            "is_verified": false,
            "profile_pic_url": "https://instagram.fagc2-1.fna.fbcdn.net/v/t51.2885-19/s150x150/155970126_291321345663112_269964253015354798_n.jpg?tp=1&_nc_ht=instagram.fagc2-1.fna.fbcdn.net&_nc_ohc=QHWIKsEhiSYAX-o-wVL&ccb=7-4&oh=ae271bd3b52c39c1bcae04aa4fe059ec&oe=60875F3F&_nc_sid=9fb510",
            "username": "__s__h__a__r__a__n_"
        },
        "likes_count": 0,
        "answers": []
    },
    {
        "id": 17872761386046163,
        "created_at": 1605356967,
        "text": "@s____netra_____",
        "owner": {
            "id": "6988664736",
            "is_verified": false,
            "profile_pic_url": "https://instagram.fagc2-1.fna.fbcdn.net/v/t51.2885-19/s150x150/155970126_291321345663112_269964253015354798_n.jpg?tp=1&_nc_ht=instagram.fagc2-1.fna.fbcdn.net&_nc_ohc=QHWIKsEhiSYAX-o-wVL&ccb=7-4&oh=ae271bd3b52c39c1bcae04aa4fe059ec&oe=60875F3F&_nc_sid=9fb510",
            "username": "__s__h__a__r__a__n_"
        },
        "likes_count": 0,
        "answers": []
    },
    {
        "id": 17883845902859105,
        "created_at": 1605356962,
        "text": "@_modified_cars_tamil_nadu",
        "owner": {
            "id": "6988664736",
            "is_verified": false,
            "profile_pic_url": "https://instagram.fagc2-1.fna.fbcdn.net/v/t51.2885-19/s150x150/155970126_291321345663112_269964253015354798_n.jpg?tp=1&_nc_ht=instagram.fagc2-1.fna.fbcdn.net&_nc_ohc=QHWIKsEhiSYAX-o-wVL&ccb=7-4&oh=ae271bd3b52c39c1bcae04aa4fe059ec&oe=60875F3F&_nc_sid=9fb510",
            "username": "__s__h__a__r__a__n_"
        },
        "likes_count": 0,
        "answers": []
    },
    {
        "id": 17936641045424823,
        "created_at": 1605356957,
        "text": "@iyer_aathuponnu",
        "owner": {
            "id": "6988664736",
            "is_verified": false,
            "profile_pic_url": "https://instagram.fagc2-1.fna.fbcdn.net/v/t51.2885-19/s150x150/155970126_291321345663112_269964253015354798_n.jpg?tp=1&_nc_ht=instagram.fagc2-1.fna.fbcdn.net&_nc_ohc=QHWIKsEhiSYAX-o-wVL&ccb=7-4&oh=ae271bd3b52c39c1bcae04aa4fe059ec&oe=60875F3F&_nc_sid=9fb510",
            "username": "__s__h__a__r__a__n_"
        },
        "likes_count": 0,
        "answers": []
    },
    {
        "id": 17894878519671898,
        "created_at": 1605356953,
        "text": "@crun.chycucumber",
        "owner": {
            "id": "6988664736",
            "is_verified": false,
            "profile_pic_url": "https://instagram.fagc2-1.fna.fbcdn.net/v/t51.2885-19/s150x150/155970126_291321345663112_269964253015354798_n.jpg?tp=1&_nc_ht=instagram.fagc2-1.fna.fbcdn.net&_nc_ohc=QHWIKsEhiSYAX-o-wVL&ccb=7-4&oh=ae271bd3b52c39c1bcae04aa4fe059ec&oe=60875F3F&_nc_sid=9fb510",
            "username": "__s__h__a__r__a__n_"
        },
        "likes_count": 0,
        "answers": []
    },
    {
        "id": 17909285641537103,
        "created_at": 1605199362,
        "text": "How much is this one x",
        "owner": {
            "id": "6234279171",
            "is_verified": false,
            "profile_pic_url": "https://instagram.fagc2-1.fna.fbcdn.net/v/t51.2885-19/s150x150/43913740_260860604617037_862302860350586880_n.jpg?tp=1&_nc_ht=instagram.fagc2-1.fna.fbcdn.net&_nc_ohc=t6DZtnYdTKMAX8G42UW&ccb=7-4&oh=c7a64d98fd7ee2e205d8ae8dedbc4310&oe=608778FF&_nc_sid=9fb510",
            "username": "aysharochford"
        },
        "likes_count": 0,
        "answers": [
            {
                "id": 17962749790346994,
                "created_at": 1605204168,
                "text": "@aysharochford check dm",
                "owner": {
                    "id": "31345321949",
                    "is_verified": false,
                    "profile_pic_url": "https://instagram.fagc2-1.fna.fbcdn.net/v/t51.2885-19/s150x150/104655610_734890267265839_7042082510067431729_n.jpg?tp=1&_nc_ht=instagram.fagc2-1.fna.fbcdn.net&_nc_ohc=Q9yxDDyzyrwAX9Xuts8&ccb=7-4&oh=d86b1b6d639825b0f55d29acf1a38f6f&oe=608866EF&_nc_sid=9fb510",
                    "username": "airpods_case_1"
                },
                "likes_count": 0
            }
        ]
    }
]