[
    {
        "id": 17892651694844693,
        "created_at": 1613040347,
        "text": "Hm?",
        "owner": {
            "id": "544972330",
            "is_verified": false,
            "profile_pic_url": "https://instagram.fagc2-1.fna.fbcdn.net/v/t51.2885-19/s150x150/137029257_176221127214846_3006601718001658229_n.jpg?tp=1&_nc_ht=instagram.fagc2-1.fna.fbcdn.net&_nc_ohc=2rJzb5TDXPQAX9lx7c2&ccb=7-4&oh=dfece0deb48b4122b38b2e1a9c5f166c&oe=6086CACD&_nc_sid=9fb510",
            "username": "salleemmm"
        },
        "likes_count": 0,
        "answers": [
            {
                "id": 17877467762153882,
                "created_at": 1613046166,
                "text": "@salleemmm yes",
                "owner": {
                    "id": "31345321949",
                    "is_verified": false,
                    "profile_pic_url": "https://instagram.fagc2-1.fna.fbcdn.net/v/t51.2885-19/s150x150/104655610_734890267265839_7042082510067431729_n.jpg?tp=1&_nc_ht=instagram.fagc2-1.fna.fbcdn.net&_nc_ohc=Q9yxDDyzyrwAX9Xuts8&ccb=7-4&oh=d86b1b6d639825b0f55d29acf1a38f6f&oe=608866EF&_nc_sid=9fb510",
                    "username": "airpods_case_1"
                },
                "likes_count": 0
            }
        ]
    },
    {
        "id": 17849161853483570,
        "created_at": 1607760199,
        "text": "Price!?!?",
        "owner": {
            "id": "32593129320",
            "is_verified": false,
            "profile_pic_url": "https://instagram.fagc2-1.fna.fbcdn.net/v/t51.2885-19/s150x150/154795620_425401565185863_2666427520254953496_n.jpg?tp=1&_nc_ht=instagram.fagc2-1.fna.fbcdn.net&_nc_ohc=6UTqUYMfEmMAX8Pt6cS&ccb=7-4&oh=d1972e76f023d301c41c388c5f036028&oe=6089F88D&_nc_sid=9fb510",
            "username": "donovan__s16_"
        },
        "likes_count": 0,
        "answers": [
            {
                "id": 18178596925039455,
                "created_at": 1607763067,
                "text": "@donovan__s16 ccheck dm",
                "owner": {
                    "id": "31345321949",
                    "is_verified": false,
                    "profile_pic_url": "https://instagram.fagc2-1.fna.fbcdn.net/v/t51.2885-19/s150x150/104655610_734890267265839_7042082510067431729_n.jpg?tp=1&_nc_ht=instagram.fagc2-1.fna.fbcdn.net&_nc_ohc=Q9yxDDyzyrwAX9Xuts8&ccb=7-4&oh=d86b1b6d639825b0f55d29acf1a38f6f&oe=608866EF&_nc_sid=9fb510",
                    "username": "airpods_case_1"
                },
                "likes_count": 0
            }
        ]
    },
    {
        "id": 17861525546125950,
        "created_at": 1600858726,
        "text": "Price?",
        "owner": {
            "id": "20294151898",
            "is_verified": false,
            "profile_pic_url": "https://instagram.fagc2-1.fna.fbcdn.net/v/t51.2885-19/s150x150/141468134_1339422699784206_6552108016696313080_n.jpg?tp=1&_nc_ht=instagram.fagc2-1.fna.fbcdn.net&_nc_ohc=7STbgXA0whUAX-AHFYR&ccb=7-4&oh=62fc5fc5a1fb927fbce8c21ec26c6fc4&oe=6086ED3C&_nc_sid=9fb510",
            "username": "malik_ammad7"
        },
        "likes_count": 0,
        "answers": []
    }
]