[
    {
        "id": 18102025600208468,
        "created_at": 1614683687,
        "text": "Pp??",
        "owner": {
            "id": "7794306209",
            "is_verified": false,
            "profile_pic_url": "https://instagram.fagc2-1.fna.fbcdn.net/v/t51.2885-19/s150x150/161020519_746428069353874_2033170950931701700_n.jpg?tp=1&_nc_ht=instagram.fagc2-1.fna.fbcdn.net&_nc_ohc=96-LBFDgWW8AX8SaKxb&ccb=7-4&oh=511679acfea043ff251c39adcd6b3f27&oe=6086C3C7&_nc_sid=9fb510",
            "username": "sanyaa_nagpal"
        },
        "likes_count": 0,
        "answers": [
            {
                "id": 17885513525061220,
                "created_at": 1614683796,
                "text": "@sanyaa_nagpal this is out of stock",
                "owner": {
                    "id": "31345321949",
                    "is_verified": false,
                    "profile_pic_url": "https://instagram.fagc2-1.fna.fbcdn.net/v/t51.2885-19/s150x150/104655610_734890267265839_7042082510067431729_n.jpg?tp=1&_nc_ht=instagram.fagc2-1.fna.fbcdn.net&_nc_ohc=Q9yxDDyzyrwAX9Xuts8&ccb=7-4&oh=d86b1b6d639825b0f55d29acf1a38f6f&oe=608866EF&_nc_sid=9fb510",
                    "username": "airpods_case_1"
                },
                "likes_count": 0
            }
        ]
    },
    {
        "id": 17868696683250641,
        "created_at": 1612719029,
        "text": "Do you have this for s10 plus",
        "owner": {
            "id": "6854909223",
            "is_verified": false,
            "profile_pic_url": "https://instagram.fagc2-1.fna.fbcdn.net/v/t51.2885-19/s150x150/162302412_477654820252769_2352545680930879670_n.jpg?tp=1&_nc_ht=instagram.fagc2-1.fna.fbcdn.net&_nc_ohc=nagV1DeBu1IAX-vgi2R&ccb=7-4&oh=c92a0739044de86c4911d9cb8d73ac52&oe=6087D5A4&_nc_sid=9fb510",
            "username": "soam_saab_avnish"
        },
        "likes_count": 0,
        "answers": [
            {
                "id": 17902107436714285,
                "created_at": 1612719106,
                "text": "@soam_saab_avnish ni",
                "owner": {
                    "id": "31345321949",
                    "is_verified": false,
                    "profile_pic_url": "https://instagram.fagc2-1.fna.fbcdn.net/v/t51.2885-19/s150x150/104655610_734890267265839_7042082510067431729_n.jpg?tp=1&_nc_ht=instagram.fagc2-1.fna.fbcdn.net&_nc_ohc=Q9yxDDyzyrwAX9Xuts8&ccb=7-4&oh=d86b1b6d639825b0f55d29acf1a38f6f&oe=608866EF&_nc_sid=9fb510",
                    "username": "airpods_case_1"
                },
                "likes_count": 0
            }
        ]
    },
    {
        "id": 18157831420110282,
        "created_at": 1612282203,
        "text": "Pp",
        "owner": {
            "id": "5687823657",
            "is_verified": false,
            "profile_pic_url": "https://instagram.fagc2-1.fna.fbcdn.net/v/t51.2885-19/s150x150/117913832_296062184956259_4992563479615573130_n.jpg?tp=1&_nc_ht=instagram.fagc2-1.fna.fbcdn.net&_nc_ohc=8ZtAkT1wE3QAX-cadK4&tn=UCnuPXWDa2Qj128B&ccb=7-4&oh=dad791212f96c194321c31eb99b311a2&oe=60887504&_nc_sid=9fb510",
            "username": "milirathod2"
        },
        "likes_count": 0,
        "answers": []
    },
    {
        "id": 17871002240179903,
        "created_at": 1611153568,
        "text": "Pp",
        "owner": {
            "id": "1497061377",
            "is_verified": false,
            "profile_pic_url": "https://instagram.fagc2-1.fna.fbcdn.net/v/t51.2885-19/s150x150/15253176_659587767534862_129823388045672448_a.jpg?tp=1&_nc_ht=instagram.fagc2-1.fna.fbcdn.net&_nc_ohc=K7ifF0aiyXwAX8WZdZu&ccb=7-4&oh=f1bd46de82f328c4ec0a2ded86645b1f&oe=60870F6B&_nc_sid=9fb510",
            "username": "gazelle_glitters"
        },
        "likes_count": 0,
        "answers": []
    },
    {
        "id": 17887533505937182,
        "created_at": 1610481883,
        "text": "Price?",
        "owner": {
            "id": "43454473345",
            "is_verified": false,
            "profile_pic_url": "https://instagram.fagc2-1.fna.fbcdn.net/v/t51.2885-19/s150x150/164743993_2745141555738906_7778797597626718908_n.jpg?tp=1&_nc_ht=instagram.fagc2-1.fna.fbcdn.net&_nc_ohc=SrJfMznjPD0AX81LuQp&ccb=7-4&oh=de6152dedcad09e69486ddf00a79702b&oe=608768D4&_nc_sid=9fb510",
            "username": "happy_mayam90"
        },
        "likes_count": 0,
        "answers": []
    }
]