[
    {
        "id": 17886699938040306,
        "created_at": 1615094558,
        "text": "What\u2019s the price??",
        "owner": {
            "id": "1540240177",
            "is_verified": false,
            "profile_pic_url": "https://instagram.fagc2-1.fna.fbcdn.net/v/t51.2885-19/s150x150/139764493_440302103995024_5489998198908760592_n.jpg?tp=1&_nc_ht=instagram.fagc2-1.fna.fbcdn.net&_nc_ohc=BhaRjYsrxgQAX_4uNoc&ccb=7-4&oh=445dfb5a3744bfbf726742d787756862&oe=60893705&_nc_sid=9fb510",
            "username": "sohi_japleen"
        },
        "likes_count": 0,
        "answers": [
            {
                "id": 18200296789029903,
                "created_at": 1615164323,
                "text": "@sohi_japleen check dm",
                "owner": {
                    "id": "31345321949",
                    "is_verified": false,
                    "profile_pic_url": "https://instagram.fagc2-1.fna.fbcdn.net/v/t51.2885-19/s150x150/104655610_734890267265839_7042082510067431729_n.jpg?tp=1&_nc_ht=instagram.fagc2-1.fna.fbcdn.net&_nc_ohc=Q9yxDDyzyrwAX9Xuts8&ccb=7-4&oh=d86b1b6d639825b0f55d29acf1a38f6f&oe=608866EF&_nc_sid=9fb510",
                    "username": "airpods_case_1"
                },
                "likes_count": 0
            }
        ]
    },
    {
        "id": 17863636151476431,
        "created_at": 1614656569,
        "text": "Price",
        "owner": {
            "id": "32683202923",
            "is_verified": false,
            "profile_pic_url": "https://instagram.fagc2-1.fna.fbcdn.net/v/t51.2885-19/s150x150/161267706_1378303292532605_4374062774646814956_n.jpg?tp=1&_nc_ht=instagram.fagc2-1.fna.fbcdn.net&_nc_ohc=fXBqXntwpW8AX9uz_iF&ccb=7-4&oh=397063bc85e97cb66fd2cb1821645fa3&oe=60863D45&_nc_sid=9fb510",
            "username": "ours_lovly"
        },
        "likes_count": 0,
        "answers": [
            {
                "id": 18100765945215229,
                "created_at": 1614659572,
                "text": "@ours_lovly check dm",
                "owner": {
                    "id": "31345321949",
                    "is_verified": false,
                    "profile_pic_url": "https://instagram.fagc2-1.fna.fbcdn.net/v/t51.2885-19/s150x150/104655610_734890267265839_7042082510067431729_n.jpg?tp=1&_nc_ht=instagram.fagc2-1.fna.fbcdn.net&_nc_ohc=Q9yxDDyzyrwAX9Xuts8&ccb=7-4&oh=d86b1b6d639825b0f55d29acf1a38f6f&oe=608866EF&_nc_sid=9fb510",
                    "username": "airpods_case_1"
                },
                "likes_count": 0
            }
        ]
    },
    {
        "id": 17880182269991562,
        "created_at": 1608562233,
        "text": "Price???",
        "owner": {
            "id": "8494615235",
            "is_verified": false,
            "profile_pic_url": "https://instagram.fagc2-1.fna.fbcdn.net/v/t51.2885-19/s150x150/164296437_829386601330080_2705307779942857563_n.jpg?tp=1&_nc_ht=instagram.fagc2-1.fna.fbcdn.net&_nc_ohc=houniJxmVJ4AX9udGGZ&ccb=7-4&oh=ed062b8c1d466d56e74f4d14279144a6&oe=6086C0F4&_nc_sid=9fb510",
            "username": "mm.meh_ak27"
        },
        "likes_count": 0,
        "answers": []
    },
    {
        "id": 17854033142348213,
        "created_at": 1608308086,
        "text": "How much",
        "owner": {
            "id": "4227219398",
            "is_verified": false,
            "profile_pic_url": "https://instagram.fagc2-1.fna.fbcdn.net/v/t51.2885-19/s150x150/137280097_877318953096903_971823977037813074_n.jpg?tp=1&_nc_ht=instagram.fagc2-1.fna.fbcdn.net&_nc_ohc=TNIuRqIZSCUAX-2B6hN&ccb=7-4&oh=0ac4764822e3cc636ebb22d142e10318&oe=60888B1C&_nc_sid=9fb510",
            "username": "chuchixrestha"
        },
        "likes_count": 0,
        "answers": [
            {
                "id": 17862748070247100,
                "created_at": 1608309098,
                "text": "@chuchixrestha check dm",
                "owner": {
                    "id": "31345321949",
                    "is_verified": false,
                    "profile_pic_url": "https://instagram.fagc2-1.fna.fbcdn.net/v/t51.2885-19/s150x150/104655610_734890267265839_7042082510067431729_n.jpg?tp=1&_nc_ht=instagram.fagc2-1.fna.fbcdn.net&_nc_ohc=Q9yxDDyzyrwAX9Xuts8&ccb=7-4&oh=d86b1b6d639825b0f55d29acf1a38f6f&oe=608866EF&_nc_sid=9fb510",
                    "username": "airpods_case_1"
                },
                "likes_count": 0
            }
        ]
    },
    {
        "id": 17847000524362083,
        "created_at": 1602642336,
        "text": "Pp",
        "owner": {
            "id": "4754358324",
            "is_verified": false,
            "profile_pic_url": "https://instagram.fagc2-1.fna.fbcdn.net/v/t51.2885-19/s150x150/78828939_595084491258700_9134264530753290240_n.jpg?tp=1&_nc_ht=instagram.fagc2-1.fna.fbcdn.net&_nc_ohc=aNkgnWbSB98AX_GleuT&ccb=7-4&oh=3abd73ce700b312ed7e83e9af6ea10d5&oe=60870015&_nc_sid=9fb510",
            "username": "amihvi"
        },
        "likes_count": 0,
        "answers": []
    },
    {
        "id": 18157261498046504,
        "created_at": 1597936749,
        "text": "Pp",
        "owner": {
            "id": "10683740296",
            "is_verified": false,
            "profile_pic_url": "https://instagram.fagc2-1.fna.fbcdn.net/v/t51.2885-19/s150x150/140934493_1651669361671234_1368646879349016291_n.jpg?tp=1&_nc_ht=instagram.fagc2-1.fna.fbcdn.net&_nc_ohc=AQpfKAoqGewAX84w4Ue&ccb=7-4&oh=d01a84b3b49adc3a9bec629f8b794304&oe=6088204B&_nc_sid=9fb510",
            "username": "khadarnida"
        },
        "likes_count": 0,
        "answers": [
            {
                "id": 17931839842407932,
                "created_at": 1597937120,
                "text": "@khadarnida 450",
                "owner": {
                    "id": "31345321949",
                    "is_verified": false,
                    "profile_pic_url": "https://instagram.fagc2-1.fna.fbcdn.net/v/t51.2885-19/s150x150/104655610_734890267265839_7042082510067431729_n.jpg?tp=1&_nc_ht=instagram.fagc2-1.fna.fbcdn.net&_nc_ohc=Q9yxDDyzyrwAX9Xuts8&ccb=7-4&oh=d86b1b6d639825b0f55d29acf1a38f6f&oe=608866EF&_nc_sid=9fb510",
                    "username": "airpods_case_1"
                },
                "likes_count": 0
            }
        ]
    }
]