[
    {
        "id": 17877284110948037,
        "created_at": 1604562389,
        "text": "Pp?",
        "owner": {
            "id": "1392436353",
            "is_verified": false,
            "profile_pic_url": "https://instagram.fagc2-1.fna.fbcdn.net/v/t51.2885-19/s150x150/144282838_1817162335119175_1059669890616768048_n.jpg?tp=1&_nc_ht=instagram.fagc2-1.fna.fbcdn.net&_nc_ohc=PO-6gscvEeQAX_MJAmM&ccb=7-4&oh=67953d8951ac52a074b14a119144e3ab&oe=608823C1&_nc_sid=9fb510",
            "username": "bishnu.tokas07"
        },
        "likes_count": 0,
        "answers": []
    },
    {
        "id": 17912989726487626,
        "created_at": 1603168915,
        "text": "Price plz",
        "owner": {
            "id": "3284588646",
            "is_verified": false,
            "profile_pic_url": "https://instagram.fagc2-1.fna.fbcdn.net/v/t51.2885-19/s150x150/129764982_502852654021375_4836147374201227127_n.jpg?tp=1&_nc_ht=instagram.fagc2-1.fna.fbcdn.net&_nc_ohc=yw4jNTWPpDAAX9SGmwd&ccb=7-4&oh=f123f670dd82d4d20660e8f3e0b0996e&oe=60882399&_nc_sid=9fb510",
            "username": "amitarora0811"
        },
        "likes_count": 0,
        "answers": []
    },
    {
        "id": 17858953916106505,
        "created_at": 1599080990,
        "text": "Price?",
        "owner": {
            "id": "1548014158",
            "is_verified": false,
            "profile_pic_url": "https://instagram.fagc2-1.fna.fbcdn.net/v/t51.2885-19/s150x150/26066570_495646717496443_6334375303246249984_n.jpg?tp=1&_nc_ht=instagram.fagc2-1.fna.fbcdn.net&_nc_ohc=QGOgWRbo5u8AX-e3Ft5&ccb=7-4&oh=eaac6f93ee53bdcd61d40dc2901a1b62&oe=608880B3&_nc_sid=9fb510",
            "username": "gulmuhammad13"
        },
        "likes_count": 0,
        "answers": []
    }
]