[
    {
        "id": 17872683884076261,
        "created_at": 1606458191,
        "text": "Price",
        "owner": {
            "id": "3795017685",
            "is_verified": false,
            "profile_pic_url": "https://instagram.fagc2-1.fna.fbcdn.net/v/t51.2885-19/s150x150/153198120_334790364569994_6605300537985205361_n.jpg?tp=1&_nc_ht=instagram.fagc2-1.fna.fbcdn.net&_nc_ohc=lEVKdaUEWMQAX82VovY&ccb=7-4&oh=b7b08ae22aee2ff033f6f1ab11c7bdbf&oe=60878ED1&_nc_sid=9fb510",
            "username": "mr_sachin_yadav"
        },
        "likes_count": 0,
        "answers": [
            {
                "id": 17904243472576905,
                "created_at": 1606458897,
                "text": "@mr_sachin_yadav  check dm",
                "owner": {
                    "id": "31345321949",
                    "is_verified": false,
                    "profile_pic_url": "https://instagram.fagc2-1.fna.fbcdn.net/v/t51.2885-19/s150x150/104655610_734890267265839_7042082510067431729_n.jpg?tp=1&_nc_ht=instagram.fagc2-1.fna.fbcdn.net&_nc_ohc=Q9yxDDyzyrwAX9Xuts8&ccb=7-4&oh=d86b1b6d639825b0f55d29acf1a38f6f&oe=608866EF&_nc_sid=9fb510",
                    "username": "airpods_case_1"
                },
                "likes_count": 0
            }
        ]
    }
]