[
    {
        "id": 17909407999694753,
        "created_at": 1616782254,
        "text": "Price",
        "owner": {
            "id": "37171014",
            "is_verified": false,
            "profile_pic_url": "https://instagram.fagc2-1.fna.fbcdn.net/v/t51.2885-19/s150x150/27879746_361627080970496_5595045255025000448_n.jpg?tp=1&_nc_ht=instagram.fagc2-1.fna.fbcdn.net&_nc_ohc=om0bBLfsRc8AX-HYjk5&ccb=7-4&oh=20163c8ddba2819ed0c3873cb621169d&oe=6087570C&_nc_sid=9fb510",
            "username": "akzerian"
        },
        "likes_count": 0,
        "answers": [
            {
                "id": 17904945394771994,
                "created_at": 1616784558,
                "text": "@akzerian check dm",
                "owner": {
                    "id": "31345321949",
                    "is_verified": false,
                    "profile_pic_url": "https://instagram.fagc2-1.fna.fbcdn.net/v/t51.2885-19/s150x150/104655610_734890267265839_7042082510067431729_n.jpg?tp=1&_nc_ht=instagram.fagc2-1.fna.fbcdn.net&_nc_ohc=Q9yxDDyzyrwAX9Xuts8&ccb=7-4&oh=d86b1b6d639825b0f55d29acf1a38f6f&oe=608866EF&_nc_sid=9fb510",
                    "username": "airpods_case_1"
                },
                "likes_count": 0
            }
        ]
    },
    {
        "id": 17910109102703506,
        "created_at": 1616576616,
        "text": "Pp",
        "owner": {
            "id": "16411978659",
            "is_verified": false,
            "profile_pic_url": "https://instagram.fagc2-1.fna.fbcdn.net/v/t51.2885-19/s150x150/90982838_1211860172317881_8853399439398666240_n.jpg?tp=1&_nc_ht=instagram.fagc2-1.fna.fbcdn.net&_nc_ohc=ooXrMP6gIikAX9ZNN1o&ccb=7-4&oh=7c5f802ca69bcea2fa93b85a62ab817d&oe=6087390F&_nc_sid=9fb510",
            "username": "basant.surya"
        },
        "likes_count": 0,
        "answers": []
    },
    {
        "id": 17888003995963804,
        "created_at": 1614590047,
        "text": "Price for cases ?",
        "owner": {
            "id": "11648391677",
            "is_verified": false,
            "profile_pic_url": "https://instagram.fagc2-1.fna.fbcdn.net/v/t51.2885-19/s150x150/157086588_485792615747876_7149099754395786197_n.jpg?tp=1&_nc_ht=instagram.fagc2-1.fna.fbcdn.net&_nc_ohc=rFyvAl9bufgAX-hl60h&ccb=7-4&oh=e8aeb67df94e58bb7adcee4bad7892b7&oe=60872D5A&_nc_sid=9fb510",
            "username": "aish_aa_"
        },
        "likes_count": 0,
        "answers": [
            {
                "id": 17918588116565409,
                "created_at": 1614594884,
                "text": "@aish_aa_ check dm",
                "owner": {
                    "id": "31345321949",
                    "is_verified": false,
                    "profile_pic_url": "https://instagram.fagc2-1.fna.fbcdn.net/v/t51.2885-19/s150x150/104655610_734890267265839_7042082510067431729_n.jpg?tp=1&_nc_ht=instagram.fagc2-1.fna.fbcdn.net&_nc_ohc=Q9yxDDyzyrwAX9Xuts8&ccb=7-4&oh=d86b1b6d639825b0f55d29acf1a38f6f&oe=608866EF&_nc_sid=9fb510",
                    "username": "airpods_case_1"
                },
                "likes_count": 0
            }
        ]
    },
    {
        "id": 18196857121021518,
        "created_at": 1614583378,
        "text": "Hm?",
        "owner": {
            "id": "326247151",
            "is_verified": false,
            "profile_pic_url": "https://instagram.fagc2-1.fna.fbcdn.net/v/t51.2885-19/s150x150/130937873_839873946777385_4495574542148658242_n.jpg?tp=1&_nc_ht=instagram.fagc2-1.fna.fbcdn.net&_nc_ohc=3XlwcpbUedkAX_IFPuY&ccb=7-4&oh=83df8174f4caa77f6ccc86f02ea1008c&oe=608866D2&_nc_sid=9fb510",
            "username": "peter_labib"
        },
        "likes_count": 0,
        "answers": []
    },
    {
        "id": 17896203436850376,
        "created_at": 1613517408,
        "text": "Price?",
        "owner": {
            "id": "3580248383",
            "is_verified": false,
            "profile_pic_url": "https://instagram.fagc2-1.fna.fbcdn.net/v/t51.2885-19/s150x150/152435823_351798655971091_651645841669496350_n.jpg?tp=1&_nc_ht=instagram.fagc2-1.fna.fbcdn.net&_nc_ohc=3vf9_a5AuwEAX_IDKPK&ccb=7-4&oh=40dce5ad6a8f63517d62652fbeb1dc63&oe=6088AA0E&_nc_sid=9fb510",
            "username": "_aleenaayy"
        },
        "likes_count": 0,
        "answers": [
            {
                "id": 17871704750314964,
                "created_at": 1613535232,
                "text": "@_aleenaayy check dm",
                "owner": {
                    "id": "31345321949",
                    "is_verified": false,
                    "profile_pic_url": "https://instagram.fagc2-1.fna.fbcdn.net/v/t51.2885-19/s150x150/104655610_734890267265839_7042082510067431729_n.jpg?tp=1&_nc_ht=instagram.fagc2-1.fna.fbcdn.net&_nc_ohc=Q9yxDDyzyrwAX9Xuts8&ccb=7-4&oh=d86b1b6d639825b0f55d29acf1a38f6f&oe=608866EF&_nc_sid=9fb510",
                    "username": "airpods_case_1"
                },
                "likes_count": 0
            }
        ]
    },
    {
        "id": 17911155025618841,
        "created_at": 1613401793,
        "text": "Price please",
        "owner": {
            "id": "38350696101",
            "is_verified": false,
            "profile_pic_url": "https://instagram.fagc2-1.fna.fbcdn.net/v/t51.2885-19/s150x150/107535470_561553994538912_8542188092094058103_n.jpg?tp=1&_nc_ht=instagram.fagc2-1.fna.fbcdn.net&_nc_ohc=0sXQmyDHYG4AX9mgSEX&ccb=7-4&oh=7f1727a4568e9d837b4ede00ad223403&oe=60868048&_nc_sid=9fb510",
            "username": "joya.gh"
        },
        "likes_count": 0,
        "answers": [
            {
                "id": 17902352758740714,
                "created_at": 1613419167,
                "text": "@joya.gh check dm",
                "owner": {
                    "id": "31345321949",
                    "is_verified": false,
                    "profile_pic_url": "https://instagram.fagc2-1.fna.fbcdn.net/v/t51.2885-19/s150x150/104655610_734890267265839_7042082510067431729_n.jpg?tp=1&_nc_ht=instagram.fagc2-1.fna.fbcdn.net&_nc_ohc=Q9yxDDyzyrwAX9Xuts8&ccb=7-4&oh=d86b1b6d639825b0f55d29acf1a38f6f&oe=608866EF&_nc_sid=9fb510",
                    "username": "airpods_case_1"
                },
                "likes_count": 0
            }
        ]
    },
    {
        "id": 17890854784879872,
        "created_at": 1612974274,
        "text": "Price ??",
        "owner": {
            "id": "13048340529",
            "is_verified": false,
            "profile_pic_url": "https://instagram.fagc2-1.fna.fbcdn.net/v/t51.2885-19/s150x150/162236697_971808923358799_2012188234576907844_n.jpg?tp=1&_nc_ht=instagram.fagc2-1.fna.fbcdn.net&_nc_ohc=kAXHtwfybW8AX855oYh&ccb=7-4&oh=f5de516153da13dc52ed3cb7aa087376&oe=6089FBD4&_nc_sid=9fb510",
            "username": "__.hardik__.shukla"
        },
        "likes_count": 0,
        "answers": [
            {
                "id": 17878688114124462,
                "created_at": 1612975337,
                "text": "@__.hardik__.shukla check dm",
                "owner": {
                    "id": "31345321949",
                    "is_verified": false,
                    "profile_pic_url": "https://instagram.fagc2-1.fna.fbcdn.net/v/t51.2885-19/s150x150/104655610_734890267265839_7042082510067431729_n.jpg?tp=1&_nc_ht=instagram.fagc2-1.fna.fbcdn.net&_nc_ohc=Q9yxDDyzyrwAX9Xuts8&ccb=7-4&oh=d86b1b6d639825b0f55d29acf1a38f6f&oe=608866EF&_nc_sid=9fb510",
                    "username": "airpods_case_1"
                },
                "likes_count": 0
            }
        ]
    },
    {
        "id": 18155321017119758,
        "created_at": 1612635998,
        "text": "Price pleas",
        "owner": {
            "id": "532617640",
            "is_verified": false,
            "profile_pic_url": "https://instagram.fagc2-1.fna.fbcdn.net/v/t51.2885-19/s150x150/76799760_777881432682892_8093880334761852928_n.jpg?tp=1&_nc_ht=instagram.fagc2-1.fna.fbcdn.net&_nc_ohc=WMXPyUYMK2MAX9ZEFHt&ccb=7-4&oh=c2d53e0ff53c9cca63072c1c1be6149f&oe=6086FA37&_nc_sid=9fb510",
            "username": "suhani07"
        },
        "likes_count": 0,
        "answers": [
            {
                "id": 17924884450512417,
                "created_at": 1612637299,
                "text": "@suhani07 check dm",
                "owner": {
                    "id": "31345321949",
                    "is_verified": false,
                    "profile_pic_url": "https://instagram.fagc2-1.fna.fbcdn.net/v/t51.2885-19/s150x150/104655610_734890267265839_7042082510067431729_n.jpg?tp=1&_nc_ht=instagram.fagc2-1.fna.fbcdn.net&_nc_ohc=Q9yxDDyzyrwAX9Xuts8&ccb=7-4&oh=d86b1b6d639825b0f55d29acf1a38f6f&oe=608866EF&_nc_sid=9fb510",
                    "username": "airpods_case_1"
                },
                "likes_count": 0
            }
        ]
    },
    {
        "id": 17882296409074907,
        "created_at": 1612160864,
        "text": "Price",
        "owner": {
            "id": "2093385268",
            "is_verified": false,
            "profile_pic_url": "https://instagram.fagc2-1.fna.fbcdn.net/v/t51.2885-19/s150x150/164119530_1651833828360648_6203383692261903722_n.jpg?tp=1&_nc_ht=instagram.fagc2-1.fna.fbcdn.net&_nc_ohc=ONX81ggoUloAX_13fxX&ccb=7-4&oh=1c7c2a8a788895cb0c85373bad94a173&oe=6087CC41&_nc_sid=9fb510",
            "username": "iam_mo7"
        },
        "likes_count": 0,
        "answers": [
            {
                "id": 17891657263858342,
                "created_at": 1612162828,
                "text": "@iam_mo7 check dm",
                "owner": {
                    "id": "31345321949",
                    "is_verified": false,
                    "profile_pic_url": "https://instagram.fagc2-1.fna.fbcdn.net/v/t51.2885-19/s150x150/104655610_734890267265839_7042082510067431729_n.jpg?tp=1&_nc_ht=instagram.fagc2-1.fna.fbcdn.net&_nc_ohc=Q9yxDDyzyrwAX9Xuts8&ccb=7-4&oh=d86b1b6d639825b0f55d29acf1a38f6f&oe=608866EF&_nc_sid=9fb510",
                    "username": "airpods_case_1"
                },
                "likes_count": 0
            }
        ]
    },
    {
        "id": 17872454081238827,
        "created_at": 1612086541,
        "text": "Price",
        "owner": {
            "id": "1592904746",
            "is_verified": false,
            "profile_pic_url": "https://instagram.fagc2-1.fna.fbcdn.net/v/t51.2885-19/s150x150/153458663_4051458358244869_1231227320606001284_n.jpg?tp=1&_nc_ht=instagram.fagc2-1.fna.fbcdn.net&_nc_ohc=aj5_oYK7H_AAX9tzgla&ccb=7-4&oh=f45dba809d0963720b1bab249f957adf&oe=6088F1BB&_nc_sid=9fb510",
            "username": "keshyy19"
        },
        "likes_count": 0,
        "answers": [
            {
                "id": 18135195706150989,
                "created_at": 1612086797,
                "text": "@keshyy19 check dm",
                "owner": {
                    "id": "31345321949",
                    "is_verified": false,
                    "profile_pic_url": "https://instagram.fagc2-1.fna.fbcdn.net/v/t51.2885-19/s150x150/104655610_734890267265839_7042082510067431729_n.jpg?tp=1&_nc_ht=instagram.fagc2-1.fna.fbcdn.net&_nc_ohc=Q9yxDDyzyrwAX9Xuts8&ccb=7-4&oh=d86b1b6d639825b0f55d29acf1a38f6f&oe=608866EF&_nc_sid=9fb510",
                    "username": "airpods_case_1"
                },
                "likes_count": 0
            }
        ]
    },
    {
        "id": 18157108516099008,
        "created_at": 1610903443,
        "text": "Price?",
        "owner": {
            "id": "44790610771",
            "is_verified": false,
            "profile_pic_url": "https://instagram.fhkg2-1.fna.fbcdn.net/v/t51.2885-19/44884218_345707102882519_2446069589734326272_n.jpg?_nc_ht=instagram.fhkg2-1.fna.fbcdn.net&_nc_ohc=hLTkwc3uTqUAX9l-gB0&ccb=7-4&oh=d88d60ce2111210102250cfe66ca43fb&oe=6087738F&_nc_sid=8d8a57&ig_cache_key=YW5vbnltb3VzX3Byb2ZpbGVfcGlj.2-ccb7-4",
            "username": "iliuziazim"
        },
        "likes_count": 0,
        "answers": []
    },
    {
        "id": 17896849234738417,
        "created_at": 1610901208,
        "text": "Neciyedir?",
        "owner": {
            "id": "44790610771",
            "is_verified": false,
            "profile_pic_url": "https://instagram.fhkg2-1.fna.fbcdn.net/v/t51.2885-19/44884218_345707102882519_2446069589734326272_n.jpg?_nc_ht=instagram.fhkg2-1.fna.fbcdn.net&_nc_ohc=hLTkwc3uTqUAX9l-gB0&ccb=7-4&oh=d88d60ce2111210102250cfe66ca43fb&oe=6087738F&_nc_sid=8d8a57&ig_cache_key=YW5vbnltb3VzX3Byb2ZpbGVfcGlj.2-ccb7-4",
            "username": "iliuziazim"
        },
        "likes_count": 0,
        "answers": [
            {
                "id": 17901752413700373,
                "created_at": 1610901416,
                "text": "@_aliyeffa.aa yes",
                "owner": {
                    "id": "31345321949",
                    "is_verified": false,
                    "profile_pic_url": "https://instagram.fagc2-1.fna.fbcdn.net/v/t51.2885-19/s150x150/104655610_734890267265839_7042082510067431729_n.jpg?tp=1&_nc_ht=instagram.fagc2-1.fna.fbcdn.net&_nc_ohc=Q9yxDDyzyrwAX9Xuts8&ccb=7-4&oh=d86b1b6d639825b0f55d29acf1a38f6f&oe=608866EF&_nc_sid=9fb510",
                    "username": "airpods_case_1"
                },
                "likes_count": 0
            }
        ]
    },
    {
        "id": 17972922382351324,
        "created_at": 1610116393,
        "text": "price",
        "owner": {
            "id": "6304765587",
            "is_verified": false,
            "profile_pic_url": "https://instagram.fagc2-1.fna.fbcdn.net/v/t51.2885-19/s150x150/161917047_735606850487814_790425869755297987_n.jpg?tp=1&_nc_ht=instagram.fagc2-1.fna.fbcdn.net&_nc_ohc=WYmfJDZJBhwAX_l5PzC&ccb=7-4&oh=54fa077839b6dd7973e69dc0e18d7447&oe=6086E00F&_nc_sid=9fb510",
            "username": "mahipalsinh_0017"
        },
        "likes_count": 0,
        "answers": [
            {
                "id": 17901704242667142,
                "created_at": 1610117359,
                "text": "@mahipalsinh_0017 check dm",
                "owner": {
                    "id": "31345321949",
                    "is_verified": false,
                    "profile_pic_url": "https://instagram.fagc2-1.fna.fbcdn.net/v/t51.2885-19/s150x150/104655610_734890267265839_7042082510067431729_n.jpg?tp=1&_nc_ht=instagram.fagc2-1.fna.fbcdn.net&_nc_ohc=Q9yxDDyzyrwAX9Xuts8&ccb=7-4&oh=d86b1b6d639825b0f55d29acf1a38f6f&oe=608866EF&_nc_sid=9fb510",
                    "username": "airpods_case_1"
                },
                "likes_count": 0
            }
        ]
    },
    {
        "id": 17898676468692477,
        "created_at": 1609137050,
        "text": "Price?",
        "owner": {
            "id": "1016549351",
            "is_verified": false,
            "profile_pic_url": "https://instagram.fagc2-1.fna.fbcdn.net/v/t51.2885-19/s150x150/120373255_799496947470613_6529430471630492842_n.jpg?tp=1&_nc_ht=instagram.fagc2-1.fna.fbcdn.net&_nc_ohc=JsgMEf820q4AX-ul76m&ccb=7-4&oh=a636a88c9bea928f714f2c530447d4c4&oe=608820A2&_nc_sid=9fb510",
            "username": "mahejabeen_"
        },
        "likes_count": 0,
        "answers": [
            {
                "id": 17884641667939863,
                "created_at": 1609138875,
                "text": "@mahejabeen_ check dm",
                "owner": {
                    "id": "31345321949",
                    "is_verified": false,
                    "profile_pic_url": "https://instagram.fagc2-1.fna.fbcdn.net/v/t51.2885-19/s150x150/104655610_734890267265839_7042082510067431729_n.jpg?tp=1&_nc_ht=instagram.fagc2-1.fna.fbcdn.net&_nc_ohc=Q9yxDDyzyrwAX9Xuts8&ccb=7-4&oh=d86b1b6d639825b0f55d29acf1a38f6f&oe=608866EF&_nc_sid=9fb510",
                    "username": "airpods_case_1"
                },
                "likes_count": 0
            }
        ]
    },
    {
        "id": 18181897357045729,
        "created_at": 1608992730,
        "text": "Pp for AirPod pro",
        "owner": {
            "id": "3651047972",
            "is_verified": false,
            "profile_pic_url": "https://instagram.fagc2-1.fna.fbcdn.net/v/t51.2885-19/s150x150/127007461_175250477584130_4538425928503522691_n.jpg?tp=1&_nc_ht=instagram.fagc2-1.fna.fbcdn.net&_nc_ohc=hVD9tlg3BTgAX_OsELl&ccb=7-4&oh=d5f389a03d14a86fca2be86326a98ff3&oe=6088D7CF&_nc_sid=9fb510",
            "username": "muqaddas_habib"
        },
        "likes_count": 0,
        "answers": []
    },
    {
        "id": 17856479792339451,
        "created_at": 1608827698,
        "text": "Pp",
        "owner": {
            "id": "1510770968",
            "is_verified": false,
            "profile_pic_url": "https://instagram.fagc2-1.fna.fbcdn.net/v/t51.2885-19/s150x150/158545972_491019751892518_7617245564347245672_n.jpg?tp=1&_nc_ht=instagram.fagc2-1.fna.fbcdn.net&_nc_ohc=IWOHgamy2FoAX-4GbFa&ccb=7-4&oh=f0c988ff5e5ee458ac3b8394f09d8c4b&oe=60885B59&_nc_sid=9fb510",
            "username": "kapoorkanishaka"
        },
        "likes_count": 0,
        "answers": [
            {
                "id": 17880598243958473,
                "created_at": 1608827737,
                "text": "@kapoorkanishaka check dm",
                "owner": {
                    "id": "31345321949",
                    "is_verified": false,
                    "profile_pic_url": "https://instagram.fagc2-1.fna.fbcdn.net/v/t51.2885-19/s150x150/104655610_734890267265839_7042082510067431729_n.jpg?tp=1&_nc_ht=instagram.fagc2-1.fna.fbcdn.net&_nc_ohc=Q9yxDDyzyrwAX9Xuts8&ccb=7-4&oh=d86b1b6d639825b0f55d29acf1a38f6f&oe=608866EF&_nc_sid=9fb510",
                    "username": "airpods_case_1"
                },
                "likes_count": 0
            }
        ]
    },
    {
        "id": 17881517713922674,
        "created_at": 1606910810,
        "text": "I need this, can\u2019t send a dm",
        "owner": {
            "id": "7548627168",
            "is_verified": false,
            "profile_pic_url": "https://instagram.fagc2-1.fna.fbcdn.net/v/t51.2885-19/s150x150/162992102_353315955950603_557357869897707675_n.jpg?tp=1&_nc_ht=instagram.fagc2-1.fna.fbcdn.net&_nc_ohc=gFu1bG-zVAQAX_2x-M_&ccb=7-4&oh=5fbaf089ac9bff253886fcea767e5301&oe=6087D71C&_nc_sid=9fb510",
            "username": "___teggy"
        },
        "likes_count": 0,
        "answers": [
            {
                "id": 17850141710432674,
                "created_at": 1606910891,
                "text": "@teggy__oj check dm",
                "owner": {
                    "id": "31345321949",
                    "is_verified": false,
                    "profile_pic_url": "https://instagram.fagc2-1.fna.fbcdn.net/v/t51.2885-19/s150x150/104655610_734890267265839_7042082510067431729_n.jpg?tp=1&_nc_ht=instagram.fagc2-1.fna.fbcdn.net&_nc_ohc=Q9yxDDyzyrwAX9Xuts8&ccb=7-4&oh=d86b1b6d639825b0f55d29acf1a38f6f&oe=608866EF&_nc_sid=9fb510",
                    "username": "airpods_case_1"
                },
                "likes_count": 0
            }
        ]
    },
    {
        "id": 18134539645120353,
        "created_at": 1605812515,
        "text": "Price",
        "owner": {
            "id": "6812374313",
            "is_verified": false,
            "profile_pic_url": "https://instagram.fagc2-1.fna.fbcdn.net/v/t51.2885-19/s150x150/120498913_750565475790458_1320299939680972125_n.jpg?tp=1&_nc_ht=instagram.fagc2-1.fna.fbcdn.net&_nc_ohc=90Qbqd6X6-4AX-ihw8p&ccb=7-4&oh=36eae41b60a7c5bdb22e65abf1bca962&oe=608853A8&_nc_sid=9fb510",
            "username": "itz_tausif_c84"
        },
        "likes_count": 0,
        "answers": [
            {
                "id": 17886194251786982,
                "created_at": 1605812572,
                "text": "@itz_tausif_c84 check dm",
                "owner": {
                    "id": "31345321949",
                    "is_verified": false,
                    "profile_pic_url": "https://instagram.fagc2-1.fna.fbcdn.net/v/t51.2885-19/s150x150/104655610_734890267265839_7042082510067431729_n.jpg?tp=1&_nc_ht=instagram.fagc2-1.fna.fbcdn.net&_nc_ohc=Q9yxDDyzyrwAX9Xuts8&ccb=7-4&oh=d86b1b6d639825b0f55d29acf1a38f6f&oe=608866EF&_nc_sid=9fb510",
                    "username": "airpods_case_1"
                },
                "likes_count": 0
            }
        ]
    },
    {
        "id": 18078499696224207,
        "created_at": 1605459597,
        "text": "Pp?",
        "owner": {
            "id": "223573715",
            "is_verified": false,
            "profile_pic_url": "https://instagram.fhkg2-1.fna.fbcdn.net/v/t51.2885-19/44884218_345707102882519_2446069589734326272_n.jpg?_nc_ht=instagram.fhkg2-1.fna.fbcdn.net&_nc_ohc=hLTkwc3uTqUAX9l-gB0&ccb=7-4&oh=d88d60ce2111210102250cfe66ca43fb&oe=6087738F&_nc_sid=8d8a57&ig_cache_key=YW5vbnltb3VzX3Byb2ZpbGVfcGlj.2-ccb7-4",
            "username": "nandiiniii"
        },
        "likes_count": 0,
        "answers": [
            {
                "id": 17859729134237007,
                "created_at": 1605459955,
                "text": "@nandiiniii check dm",
                "owner": {
                    "id": "31345321949",
                    "is_verified": false,
                    "profile_pic_url": "https://instagram.fagc2-1.fna.fbcdn.net/v/t51.2885-19/s150x150/104655610_734890267265839_7042082510067431729_n.jpg?tp=1&_nc_ht=instagram.fagc2-1.fna.fbcdn.net&_nc_ohc=Q9yxDDyzyrwAX9Xuts8&ccb=7-4&oh=d86b1b6d639825b0f55d29acf1a38f6f&oe=608866EF&_nc_sid=9fb510",
                    "username": "airpods_case_1"
                },
                "likes_count": 0
            }
        ]
    },
    {
        "id": 17932061443432362,
        "created_at": 1604936409,
        "text": "pp",
        "owner": {
            "id": "1478589779",
            "is_verified": false,
            "profile_pic_url": "https://instagram.fagc2-1.fna.fbcdn.net/v/t51.2885-19/s150x150/42963939_288075482032007_8769554573904838656_n.jpg?tp=1&_nc_ht=instagram.fagc2-1.fna.fbcdn.net&_nc_ohc=QkzAtfT5xB0AX9pMwpW&ccb=7-4&oh=983d20a949f63601bffc6cad505245b4&oe=60890CFD&_nc_sid=9fb510",
            "username": "jazzypurohit"
        },
        "likes_count": 0,
        "answers": [
            {
                "id": 17864408645166246,
                "created_at": 1604936463,
                "text": "@jazzypurohit check dm",
                "owner": {
                    "id": "31345321949",
                    "is_verified": false,
                    "profile_pic_url": "https://instagram.fagc2-1.fna.fbcdn.net/v/t51.2885-19/s150x150/104655610_734890267265839_7042082510067431729_n.jpg?tp=1&_nc_ht=instagram.fagc2-1.fna.fbcdn.net&_nc_ohc=Q9yxDDyzyrwAX9Xuts8&ccb=7-4&oh=d86b1b6d639825b0f55d29acf1a38f6f&oe=608866EF&_nc_sid=9fb510",
                    "username": "airpods_case_1"
                },
                "likes_count": 0
            }
        ]
    },
    {
        "id": 17909886991518148,
        "created_at": 1604338043,
        "text": "Pp",
        "owner": {
            "id": "1400727691",
            "is_verified": false,
            "profile_pic_url": "https://instagram.fagc2-1.fna.fbcdn.net/v/t51.2885-19/s150x150/162461211_526359118348104_3421975352277487043_n.jpg?tp=1&_nc_ht=instagram.fagc2-1.fna.fbcdn.net&_nc_ohc=gLgvwdLzhMoAX-a9iJh&ccb=7-4&oh=ddbee0742dd69b382e1b72e7ed09ef12&oe=6087A36A&_nc_sid=9fb510",
            "username": "_madgasm_"
        },
        "likes_count": 0,
        "answers": [
            {
                "id": 18153464002074406,
                "created_at": 1604338125,
                "text": "@_madgasm_ check dm",
                "owner": {
                    "id": "31345321949",
                    "is_verified": false,
                    "profile_pic_url": "https://instagram.fagc2-1.fna.fbcdn.net/v/t51.2885-19/s150x150/104655610_734890267265839_7042082510067431729_n.jpg?tp=1&_nc_ht=instagram.fagc2-1.fna.fbcdn.net&_nc_ohc=Q9yxDDyzyrwAX9Xuts8&ccb=7-4&oh=d86b1b6d639825b0f55d29acf1a38f6f&oe=608866EF&_nc_sid=9fb510",
                    "username": "airpods_case_1"
                },
                "likes_count": 0
            }
        ]
    },
    {
        "id": 18127087468189015,
        "created_at": 1603879837,
        "text": "Price?",
        "owner": {
            "id": "14252132099",
            "is_verified": false,
            "profile_pic_url": "https://instagram.fagc2-1.fna.fbcdn.net/v/t51.2885-19/s150x150/163351719_1110394602799967_4642372416901963542_n.jpg?tp=1&_nc_ht=instagram.fagc2-1.fna.fbcdn.net&_nc_ohc=OA-edfsS17cAX8BC_NS&tn=adfQGjrr_k_nBgb_&ccb=7-4&oh=cbf6f390c736c74981b56596533c5663&oe=6087BB88&_nc_sid=9fb510",
            "username": "ashpreetsingh26"
        },
        "likes_count": 0,
        "answers": [
            {
                "id": 17875233934974017,
                "created_at": 1603885273,
                "text": "@ashpreetsingh26 check dm",
                "owner": {
                    "id": "31345321949",
                    "is_verified": false,
                    "profile_pic_url": "https://instagram.fagc2-1.fna.fbcdn.net/v/t51.2885-19/s150x150/104655610_734890267265839_7042082510067431729_n.jpg?tp=1&_nc_ht=instagram.fagc2-1.fna.fbcdn.net&_nc_ohc=Q9yxDDyzyrwAX9Xuts8&ccb=7-4&oh=d86b1b6d639825b0f55d29acf1a38f6f&oe=608866EF&_nc_sid=9fb510",
                    "username": "airpods_case_1"
                },
                "likes_count": 0
            }
        ]
    },
    {
        "id": 17860147415168257,
        "created_at": 1603096197,
        "text": "Price bro",
        "owner": {
            "id": "558734350",
            "is_verified": false,
            "profile_pic_url": "https://instagram.fagc2-1.fna.fbcdn.net/v/t51.2885-19/s150x150/25022735_164621047635185_4497105520854827008_n.jpg?tp=1&_nc_ht=instagram.fagc2-1.fna.fbcdn.net&_nc_ohc=UWKb56Y416oAX__V1ja&ccb=7-4&oh=a1b8e6b41662471a726251b68f52ac11&oe=6087DB12&_nc_sid=9fb510",
            "username": "rishabh_.rk"
        },
        "likes_count": 0,
        "answers": [
            {
                "id": 18166893754010220,
                "created_at": 1603096312,
                "text": "@rishabh_.rk check dm",
                "owner": {
                    "id": "31345321949",
                    "is_verified": false,
                    "profile_pic_url": "https://instagram.fagc2-1.fna.fbcdn.net/v/t51.2885-19/s150x150/104655610_734890267265839_7042082510067431729_n.jpg?tp=1&_nc_ht=instagram.fagc2-1.fna.fbcdn.net&_nc_ohc=Q9yxDDyzyrwAX9Xuts8&ccb=7-4&oh=d86b1b6d639825b0f55d29acf1a38f6f&oe=608866EF&_nc_sid=9fb510",
                    "username": "airpods_case_1"
                },
                "likes_count": 0
            }
        ]
    },
    {
        "id": 17867000465088927,
        "created_at": 1603001526,
        "text": "Price",
        "owner": {
            "id": "4861965103",
            "is_verified": false,
            "profile_pic_url": "https://instagram.fagc2-1.fna.fbcdn.net/v/t51.2885-19/s150x150/151409424_332708358183018_6874026324931921185_n.jpg?tp=1&_nc_ht=instagram.fagc2-1.fna.fbcdn.net&_nc_ohc=Dkchjjl7ZDsAX92C4-_&ccb=7-4&oh=84a885b9f0f1d39c0d2d2af6f3587a40&oe=60861E38&_nc_sid=9fb510",
            "username": "arshh_1313"
        },
        "likes_count": 0,
        "answers": [
            {
                "id": 17876423641929606,
                "created_at": 1603001633,
                "text": "@arshh_1313 check dm",
                "owner": {
                    "id": "31345321949",
                    "is_verified": false,
                    "profile_pic_url": "https://instagram.fagc2-1.fna.fbcdn.net/v/t51.2885-19/s150x150/104655610_734890267265839_7042082510067431729_n.jpg?tp=1&_nc_ht=instagram.fagc2-1.fna.fbcdn.net&_nc_ohc=Q9yxDDyzyrwAX9Xuts8&ccb=7-4&oh=d86b1b6d639825b0f55d29acf1a38f6f&oe=608866EF&_nc_sid=9fb510",
                    "username": "airpods_case_1"
                },
                "likes_count": 0
            }
        ]
    }
]