[
    {
        "id": 17892967996962164,
        "created_at": 1616285646,
        "text": "How much for 1",
        "owner": {
            "id": "44750491984",
            "is_verified": false,
            "profile_pic_url": "https://instagram.fcjb3-2.fna.fbcdn.net/v/t51.2885-19/44884218_345707102882519_2446069589734326272_n.jpg?_nc_ht=instagram.fcjb3-2.fna.fbcdn.net&_nc_ohc=hLTkwc3uTqUAX_x0iJ7&ccb=7-4&oh=53ebe62f143de97d2e9b1a33a89ee68b&oe=6087738F&_nc_sid=74408c&ig_cache_key=YW5vbnltb3VzX3Byb2ZpbGVfcGlj.2-ccb7-4",
            "username": "kashunmathis"
        },
        "likes_count": 0,
        "answers": [
            {
                "id": 17877271172297334,
                "created_at": 1616298092,
                "text": "@kashunmathis check dm",
                "owner": {
                    "id": "31345321949",
                    "is_verified": false,
                    "profile_pic_url": "https://instagram.fagc2-1.fna.fbcdn.net/v/t51.2885-19/s150x150/104655610_734890267265839_7042082510067431729_n.jpg?tp=1&_nc_ht=instagram.fagc2-1.fna.fbcdn.net&_nc_ohc=Q9yxDDyzyrwAX9Xuts8&ccb=7-4&oh=d86b1b6d639825b0f55d29acf1a38f6f&oe=608866EF&_nc_sid=9fb510",
                    "username": "airpods_case_1"
                },
                "likes_count": 0
            }
        ]
    },
    {
        "id": 17906918401633183,
        "created_at": 1613427705,
        "text": "Hm",
        "owner": {
            "id": "1323696825",
            "is_verified": false,
            "profile_pic_url": "https://instagram.fagc2-1.fna.fbcdn.net/v/t51.2885-19/s150x150/124835172_229723682056623_3194611557327762066_n.jpg?tp=1&_nc_ht=instagram.fagc2-1.fna.fbcdn.net&_nc_ohc=x3viJPyOUPIAX8zWtZm&ccb=7-4&oh=68bdc5676f104147386945e4d799843d&oe=6087D408&_nc_sid=9fb510",
            "username": "zidanabdallah"
        },
        "likes_count": 0,
        "answers": []
    },
    {
        "id": 18004195831306468,
        "created_at": 1610212713,
        "text": "\u2764\ufe0f\u2764\ufe0f\u2764\ufe0f\u2764\ufe0f\u2764\ufe0f\u2764\ufe0f",
        "owner": {
            "id": "9744306802",
            "is_verified": false,
            "profile_pic_url": "https://instagram.fagc2-1.fna.fbcdn.net/v/t51.2885-19/s150x150/163203792_114824683967043_8790560276199195669_n.jpg?tp=1&_nc_ht=instagram.fagc2-1.fna.fbcdn.net&_nc_ohc=GygeWPl-64QAX9QdHjh&ccb=7-4&oh=4d6d1f8f95bcee219d4452f113fdf97a&oe=60872011&_nc_sid=9fb510",
            "username": "_ena_ko_ma_najrajs_kim_"
        },
        "likes_count": 0,
        "answers": []
    },
    {
        "id": 17856894212412141,
        "created_at": 1609867172,
        "text": "Price",
        "owner": {
            "id": "5733199270",
            "is_verified": false,
            "profile_pic_url": "https://instagram.fagc2-1.fna.fbcdn.net/v/t51.2885-19/s150x150/163649992_277113080560285_5660361800639687125_n.jpg?tp=1&_nc_ht=instagram.fagc2-1.fna.fbcdn.net&_nc_ohc=ZZ1rMX8AgvQAX-fzdOH&ccb=7-4&oh=d90b987aca59ed8fb24604ee7f897dc7&oe=60884D65&_nc_sid=9fb510",
            "username": "iam_srk_______"
        },
        "likes_count": 0,
        "answers": []
    },
    {
        "id": 17893643794816247,
        "created_at": 1609613983,
        "text": "Prijs?",
        "owner": {
            "id": "7733570249",
            "is_verified": false,
            "profile_pic_url": "https://instagram.fcjb3-2.fna.fbcdn.net/v/t51.2885-19/44884218_345707102882519_2446069589734326272_n.jpg?_nc_ht=instagram.fcjb3-2.fna.fbcdn.net&_nc_ohc=hLTkwc3uTqUAX_x0iJ7&ccb=7-4&oh=53ebe62f143de97d2e9b1a33a89ee68b&oe=6087738F&_nc_sid=74408c&ig_cache_key=YW5vbnltb3VzX3Byb2ZpbGVfcGlj.2-ccb7-4",
            "username": "yess078"
        },
        "likes_count": 0,
        "answers": []
    }
]