[
    {
        "id": 17881343948004999,
        "created_at": 1610867534,
        "text": "Pp",
        "owner": {
            "id": "8439570009",
            "is_verified": false,
            "profile_pic_url": "https://instagram.fagc2-1.fna.fbcdn.net/v/t51.2885-19/s150x150/162567070_1360916744273096_1902816507660601741_n.jpg?tp=1&_nc_ht=instagram.fagc2-1.fna.fbcdn.net&_nc_ohc=X7n3dpYFQ0AAX9QpzRZ&ccb=7-4&oh=117f085cff54b92495f92b1ae3da7b48&oe=608886AC&_nc_sid=9fb510",
            "username": "_syed.liza"
        },
        "likes_count": 0,
        "answers": []
    },
    {
        "id": 17900824615693515,
        "created_at": 1610180661,
        "text": "price ?",
        "owner": {
            "id": "6545087069",
            "is_verified": false,
            "profile_pic_url": "https://instagram.fagc2-1.fna.fbcdn.net/v/t51.2885-19/s150x150/164097111_879137116268151_7853919760902145552_n.jpg?tp=1&_nc_ht=instagram.fagc2-1.fna.fbcdn.net&_nc_ohc=0cnCibfNYbAAX_hZbXc&ccb=7-4&oh=26abb6cc29f1a94d89d82e9c090e4468&oe=60863AFE&_nc_sid=9fb510",
            "username": "manush_.27"
        },
        "likes_count": 0,
        "answers": []
    },
    {
        "id": 17884554181929101,
        "created_at": 1610022400,
        "text": "Price?",
        "owner": {
            "id": "2003932728",
            "is_verified": false,
            "profile_pic_url": "https://instagram.fagc2-1.fna.fbcdn.net/v/t51.2885-19/s150x150/158858618_201555431757348_3243970309432742992_n.jpg?tp=1&_nc_ht=instagram.fagc2-1.fna.fbcdn.net&_nc_ohc=RhYCXIyTC80AX8xelCi&ccb=7-4&oh=32eff85abbd72c09fb7d985096adb823&oe=608876B0&_nc_sid=9fb510",
            "username": "tarun_kumar98118"
        },
        "likes_count": 0,
        "answers": []
    },
    {
        "id": 17908121182578714,
        "created_at": 1609436685,
        "text": "Price",
        "owner": {
            "id": "2945494018",
            "is_verified": false,
            "profile_pic_url": "https://instagram.fagc2-1.fna.fbcdn.net/v/t51.2885-19/s150x150/134726925_409180610298730_1974994837082819283_n.jpg?tp=1&_nc_ht=instagram.fagc2-1.fna.fbcdn.net&_nc_ohc=AZjQIUllicMAX--81hs&ccb=7-4&oh=133ddefbb018e2b2f7f898b50e0ef3f0&oe=6086ACAC&_nc_sid=9fb510",
            "username": "maryemkhurshid"
        },
        "likes_count": 0,
        "answers": [
            {
                "id": 17866726694198761,
                "created_at": 1609437606,
                "text": "@maryemkhurshid check dm",
                "owner": {
                    "id": "31345321949",
                    "is_verified": false,
                    "profile_pic_url": "https://instagram.fagc2-1.fna.fbcdn.net/v/t51.2885-19/s150x150/104655610_734890267265839_7042082510067431729_n.jpg?tp=1&_nc_ht=instagram.fagc2-1.fna.fbcdn.net&_nc_ohc=Q9yxDDyzyrwAX9Xuts8&ccb=7-4&oh=d86b1b6d639825b0f55d29acf1a38f6f&oe=608866EF&_nc_sid=9fb510",
                    "username": "airpods_case_1"
                },
                "likes_count": 0
            }
        ]
    },
    {
        "id": 17905891777595805,
        "created_at": 1607346504,
        "text": "Case",
        "owner": {
            "id": "13339864244",
            "is_verified": false,
            "profile_pic_url": "https://instagram.fagc2-1.fna.fbcdn.net/v/t51.2885-19/s150x150/139544103_229201952120024_5450644586534302142_n.jpg?tp=1&_nc_ht=instagram.fagc2-1.fna.fbcdn.net&_nc_ohc=Dn51PUUMwpkAX92K49l&ccb=7-4&oh=4de4b9f5cb578415dbd4bbd8d9c81c04&oe=6089A67E&_nc_sid=9fb510",
            "username": "oyeesharmaji"
        },
        "likes_count": 0,
        "answers": []
    },
    {
        "id": 17862643214200693,
        "created_at": 1607346492,
        "text": "?",
        "owner": {
            "id": "13339864244",
            "is_verified": false,
            "profile_pic_url": "https://instagram.fagc2-1.fna.fbcdn.net/v/t51.2885-19/s150x150/139544103_229201952120024_5450644586534302142_n.jpg?tp=1&_nc_ht=instagram.fagc2-1.fna.fbcdn.net&_nc_ohc=Dn51PUUMwpkAX92K49l&ccb=7-4&oh=4de4b9f5cb578415dbd4bbd8d9c81c04&oe=6089A67E&_nc_sid=9fb510",
            "username": "oyeesharmaji"
        },
        "likes_count": 0,
        "answers": []
    },
    {
        "id": 18177187672036704,
        "created_at": 1607346490,
        "text": "Oneplus buds",
        "owner": {
            "id": "13339864244",
            "is_verified": false,
            "profile_pic_url": "https://instagram.fagc2-1.fna.fbcdn.net/v/t51.2885-19/s150x150/139544103_229201952120024_5450644586534302142_n.jpg?tp=1&_nc_ht=instagram.fagc2-1.fna.fbcdn.net&_nc_ohc=Dn51PUUMwpkAX92K49l&ccb=7-4&oh=4de4b9f5cb578415dbd4bbd8d9c81c04&oe=6089A67E&_nc_sid=9fb510",
            "username": "oyeesharmaji"
        },
        "likes_count": 0,
        "answers": [
            {
                "id": 17930763037444327,
                "created_at": 1607349732,
                "text": "@oyeesharmaji available check dm",
                "owner": {
                    "id": "31345321949",
                    "is_verified": false,
                    "profile_pic_url": "https://instagram.fagc2-1.fna.fbcdn.net/v/t51.2885-19/s150x150/104655610_734890267265839_7042082510067431729_n.jpg?tp=1&_nc_ht=instagram.fagc2-1.fna.fbcdn.net&_nc_ohc=Q9yxDDyzyrwAX9Xuts8&ccb=7-4&oh=d86b1b6d639825b0f55d29acf1a38f6f&oe=608866EF&_nc_sid=9fb510",
                    "username": "airpods_case_1"
                },
                "likes_count": 0
            }
        ]
    }
]