[
    {
        "id": 17870475089340248,
        "created_at": 1616162121,
        "text": "pp",
        "owner": {
            "id": "1602543765",
            "is_verified": false,
            "profile_pic_url": "https://instagram.fagc2-1.fna.fbcdn.net/v/t51.2885-19/s150x150/27581908_333581857133580_7108110878481842176_n.jpg?tp=1&_nc_ht=instagram.fagc2-1.fna.fbcdn.net&_nc_ohc=p6sANnm0QFUAX-pk-qo&ccb=7-4&oh=cc33594425b1b1f570f003a74a28d997&oe=60873329&_nc_sid=9fb510",
            "username": "ektagarg94"
        },
        "likes_count": 0,
        "answers": []
    },
    {
        "id": 17862026351422552,
        "created_at": 1614160910,
        "text": "iPhone XR ka mil jayega ?",
        "owner": {
            "id": "1396012826",
            "is_verified": false,
            "profile_pic_url": "https://instagram.fagc2-1.fna.fbcdn.net/v/t51.2885-19/s150x150/130147938_206272517650980_3720223121577670121_n.jpg?tp=1&_nc_ht=instagram.fagc2-1.fna.fbcdn.net&_nc_ohc=iwCzavGYUX4AX98DmBD&ccb=7-4&oh=99b028c46c9dc309cb2e212258e16a8e&oe=60899D65&_nc_sid=9fb510",
            "username": "harshpatel.exe"
        },
        "likes_count": 0,
        "answers": [
            {
                "id": 17961799117376199,
                "created_at": 1614161291,
                "text": "@harshpatel.exe hnji mil jaega check sm",
                "owner": {
                    "id": "31345321949",
                    "is_verified": false,
                    "profile_pic_url": "https://instagram.fagc2-1.fna.fbcdn.net/v/t51.2885-19/s150x150/104655610_734890267265839_7042082510067431729_n.jpg?tp=1&_nc_ht=instagram.fagc2-1.fna.fbcdn.net&_nc_ohc=Q9yxDDyzyrwAX9Xuts8&ccb=7-4&oh=d86b1b6d639825b0f55d29acf1a38f6f&oe=608866EF&_nc_sid=9fb510",
                    "username": "airpods_case_1"
                },
                "likes_count": 0
            },
            {
                "id": 17878781678106458,
                "created_at": 1614161303,
                "text": "@harshpatel.exe dm*",
                "owner": {
                    "id": "31345321949",
                    "is_verified": false,
                    "profile_pic_url": "https://instagram.fagc2-1.fna.fbcdn.net/v/t51.2885-19/s150x150/104655610_734890267265839_7042082510067431729_n.jpg?tp=1&_nc_ht=instagram.fagc2-1.fna.fbcdn.net&_nc_ohc=Q9yxDDyzyrwAX9Xuts8&ccb=7-4&oh=d86b1b6d639825b0f55d29acf1a38f6f&oe=608866EF&_nc_sid=9fb510",
                    "username": "airpods_case_1"
                },
                "likes_count": 0
            }
        ]
    },
    {
        "id": 17886345913967926,
        "created_at": 1611264017,
        "text": "ap ke pss 6plus or se 2020 ka cover hai",
        "owner": {
            "id": "6282162200",
            "is_verified": false,
            "profile_pic_url": "https://instagram.fagc2-1.fna.fbcdn.net/v/t51.2885-19/s150x150/120008391_663002727683723_707714948850451509_n.jpg?tp=1&_nc_ht=instagram.fagc2-1.fna.fbcdn.net&_nc_ohc=OiTKlxNuGGAAX-WWjz1&ccb=7-4&oh=3af0ed7de18d816fe477443e1c1def98&oe=60875A9F&_nc_sid=9fb510",
            "username": "mamababylove2"
        },
        "likes_count": 0,
        "answers": [
            {
                "id": 17894033818799100,
                "created_at": 1611289340,
                "text": "@mamababylove2 hnji silicon case hai",
                "owner": {
                    "id": "31345321949",
                    "is_verified": false,
                    "profile_pic_url": "https://instagram.fagc2-1.fna.fbcdn.net/v/t51.2885-19/s150x150/104655610_734890267265839_7042082510067431729_n.jpg?tp=1&_nc_ht=instagram.fagc2-1.fna.fbcdn.net&_nc_ohc=Q9yxDDyzyrwAX9Xuts8&ccb=7-4&oh=d86b1b6d639825b0f55d29acf1a38f6f&oe=608866EF&_nc_sid=9fb510",
                    "username": "airpods_case_1"
                },
                "likes_count": 0
            }
        ]
    },
    {
        "id": 17884211860994618,
        "created_at": 1610725987,
        "text": "Prize for 6s",
        "owner": {
            "id": "4554007405",
            "is_verified": false,
            "profile_pic_url": "https://instagram.fagc2-1.fna.fbcdn.net/v/t51.2885-19/s150x150/153142043_452383972780934_7728231270533742622_n.jpg?tp=1&_nc_ht=instagram.fagc2-1.fna.fbcdn.net&_nc_ohc=idZxjpxvGSsAX9GyyXu&ccb=7-4&oh=0d21876bbc8833f769c7bc626383ff3d&oe=60895A00&_nc_sid=9fb510",
            "username": "_mj_151018"
        },
        "likes_count": 0,
        "answers": []
    },
    {
        "id": 17866954388153995,
        "created_at": 1606459101,
        "text": "Price",
        "owner": {
            "id": "2115733469",
            "is_verified": false,
            "profile_pic_url": "https://instagram.fagc2-1.fna.fbcdn.net/v/t51.2885-19/s150x150/30841877_1759138724172441_1389809330601066496_n.jpg?tp=1&_nc_ht=instagram.fagc2-1.fna.fbcdn.net&_nc_ohc=R3bnZSAUwf4AX_x6NKB&ccb=7-4&oh=7666bab62d3feffc6c8036c662f5d432&oe=6086B269&_nc_sid=9fb510",
            "username": "prince_patel_kothari7799"
        },
        "likes_count": 0,
        "answers": [
            {
                "id": 17900648287619831,
                "created_at": 1606459125,
                "text": "@prince_patel_kothari7799 check dm",
                "owner": {
                    "id": "31345321949",
                    "is_verified": false,
                    "profile_pic_url": "https://instagram.fagc2-1.fna.fbcdn.net/v/t51.2885-19/s150x150/104655610_734890267265839_7042082510067431729_n.jpg?tp=1&_nc_ht=instagram.fagc2-1.fna.fbcdn.net&_nc_ohc=Q9yxDDyzyrwAX9Xuts8&ccb=7-4&oh=d86b1b6d639825b0f55d29acf1a38f6f&oe=608866EF&_nc_sid=9fb510",
                    "username": "airpods_case_1"
                },
                "likes_count": 0
            }
        ]
    },
    {
        "id": 18042034711278653,
        "created_at": 1603909848,
        "text": "Pp?",
        "owner": {
            "id": "1377322220",
            "is_verified": false,
            "profile_pic_url": "https://instagram.fagc2-1.fna.fbcdn.net/v/t51.2885-19/s150x150/82396491_181127186428259_3430247726271430656_n.jpg?tp=1&_nc_ht=instagram.fagc2-1.fna.fbcdn.net&_nc_ohc=WKglz1SD6tMAX_PdMmF&ccb=7-4&oh=59aa5d018da018fccb03aeedae5eb9a7&oe=6087C281&_nc_sid=9fb510",
            "username": "tanmayee_dhavan"
        },
        "likes_count": 0,
        "answers": []
    },
    {
        "id": 17916280723479724,
        "created_at": 1602248176,
        "text": "Pp",
        "owner": {
            "id": "482544622",
            "is_verified": false,
            "profile_pic_url": "https://instagram.fagc2-1.fna.fbcdn.net/v/t51.2885-19/s150x150/92572427_2546474342349136_7104801842403475456_n.jpg?tp=1&_nc_ht=instagram.fagc2-1.fna.fbcdn.net&_nc_ohc=MUfWg7mw_1QAX_9Arwl&ccb=7-4&oh=0d10964f18ad0c659a4f98ac6c5c6470&oe=6086B95C&_nc_sid=9fb510",
            "username": "shrutimairsharad"
        },
        "likes_count": 0,
        "answers": [
            {
                "id": 17893278973639263,
                "created_at": 1602257916,
                "text": "@shrutimairsharad check dm",
                "owner": {
                    "id": "31345321949",
                    "is_verified": false,
                    "profile_pic_url": "https://instagram.fagc2-1.fna.fbcdn.net/v/t51.2885-19/s150x150/104655610_734890267265839_7042082510067431729_n.jpg?tp=1&_nc_ht=instagram.fagc2-1.fna.fbcdn.net&_nc_ohc=Q9yxDDyzyrwAX9Xuts8&ccb=7-4&oh=d86b1b6d639825b0f55d29acf1a38f6f&oe=608866EF&_nc_sid=9fb510",
                    "username": "airpods_case_1"
                },
                "likes_count": 0
            }
        ]
    },
    {
        "id": 17880027001850022,
        "created_at": 1601925352,
        "text": "Pp",
        "owner": {
            "id": "1367065876",
            "is_verified": false,
            "profile_pic_url": "https://instagram.fagc2-1.fna.fbcdn.net/v/t51.2885-19/s150x150/138715526_689999001882685_7535554364126116708_n.jpg?tp=1&_nc_ht=instagram.fagc2-1.fna.fbcdn.net&_nc_ohc=VQkmxPiG7YcAX87oMYP&ccb=7-4&oh=1c25256265adce26c39b0628a96176e1&oe=60863435&_nc_sid=9fb510",
            "username": "_theriyawalia_"
        },
        "likes_count": 0,
        "answers": []
    }
]