[
    {
        "id": 17874158471282361,
        "created_at": 1614589743,
        "text": "First one",
        "owner": {
            "id": "45380019847",
            "is_verified": false,
            "profile_pic_url": "https://instagram.fagc2-1.fna.fbcdn.net/v/t51.2885-19/s150x150/135556899_2763486110530003_3942521492828562612_n.jpg?tp=1&_nc_ht=instagram.fagc2-1.fna.fbcdn.net&_nc_ohc=4Qj0sSamZcAAX92KFPP&ccb=7-4&oh=b3080a4a261fd3498e89b04c3fd10e29&oe=60864F01&_nc_sid=9fb510",
            "username": "sawaira_zanaib"
        },
        "likes_count": 0,
        "answers": []
    },
    {
        "id": 17884943063008525,
        "created_at": 1614589724,
        "text": "I want this",
        "owner": {
            "id": "45380019847",
            "is_verified": false,
            "profile_pic_url": "https://instagram.fagc2-1.fna.fbcdn.net/v/t51.2885-19/s150x150/135556899_2763486110530003_3942521492828562612_n.jpg?tp=1&_nc_ht=instagram.fagc2-1.fna.fbcdn.net&_nc_ohc=4Qj0sSamZcAAX92KFPP&ccb=7-4&oh=b3080a4a261fd3498e89b04c3fd10e29&oe=60864F01&_nc_sid=9fb510",
            "username": "sawaira_zanaib"
        },
        "likes_count": 0,
        "answers": [
            {
                "id": 17916656386592377,
                "created_at": 1614590004,
                "text": "@sawaira_zanaib check inbox",
                "owner": {
                    "id": "31345321949",
                    "is_verified": false,
                    "profile_pic_url": "https://instagram.fagc2-1.fna.fbcdn.net/v/t51.2885-19/s150x150/104655610_734890267265839_7042082510067431729_n.jpg?tp=1&_nc_ht=instagram.fagc2-1.fna.fbcdn.net&_nc_ohc=Q9yxDDyzyrwAX9Xuts8&ccb=7-4&oh=d86b1b6d639825b0f55d29acf1a38f6f&oe=608866EF&_nc_sid=9fb510",
                    "username": "airpods_case_1"
                },
                "likes_count": 0
            }
        ]
    },
    {
        "id": 17901675421739722,
        "created_at": 1613032684,
        "text": "airpods 2.nesil k\u0131l\u0131f fiyat\u0131n\u0131z ne",
        "owner": {
            "id": "2017500860",
            "is_verified": false,
            "profile_pic_url": "https://instagram.fagc2-1.fna.fbcdn.net/v/t51.2885-19/s150x150/119713827_678245996425274_7142792197017299358_n.jpg?tp=1&_nc_ht=instagram.fagc2-1.fna.fbcdn.net&_nc_ohc=YOrbVjlQZU4AX8Ics1t&ccb=7-4&oh=759ab599ad8b8bf9596d3bcce1404c67&oe=608782BA&_nc_sid=9fb510",
            "username": "aysemnurdogan"
        },
        "likes_count": 0,
        "answers": []
    }
]