[
    {
        "id": 17905589665782768,
        "created_at": 1616744563,
        "text": "Price ??",
        "owner": {
            "id": "5769320389",
            "is_verified": false,
            "profile_pic_url": "https://instagram.fagc2-1.fna.fbcdn.net/v/t51.2885-19/s150x150/144281636_706498986901853_6934761979669786609_n.jpg?tp=1&_nc_ht=instagram.fagc2-1.fna.fbcdn.net&_nc_ohc=twYAUMhDku4AX-aQFYB&ccb=7-4&oh=2647a2fad0e194ef041fed3fec8c64ca&oe=6089B4BC&_nc_sid=9fb510",
            "username": "viyushjain07"
        },
        "likes_count": 1,
        "answers": []
    },
    {
        "id": 17882357132127755,
        "created_at": 1615648988,
        "text": "Price",
        "owner": {
            "id": "2320937058",
            "is_verified": false,
            "profile_pic_url": "https://instagram.fagc2-1.fna.fbcdn.net/v/t51.2885-19/s150x150/139797326_2484094598552739_2046156163832174249_n.jpg?tp=1&_nc_ht=instagram.fagc2-1.fna.fbcdn.net&_nc_ohc=i6SWJJKz7UcAX8SjBe0&ccb=7-4&oh=a3494fd35d0d92f63151ba0b2e7ad008&oe=60865758&_nc_sid=9fb510",
            "username": "sumanbatra4"
        },
        "likes_count": 0,
        "answers": [
            {
                "id": 17947928356417630,
                "created_at": 1615651312,
                "text": "@sumanbatra4 check dm",
                "owner": {
                    "id": "31345321949",
                    "is_verified": false,
                    "profile_pic_url": "https://instagram.fagc2-1.fna.fbcdn.net/v/t51.2885-19/s150x150/104655610_734890267265839_7042082510067431729_n.jpg?tp=1&_nc_ht=instagram.fagc2-1.fna.fbcdn.net&_nc_ohc=Q9yxDDyzyrwAX9Xuts8&ccb=7-4&oh=d86b1b6d639825b0f55d29acf1a38f6f&oe=608866EF&_nc_sid=9fb510",
                    "username": "airpods_case_1"
                },
                "likes_count": 0
            }
        ]
    },
    {
        "id": 17874837788291075,
        "created_at": 1615150480,
        "text": "Fiyat yazarm\u0131s\u0131n\u0131z",
        "owner": {
            "id": "3991918833",
            "is_verified": false,
            "profile_pic_url": "https://instagram.fagc2-1.fna.fbcdn.net/v/t51.2885-19/s150x150/14374219_1801448990131580_7356305429221081088_a.jpg?tp=1&_nc_ht=instagram.fagc2-1.fna.fbcdn.net&_nc_ohc=zcs0dYyMNnMAX8BPb4P&ccb=7-4&oh=ff8d7d89c399785b679d357e5d542d83&oe=60875668&_nc_sid=9fb510",
            "username": "maho_2144"
        },
        "likes_count": 0,
        "answers": []
    },
    {
        "id": 18147818158138407,
        "created_at": 1613586142,
        "text": "Price",
        "owner": {
            "id": "1278790984",
            "is_verified": false,
            "profile_pic_url": "https://instagram.fagc2-1.fna.fbcdn.net/v/t51.2885-19/s150x150/90248885_226827445090495_7519969264023896064_n.jpg?tp=1&_nc_ht=instagram.fagc2-1.fna.fbcdn.net&_nc_ohc=Tvw9ZNpXE8AAX8IteLv&ccb=7-4&oh=fe386720db5b81c8953b8200bb08ed08&oe=608853CB&_nc_sid=9fb510",
            "username": "heenasikri96"
        },
        "likes_count": 0,
        "answers": [
            {
                "id": 17898526831803672,
                "created_at": 1613586207,
                "text": "@heenasikri96 check dm",
                "owner": {
                    "id": "31345321949",
                    "is_verified": false,
                    "profile_pic_url": "https://instagram.fagc2-1.fna.fbcdn.net/v/t51.2885-19/s150x150/104655610_734890267265839_7042082510067431729_n.jpg?tp=1&_nc_ht=instagram.fagc2-1.fna.fbcdn.net&_nc_ohc=Q9yxDDyzyrwAX9Xuts8&ccb=7-4&oh=d86b1b6d639825b0f55d29acf1a38f6f&oe=608866EF&_nc_sid=9fb510",
                    "username": "airpods_case_1"
                },
                "likes_count": 0
            }
        ]
    },
    {
        "id": 17884668367889898,
        "created_at": 1607196638,
        "text": "Price",
        "owner": {
            "id": "1491656396",
            "is_verified": false,
            "profile_pic_url": "https://instagram.fagc2-1.fna.fbcdn.net/v/t51.2885-19/s150x150/26868680_1784471884950875_1603901660621438976_n.jpg?tp=1&_nc_ht=instagram.fagc2-1.fna.fbcdn.net&_nc_ohc=cAKGVL2LOukAX-7P9oN&ccb=7-4&oh=95bcee30d166e759d5a5dc94eb422960&oe=608857C8&_nc_sid=9fb510",
            "username": "shubham_verma9893468884"
        },
        "likes_count": 0,
        "answers": [
            {
                "id": 17888406973810174,
                "created_at": 1607197114,
                "text": "@shubham_verma9893468884 check dm",
                "owner": {
                    "id": "31345321949",
                    "is_verified": false,
                    "profile_pic_url": "https://instagram.fagc2-1.fna.fbcdn.net/v/t51.2885-19/s150x150/104655610_734890267265839_7042082510067431729_n.jpg?tp=1&_nc_ht=instagram.fagc2-1.fna.fbcdn.net&_nc_ohc=Q9yxDDyzyrwAX9Xuts8&ccb=7-4&oh=d86b1b6d639825b0f55d29acf1a38f6f&oe=608866EF&_nc_sid=9fb510",
                    "username": "airpods_case_1"
                },
                "likes_count": 0
            }
        ]
    }
]