[
    {
        "id": 17967192793365855,
        "created_at": 1610620326,
        "text": "Price",
        "owner": {
            "id": "44184709449",
            "is_verified": false,
            "profile_pic_url": "https://instagram.fagc2-1.fna.fbcdn.net/v/t51.2885-19/s150x150/160516139_432547991297487_3084338874553529863_n.jpg?tp=1&_nc_ht=instagram.fagc2-1.fna.fbcdn.net&_nc_ohc=cFthZTymz5UAX-AXrZY&ccb=7-4&oh=ff9f2e45347f09ef8654e8decdaf1648&oe=6087D0B9&_nc_sid=9fb510",
            "username": "rameensiddiqui_"
        },
        "likes_count": 0,
        "answers": []
    }
]