[
    {
        "id": 17894005720878295,
        "created_at": 1614835210,
        "text": "pp",
        "owner": {
            "id": "4876869217",
            "is_verified": false,
            "profile_pic_url": "https://instagram.fagc2-1.fna.fbcdn.net/v/t51.2885-19/s150x150/69410841_1293826830780646_8969214559680200704_n.jpg?tp=1&_nc_ht=instagram.fagc2-1.fna.fbcdn.net&_nc_ohc=HhRUpt83IZkAX_fi9yV&ccb=7-4&oh=e7ea251cc7c45dce5461abbb71778620&oe=60866A2D&_nc_sid=9fb510",
            "username": "naveena_kothamasu"
        },
        "likes_count": 1,
        "answers": [
            {
                "id": 18051775366285930,
                "created_at": 1614835359,
                "text": "@naveena_kothamasu check dm",
                "owner": {
                    "id": "31345321949",
                    "is_verified": false,
                    "profile_pic_url": "https://instagram.fagc2-1.fna.fbcdn.net/v/t51.2885-19/s150x150/104655610_734890267265839_7042082510067431729_n.jpg?tp=1&_nc_ht=instagram.fagc2-1.fna.fbcdn.net&_nc_ohc=Q9yxDDyzyrwAX9Xuts8&ccb=7-4&oh=d86b1b6d639825b0f55d29acf1a38f6f&oe=608866EF&_nc_sid=9fb510",
                    "username": "airpods_case_1"
                },
                "likes_count": 0
            }
        ]
    },
    {
        "id": 17983011007332656,
        "created_at": 1611335532,
        "text": "Price",
        "owner": {
            "id": "1345034024",
            "is_verified": false,
            "profile_pic_url": "https://instagram.fagc2-1.fna.fbcdn.net/v/t51.2885-19/s150x150/145091868_2945293352371773_7278918258281751303_n.jpg?tp=1&_nc_ht=instagram.fagc2-1.fna.fbcdn.net&_nc_ohc=aP-sqSvwBcwAX_FTuWB&ccb=7-4&oh=bf60dac05d85ba8d4df64b111960c1c0&oe=60883912&_nc_sid=9fb510",
            "username": "karthikgiri"
        },
        "likes_count": 0,
        "answers": []
    },
    {
        "id": 18182152648013861,
        "created_at": 1609769071,
        "text": "Fiyat",
        "owner": {
            "id": "44601294729",
            "is_verified": false,
            "profile_pic_url": "https://instagram.fagc2-1.fna.fbcdn.net/v/t51.2885-19/s150x150/131381282_1012682849215441_926319149999378470_n.jpg?tp=1&_nc_ht=instagram.fagc2-1.fna.fbcdn.net&_nc_ohc=Q2THIAb0sJAAX_0JKm5&ccb=7-4&oh=82d2d2875b139f7c618311158f04485d&oe=60879339&_nc_sid=9fb510",
            "username": "ruyamterlikl"
        },
        "likes_count": 1,
        "answers": []
    },
    {
        "id": 17909824636592769,
        "created_at": 1609541593,
        "text": "Y\u2019all to have this",
        "owner": {
            "id": "1527654519",
            "is_verified": false,
            "profile_pic_url": "https://instagram.fagc2-1.fna.fbcdn.net/v/t51.2885-19/s150x150/158107341_462306461754298_6109604104309774354_n.jpg?tp=1&_nc_ht=instagram.fagc2-1.fna.fbcdn.net&_nc_ohc=_N60uzS_p0QAX8CgcKP&ccb=7-4&oh=8eb699eda28d67fdd584e2bef58ba11a&oe=608952DD&_nc_sid=9fb510",
            "username": "edduardojo"
        },
        "likes_count": 0,
        "answers": [
            {
                "id": 17864679116253119,
                "created_at": 1609567296,
                "text": "@edduardojo yess available",
                "owner": {
                    "id": "31345321949",
                    "is_verified": false,
                    "profile_pic_url": "https://instagram.fagc2-1.fna.fbcdn.net/v/t51.2885-19/s150x150/104655610_734890267265839_7042082510067431729_n.jpg?tp=1&_nc_ht=instagram.fagc2-1.fna.fbcdn.net&_nc_ohc=Q9yxDDyzyrwAX9Xuts8&ccb=7-4&oh=d86b1b6d639825b0f55d29acf1a38f6f&oe=608866EF&_nc_sid=9fb510",
                    "username": "airpods_case_1"
                },
                "likes_count": 0
            }
        ]
    },
    {
        "id": 17892650923686942,
        "created_at": 1604819020,
        "text": "I can Bye this",
        "owner": {
            "id": "41343617342",
            "is_verified": false,
            "profile_pic_url": "https://instagram.fagc2-1.fna.fbcdn.net/v/t51.2885-19/s150x150/142502717_408306963575888_284752352843619095_n.jpg?tp=1&_nc_ht=instagram.fagc2-1.fna.fbcdn.net&_nc_ohc=Bynl4CPQ6pMAX85APyz&ccb=7-4&oh=ef3b9a32bdf69e4d3f228e1b66692e97&oe=6086DC4D&_nc_sid=9fb510",
            "username": "cyrusbruit5891"
        },
        "likes_count": 0,
        "answers": [
            {
                "id": 17860998353218144,
                "created_at": 1604819142,
                "text": "@cyrusbruit5891 yes check dm",
                "owner": {
                    "id": "31345321949",
                    "is_verified": false,
                    "profile_pic_url": "https://instagram.fagc2-1.fna.fbcdn.net/v/t51.2885-19/s150x150/104655610_734890267265839_7042082510067431729_n.jpg?tp=1&_nc_ht=instagram.fagc2-1.fna.fbcdn.net&_nc_ohc=Q9yxDDyzyrwAX9Xuts8&ccb=7-4&oh=d86b1b6d639825b0f55d29acf1a38f6f&oe=608866EF&_nc_sid=9fb510",
                    "username": "airpods_case_1"
                },
                "likes_count": 0
            }
        ]
    },
    {
        "id": 17869665911039814,
        "created_at": 1604304270,
        "text": "Pp",
        "owner": {
            "id": "1402061940",
            "is_verified": false,
            "profile_pic_url": "https://instagram.fagc2-1.fna.fbcdn.net/v/t51.2885-19/s150x150/156301689_184287639817266_4433810354305989007_n.jpg?tp=1&_nc_ht=instagram.fagc2-1.fna.fbcdn.net&_nc_ohc=7DdAx_wBasoAX9ASeSE&ccb=7-4&oh=333dc3aa52f0ad5c7d1bc0ed161d0c31&oe=60889C94&_nc_sid=9fb510",
            "username": "satishkumar93"
        },
        "likes_count": 0,
        "answers": []
    },
    {
        "id": 17861451452136610,
        "created_at": 1602752325,
        "text": "Pp",
        "owner": {
            "id": "21846639975",
            "is_verified": false,
            "profile_pic_url": "https://instagram.fagc2-1.fna.fbcdn.net/v/t51.2885-19/s150x150/70730025_411795079537945_6185824663789109248_n.jpg?tp=1&_nc_ht=instagram.fagc2-1.fna.fbcdn.net&_nc_ohc=Bk42kh5XypUAX_IzihH&ccb=7-4&oh=d3700d22c3f4722bb67dfb3f2ea256b5&oe=6086BFF3&_nc_sid=9fb510",
            "username": "stalkem09"
        },
        "likes_count": 0,
        "answers": [
            {
                "id": 17854112627314120,
                "created_at": 1602753987,
                "text": "@stalkem09 check dm",
                "owner": {
                    "id": "31345321949",
                    "is_verified": false,
                    "profile_pic_url": "https://instagram.fagc2-1.fna.fbcdn.net/v/t51.2885-19/s150x150/104655610_734890267265839_7042082510067431729_n.jpg?tp=1&_nc_ht=instagram.fagc2-1.fna.fbcdn.net&_nc_ohc=Q9yxDDyzyrwAX9Xuts8&ccb=7-4&oh=d86b1b6d639825b0f55d29acf1a38f6f&oe=608866EF&_nc_sid=9fb510",
                    "username": "airpods_case_1"
                },
                "likes_count": 0
            }
        ]
    }
]