[
    {
        "id": 17871707006221435,
        "created_at": 1613927411,
        "text": "Price",
        "owner": {
            "id": "646796828",
            "is_verified": false,
            "profile_pic_url": "https://instagram.fagc2-1.fna.fbcdn.net/v/t51.2885-19/s150x150/21909239_134065407228000_5956080923186298880_n.jpg?tp=1&_nc_ht=instagram.fagc2-1.fna.fbcdn.net&_nc_ohc=wz8izrXwqywAX-_9MSH&ccb=7-4&oh=df6de685a3c007a435dc42f4bc84ddf8&oe=6089FA60&_nc_sid=9fb510",
            "username": "shivam_leo17"
        },
        "likes_count": 0,
        "answers": []
    },
    {
        "id": 17865700217299498,
        "created_at": 1609175828,
        "text": "@airpods_case_1 How much these case ???",
        "owner": {
            "id": "6640451529",
            "is_verified": false,
            "profile_pic_url": "https://instagram.fagc2-1.fna.fbcdn.net/v/t51.2885-19/s150x150/132415933_1053606268448814_8821611583155820570_n.jpg?tp=1&_nc_ht=instagram.fagc2-1.fna.fbcdn.net&_nc_ohc=bu8R-VklOkgAX_JaqxH&ccb=7-4&oh=6622d273c28a9c345d9cd8e35b7fb927&oe=6087702B&_nc_sid=9fb510",
            "username": "sriram_nrs"
        },
        "likes_count": 1,
        "answers": []
    },
    {
        "id": 18065762311249765,
        "created_at": 1608487571,
        "text": "Price please",
        "owner": {
            "id": "7369767473",
            "is_verified": false,
            "profile_pic_url": "https://instagram.fsdv3-1.fna.fbcdn.net/v/t51.2885-19/44884218_345707102882519_2446069589734326272_n.jpg?_nc_ht=instagram.fsdv3-1.fna.fbcdn.net&_nc_ohc=hLTkwc3uTqUAX_VzVZt&ccb=7-4&oh=23b5640cf6147a3af4a5a14e66201695&oe=6087738F&_nc_sid=b9715e&ig_cache_key=YW5vbnltb3VzX3Byb2ZpbGVfcGlj.2-ccb7-4",
            "username": "barrtopgun"
        },
        "likes_count": 0,
        "answers": []
    },
    {
        "id": 17882286556958009,
        "created_at": 1608487565,
        "text": "Brother Marlboro and Lacoste AirPod cover needed",
        "owner": {
            "id": "7369767473",
            "is_verified": false,
            "profile_pic_url": "https://instagram.fsdv3-1.fna.fbcdn.net/v/t51.2885-19/44884218_345707102882519_2446069589734326272_n.jpg?_nc_ht=instagram.fsdv3-1.fna.fbcdn.net&_nc_ohc=hLTkwc3uTqUAX_VzVZt&ccb=7-4&oh=23b5640cf6147a3af4a5a14e66201695&oe=6087738F&_nc_sid=b9715e&ig_cache_key=YW5vbnltb3VzX3Byb2ZpbGVfcGlj.2-ccb7-4",
            "username": "barrtopgun"
        },
        "likes_count": 0,
        "answers": [
            {
                "id": 17876415422018305,
                "created_at": 1608487694,
                "text": "@arj3144 check dm",
                "owner": {
                    "id": "31345321949",
                    "is_verified": false,
                    "profile_pic_url": "https://instagram.fagc2-1.fna.fbcdn.net/v/t51.2885-19/s150x150/104655610_734890267265839_7042082510067431729_n.jpg?tp=1&_nc_ht=instagram.fagc2-1.fna.fbcdn.net&_nc_ohc=Q9yxDDyzyrwAX9Xuts8&ccb=7-4&oh=d86b1b6d639825b0f55d29acf1a38f6f&oe=608866EF&_nc_sid=9fb510",
                    "username": "airpods_case_1"
                },
                "likes_count": 0
            }
        ]
    },
    {
        "id": 17845354154420994,
        "created_at": 1603588766,
        "text": "where can i buy the black fendi one",
        "owner": {
            "id": "184802193",
            "is_verified": false,
            "profile_pic_url": "https://instagram.fagc2-1.fna.fbcdn.net/v/t51.2885-19/10617169_751340894929999_1464514461_a.jpg?_nc_ht=instagram.fagc2-1.fna.fbcdn.net&_nc_ohc=D5zEuPrKZ4EAX8HJGez&ccb=7-4&oh=fc35b56f2bbf8018f44b8f4a5343fd17&oe=60889BCF&_nc_sid=9fb510",
            "username": "mr_b88"
        },
        "likes_count": 0,
        "answers": [
            {
                "id": 18140889541100942,
                "created_at": 1603595555,
                "text": "@mr_b88 check dm",
                "owner": {
                    "id": "31345321949",
                    "is_verified": false,
                    "profile_pic_url": "https://instagram.fagc2-1.fna.fbcdn.net/v/t51.2885-19/s150x150/104655610_734890267265839_7042082510067431729_n.jpg?tp=1&_nc_ht=instagram.fagc2-1.fna.fbcdn.net&_nc_ohc=Q9yxDDyzyrwAX9Xuts8&ccb=7-4&oh=d86b1b6d639825b0f55d29acf1a38f6f&oe=608866EF&_nc_sid=9fb510",
                    "username": "airpods_case_1"
                },
                "likes_count": 0
            }
        ]
    },
    {
        "id": 17868417302056246,
        "created_at": 1602064212,
        "text": "@jaimmonteves",
        "owner": {
            "id": "22934661661",
            "is_verified": false,
            "profile_pic_url": "https://instagram.fagc2-1.fna.fbcdn.net/v/t51.2885-19/s150x150/156897379_705479316814364_8967192924635004109_n.jpg?tp=1&_nc_ht=instagram.fagc2-1.fna.fbcdn.net&_nc_ohc=wIC-swIgeZUAX8Ya2ME&ccb=7-4&oh=b2c71b28a2452f03acc940fdf0c0c005&oe=6087DA2D&_nc_sid=9fb510",
            "username": "chinito489"
        },
        "likes_count": 1,
        "answers": [
            {
                "id": 17928639244433066,
                "created_at": 1602065119,
                "text": "@chinito489 \ud83e\udd2a\ud83e\udd2a\ud83e\udd2a",
                "owner": {
                    "id": "4834001040",
                    "is_verified": false,
                    "profile_pic_url": "https://instagram.fagc2-1.fna.fbcdn.net/v/t51.2885-19/s150x150/93809872_596996294224208_8000739579491516416_n.jpg?tp=1&_nc_ht=instagram.fagc2-1.fna.fbcdn.net&_nc_ohc=unt4ZOucTtwAX9pyBCY&ccb=7-4&oh=e38e9be0c1a4e9a8e246cf5e8ca721af&oe=608949C8&_nc_sid=9fb510",
                    "username": "jaimmonteves"
                },
                "likes_count": 0
            }
        ]
    },
    {
        "id": 18117483871088993,
        "created_at": 1599080819,
        "text": "Price?",
        "owner": {
            "id": "1548014158",
            "is_verified": false,
            "profile_pic_url": "https://instagram.fagc2-1.fna.fbcdn.net/v/t51.2885-19/s150x150/26066570_495646717496443_6334375303246249984_n.jpg?tp=1&_nc_ht=instagram.fagc2-1.fna.fbcdn.net&_nc_ohc=QGOgWRbo5u8AX-e3Ft5&ccb=7-4&oh=eaac6f93ee53bdcd61d40dc2901a1b62&oe=608880B3&_nc_sid=9fb510",
            "username": "gulmuhammad13"
        },
        "likes_count": 0,
        "answers": [
            {
                "id": 17879482702798727,
                "created_at": 1599097279,
                "text": "@gulmuhammad13 350",
                "owner": {
                    "id": "31345321949",
                    "is_verified": false,
                    "profile_pic_url": "https://instagram.fagc2-1.fna.fbcdn.net/v/t51.2885-19/s150x150/104655610_734890267265839_7042082510067431729_n.jpg?tp=1&_nc_ht=instagram.fagc2-1.fna.fbcdn.net&_nc_ohc=Q9yxDDyzyrwAX9Xuts8&ccb=7-4&oh=d86b1b6d639825b0f55d29acf1a38f6f&oe=608866EF&_nc_sid=9fb510",
                    "username": "airpods_case_1"
                },
                "likes_count": 0
            }
        ]
    }
]