[
    {
        "id": 17945215297446393,
        "created_at": 1616424554,
        "text": "Price",
        "owner": {
            "id": "454843410",
            "is_verified": false,
            "profile_pic_url": "https://instagram.fagc2-1.fna.fbcdn.net/v/t51.2885-19/s150x150/13671824_1214410905294144_1335456289_a.jpg?tp=1&_nc_ht=instagram.fagc2-1.fna.fbcdn.net&_nc_ohc=WfbmJ6pe4WYAX8zsCHS&ccb=7-4&oh=123934e70cfc52907d5b2716b1dce2a7&oe=6086647A&_nc_sid=9fb510",
            "username": "jizam7979"
        },
        "likes_count": 0,
        "answers": [
            {
                "id": 17878188095239859,
                "created_at": 1616429381,
                "text": "Check dm",
                "owner": {
                    "id": "31345321949",
                    "is_verified": false,
                    "profile_pic_url": "https://instagram.fagc2-1.fna.fbcdn.net/v/t51.2885-19/s150x150/104655610_734890267265839_7042082510067431729_n.jpg?tp=1&_nc_ht=instagram.fagc2-1.fna.fbcdn.net&_nc_ohc=Q9yxDDyzyrwAX9Xuts8&ccb=7-4&oh=d86b1b6d639825b0f55d29acf1a38f6f&oe=608866EF&_nc_sid=9fb510",
                    "username": "airpods_case_1"
                },
                "likes_count": 0
            }
        ]
    },
    {
        "id": 17911509907660205,
        "created_at": 1616244917,
        "text": "Pp",
        "owner": {
            "id": "1016074640",
            "is_verified": false,
            "profile_pic_url": "https://instagram.fagc2-1.fna.fbcdn.net/v/t51.2885-19/s150x150/12568861_793274847445487_1730901110_a.jpg?tp=1&_nc_ht=instagram.fagc2-1.fna.fbcdn.net&_nc_ohc=EV9UKjQaWmYAX8u9AF4&ccb=7-4&oh=64ac210cc03e348267ff2bfe5295e76a&oe=60877303&_nc_sid=9fb510",
            "username": "priyank16492"
        },
        "likes_count": 1,
        "answers": []
    },
    {
        "id": 18191150650068231,
        "created_at": 1616060171,
        "text": "How much",
        "owner": {
            "id": "1985451918",
            "is_verified": false,
            "profile_pic_url": "https://instagram.fagc2-1.fna.fbcdn.net/v/t51.2885-19/s150x150/127818296_827675557997108_3559148794223015781_n.jpg?tp=1&_nc_ht=instagram.fagc2-1.fna.fbcdn.net&_nc_ohc=3iTT1XgVJsAAX_XGByM&ccb=7-4&oh=25b626e168a9a1aa7d367049b9611683&oe=60887737&_nc_sid=9fb510",
            "username": "mohammad_umer_khan"
        },
        "likes_count": 0,
        "answers": [
            {
                "id": 17877935633159099,
                "created_at": 1616068428,
                "text": "@mohammad_umer_khan check dm",
                "owner": {
                    "id": "31345321949",
                    "is_verified": false,
                    "profile_pic_url": "https://instagram.fagc2-1.fna.fbcdn.net/v/t51.2885-19/s150x150/104655610_734890267265839_7042082510067431729_n.jpg?tp=1&_nc_ht=instagram.fagc2-1.fna.fbcdn.net&_nc_ohc=Q9yxDDyzyrwAX9Xuts8&ccb=7-4&oh=d86b1b6d639825b0f55d29acf1a38f6f&oe=608866EF&_nc_sid=9fb510",
                    "username": "airpods_case_1"
                },
                "likes_count": 0
            }
        ]
    },
    {
        "id": 17846958776542997,
        "created_at": 1615902585,
        "text": "Hm?",
        "owner": {
            "id": "3606491173",
            "is_verified": false,
            "profile_pic_url": "https://instagram.fagc2-1.fna.fbcdn.net/v/t51.2885-19/s150x150/135046601_258024929260935_8257527896569548867_n.jpg?tp=1&_nc_ht=instagram.fagc2-1.fna.fbcdn.net&_nc_ohc=Ths1qaPovOoAX9OCp2P&ccb=7-4&oh=cbba0e0a86897a2abfe143d609a4b7a7&oe=60887DC4&_nc_sid=9fb510",
            "username": "enhopper"
        },
        "likes_count": 0,
        "answers": []
    },
    {
        "id": 17876914181224709,
        "created_at": 1615572936,
        "text": "Price!",
        "owner": {
            "id": "8475144395",
            "is_verified": false,
            "profile_pic_url": "https://instagram.fagc2-1.fna.fbcdn.net/v/t51.2885-19/s150x150/164797387_445833939983101_3287433530622813817_n.jpg?tp=1&_nc_ht=instagram.fagc2-1.fna.fbcdn.net&_nc_ohc=avPlw80M98cAX8-h4fs&ccb=7-4&oh=5794412f140fe4e21f52193ee4274a12&oe=608966EB&_nc_sid=9fb510",
            "username": "__cimran"
        },
        "likes_count": 0,
        "answers": [
            {
                "id": 17874424724208131,
                "created_at": 1615594850,
                "text": "@__cimran check dm",
                "owner": {
                    "id": "31345321949",
                    "is_verified": false,
                    "profile_pic_url": "https://instagram.fagc2-1.fna.fbcdn.net/v/t51.2885-19/s150x150/104655610_734890267265839_7042082510067431729_n.jpg?tp=1&_nc_ht=instagram.fagc2-1.fna.fbcdn.net&_nc_ohc=Q9yxDDyzyrwAX9Xuts8&ccb=7-4&oh=d86b1b6d639825b0f55d29acf1a38f6f&oe=608866EF&_nc_sid=9fb510",
                    "username": "airpods_case_1"
                },
                "likes_count": 0
            }
        ]
    },
    {
        "id": 18181425364078302,
        "created_at": 1615047131,
        "text": "Are they available",
        "owner": {
            "id": "13290497136",
            "is_verified": false,
            "profile_pic_url": "https://instagram.fagc2-1.fna.fbcdn.net/v/t51.2885-19/s150x150/121163714_174595710887812_197523507787950691_n.jpg?tp=1&_nc_ht=instagram.fagc2-1.fna.fbcdn.net&_nc_ohc=h78ZPGR4wcUAX-uH2v7&ccb=7-4&oh=863c7ec37e7236224113663e4c781878&oe=6086747D&_nc_sid=9fb510",
            "username": "carl.gzzz"
        },
        "likes_count": 0,
        "answers": [
            {
                "id": 17865969044381948,
                "created_at": 1615090382,
                "text": "@_carlbtw_ yes",
                "owner": {
                    "id": "31345321949",
                    "is_verified": false,
                    "profile_pic_url": "https://instagram.fagc2-1.fna.fbcdn.net/v/t51.2885-19/s150x150/104655610_734890267265839_7042082510067431729_n.jpg?tp=1&_nc_ht=instagram.fagc2-1.fna.fbcdn.net&_nc_ohc=Q9yxDDyzyrwAX9Xuts8&ccb=7-4&oh=d86b1b6d639825b0f55d29acf1a38f6f&oe=608866EF&_nc_sid=9fb510",
                    "username": "airpods_case_1"
                },
                "likes_count": 0
            }
        ]
    },
    {
        "id": 17899411024743790,
        "created_at": 1613654671,
        "text": "Hm",
        "owner": {
            "id": "1447892732",
            "is_verified": false,
            "profile_pic_url": "https://instagram.fagc2-1.fna.fbcdn.net/v/t51.2885-19/s150x150/160336434_552940232289366_757963679844640029_n.jpg?tp=1&_nc_ht=instagram.fagc2-1.fna.fbcdn.net&_nc_ohc=FUeVi0TA8ZkAX-cX6g1&ccb=7-4&oh=92f9669b765ce450a23677e14e8fa2c4&oe=6089724D&_nc_sid=9fb510",
            "username": "adham_faragg"
        },
        "likes_count": 0,
        "answers": [
            {
                "id": 17901649564749447,
                "created_at": 1613659228,
                "text": "@adham_faragg check dm",
                "owner": {
                    "id": "31345321949",
                    "is_verified": false,
                    "profile_pic_url": "https://instagram.fagc2-1.fna.fbcdn.net/v/t51.2885-19/s150x150/104655610_734890267265839_7042082510067431729_n.jpg?tp=1&_nc_ht=instagram.fagc2-1.fna.fbcdn.net&_nc_ohc=Q9yxDDyzyrwAX9Xuts8&ccb=7-4&oh=d86b1b6d639825b0f55d29acf1a38f6f&oe=608866EF&_nc_sid=9fb510",
                    "username": "airpods_case_1"
                },
                "likes_count": 0
            }
        ]
    },
    {
        "id": 18071260954258988,
        "created_at": 1613506711,
        "text": "Price",
        "owner": {
            "id": "5582098822",
            "is_verified": false,
            "profile_pic_url": "https://instagram.fagc2-1.fna.fbcdn.net/v/t51.2885-19/s150x150/146866225_137652958195124_958510880976250147_n.jpg?tp=1&_nc_ht=instagram.fagc2-1.fna.fbcdn.net&_nc_ohc=cD_qkzfCTJQAX8S3Vis&ccb=7-4&oh=cb93b0ee62de5b74ec72767ba3bfc10b&oe=60883F59&_nc_sid=9fb510",
            "username": "choudhary_musa01"
        },
        "likes_count": 0,
        "answers": [
            {
                "id": 17872517927248508,
                "created_at": 1613535268,
                "text": "@choudhary_musa01 check dm",
                "owner": {
                    "id": "31345321949",
                    "is_verified": false,
                    "profile_pic_url": "https://instagram.fagc2-1.fna.fbcdn.net/v/t51.2885-19/s150x150/104655610_734890267265839_7042082510067431729_n.jpg?tp=1&_nc_ht=instagram.fagc2-1.fna.fbcdn.net&_nc_ohc=Q9yxDDyzyrwAX9Xuts8&ccb=7-4&oh=d86b1b6d639825b0f55d29acf1a38f6f&oe=608866EF&_nc_sid=9fb510",
                    "username": "airpods_case_1"
                },
                "likes_count": 0
            }
        ]
    },
    {
        "id": 17864229926330582,
        "created_at": 1612846149,
        "text": "Still available? Can i order?",
        "owner": {
            "id": "233573846",
            "is_verified": false,
            "profile_pic_url": "https://instagram.fagc2-1.fna.fbcdn.net/v/t51.2885-19/s150x150/119467899_700625287467693_6464552805547296253_n.jpg?tp=1&_nc_ht=instagram.fagc2-1.fna.fbcdn.net&_nc_ohc=4PN0pnZYjs0AX9DR_ZS&ccb=7-4&oh=5083872cf4c48c09a28b58578b0bbaa0&oe=60868420&_nc_sid=9fb510",
            "username": "mangarielriel"
        },
        "likes_count": 0,
        "answers": [
            {
                "id": 17880426305105606,
                "created_at": 1612846843,
                "text": "@mangarielriel yes",
                "owner": {
                    "id": "31345321949",
                    "is_verified": false,
                    "profile_pic_url": "https://instagram.fagc2-1.fna.fbcdn.net/v/t51.2885-19/s150x150/104655610_734890267265839_7042082510067431729_n.jpg?tp=1&_nc_ht=instagram.fagc2-1.fna.fbcdn.net&_nc_ohc=Q9yxDDyzyrwAX9Xuts8&ccb=7-4&oh=d86b1b6d639825b0f55d29acf1a38f6f&oe=608866EF&_nc_sid=9fb510",
                    "username": "airpods_case_1"
                },
                "likes_count": 0
            }
        ]
    },
    {
        "id": 17914927498558076,
        "created_at": 1611324172,
        "text": "price",
        "owner": {
            "id": "4746919728",
            "is_verified": false,
            "profile_pic_url": "https://instagram.fagc2-1.fna.fbcdn.net/v/t51.2885-19/s150x150/156798259_1352699691768445_3689365524493663220_n.jpg?tp=1&_nc_ht=instagram.fagc2-1.fna.fbcdn.net&_nc_ohc=Tar9NzP2C3QAX8pOnDt&ccb=7-4&oh=ddf8c4343686abcc455a861174fbf497&oe=60898DC0&_nc_sid=9fb510",
            "username": "_ahmadsudais"
        },
        "likes_count": 0,
        "answers": [
            {
                "id": 17861869952333458,
                "created_at": 1611328970,
                "text": "@_ahmadsudais check dm",
                "owner": {
                    "id": "31345321949",
                    "is_verified": false,
                    "profile_pic_url": "https://instagram.fagc2-1.fna.fbcdn.net/v/t51.2885-19/s150x150/104655610_734890267265839_7042082510067431729_n.jpg?tp=1&_nc_ht=instagram.fagc2-1.fna.fbcdn.net&_nc_ohc=Q9yxDDyzyrwAX9Xuts8&ccb=7-4&oh=d86b1b6d639825b0f55d29acf1a38f6f&oe=608866EF&_nc_sid=9fb510",
                    "username": "airpods_case_1"
                },
                "likes_count": 0
            }
        ]
    },
    {
        "id": 18189008155007009,
        "created_at": 1610942771,
        "text": "Price",
        "owner": {
            "id": "4045279784",
            "is_verified": false,
            "profile_pic_url": "https://instagram.fagc2-1.fna.fbcdn.net/v/t51.2885-19/s150x150/162172305_423973965364890_7252362960444473227_n.jpg?tp=1&_nc_ht=instagram.fagc2-1.fna.fbcdn.net&_nc_ohc=kMS6SOX-6DQAX-y7U-c&ccb=7-4&oh=d2dd8f1fd4cf4ad29b74dbee98c5ce03&oe=6086FBE5&_nc_sid=9fb510",
            "username": "alketrajput.74"
        },
        "likes_count": 0,
        "answers": [
            {
                "id": 17911939999560041,
                "created_at": 1610944382,
                "text": "@alketrajput.74 check dm",
                "owner": {
                    "id": "31345321949",
                    "is_verified": false,
                    "profile_pic_url": "https://instagram.fagc2-1.fna.fbcdn.net/v/t51.2885-19/s150x150/104655610_734890267265839_7042082510067431729_n.jpg?tp=1&_nc_ht=instagram.fagc2-1.fna.fbcdn.net&_nc_ohc=Q9yxDDyzyrwAX9Xuts8&ccb=7-4&oh=d86b1b6d639825b0f55d29acf1a38f6f&oe=608866EF&_nc_sid=9fb510",
                    "username": "airpods_case_1"
                },
                "likes_count": 1
            }
        ]
    },
    {
        "id": 17861975441332298,
        "created_at": 1609267840,
        "text": "Price for pro ?",
        "owner": {
            "id": "8925412911",
            "is_verified": false,
            "profile_pic_url": "https://instagram.fagc2-1.fna.fbcdn.net/v/t51.2885-19/s150x150/40658494_2466507520027812_4809500813237944320_n.jpg?tp=1&_nc_ht=instagram.fagc2-1.fna.fbcdn.net&_nc_ohc=jDmM-g3AGMYAX83HvAj&ccb=7-4&oh=4c57ff07738c96a351f4bd924d3b606b&oe=60881546&_nc_sid=9fb510",
            "username": "_indiantaste"
        },
        "likes_count": 0,
        "answers": [
            {
                "id": 17902374421655018,
                "created_at": 1609267902,
                "text": "@_indiantaste check dm",
                "owner": {
                    "id": "31345321949",
                    "is_verified": false,
                    "profile_pic_url": "https://instagram.fagc2-1.fna.fbcdn.net/v/t51.2885-19/s150x150/104655610_734890267265839_7042082510067431729_n.jpg?tp=1&_nc_ht=instagram.fagc2-1.fna.fbcdn.net&_nc_ohc=Q9yxDDyzyrwAX9Xuts8&ccb=7-4&oh=d86b1b6d639825b0f55d29acf1a38f6f&oe=608866EF&_nc_sid=9fb510",
                    "username": "airpods_case_1"
                },
                "likes_count": 0
            }
        ]
    },
    {
        "id": 17857444139366038,
        "created_at": 1608747970,
        "text": "Hey bro price pla",
        "owner": {
            "id": "14593922227",
            "is_verified": false,
            "profile_pic_url": "https://instagram.fagc2-1.fna.fbcdn.net/v/t51.2885-19/s150x150/155904419_293049512422513_5023589677134532516_n.jpg?tp=1&_nc_ht=instagram.fagc2-1.fna.fbcdn.net&_nc_ohc=daw7jtd1GIMAX_AYAp-&ccb=7-4&oh=ebb6d4b53413b38002413a9f5bd908e3&oe=60863125&_nc_sid=9fb510",
            "username": "shahidkhandx"
        },
        "likes_count": 0,
        "answers": [
            {
                "id": 17913894874539173,
                "created_at": 1608795629,
                "text": "@shahidkhandx check dm bro",
                "owner": {
                    "id": "31345321949",
                    "is_verified": false,
                    "profile_pic_url": "https://instagram.fagc2-1.fna.fbcdn.net/v/t51.2885-19/s150x150/104655610_734890267265839_7042082510067431729_n.jpg?tp=1&_nc_ht=instagram.fagc2-1.fna.fbcdn.net&_nc_ohc=Q9yxDDyzyrwAX9Xuts8&ccb=7-4&oh=d86b1b6d639825b0f55d29acf1a38f6f&oe=608866EF&_nc_sid=9fb510",
                    "username": "airpods_case_1"
                },
                "likes_count": 0
            }
        ]
    },
    {
        "id": 17972261545345984,
        "created_at": 1608551442,
        "text": "price??",
        "owner": {
            "id": "4139017546",
            "is_verified": false,
            "profile_pic_url": "https://instagram.fagc2-1.fna.fbcdn.net/v/t51.2885-19/s150x150/161658663_272334034455542_2724140087598179702_n.jpg?tp=1&_nc_ht=instagram.fagc2-1.fna.fbcdn.net&_nc_ohc=HEuObeOa2z8AX_ZWEXM&ccb=7-4&oh=330405cc2031a17dfc3ad59206a90f49&oe=60891EE9&_nc_sid=9fb510",
            "username": "tusharthakur949"
        },
        "likes_count": 0,
        "answers": [
            {
                "id": 17850388958439229,
                "created_at": 1608555180,
                "text": "@tusharthakur949 check dm",
                "owner": {
                    "id": "31345321949",
                    "is_verified": false,
                    "profile_pic_url": "https://instagram.fagc2-1.fna.fbcdn.net/v/t51.2885-19/s150x150/104655610_734890267265839_7042082510067431729_n.jpg?tp=1&_nc_ht=instagram.fagc2-1.fna.fbcdn.net&_nc_ohc=Q9yxDDyzyrwAX9Xuts8&ccb=7-4&oh=d86b1b6d639825b0f55d29acf1a38f6f&oe=608866EF&_nc_sid=9fb510",
                    "username": "airpods_case_1"
                },
                "likes_count": 0
            }
        ]
    },
    {
        "id": 18176067556038151,
        "created_at": 1606209359,
        "text": "Price plzz?",
        "owner": {
            "id": "6701602427",
            "is_verified": false,
            "profile_pic_url": "https://instagram.fagc2-1.fna.fbcdn.net/v/t51.2885-19/s150x150/135307089_207703527689392_4538738556550439920_n.jpg?tp=1&_nc_ht=instagram.fagc2-1.fna.fbcdn.net&_nc_ohc=BxZ_jIH8U0MAX9Rp6qH&ccb=7-4&oh=86dea470c798e0f7daafec56a9cddc2b&oe=6087C70A&_nc_sid=9fb510",
            "username": "iam_hussainn_"
        },
        "likes_count": 1,
        "answers": []
    },
    {
        "id": 18127202263095213,
        "created_at": 1605812539,
        "text": "Price",
        "owner": {
            "id": "6812374313",
            "is_verified": false,
            "profile_pic_url": "https://instagram.fagc2-1.fna.fbcdn.net/v/t51.2885-19/s150x150/120498913_750565475790458_1320299939680972125_n.jpg?tp=1&_nc_ht=instagram.fagc2-1.fna.fbcdn.net&_nc_ohc=90Qbqd6X6-4AX-ihw8p&ccb=7-4&oh=36eae41b60a7c5bdb22e65abf1bca962&oe=608853A8&_nc_sid=9fb510",
            "username": "itz_tausif_c84"
        },
        "likes_count": 0,
        "answers": []
    },
    {
        "id": 18108303730173773,
        "created_at": 1605537759,
        "text": "Price?",
        "owner": {
            "id": "11667540764",
            "is_verified": false,
            "profile_pic_url": "https://instagram.fagc2-1.fna.fbcdn.net/v/t51.2885-19/s150x150/155315060_100762108728548_5604127361882839962_n.jpg?tp=1&_nc_ht=instagram.fagc2-1.fna.fbcdn.net&_nc_ohc=5Cg33pozO4AAX-VvNnA&ccb=7-4&oh=4ce435158901decadfcaa3cb6b6b359d&oe=60888CC4&_nc_sid=9fb510",
            "username": "___radicka_____"
        },
        "likes_count": 0,
        "answers": [
            {
                "id": 17913683023501166,
                "created_at": 1605537849,
                "text": "@___radicka_____ check dm",
                "owner": {
                    "id": "31345321949",
                    "is_verified": false,
                    "profile_pic_url": "https://instagram.fagc2-1.fna.fbcdn.net/v/t51.2885-19/s150x150/104655610_734890267265839_7042082510067431729_n.jpg?tp=1&_nc_ht=instagram.fagc2-1.fna.fbcdn.net&_nc_ohc=Q9yxDDyzyrwAX9Xuts8&ccb=7-4&oh=d86b1b6d639825b0f55d29acf1a38f6f&oe=608866EF&_nc_sid=9fb510",
                    "username": "airpods_case_1"
                },
                "likes_count": 0
            }
        ]
    },
    {
        "id": 17860087697251316,
        "created_at": 1605474670,
        "text": "Price???",
        "owner": {
            "id": "2259882150",
            "is_verified": false,
            "profile_pic_url": "https://instagram.fagc2-1.fna.fbcdn.net/v/t51.2885-19/s150x150/156950875_455507635648062_3345278575543568281_n.jpg?tp=1&_nc_ht=instagram.fagc2-1.fna.fbcdn.net&_nc_ohc=SpC6ZP1XbtsAX-n-gO0&ccb=7-4&oh=f85f83ad212113fee352675f4f5ae279&oe=60891EF5&_nc_sid=9fb510",
            "username": "mohit.0410"
        },
        "likes_count": 0,
        "answers": [
            {
                "id": 17868029099118947,
                "created_at": 1605506229,
                "text": "@mohit.0410 check dm",
                "owner": {
                    "id": "31345321949",
                    "is_verified": false,
                    "profile_pic_url": "https://instagram.fagc2-1.fna.fbcdn.net/v/t51.2885-19/s150x150/104655610_734890267265839_7042082510067431729_n.jpg?tp=1&_nc_ht=instagram.fagc2-1.fna.fbcdn.net&_nc_ohc=Q9yxDDyzyrwAX9Xuts8&ccb=7-4&oh=d86b1b6d639825b0f55d29acf1a38f6f&oe=608866EF&_nc_sid=9fb510",
                    "username": "airpods_case_1"
                },
                "likes_count": 1
            }
        ]
    },
    {
        "id": 17865052424177245,
        "created_at": 1605356637,
        "text": "Price",
        "owner": {
            "id": "6109213410",
            "is_verified": false,
            "profile_pic_url": "https://instagram.fagc2-1.fna.fbcdn.net/v/t51.2885-19/s150x150/164343635_244505527409489_3916541497617885982_n.jpg?tp=1&_nc_ht=instagram.fagc2-1.fna.fbcdn.net&_nc_ohc=-pknxEafyJcAX-SqUcr&ccb=7-4&oh=c02ff0b116d15e650e3d5d94a9d7b329&oe=60873BD5&_nc_sid=9fb510",
            "username": "o.o_aditi"
        },
        "likes_count": 0,
        "answers": [
            {
                "id": 17873828474014128,
                "created_at": 1605356842,
                "text": "@__ad.ti check dm",
                "owner": {
                    "id": "31345321949",
                    "is_verified": false,
                    "profile_pic_url": "https://instagram.fagc2-1.fna.fbcdn.net/v/t51.2885-19/s150x150/104655610_734890267265839_7042082510067431729_n.jpg?tp=1&_nc_ht=instagram.fagc2-1.fna.fbcdn.net&_nc_ohc=Q9yxDDyzyrwAX9Xuts8&ccb=7-4&oh=d86b1b6d639825b0f55d29acf1a38f6f&oe=608866EF&_nc_sid=9fb510",
                    "username": "airpods_case_1"
                },
                "likes_count": 0
            }
        ]
    }
]