[
    {
        "id": 17978404771330385,
        "created_at": 1612041624,
        "text": "Hola precio??",
        "owner": {
            "id": "314529739",
            "is_verified": false,
            "profile_pic_url": "https://instagram.fagc2-1.fna.fbcdn.net/v/t51.2885-19/s150x150/126902934_865785064159217_1828857280433619052_n.jpg?tp=1&_nc_ht=instagram.fagc2-1.fna.fbcdn.net&_nc_ohc=LA8pXAcOmeAAX9IOiEn&ccb=7-4&oh=e3de01e60b12be4418646b7f231d04ee&oe=60888B98&_nc_sid=9fb510",
            "username": "mariopch27"
        },
        "likes_count": 0,
        "answers": []
    }
]