[
    {
        "id": 17952159142418476,
        "created_at": 1615307487,
        "text": "Pp?",
        "owner": {
            "id": "29776081971",
            "is_verified": false,
            "profile_pic_url": "https://scontent-itm1-1.cdninstagram.com/v/t51.2885-19/44884218_345707102882519_2446069589734326272_n.jpg?_nc_ht=scontent-itm1-1.cdninstagram.com&_nc_ohc=hLTkwc3uTqUAX8h_bX0&ccb=7-4&oh=95a511691008d60f244be0e2261b89f0&oe=6087738F&_nc_sid=cff2a4&ig_cache_key=YW5vbnltb3VzX3Byb2ZpbGVfcGlj.2-ccb7-4",
            "username": "whateverwhatever19"
        },
        "likes_count": 0,
        "answers": [
            {
                "id": 17863819982342871,
                "created_at": 1615309419,
                "text": "@whateverwhatever19 check dm",
                "owner": {
                    "id": "31345321949",
                    "is_verified": false,
                    "profile_pic_url": "https://instagram.fagc2-1.fna.fbcdn.net/v/t51.2885-19/s150x150/104655610_734890267265839_7042082510067431729_n.jpg?tp=1&_nc_ht=instagram.fagc2-1.fna.fbcdn.net&_nc_ohc=Q9yxDDyzyrwAX9Xuts8&ccb=7-4&oh=d86b1b6d639825b0f55d29acf1a38f6f&oe=608866EF&_nc_sid=9fb510",
                    "username": "airpods_case_1"
                },
                "likes_count": 0
            }
        ]
    },
    {
        "id": 17873540789209250,
        "created_at": 1614865208,
        "text": "price please",
        "owner": {
            "id": "1739185517",
            "is_verified": false,
            "profile_pic_url": "https://instagram.fagc2-1.fna.fbcdn.net/v/t51.2885-19/s150x150/119538585_1780914235411204_3590586751769081550_n.jpg?tp=1&_nc_ht=instagram.fagc2-1.fna.fbcdn.net&_nc_ohc=RnmD-7VzK4MAX-E3vTw&ccb=7-4&oh=785b456e5aa7dc12f26c04ac2f856a1a&oe=60897361&_nc_sid=9fb510",
            "username": "kanza.omer1"
        },
        "likes_count": 0,
        "answers": [
            {
                "id": 17874208196263653,
                "created_at": 1614866593,
                "text": "@kanza.omer1 check dm",
                "owner": {
                    "id": "31345321949",
                    "is_verified": false,
                    "profile_pic_url": "https://instagram.fagc2-1.fna.fbcdn.net/v/t51.2885-19/s150x150/104655610_734890267265839_7042082510067431729_n.jpg?tp=1&_nc_ht=instagram.fagc2-1.fna.fbcdn.net&_nc_ohc=Q9yxDDyzyrwAX9Xuts8&ccb=7-4&oh=d86b1b6d639825b0f55d29acf1a38f6f&oe=608866EF&_nc_sid=9fb510",
                    "username": "airpods_case_1"
                },
                "likes_count": 0
            }
        ]
    },
    {
        "id": 17901982393748707,
        "created_at": 1614109106,
        "text": "Pp?",
        "owner": {
            "id": "5551464318",
            "is_verified": false,
            "profile_pic_url": "https://instagram.fagc2-1.fna.fbcdn.net/v/t51.2885-19/s150x150/157030498_848895705693812_4138007530218397871_n.jpg?tp=1&_nc_ht=instagram.fagc2-1.fna.fbcdn.net&_nc_ohc=pRvff7Tc3JsAX_N4xIn&ccb=7-4&oh=af3184679d3bf7b32c7abf1fd9b1bfcb&oe=60893225&_nc_sid=9fb510",
            "username": "shreyakhanna15"
        },
        "likes_count": 0,
        "answers": [
            {
                "id": 18197719321026824,
                "created_at": 1614132149,
                "text": "@shreyakhanna15 check dm",
                "owner": {
                    "id": "31345321949",
                    "is_verified": false,
                    "profile_pic_url": "https://instagram.fagc2-1.fna.fbcdn.net/v/t51.2885-19/s150x150/104655610_734890267265839_7042082510067431729_n.jpg?tp=1&_nc_ht=instagram.fagc2-1.fna.fbcdn.net&_nc_ohc=Q9yxDDyzyrwAX9Xuts8&ccb=7-4&oh=d86b1b6d639825b0f55d29acf1a38f6f&oe=608866EF&_nc_sid=9fb510",
                    "username": "airpods_case_1"
                },
                "likes_count": 0
            }
        ]
    },
    {
        "id": 17895870595822599,
        "created_at": 1612868123,
        "text": "pp",
        "owner": {
            "id": "2925925746",
            "is_verified": false,
            "profile_pic_url": "https://instagram.fagc2-1.fna.fbcdn.net/v/t51.2885-19/s150x150/75561400_791730361275406_4324155760599629824_n.jpg?tp=1&_nc_ht=instagram.fagc2-1.fna.fbcdn.net&_nc_ohc=UOZy-0uYiRcAX-8Yrju&ccb=7-4&oh=f52d87b7875ff972cba6a7a32d94293a&oe=608681B5&_nc_sid=9fb510",
            "username": "heena4999"
        },
        "likes_count": 0,
        "answers": [
            {
                "id": 17871245237313200,
                "created_at": 1612868479,
                "text": "@heena4999 check dm",
                "owner": {
                    "id": "31345321949",
                    "is_verified": false,
                    "profile_pic_url": "https://instagram.fagc2-1.fna.fbcdn.net/v/t51.2885-19/s150x150/104655610_734890267265839_7042082510067431729_n.jpg?tp=1&_nc_ht=instagram.fagc2-1.fna.fbcdn.net&_nc_ohc=Q9yxDDyzyrwAX9Xuts8&ccb=7-4&oh=d86b1b6d639825b0f55d29acf1a38f6f&oe=608866EF&_nc_sid=9fb510",
                    "username": "airpods_case_1"
                },
                "likes_count": 0
            }
        ]
    },
    {
        "id": 17912125825608266,
        "created_at": 1612628948,
        "text": "For pro ?",
        "owner": {
            "id": "5971908282",
            "is_verified": false,
            "profile_pic_url": "https://instagram.fagc2-1.fna.fbcdn.net/v/t51.2885-19/s150x150/123243890_1002033076868814_5295895911567238788_n.jpg?tp=1&_nc_ht=instagram.fagc2-1.fna.fbcdn.net&_nc_ohc=b1TyR19SGzIAX--5yka&ccb=7-4&oh=51a3aa1e543d6a194007afa9e843ff09&oe=60871B5B&_nc_sid=9fb510",
            "username": "mohamedsheikj"
        },
        "likes_count": 0,
        "answers": []
    },
    {
        "id": 18145378696136039,
        "created_at": 1611584136,
        "text": "How much please",
        "owner": {
            "id": "6085394057",
            "is_verified": false,
            "profile_pic_url": "https://instagram.fagc2-1.fna.fbcdn.net/v/t51.2885-19/s150x150/120100518_614622485874474_7067576998683174967_n.jpg?tp=1&_nc_ht=instagram.fagc2-1.fna.fbcdn.net&_nc_ohc=tyG739AHT_oAX9Tbhyb&ccb=7-4&oh=426bc3d6176597ba93851a4adac49fdf&oe=6086F768&_nc_sid=9fb510",
            "username": "awurardwoarh"
        },
        "likes_count": 0,
        "answers": [
            {
                "id": 17869791557307570,
                "created_at": 1611588404,
                "text": "@awurardwoarh check dm",
                "owner": {
                    "id": "31345321949",
                    "is_verified": false,
                    "profile_pic_url": "https://instagram.fagc2-1.fna.fbcdn.net/v/t51.2885-19/s150x150/104655610_734890267265839_7042082510067431729_n.jpg?tp=1&_nc_ht=instagram.fagc2-1.fna.fbcdn.net&_nc_ohc=Q9yxDDyzyrwAX9Xuts8&ccb=7-4&oh=d86b1b6d639825b0f55d29acf1a38f6f&oe=608866EF&_nc_sid=9fb510",
                    "username": "airpods_case_1"
                },
                "likes_count": 0
            }
        ]
    },
    {
        "id": 17894264413795259,
        "created_at": 1611153547,
        "text": "Pp",
        "owner": {
            "id": "1497061377",
            "is_verified": false,
            "profile_pic_url": "https://instagram.fagc2-1.fna.fbcdn.net/v/t51.2885-19/s150x150/15253176_659587767534862_129823388045672448_a.jpg?tp=1&_nc_ht=instagram.fagc2-1.fna.fbcdn.net&_nc_ohc=K7ifF0aiyXwAX8WZdZu&ccb=7-4&oh=f1bd46de82f328c4ec0a2ded86645b1f&oe=60870F6B&_nc_sid=9fb510",
            "username": "gazelle_glitters"
        },
        "likes_count": 0,
        "answers": []
    },
    {
        "id": 18186435262009206,
        "created_at": 1611147747,
        "text": "Hm",
        "owner": {
            "id": "8221359286",
            "is_verified": false,
            "profile_pic_url": "https://instagram.fagc2-1.fna.fbcdn.net/v/t51.2885-19/s150x150/153567819_206230684619112_7778237938072050336_n.jpg?tp=1&_nc_ht=instagram.fagc2-1.fna.fbcdn.net&_nc_ohc=SATJGBRQnTUAX9_nva4&ccb=7-4&oh=77e6984224fca90ff690ccfcd1d58322&oe=6086B2DD&_nc_sid=9fb510",
            "username": "kenzy14_"
        },
        "likes_count": 0,
        "answers": []
    },
    {
        "id": 17903243209625189,
        "created_at": 1608187452,
        "text": "Still avail? Hm ?",
        "owner": {
            "id": "3035015934",
            "is_verified": false,
            "profile_pic_url": "https://instagram.fagc2-1.fna.fbcdn.net/v/t51.2885-19/s150x150/137056693_159831032256762_7892066070609701230_n.jpg?tp=1&_nc_ht=instagram.fagc2-1.fna.fbcdn.net&_nc_ohc=tRdxQ00I-x4AX90kN9w&ccb=7-4&oh=cc7096a62b516bf2189cc1d794ea0f19&oe=6088B4CA&_nc_sid=9fb510",
            "username": "iamsupershai08"
        },
        "likes_count": 0,
        "answers": [
            {
                "id": 18020579455295660,
                "created_at": 1608187492,
                "text": "@iamsupershai08 yes available",
                "owner": {
                    "id": "31345321949",
                    "is_verified": false,
                    "profile_pic_url": "https://instagram.fagc2-1.fna.fbcdn.net/v/t51.2885-19/s150x150/104655610_734890267265839_7042082510067431729_n.jpg?tp=1&_nc_ht=instagram.fagc2-1.fna.fbcdn.net&_nc_ohc=Q9yxDDyzyrwAX9Xuts8&ccb=7-4&oh=d86b1b6d639825b0f55d29acf1a38f6f&oe=608866EF&_nc_sid=9fb510",
                    "username": "airpods_case_1"
                },
                "likes_count": 0
            }
        ]
    },
    {
        "id": 17890959496789112,
        "created_at": 1608030839,
        "text": "Price please",
        "owner": {
            "id": "3154389290",
            "is_verified": false,
            "profile_pic_url": "https://instagram.fagc2-1.fna.fbcdn.net/v/t51.2885-19/s150x150/14716469_1802388473336991_6745466264031854592_a.jpg?tp=1&_nc_ht=instagram.fagc2-1.fna.fbcdn.net&_nc_ohc=17LazrxJ2hYAX84SCy3&ccb=7-4&oh=ea46946076d61671357437e4216d14c7&oe=6089553C&_nc_sid=9fb510",
            "username": "kanika.goswami"
        },
        "likes_count": 0,
        "answers": [
            {
                "id": 18120701575161697,
                "created_at": 1608043409,
                "text": "@kanika.goswami check dm",
                "owner": {
                    "id": "31345321949",
                    "is_verified": false,
                    "profile_pic_url": "https://instagram.fagc2-1.fna.fbcdn.net/v/t51.2885-19/s150x150/104655610_734890267265839_7042082510067431729_n.jpg?tp=1&_nc_ht=instagram.fagc2-1.fna.fbcdn.net&_nc_ohc=Q9yxDDyzyrwAX9Xuts8&ccb=7-4&oh=d86b1b6d639825b0f55d29acf1a38f6f&oe=608866EF&_nc_sid=9fb510",
                    "username": "airpods_case_1"
                },
                "likes_count": 0
            }
        ]
    },
    {
        "id": 17883656062879729,
        "created_at": 1606439920,
        "text": "This would only fit few models right",
        "owner": {
            "id": "5624981654",
            "is_verified": false,
            "profile_pic_url": "https://instagram.fagc2-1.fna.fbcdn.net/v/t51.2885-19/s150x150/22858348_130087784417341_994902841673908224_n.jpg?tp=1&_nc_ht=instagram.fagc2-1.fna.fbcdn.net&_nc_ohc=1zzqiBRkSloAX8TzFmC&ccb=7-4&oh=1507191d752a61735d7d4a0e929cb06f&oe=60882E8A&_nc_sid=9fb510",
            "username": "poshlendavid"
        },
        "likes_count": 0,
        "answers": [
            {
                "id": 18165242542071448,
                "created_at": 1606440084,
                "text": "@poshlendavid this fit apple airpods 1/2 perfectly",
                "owner": {
                    "id": "31345321949",
                    "is_verified": false,
                    "profile_pic_url": "https://instagram.fagc2-1.fna.fbcdn.net/v/t51.2885-19/s150x150/104655610_734890267265839_7042082510067431729_n.jpg?tp=1&_nc_ht=instagram.fagc2-1.fna.fbcdn.net&_nc_ohc=Q9yxDDyzyrwAX9Xuts8&ccb=7-4&oh=d86b1b6d639825b0f55d29acf1a38f6f&oe=608866EF&_nc_sid=9fb510",
                    "username": "airpods_case_1"
                },
                "likes_count": 0
            }
        ]
    },
    {
        "id": 17857811939287159,
        "created_at": 1604330160,
        "text": "Price",
        "owner": {
            "id": "2118901568",
            "is_verified": false,
            "profile_pic_url": "https://instagram.fagc2-1.fna.fbcdn.net/v/t51.2885-19/s150x150/70084051_461087757831791_6575988211741360128_n.jpg?tp=1&_nc_ht=instagram.fagc2-1.fna.fbcdn.net&_nc_ohc=Ae5I82sUu5QAX8cdGwt&ccb=7-4&oh=d204f03d18cbcce24916e0de6d849c2c&oe=6087E878&_nc_sid=9fb510",
            "username": "sheh_naaz_love_forever"
        },
        "likes_count": 0,
        "answers": [
            {
                "id": 17871544406057710,
                "created_at": 1604336353,
                "text": "@sheh_naaz_love_forever check dm",
                "owner": {
                    "id": "31345321949",
                    "is_verified": false,
                    "profile_pic_url": "https://instagram.fagc2-1.fna.fbcdn.net/v/t51.2885-19/s150x150/104655610_734890267265839_7042082510067431729_n.jpg?tp=1&_nc_ht=instagram.fagc2-1.fna.fbcdn.net&_nc_ohc=Q9yxDDyzyrwAX9Xuts8&ccb=7-4&oh=d86b1b6d639825b0f55d29acf1a38f6f&oe=608866EF&_nc_sid=9fb510",
                    "username": "airpods_case_1"
                },
                "likes_count": 0
            }
        ]
    },
    {
        "id": 18138926482105580,
        "created_at": 1603816529,
        "text": "Price???",
        "owner": {
            "id": "875571272",
            "is_verified": false,
            "profile_pic_url": "https://instagram.fagc2-1.fna.fbcdn.net/v/t51.2885-19/s150x150/139021136_1317117535308807_312668203042164268_n.jpg?tp=1&_nc_ht=instagram.fagc2-1.fna.fbcdn.net&_nc_ohc=Bynj5TlbrsIAX-WICIn&ccb=7-4&oh=0253e6222b59b3cf6adf0198a8a028b1&oe=6086D64B&_nc_sid=9fb510",
            "username": "mininarula02"
        },
        "likes_count": 0,
        "answers": [
            {
                "id": 17889945763735599,
                "created_at": 1603819231,
                "text": "@mininarula02 check dm",
                "owner": {
                    "id": "31345321949",
                    "is_verified": false,
                    "profile_pic_url": "https://instagram.fagc2-1.fna.fbcdn.net/v/t51.2885-19/s150x150/104655610_734890267265839_7042082510067431729_n.jpg?tp=1&_nc_ht=instagram.fagc2-1.fna.fbcdn.net&_nc_ohc=Q9yxDDyzyrwAX9Xuts8&ccb=7-4&oh=d86b1b6d639825b0f55d29acf1a38f6f&oe=608866EF&_nc_sid=9fb510",
                    "username": "airpods_case_1"
                },
                "likes_count": 0
            }
        ]
    },
    {
        "id": 17885782939746105,
        "created_at": 1603621149,
        "text": "Pp",
        "owner": {
            "id": "5470241542",
            "is_verified": false,
            "profile_pic_url": "https://instagram.fagc2-1.fna.fbcdn.net/v/t51.2885-19/s150x150/71834129_695917400905863_5841506979733831680_n.jpg?tp=1&_nc_ht=instagram.fagc2-1.fna.fbcdn.net&_nc_ohc=KMsSwO-SwocAX9Ag4gx&ccb=7-4&oh=7fd3d55b9512a2156763f16c973e97b7&oe=608702E5&_nc_sid=9fb510",
            "username": "eshakapoor_289"
        },
        "likes_count": 0,
        "answers": [
            {
                "id": 17902986784574130,
                "created_at": 1603621167,
                "text": "@eshakapoor_289 check dm",
                "owner": {
                    "id": "31345321949",
                    "is_verified": false,
                    "profile_pic_url": "https://instagram.fagc2-1.fna.fbcdn.net/v/t51.2885-19/s150x150/104655610_734890267265839_7042082510067431729_n.jpg?tp=1&_nc_ht=instagram.fagc2-1.fna.fbcdn.net&_nc_ohc=Q9yxDDyzyrwAX9Xuts8&ccb=7-4&oh=d86b1b6d639825b0f55d29acf1a38f6f&oe=608866EF&_nc_sid=9fb510",
                    "username": "airpods_case_1"
                },
                "likes_count": 0
            }
        ]
    },
    {
        "id": 18127998832191445,
        "created_at": 1603187527,
        "text": "Hi.. price plz",
        "owner": {
            "id": "189742594",
            "is_verified": false,
            "profile_pic_url": "https://instagram.fagc2-1.fna.fbcdn.net/v/t51.2885-19/s150x150/147535229_1366441383692118_4109824669513802482_n.jpg?tp=1&_nc_ht=instagram.fagc2-1.fna.fbcdn.net&_nc_ohc=4vn9hW3qptcAX9sdP2J&ccb=7-4&oh=6e856be11d7b23f54420a41edeab0842&oe=60892F25&_nc_sid=9fb510",
            "username": "nikitajain08"
        },
        "likes_count": 0,
        "answers": [
            {
                "id": 17876558620936854,
                "created_at": 1603187544,
                "text": "@nikitajain08 check dm",
                "owner": {
                    "id": "31345321949",
                    "is_verified": false,
                    "profile_pic_url": "https://instagram.fagc2-1.fna.fbcdn.net/v/t51.2885-19/s150x150/104655610_734890267265839_7042082510067431729_n.jpg?tp=1&_nc_ht=instagram.fagc2-1.fna.fbcdn.net&_nc_ohc=Q9yxDDyzyrwAX9Xuts8&ccb=7-4&oh=d86b1b6d639825b0f55d29acf1a38f6f&oe=608866EF&_nc_sid=9fb510",
                    "username": "airpods_case_1"
                },
                "likes_count": 0
            }
        ]
    },
    {
        "id": 17881726351808989,
        "created_at": 1602555853,
        "text": "Price",
        "owner": {
            "id": "4595530778",
            "is_verified": false,
            "profile_pic_url": "https://instagram.fagc2-1.fna.fbcdn.net/v/t51.2885-19/s150x150/153825062_263810908589493_1186134459315509331_n.jpg?tp=1&_nc_ht=instagram.fagc2-1.fna.fbcdn.net&_nc_ohc=E349FVHRM4UAX_7or2C&ccb=7-4&oh=634c779170e33b87def88d267cb6c678&oe=60880EAB&_nc_sid=9fb510",
            "username": "pratibha__mishra__"
        },
        "likes_count": 0,
        "answers": [
            {
                "id": 17889822628722990,
                "created_at": 1602556308,
                "text": "@pratibha__mishra__ check dn",
                "owner": {
                    "id": "31345321949",
                    "is_verified": false,
                    "profile_pic_url": "https://instagram.fagc2-1.fna.fbcdn.net/v/t51.2885-19/s150x150/104655610_734890267265839_7042082510067431729_n.jpg?tp=1&_nc_ht=instagram.fagc2-1.fna.fbcdn.net&_nc_ohc=Q9yxDDyzyrwAX9Xuts8&ccb=7-4&oh=d86b1b6d639825b0f55d29acf1a38f6f&oe=608866EF&_nc_sid=9fb510",
                    "username": "airpods_case_1"
                },
                "likes_count": 0
            }
        ]
    },
    {
        "id": 17865261863096338,
        "created_at": 1601925377,
        "text": "Pp",
        "owner": {
            "id": "1367065876",
            "is_verified": false,
            "profile_pic_url": "https://instagram.fagc2-1.fna.fbcdn.net/v/t51.2885-19/s150x150/138715526_689999001882685_7535554364126116708_n.jpg?tp=1&_nc_ht=instagram.fagc2-1.fna.fbcdn.net&_nc_ohc=VQkmxPiG7YcAX87oMYP&ccb=7-4&oh=1c25256265adce26c39b0628a96176e1&oe=60863435&_nc_sid=9fb510",
            "username": "_theriyawalia_"
        },
        "likes_count": 0,
        "answers": [
            {
                "id": 17890663987678916,
                "created_at": 1601958248,
                "text": "@_theriyawalia_ check dm",
                "owner": {
                    "id": "31345321949",
                    "is_verified": false,
                    "profile_pic_url": "https://instagram.fagc2-1.fna.fbcdn.net/v/t51.2885-19/s150x150/104655610_734890267265839_7042082510067431729_n.jpg?tp=1&_nc_ht=instagram.fagc2-1.fna.fbcdn.net&_nc_ohc=Q9yxDDyzyrwAX9Xuts8&ccb=7-4&oh=d86b1b6d639825b0f55d29acf1a38f6f&oe=608866EF&_nc_sid=9fb510",
                    "username": "airpods_case_1"
                },
                "likes_count": 0
            }
        ]
    },
    {
        "id": 17979430717309162,
        "created_at": 1601425966,
        "text": "How much?",
        "owner": {
            "id": "4563584219",
            "is_verified": false,
            "profile_pic_url": "https://instagram.fagc2-1.fna.fbcdn.net/v/t51.2885-19/s150x150/124155601_819907538743487_4620221370908938442_n.jpg?tp=1&_nc_ht=instagram.fagc2-1.fna.fbcdn.net&_nc_ohc=Yf4QRvVsDVcAX9deJ2k&ccb=7-4&oh=72e3be9b1adcca30fb74eb699080f141&oe=608881D3&_nc_sid=9fb510",
            "username": "i.m_michyx"
        },
        "likes_count": 0,
        "answers": []
    },
    {
        "id": 17880234895812168,
        "created_at": 1601210999,
        "text": "price",
        "owner": {
            "id": "679212857",
            "is_verified": false,
            "profile_pic_url": "https://instagram.fagc2-1.fna.fbcdn.net/v/t51.2885-19/s150x150/132199982_874930626643770_1710916956138862754_n.jpg?tp=1&_nc_ht=instagram.fagc2-1.fna.fbcdn.net&_nc_ohc=3jBhN1T8dlkAX9h26og&ccb=7-4&oh=1c133ba76a4cb287fec3a0bd36746444&oe=6089094A&_nc_sid=9fb510",
            "username": "geetanshgrover"
        },
        "likes_count": 0,
        "answers": [
            {
                "id": 17887914409705849,
                "created_at": 1601221267,
                "text": "@geetanshgrover check your dm",
                "owner": {
                    "id": "31345321949",
                    "is_verified": false,
                    "profile_pic_url": "https://instagram.fagc2-1.fna.fbcdn.net/v/t51.2885-19/s150x150/104655610_734890267265839_7042082510067431729_n.jpg?tp=1&_nc_ht=instagram.fagc2-1.fna.fbcdn.net&_nc_ohc=Q9yxDDyzyrwAX9Xuts8&ccb=7-4&oh=d86b1b6d639825b0f55d29acf1a38f6f&oe=608866EF&_nc_sid=9fb510",
                    "username": "airpods_case_1"
                },
                "likes_count": 0
            }
        ]
    },
    {
        "id": 17868030461002312,
        "created_at": 1601146602,
        "text": "Pp",
        "owner": {
            "id": "1521086902",
            "is_verified": false,
            "profile_pic_url": "https://instagram.fagc2-1.fna.fbcdn.net/v/t51.2885-19/s150x150/146106830_192183055927488_1057756593067643612_n.jpg?tp=1&_nc_ht=instagram.fagc2-1.fna.fbcdn.net&_nc_ohc=095rfOTJfncAX-eJZj_&ccb=7-4&oh=f41dbfa5155f4ffce5eec599aff1ffb8&oe=6087BFDD&_nc_sid=9fb510",
            "username": "binie.walia"
        },
        "likes_count": 0,
        "answers": [
            {
                "id": 17895802003608811,
                "created_at": 1601146735,
                "text": "@binie.walia check your inbox",
                "owner": {
                    "id": "31345321949",
                    "is_verified": false,
                    "profile_pic_url": "https://instagram.fagc2-1.fna.fbcdn.net/v/t51.2885-19/s150x150/104655610_734890267265839_7042082510067431729_n.jpg?tp=1&_nc_ht=instagram.fagc2-1.fna.fbcdn.net&_nc_ohc=Q9yxDDyzyrwAX9Xuts8&ccb=7-4&oh=d86b1b6d639825b0f55d29acf1a38f6f&oe=608866EF&_nc_sid=9fb510",
                    "username": "airpods_case_1"
                },
                "likes_count": 0
            }
        ]
    },
    {
        "id": 17846251919366042,
        "created_at": 1601124589,
        "text": "Pp?",
        "owner": {
            "id": "38912818131",
            "is_verified": false,
            "profile_pic_url": "https://instagram.fagc2-1.fna.fbcdn.net/v/t51.2885-19/s150x150/106626036_917180462133737_7958833349372579229_n.jpg?tp=1&_nc_ht=instagram.fagc2-1.fna.fbcdn.net&_nc_ohc=9-B5ATQnMWcAX_P4EE4&ccb=7-4&oh=5c81a90f30b9382a5d8ef1c6b71a3345&oe=60871228&_nc_sid=9fb510",
            "username": "afrozhanifshaikh"
        },
        "likes_count": 0,
        "answers": [
            {
                "id": 17912235592495305,
                "created_at": 1601126069,
                "text": "@afrozhanifshaikh check your dm",
                "owner": {
                    "id": "31345321949",
                    "is_verified": false,
                    "profile_pic_url": "https://instagram.fagc2-1.fna.fbcdn.net/v/t51.2885-19/s150x150/104655610_734890267265839_7042082510067431729_n.jpg?tp=1&_nc_ht=instagram.fagc2-1.fna.fbcdn.net&_nc_ohc=Q9yxDDyzyrwAX9Xuts8&ccb=7-4&oh=d86b1b6d639825b0f55d29acf1a38f6f&oe=608866EF&_nc_sid=9fb510",
                    "username": "airpods_case_1"
                },
                "likes_count": 0
            }
        ]
    },
    {
        "id": 18122932678142565,
        "created_at": 1600107322,
        "text": "Pp",
        "owner": {
            "id": "36987593882",
            "is_verified": false,
            "profile_pic_url": "https://instagram.fagc2-1.fna.fbcdn.net/v/t51.2885-19/s150x150/102394288_265447687997866_6789903262691622912_n.jpg?tp=1&_nc_ht=instagram.fagc2-1.fna.fbcdn.net&_nc_ohc=blH5wpjar8EAX_7DYEb&ccb=7-4&oh=2263c2c47dad150f9d9b69e6cc6a9b86&oe=6087ADEC&_nc_sid=9fb510",
            "username": "toystore1706"
        },
        "likes_count": 0,
        "answers": []
    }
]