[
    {
        "id": 17862141713387221,
        "created_at": 1612862559,
        "text": "Pp",
        "owner": {
            "id": "1336474021",
            "is_verified": false,
            "profile_pic_url": "https://instagram.fagc2-1.fna.fbcdn.net/v/t51.2885-19/s150x150/140788822_457797038578775_4347687626328786004_n.jpg?tp=1&_nc_ht=instagram.fagc2-1.fna.fbcdn.net&_nc_ohc=VocyerqdqLYAX8Z63zh&ccb=7-4&oh=d9f27d6a245e856947f707f7cac5a70f&oe=608908BF&_nc_sid=9fb510",
            "username": "anshhh.music"
        },
        "likes_count": 0,
        "answers": [
            {
                "id": 17866012595337489,
                "created_at": 1612862627,
                "text": "@anshhh.music check dm",
                "owner": {
                    "id": "31345321949",
                    "is_verified": false,
                    "profile_pic_url": "https://instagram.fagc2-1.fna.fbcdn.net/v/t51.2885-19/s150x150/104655610_734890267265839_7042082510067431729_n.jpg?tp=1&_nc_ht=instagram.fagc2-1.fna.fbcdn.net&_nc_ohc=Q9yxDDyzyrwAX9Xuts8&ccb=7-4&oh=d86b1b6d639825b0f55d29acf1a38f6f&oe=608866EF&_nc_sid=9fb510",
                    "username": "airpods_case_1"
                },
                "likes_count": 0
            }
        ]
    },
    {
        "id": 17860070429350427,
        "created_at": 1609745200,
        "text": "Price",
        "owner": {
            "id": "11871714352",
            "is_verified": false,
            "profile_pic_url": "https://instagram.fagc2-1.fna.fbcdn.net/v/t51.2885-19/s150x150/92490531_2334417823526277_8037989534496980992_n.jpg?tp=1&_nc_ht=instagram.fagc2-1.fna.fbcdn.net&_nc_ohc=o1UTpBdGdC4AX_L-cmC&ccb=7-4&oh=e4fd48b1837c86e883f859fe55a9b839&oe=60881139&_nc_sid=9fb510",
            "username": "nanakkkkkkkk"
        },
        "likes_count": 0,
        "answers": []
    },
    {
        "id": 17886590401846530,
        "created_at": 1607617735,
        "text": "Price pls",
        "owner": {
            "id": "1538710455",
            "is_verified": false,
            "profile_pic_url": "https://instagram.fagc2-1.fna.fbcdn.net/v/t51.2885-19/s150x150/162937204_1152098565233836_6588203218005357498_n.jpg?tp=1&_nc_ht=instagram.fagc2-1.fna.fbcdn.net&_nc_ohc=tFiVsttH_7sAX9x2GD7&ccb=7-4&oh=cf00c4ed23726cc9f47f0963279186d7&oe=6087FBA6&_nc_sid=9fb510",
            "username": "bhagyashree_sorte"
        },
        "likes_count": 0,
        "answers": [
            {
                "id": 18179204956053619,
                "created_at": 1607621098,
                "text": "@bhagyashree_sorte check dm",
                "owner": {
                    "id": "31345321949",
                    "is_verified": false,
                    "profile_pic_url": "https://instagram.fagc2-1.fna.fbcdn.net/v/t51.2885-19/s150x150/104655610_734890267265839_7042082510067431729_n.jpg?tp=1&_nc_ht=instagram.fagc2-1.fna.fbcdn.net&_nc_ohc=Q9yxDDyzyrwAX9Xuts8&ccb=7-4&oh=d86b1b6d639825b0f55d29acf1a38f6f&oe=608866EF&_nc_sid=9fb510",
                    "username": "airpods_case_1"
                },
                "likes_count": 0
            }
        ]
    }
]