[
    {
        "id": 17878458248145064,
        "created_at": 1615697374,
        "text": "Pp",
        "owner": {
            "id": "247248939",
            "is_verified": false,
            "profile_pic_url": "https://instagram.fagc2-1.fna.fbcdn.net/v/t51.2885-19/s150x150/160190179_507141853628271_5349730492660017333_n.jpg?tp=1&_nc_ht=instagram.fagc2-1.fna.fbcdn.net&_nc_ohc=CAX23NYisbEAX960AFx&ccb=7-4&oh=3a469afc1e4337dbd305779b896944fb&oe=6086F2D4&_nc_sid=9fb510",
            "username": "ssanyaa_agarwal"
        },
        "likes_count": 0,
        "answers": [
            {
                "id": 17994346486324427,
                "created_at": 1615697464,
                "text": "@ssanyaa_agarwal check dm",
                "owner": {
                    "id": "31345321949",
                    "is_verified": false,
                    "profile_pic_url": "https://instagram.fagc2-1.fna.fbcdn.net/v/t51.2885-19/s150x150/104655610_734890267265839_7042082510067431729_n.jpg?tp=1&_nc_ht=instagram.fagc2-1.fna.fbcdn.net&_nc_ohc=Q9yxDDyzyrwAX9Xuts8&ccb=7-4&oh=d86b1b6d639825b0f55d29acf1a38f6f&oe=608866EF&_nc_sid=9fb510",
                    "username": "airpods_case_1"
                },
                "likes_count": 0
            }
        ]
    },
    {
        "id": 18194699944005963,
        "created_at": 1613059632,
        "text": "What\u2019s the price?",
        "owner": {
            "id": "5647893836",
            "is_verified": false,
            "profile_pic_url": "https://instagram.fagc2-1.fna.fbcdn.net/v/t51.2885-19/s150x150/161621634_723275554924660_5004676186775487723_n.jpg?tp=1&_nc_ht=instagram.fagc2-1.fna.fbcdn.net&_nc_ohc=2mUPUK6xOCgAX9hLSzg&ccb=7-4&oh=a79a4c69666075fffcf0b4d4e4577c86&oe=6088136B&_nc_sid=9fb510",
            "username": "_ritikakaran"
        },
        "likes_count": 0,
        "answers": [
            {
                "id": 18197009254032616,
                "created_at": 1613060680,
                "text": "@_ritikakaran check dm",
                "owner": {
                    "id": "31345321949",
                    "is_verified": false,
                    "profile_pic_url": "https://instagram.fagc2-1.fna.fbcdn.net/v/t51.2885-19/s150x150/104655610_734890267265839_7042082510067431729_n.jpg?tp=1&_nc_ht=instagram.fagc2-1.fna.fbcdn.net&_nc_ohc=Q9yxDDyzyrwAX9Xuts8&ccb=7-4&oh=d86b1b6d639825b0f55d29acf1a38f6f&oe=608866EF&_nc_sid=9fb510",
                    "username": "airpods_case_1"
                },
                "likes_count": 0
            }
        ]
    },
    {
        "id": 17974309837358192,
        "created_at": 1612652561,
        "text": "Hm",
        "owner": {
            "id": "12808056563",
            "is_verified": false,
            "profile_pic_url": "https://instagram.fagc2-1.fna.fbcdn.net/v/t51.2885-19/s150x150/133852809_834905837081057_8728189289330072322_n.jpg?tp=1&_nc_ht=instagram.fagc2-1.fna.fbcdn.net&_nc_ohc=E1RTuh8AMmUAX-G0EOt&ccb=7-4&oh=9576d7cf191a0c36b133349304e61c0f&oe=6089F5F4&_nc_sid=9fb510",
            "username": "samasmasm2"
        },
        "likes_count": 0,
        "answers": []
    },
    {
        "id": 17879729339070926,
        "created_at": 1610481866,
        "text": "Price??",
        "owner": {
            "id": "43454473345",
            "is_verified": false,
            "profile_pic_url": "https://instagram.fagc2-1.fna.fbcdn.net/v/t51.2885-19/s150x150/164743993_2745141555738906_7778797597626718908_n.jpg?tp=1&_nc_ht=instagram.fagc2-1.fna.fbcdn.net&_nc_ohc=SrJfMznjPD0AX81LuQp&ccb=7-4&oh=de6152dedcad09e69486ddf00a79702b&oe=608768D4&_nc_sid=9fb510",
            "username": "happy_mayam90"
        },
        "likes_count": 0,
        "answers": [
            {
                "id": 17967752503364831,
                "created_at": 1610511532,
                "text": "@happy_mayam90 check dm",
                "owner": {
                    "id": "31345321949",
                    "is_verified": false,
                    "profile_pic_url": "https://instagram.fagc2-1.fna.fbcdn.net/v/t51.2885-19/s150x150/104655610_734890267265839_7042082510067431729_n.jpg?tp=1&_nc_ht=instagram.fagc2-1.fna.fbcdn.net&_nc_ohc=Q9yxDDyzyrwAX9Xuts8&ccb=7-4&oh=d86b1b6d639825b0f55d29acf1a38f6f&oe=608866EF&_nc_sid=9fb510",
                    "username": "airpods_case_1"
                },
                "likes_count": 0
            }
        ]
    },
    {
        "id": 18094848211209997,
        "created_at": 1610005247,
        "text": "Prize plz",
        "owner": {
            "id": "44419359220",
            "is_verified": false,
            "profile_pic_url": "https://instagram.fagc2-1.fna.fbcdn.net/v/t51.2885-19/s150x150/150151005_425542981855503_4483404022681207801_n.jpg?tp=1&_nc_ht=instagram.fagc2-1.fna.fbcdn.net&_nc_ohc=tf0h6DPpuOQAX8Z8Ef8&ccb=7-4&oh=c53a6f50645a99105900427c66e97839&oe=608842CF&_nc_sid=9fb510",
            "username": "virendrasinh_001"
        },
        "likes_count": 0,
        "answers": [
            {
                "id": 18068104672254923,
                "created_at": 1610014900,
                "text": "@virendrasinh_001 check dm",
                "owner": {
                    "id": "31345321949",
                    "is_verified": false,
                    "profile_pic_url": "https://instagram.fagc2-1.fna.fbcdn.net/v/t51.2885-19/s150x150/104655610_734890267265839_7042082510067431729_n.jpg?tp=1&_nc_ht=instagram.fagc2-1.fna.fbcdn.net&_nc_ohc=Q9yxDDyzyrwAX9Xuts8&ccb=7-4&oh=d86b1b6d639825b0f55d29acf1a38f6f&oe=608866EF&_nc_sid=9fb510",
                    "username": "airpods_case_1"
                },
                "likes_count": 0
            }
        ]
    },
    {
        "id": 18086012416233281,
        "created_at": 1609608974,
        "text": "Price?",
        "owner": {
            "id": "30534268680",
            "is_verified": false,
            "profile_pic_url": "https://instagram.fagc2-1.fna.fbcdn.net/v/t51.2885-19/s150x150/87217611_630306921092959_5818499535713861632_n.jpg?tp=1&_nc_ht=instagram.fagc2-1.fna.fbcdn.net&_nc_ohc=L0w_00-8N0kAX-FOLFa&ccb=7-4&oh=fce0b0192c1a49d5c6a6d79468ab9dc2&oe=60887056&_nc_sid=9fb510",
            "username": "oumaimazakhbat"
        },
        "likes_count": 0,
        "answers": []
    },
    {
        "id": 17908908601528624,
        "created_at": 1607256593,
        "text": "Hed ve",
        "owner": {
            "id": "1338630977",
            "is_verified": false,
            "profile_pic_url": "https://instagram.fagc2-1.fna.fbcdn.net/v/t51.2885-19/s150x150/122497370_664447514442989_7349432786679955508_n.jpg?tp=1&_nc_ht=instagram.fagc2-1.fna.fbcdn.net&_nc_ohc=G1gCGlmtcK4AX92PmsM&ccb=7-4&oh=c8c2a62067d4027f5dd1c03856ac9123&oe=6089E5BC&_nc_sid=9fb510",
            "username": "tushig_a"
        },
        "likes_count": 0,
        "answers": []
    },
    {
        "id": 17864368856192569,
        "created_at": 1606324615,
        "text": "I want",
        "owner": {
            "id": "1708302543",
            "is_verified": false,
            "profile_pic_url": "https://instagram.fagc2-1.fna.fbcdn.net/v/t51.2885-19/s150x150/92990455_2888617554562356_7331022331139063808_n.jpg?tp=1&_nc_ht=instagram.fagc2-1.fna.fbcdn.net&_nc_ohc=yQGRW1w4zUYAX9NMOOw&ccb=7-4&oh=abafdfc9f32599b67c28f307011f8976&oe=60881780&_nc_sid=9fb510",
            "username": "eliyahclouddd"
        },
        "likes_count": 0,
        "answers": [
            {
                "id": 18034525813285877,
                "created_at": 1606324712,
                "text": "@eliyahclouddd dm",
                "owner": {
                    "id": "31345321949",
                    "is_verified": false,
                    "profile_pic_url": "https://instagram.fagc2-1.fna.fbcdn.net/v/t51.2885-19/s150x150/104655610_734890267265839_7042082510067431729_n.jpg?tp=1&_nc_ht=instagram.fagc2-1.fna.fbcdn.net&_nc_ohc=Q9yxDDyzyrwAX9Xuts8&ccb=7-4&oh=d86b1b6d639825b0f55d29acf1a38f6f&oe=608866EF&_nc_sid=9fb510",
                    "username": "airpods_case_1"
                },
                "likes_count": 0
            }
        ]
    },
    {
        "id": 17903195098583768,
        "created_at": 1604661413,
        "text": "Hm",
        "owner": {
            "id": "28228999035",
            "is_verified": false,
            "profile_pic_url": "https://instagram.fagc2-1.fna.fbcdn.net/v/t51.2885-19/s150x150/134192661_309873153751017_8266689409994596734_n.jpg?tp=1&_nc_ht=instagram.fagc2-1.fna.fbcdn.net&_nc_ohc=ZAnZDACmwA8AX_hXZ_1&ccb=7-4&oh=24fbe3ed0c6ea9a017ba48e58dcf1ab7&oe=608619CF&_nc_sid=9fb510",
            "username": "lolitashalakamy"
        },
        "likes_count": 0,
        "answers": []
    }
]