[
    {
        "id": 18145608424145631,
        "created_at": 1616399406,
        "text": "Price please",
        "owner": {
            "id": "1637965380",
            "is_verified": false,
            "profile_pic_url": "https://instagram.fagc2-1.fna.fbcdn.net/v/t51.2885-19/s150x150/127001012_1120603288354346_2368447979800682939_n.jpg?tp=1&_nc_ht=instagram.fagc2-1.fna.fbcdn.net&_nc_ohc=9Di4oXbXJFUAX-ouRby&ccb=7-4&oh=7b20edef6e4b93cfd4cd6bd0d4964bc6&oe=6088AAD8&_nc_sid=9fb510",
            "username": "roshni_rajwani"
        },
        "likes_count": 0,
        "answers": []
    },
    {
        "id": 17859379907441195,
        "created_at": 1615121108,
        "text": "Price",
        "owner": {
            "id": "31337840112",
            "is_verified": false,
            "profile_pic_url": "https://instagram.fagc2-1.fna.fbcdn.net/v/t51.2885-19/s150x150/89815233_202430987528378_7950442926885044224_n.jpg?tp=1&_nc_ht=instagram.fagc2-1.fna.fbcdn.net&_nc_ohc=gshviJbSMB0AX_gUzfK&ccb=7-4&oh=8edd49bc34354fe3c2ac3c1503921a48&oe=6087B17E&_nc_sid=9fb510",
            "username": "umangmore2021"
        },
        "likes_count": 0,
        "answers": [
            {
                "id": 18074259574256366,
                "created_at": 1615164357,
                "text": "@umangmore2021 check dm",
                "owner": {
                    "id": "31345321949",
                    "is_verified": false,
                    "profile_pic_url": "https://instagram.fagc2-1.fna.fbcdn.net/v/t51.2885-19/s150x150/104655610_734890267265839_7042082510067431729_n.jpg?tp=1&_nc_ht=instagram.fagc2-1.fna.fbcdn.net&_nc_ohc=Q9yxDDyzyrwAX9Xuts8&ccb=7-4&oh=d86b1b6d639825b0f55d29acf1a38f6f&oe=608866EF&_nc_sid=9fb510",
                    "username": "airpods_case_1"
                },
                "likes_count": 1
            }
        ]
    },
    {
        "id": 17908534153678352,
        "created_at": 1614910408,
        "text": "How much",
        "owner": {
            "id": "3551870235",
            "is_verified": false,
            "profile_pic_url": "https://instagram.fagc2-1.fna.fbcdn.net/v/t51.2885-19/s150x150/147976554_456425152204271_6553027548038107103_n.jpg?tp=1&_nc_ht=instagram.fagc2-1.fna.fbcdn.net&_nc_ohc=U779XlvM2sYAX9MhE8m&ccb=7-4&oh=918559cf788c5f79f5fce7923cdf9a51&oe=6086AFD3&_nc_sid=9fb510",
            "username": "dohabeshir"
        },
        "likes_count": 0,
        "answers": [
            {
                "id": 17919447040561223,
                "created_at": 1614918308,
                "text": "@dohabeshir check dm",
                "owner": {
                    "id": "31345321949",
                    "is_verified": false,
                    "profile_pic_url": "https://instagram.fagc2-1.fna.fbcdn.net/v/t51.2885-19/s150x150/104655610_734890267265839_7042082510067431729_n.jpg?tp=1&_nc_ht=instagram.fagc2-1.fna.fbcdn.net&_nc_ohc=Q9yxDDyzyrwAX9Xuts8&ccb=7-4&oh=d86b1b6d639825b0f55d29acf1a38f6f&oe=608866EF&_nc_sid=9fb510",
                    "username": "airpods_case_1"
                },
                "likes_count": 0
            }
        ]
    },
    {
        "id": 17895096250878387,
        "created_at": 1613278329,
        "text": "Price",
        "owner": {
            "id": "7017290686",
            "is_verified": false,
            "profile_pic_url": "https://instagram.fagc2-1.fna.fbcdn.net/v/t51.2885-19/s150x150/46268755_2214176778907079_6954777530947600384_n.jpg?tp=1&_nc_ht=instagram.fagc2-1.fna.fbcdn.net&_nc_ohc=-7mpgN309joAX-Dfkit&ccb=7-4&oh=279200a2c047fd0aebd7e90bb8f5b686&oe=608868FE&_nc_sid=9fb510",
            "username": "jais_sahota"
        },
        "likes_count": 0,
        "answers": [
            {
                "id": 17894246671894696,
                "created_at": 1613278439,
                "text": "@jais_sahota check dm",
                "owner": {
                    "id": "31345321949",
                    "is_verified": false,
                    "profile_pic_url": "https://instagram.fagc2-1.fna.fbcdn.net/v/t51.2885-19/s150x150/104655610_734890267265839_7042082510067431729_n.jpg?tp=1&_nc_ht=instagram.fagc2-1.fna.fbcdn.net&_nc_ohc=Q9yxDDyzyrwAX9Xuts8&ccb=7-4&oh=d86b1b6d639825b0f55d29acf1a38f6f&oe=608866EF&_nc_sid=9fb510",
                    "username": "airpods_case_1"
                },
                "likes_count": 0
            }
        ]
    },
    {
        "id": 17941653946438611,
        "created_at": 1611112312,
        "text": "Price plzzz",
        "owner": {
            "id": "42375184579",
            "is_verified": false,
            "profile_pic_url": "https://instagram.fagc2-1.fna.fbcdn.net/v/t51.2885-19/s150x150/129744379_1326306851046361_5729071763801949949_n.jpg?tp=1&_nc_ht=instagram.fagc2-1.fna.fbcdn.net&_nc_ohc=TkUpEisdj5oAX_TSdjy&ccb=7-4&oh=4936ce76b03b8b55d433cbf5827bccec&oe=608980F0&_nc_sid=9fb510",
            "username": "mehrozzaffar"
        },
        "likes_count": 1,
        "answers": []
    },
    {
        "id": 17862452834315593,
        "created_at": 1610092805,
        "text": "Can it be 150",
        "owner": {
            "id": "15151445671",
            "is_verified": false,
            "profile_pic_url": "https://instagram.fagc2-1.fna.fbcdn.net/v/t51.2885-19/s150x150/120016610_3434370946584980_3208984172103124436_n.jpg?tp=1&_nc_ht=instagram.fagc2-1.fna.fbcdn.net&_nc_ohc=Wqy7TxTbmlAAX89LpQJ&ccb=7-4&oh=5ab78be0afea2593b6ce2a08d7f2ba5f&oe=6087982F&_nc_sid=9fb510",
            "username": "jigar13456"
        },
        "likes_count": 0,
        "answers": [
            {
                "id": 18187898176017035,
                "created_at": 1610111665,
                "text": "@jigar13456 noo",
                "owner": {
                    "id": "31345321949",
                    "is_verified": false,
                    "profile_pic_url": "https://instagram.fagc2-1.fna.fbcdn.net/v/t51.2885-19/s150x150/104655610_734890267265839_7042082510067431729_n.jpg?tp=1&_nc_ht=instagram.fagc2-1.fna.fbcdn.net&_nc_ohc=Q9yxDDyzyrwAX9Xuts8&ccb=7-4&oh=d86b1b6d639825b0f55d29acf1a38f6f&oe=608866EF&_nc_sid=9fb510",
                    "username": "airpods_case_1"
                },
                "likes_count": 0
            }
        ]
    },
    {
        "id": 18095160004210204,
        "created_at": 1610092791,
        "text": "Got it",
        "owner": {
            "id": "15151445671",
            "is_verified": false,
            "profile_pic_url": "https://instagram.fagc2-1.fna.fbcdn.net/v/t51.2885-19/s150x150/120016610_3434370946584980_3208984172103124436_n.jpg?tp=1&_nc_ht=instagram.fagc2-1.fna.fbcdn.net&_nc_ohc=Wqy7TxTbmlAAX89LpQJ&ccb=7-4&oh=5ab78be0afea2593b6ce2a08d7f2ba5f&oe=6087982F&_nc_sid=9fb510",
            "username": "jigar13456"
        },
        "likes_count": 0,
        "answers": []
    },
    {
        "id": 17891501353852889,
        "created_at": 1610090103,
        "text": "Meaning of dm",
        "owner": {
            "id": "15151445671",
            "is_verified": false,
            "profile_pic_url": "https://instagram.fagc2-1.fna.fbcdn.net/v/t51.2885-19/s150x150/120016610_3434370946584980_3208984172103124436_n.jpg?tp=1&_nc_ht=instagram.fagc2-1.fna.fbcdn.net&_nc_ohc=Wqy7TxTbmlAAX89LpQJ&ccb=7-4&oh=5ab78be0afea2593b6ce2a08d7f2ba5f&oe=6087982F&_nc_sid=9fb510",
            "username": "jigar13456"
        },
        "likes_count": 0,
        "answers": [
            {
                "id": 17981138521328757,
                "created_at": 1610090617,
                "text": "@jigar13456 inbox",
                "owner": {
                    "id": "31345321949",
                    "is_verified": false,
                    "profile_pic_url": "https://instagram.fagc2-1.fna.fbcdn.net/v/t51.2885-19/s150x150/104655610_734890267265839_7042082510067431729_n.jpg?tp=1&_nc_ht=instagram.fagc2-1.fna.fbcdn.net&_nc_ohc=Q9yxDDyzyrwAX9Xuts8&ccb=7-4&oh=d86b1b6d639825b0f55d29acf1a38f6f&oe=608866EF&_nc_sid=9fb510",
                    "username": "airpods_case_1"
                },
                "likes_count": 0
            }
        ]
    },
    {
        "id": 17913124021569417,
        "created_at": 1610078968,
        "text": "Can u please tell price",
        "owner": {
            "id": "15151445671",
            "is_verified": false,
            "profile_pic_url": "https://instagram.fagc2-1.fna.fbcdn.net/v/t51.2885-19/s150x150/120016610_3434370946584980_3208984172103124436_n.jpg?tp=1&_nc_ht=instagram.fagc2-1.fna.fbcdn.net&_nc_ohc=Wqy7TxTbmlAAX89LpQJ&ccb=7-4&oh=5ab78be0afea2593b6ce2a08d7f2ba5f&oe=6087982F&_nc_sid=9fb510",
            "username": "jigar13456"
        },
        "likes_count": 0,
        "answers": [
            {
                "id": 17869843949225612,
                "created_at": 1610081335,
                "text": "@jigar13456 check dm",
                "owner": {
                    "id": "31345321949",
                    "is_verified": false,
                    "profile_pic_url": "https://instagram.fagc2-1.fna.fbcdn.net/v/t51.2885-19/s150x150/104655610_734890267265839_7042082510067431729_n.jpg?tp=1&_nc_ht=instagram.fagc2-1.fna.fbcdn.net&_nc_ohc=Q9yxDDyzyrwAX9Xuts8&ccb=7-4&oh=d86b1b6d639825b0f55d29acf1a38f6f&oe=608866EF&_nc_sid=9fb510",
                    "username": "airpods_case_1"
                },
                "likes_count": 0
            }
        ]
    },
    {
        "id": 17885462836864573,
        "created_at": 1608287128,
        "text": "How much",
        "owner": {
            "id": "4046829841",
            "is_verified": false,
            "profile_pic_url": "https://instagram.fagc2-1.fna.fbcdn.net/v/t51.2885-19/s150x150/39494131_305441243342361_1661375341018480640_n.jpg?tp=1&_nc_ht=instagram.fagc2-1.fna.fbcdn.net&_nc_ohc=axQc75qVkEMAX9khV42&ccb=7-4&oh=ef9a2de39b3290ee56fc361849756ede&oe=608894E3&_nc_sid=9fb510",
            "username": "sudeepsrivatsav"
        },
        "likes_count": 0,
        "answers": []
    }
]