[
    {
        "id": 17922130627544902,
        "created_at": 1614364909,
        "text": "Price?",
        "owner": {
            "id": "24546162433",
            "is_verified": false,
            "profile_pic_url": "https://instagram.fagc2-1.fna.fbcdn.net/v/t51.2885-19/s150x150/164296438_761853144529152_1975183277508699814_n.jpg?tp=1&_nc_ht=instagram.fagc2-1.fna.fbcdn.net&_nc_ohc=rXMb7RbrCzIAX9lUz9o&ccb=7-4&oh=3f9c1300638b7ce4f0454ae35a3225da&oe=6087F205&_nc_sid=9fb510",
            "username": "s_h_r_e_y_a__mallick_"
        },
        "likes_count": 0,
        "answers": [
            {
                "id": 17977816624355073,
                "created_at": 1614415940,
                "text": "@s_h_r_e_y_a__mallick_ check dm",
                "owner": {
                    "id": "31345321949",
                    "is_verified": false,
                    "profile_pic_url": "https://instagram.fagc2-1.fna.fbcdn.net/v/t51.2885-19/s150x150/104655610_734890267265839_7042082510067431729_n.jpg?tp=1&_nc_ht=instagram.fagc2-1.fna.fbcdn.net&_nc_ohc=Q9yxDDyzyrwAX9Xuts8&ccb=7-4&oh=d86b1b6d639825b0f55d29acf1a38f6f&oe=608866EF&_nc_sid=9fb510",
                    "username": "airpods_case_1"
                },
                "likes_count": 0
            }
        ]
    },
    {
        "id": 17944152256441774,
        "created_at": 1613570367,
        "text": "Hm",
        "owner": {
            "id": "34958948903",
            "is_verified": false,
            "profile_pic_url": "https://instagram.fagc2-1.fna.fbcdn.net/v/t51.2885-19/s150x150/141745900_3707934369290047_8630270951404325060_n.jpg?tp=1&_nc_ht=instagram.fagc2-1.fna.fbcdn.net&_nc_ohc=eZEJOv_1_mIAX93CqDS&ccb=7-4&oh=c5b3d4825e4b5a213a00b15ffa4fbdb8&oe=60879184&_nc_sid=9fb510",
            "username": "_alaa_cupcake"
        },
        "likes_count": 0,
        "answers": [
            {
                "id": 17863946168380671,
                "created_at": 1613572392,
                "text": "Yes",
                "owner": {
                    "id": "31345321949",
                    "is_verified": false,
                    "profile_pic_url": "https://instagram.fagc2-1.fna.fbcdn.net/v/t51.2885-19/s150x150/104655610_734890267265839_7042082510067431729_n.jpg?tp=1&_nc_ht=instagram.fagc2-1.fna.fbcdn.net&_nc_ohc=Q9yxDDyzyrwAX9Xuts8&ccb=7-4&oh=d86b1b6d639825b0f55d29acf1a38f6f&oe=608866EF&_nc_sid=9fb510",
                    "username": "airpods_case_1"
                },
                "likes_count": 0
            }
        ]
    },
    {
        "id": 17873008646218818,
        "created_at": 1612760662,
        "text": "Price plz",
        "owner": {
            "id": "6084636931",
            "is_verified": false,
            "profile_pic_url": "https://instagram.fagc2-1.fna.fbcdn.net/v/t51.2885-19/s150x150/116795299_112765443864944_6946639985348700119_n.jpg?tp=1&_nc_ht=instagram.fagc2-1.fna.fbcdn.net&_nc_ohc=RUWeLzkDLwQAX86I07K&ccb=7-4&oh=abcb5e947255dea2ebc343fd601d8864&oe=60895D1E&_nc_sid=9fb510",
            "username": "rafiach1226"
        },
        "likes_count": 0,
        "answers": [
            {
                "id": 17955372196398433,
                "created_at": 1612761325,
                "text": "@rafiach1226 check dm",
                "owner": {
                    "id": "31345321949",
                    "is_verified": false,
                    "profile_pic_url": "https://instagram.fagc2-1.fna.fbcdn.net/v/t51.2885-19/s150x150/104655610_734890267265839_7042082510067431729_n.jpg?tp=1&_nc_ht=instagram.fagc2-1.fna.fbcdn.net&_nc_ohc=Q9yxDDyzyrwAX9Xuts8&ccb=7-4&oh=d86b1b6d639825b0f55d29acf1a38f6f&oe=608866EF&_nc_sid=9fb510",
                    "username": "airpods_case_1"
                },
                "likes_count": 0
            }
        ]
    },
    {
        "id": 18096732289210994,
        "created_at": 1611161693,
        "text": "Pp",
        "owner": {
            "id": "21450179950",
            "is_verified": false,
            "profile_pic_url": "https://instagram.fagc2-1.fna.fbcdn.net/v/t51.2885-19/s150x150/164523784_385909959265489_6322717485290397561_n.jpg?tp=1&_nc_ht=instagram.fagc2-1.fna.fbcdn.net&_nc_ohc=BDZBGbFCnQAAX9PFCKO&ccb=7-4&oh=d3bc4d1a677b223902807b61e20c0e95&oe=6087484D&_nc_sid=9fb510",
            "username": "_gautami_tupe_007_"
        },
        "likes_count": 1,
        "answers": []
    },
    {
        "id": 17851329404501539,
        "created_at": 1611068083,
        "text": "Pp",
        "owner": {
            "id": "2288407378",
            "is_verified": false,
            "profile_pic_url": "https://instagram.fagc2-1.fna.fbcdn.net/v/t51.2885-19/s150x150/18011330_1819170131743299_3551788020778663936_a.jpg?tp=1&_nc_ht=instagram.fagc2-1.fna.fbcdn.net&_nc_ohc=q1ugI5iRKPwAX8brpyf&ccb=7-4&oh=831b6d5e20700e58b3d9fa0f4606f261&oe=6086CC29&_nc_sid=9fb510",
            "username": "rt_1217"
        },
        "likes_count": 0,
        "answers": []
    },
    {
        "id": 17928303490483657,
        "created_at": 1610977447,
        "text": "Hm",
        "owner": {
            "id": "8903549194",
            "is_verified": false,
            "profile_pic_url": "https://instagram.fagc2-1.fna.fbcdn.net/v/t51.2885-19/s150x150/136384400_429655738181748_4991697696019741110_n.jpg?tp=1&_nc_ht=instagram.fagc2-1.fna.fbcdn.net&_nc_ohc=CGMTrSAJSuIAX9KF7wm&ccb=7-4&oh=bcc2e887f0a55f6e7eac295e81ff8b06&oe=60883775&_nc_sid=9fb510",
            "username": "bella_emil"
        },
        "likes_count": 0,
        "answers": [
            {
                "id": 17857843811430878,
                "created_at": 1610984125,
                "text": "@bella_emil yup",
                "owner": {
                    "id": "31345321949",
                    "is_verified": false,
                    "profile_pic_url": "https://instagram.fagc2-1.fna.fbcdn.net/v/t51.2885-19/s150x150/104655610_734890267265839_7042082510067431729_n.jpg?tp=1&_nc_ht=instagram.fagc2-1.fna.fbcdn.net&_nc_ohc=Q9yxDDyzyrwAX9Xuts8&ccb=7-4&oh=d86b1b6d639825b0f55d29acf1a38f6f&oe=608866EF&_nc_sid=9fb510",
                    "username": "airpods_case_1"
                },
                "likes_count": 0
            }
        ]
    },
    {
        "id": 17979333970341608,
        "created_at": 1610916319,
        "text": "Prize?",
        "owner": {
            "id": "8579368135",
            "is_verified": false,
            "profile_pic_url": "https://instagram.fagc2-1.fna.fbcdn.net/v/t51.2885-19/s150x150/130564852_1031108910707227_4770192112475477269_n.jpg?tp=1&_nc_ht=instagram.fagc2-1.fna.fbcdn.net&_nc_ohc=1YW2GfDIoysAX8jgdlX&ccb=7-4&oh=2aad4f0e6e33d8ff749b1a1aefce5492&oe=60881B95&_nc_sid=9fb510",
            "username": "_poojasehgall_"
        },
        "likes_count": 0,
        "answers": []
    },
    {
        "id": 17865184112332293,
        "created_at": 1610868895,
        "text": "Pp",
        "owner": {
            "id": "8439570009",
            "is_verified": false,
            "profile_pic_url": "https://instagram.fagc2-1.fna.fbcdn.net/v/t51.2885-19/s150x150/162567070_1360916744273096_1902816507660601741_n.jpg?tp=1&_nc_ht=instagram.fagc2-1.fna.fbcdn.net&_nc_ohc=X7n3dpYFQ0AAX9QpzRZ&ccb=7-4&oh=117f085cff54b92495f92b1ae3da7b48&oe=608886AC&_nc_sid=9fb510",
            "username": "_syed.liza"
        },
        "likes_count": 0,
        "answers": []
    },
    {
        "id": 17900808664667116,
        "created_at": 1609515987,
        "text": "pp",
        "owner": {
            "id": "7073556490",
            "is_verified": false,
            "profile_pic_url": "https://instagram.fagc2-1.fna.fbcdn.net/v/t51.2885-19/s150x150/148358409_460761745057794_2754801743189066916_n.jpg?tp=1&_nc_ht=instagram.fagc2-1.fna.fbcdn.net&_nc_ohc=rc25VvGw9XQAX97F7oX&ccb=7-4&oh=04050e2b207f1823830816dc0e13ab64&oe=6087E2CE&_nc_sid=9fb510",
            "username": "missbansipatel__"
        },
        "likes_count": 0,
        "answers": [
            {
                "id": 18131636389150292,
                "created_at": 1609516071,
                "text": "@missbansipatel__ check dm",
                "owner": {
                    "id": "31345321949",
                    "is_verified": false,
                    "profile_pic_url": "https://instagram.fagc2-1.fna.fbcdn.net/v/t51.2885-19/s150x150/104655610_734890267265839_7042082510067431729_n.jpg?tp=1&_nc_ht=instagram.fagc2-1.fna.fbcdn.net&_nc_ohc=Q9yxDDyzyrwAX9Xuts8&ccb=7-4&oh=d86b1b6d639825b0f55d29acf1a38f6f&oe=608866EF&_nc_sid=9fb510",
                    "username": "airpods_case_1"
                },
                "likes_count": 0
            }
        ]
    },
    {
        "id": 18129492709084697,
        "created_at": 1606802110,
        "text": "\u0426\u0435\u043d\u0430?",
        "owner": {
            "id": "301631587",
            "is_verified": false,
            "profile_pic_url": "https://instagram.fagc2-1.fna.fbcdn.net/v/t51.2885-19/s150x150/67167644_353896942205204_4366009774517518336_n.jpg?tp=1&_nc_ht=instagram.fagc2-1.fna.fbcdn.net&_nc_ohc=jBjEeIvFZPwAX8M0moz&ccb=7-4&oh=5ae5bb897be852cd8ed14c0bf100cfaf&oe=60879EA6&_nc_sid=9fb510",
            "username": "victoriaborovikova1"
        },
        "likes_count": 0,
        "answers": []
    },
    {
        "id": 17850986795393967,
        "created_at": 1606439833,
        "text": "Airdopes 121v2",
        "owner": {
            "id": "5624981654",
            "is_verified": false,
            "profile_pic_url": "https://instagram.fagc2-1.fna.fbcdn.net/v/t51.2885-19/s150x150/22858348_130087784417341_994902841673908224_n.jpg?tp=1&_nc_ht=instagram.fagc2-1.fna.fbcdn.net&_nc_ohc=1zzqiBRkSloAX8TzFmC&ccb=7-4&oh=1507191d752a61735d7d4a0e929cb06f&oe=60882E8A&_nc_sid=9fb510",
            "username": "poshlendavid"
        },
        "likes_count": 0,
        "answers": [
            {
                "id": 17863453157202343,
                "created_at": 1606440110,
                "text": "@poshlendavid send me a pic of that",
                "owner": {
                    "id": "31345321949",
                    "is_verified": false,
                    "profile_pic_url": "https://instagram.fagc2-1.fna.fbcdn.net/v/t51.2885-19/s150x150/104655610_734890267265839_7042082510067431729_n.jpg?tp=1&_nc_ht=instagram.fagc2-1.fna.fbcdn.net&_nc_ohc=Q9yxDDyzyrwAX9Xuts8&ccb=7-4&oh=d86b1b6d639825b0f55d29acf1a38f6f&oe=608866EF&_nc_sid=9fb510",
                    "username": "airpods_case_1"
                },
                "likes_count": 0
            }
        ]
    },
    {
        "id": 17964304501347662,
        "created_at": 1606439741,
        "text": "Would it fit",
        "owner": {
            "id": "5624981654",
            "is_verified": false,
            "profile_pic_url": "https://instagram.fagc2-1.fna.fbcdn.net/v/t51.2885-19/s150x150/22858348_130087784417341_994902841673908224_n.jpg?tp=1&_nc_ht=instagram.fagc2-1.fna.fbcdn.net&_nc_ohc=1zzqiBRkSloAX8TzFmC&ccb=7-4&oh=1507191d752a61735d7d4a0e929cb06f&oe=60882E8A&_nc_sid=9fb510",
            "username": "poshlendavid"
        },
        "likes_count": 0,
        "answers": []
    },
    {
        "id": 17861183090251799,
        "created_at": 1606327663,
        "text": "Price?",
        "owner": {
            "id": "31794631315",
            "is_verified": false,
            "profile_pic_url": "https://instagram.fuln9-1.fna.fbcdn.net/v/t51.2885-19/44884218_345707102882519_2446069589734326272_n.jpg?_nc_ht=instagram.fuln9-1.fna.fbcdn.net&_nc_ohc=hLTkwc3uTqUAX_L_BOC&ccb=7-4&oh=3b68a62f67b29d5f4ae6f40a739bda72&oe=6087738F&_nc_sid=6136e7&ig_cache_key=YW5vbnltb3VzX3Byb2ZpbGVfcGlj.2-ccb7-4",
            "username": "ishikaaggarwal027"
        },
        "likes_count": 0,
        "answers": [
            {
                "id": 17864684690188352,
                "created_at": 1606327701,
                "text": "@ishikaaggarwal027 check dm",
                "owner": {
                    "id": "31345321949",
                    "is_verified": false,
                    "profile_pic_url": "https://instagram.fagc2-1.fna.fbcdn.net/v/t51.2885-19/s150x150/104655610_734890267265839_7042082510067431729_n.jpg?tp=1&_nc_ht=instagram.fagc2-1.fna.fbcdn.net&_nc_ohc=Q9yxDDyzyrwAX9Xuts8&ccb=7-4&oh=d86b1b6d639825b0f55d29acf1a38f6f&oe=608866EF&_nc_sid=9fb510",
                    "username": "airpods_case_1"
                },
                "likes_count": 0
            }
        ]
    },
    {
        "id": 17903047522599366,
        "created_at": 1605942689,
        "text": "hm?",
        "owner": {
            "id": "3130633584",
            "is_verified": false,
            "profile_pic_url": "https://instagram.fagc2-1.fna.fbcdn.net/v/t51.2885-19/s150x150/108517849_326856801685740_5800623493347962047_n.jpg?tp=1&_nc_ht=instagram.fagc2-1.fna.fbcdn.net&_nc_ohc=czCYHJ72APQAX880m3Y&ccb=7-4&oh=f77790ed4280ade6490f7fcb2554212b&oe=6087A0FE&_nc_sid=9fb510",
            "username": "jaymiequiambao"
        },
        "likes_count": 0,
        "answers": []
    },
    {
        "id": 17969554324338193,
        "created_at": 1604922546,
        "text": "Pp",
        "owner": {
            "id": "44031582144",
            "is_verified": false,
            "profile_pic_url": "https://instagram.fagc2-1.fna.fbcdn.net/v/t51.2885-19/s150x150/122483958_206129177530946_9136084794540873986_n.jpg?tp=1&_nc_ht=instagram.fagc2-1.fna.fbcdn.net&_nc_ohc=8ZUPfdfjZ2YAX_Y96gt&ccb=7-4&oh=d18930cf53ab8fe4823ac1747c9f44bd&oe=6086CECD&_nc_sid=9fb510",
            "username": "saman.aslam.94651"
        },
        "likes_count": 0,
        "answers": []
    },
    {
        "id": 17900168212607568,
        "created_at": 1604850836,
        "text": "Price",
        "owner": {
            "id": "5624981654",
            "is_verified": false,
            "profile_pic_url": "https://instagram.fagc2-1.fna.fbcdn.net/v/t51.2885-19/s150x150/22858348_130087784417341_994902841673908224_n.jpg?tp=1&_nc_ht=instagram.fagc2-1.fna.fbcdn.net&_nc_ohc=1zzqiBRkSloAX8TzFmC&ccb=7-4&oh=1507191d752a61735d7d4a0e929cb06f&oe=60882E8A&_nc_sid=9fb510",
            "username": "poshlendavid"
        },
        "likes_count": 0,
        "answers": []
    },
    {
        "id": 17884661701792561,
        "created_at": 1604680081,
        "text": "Price",
        "owner": {
            "id": "21533840368",
            "is_verified": false,
            "profile_pic_url": "https://instagram.fagc2-1.fna.fbcdn.net/v/t51.2885-19/s150x150/117226069_113678486968122_253685480896565233_n.jpg?tp=1&_nc_ht=instagram.fagc2-1.fna.fbcdn.net&_nc_ohc=GCmKmTsHIcQAX_5dzHs&ccb=7-4&oh=a3a7223361d0133d2b92e07f1a6436d5&oe=6086B730&_nc_sid=9fb510",
            "username": "muapayaltuteja"
        },
        "likes_count": 0,
        "answers": [
            {
                "id": 17881041211858387,
                "created_at": 1604681008,
                "text": "@muapayaltuteja check dm",
                "owner": {
                    "id": "31345321949",
                    "is_verified": false,
                    "profile_pic_url": "https://instagram.fagc2-1.fna.fbcdn.net/v/t51.2885-19/s150x150/104655610_734890267265839_7042082510067431729_n.jpg?tp=1&_nc_ht=instagram.fagc2-1.fna.fbcdn.net&_nc_ohc=Q9yxDDyzyrwAX9Xuts8&ccb=7-4&oh=d86b1b6d639825b0f55d29acf1a38f6f&oe=608866EF&_nc_sid=9fb510",
                    "username": "airpods_case_1"
                },
                "likes_count": 0
            }
        ]
    },
    {
        "id": 17887045453705719,
        "created_at": 1600513065,
        "text": "Price plz",
        "owner": {
            "id": "5586291345",
            "is_verified": false,
            "profile_pic_url": "https://instagram.fagc2-1.fna.fbcdn.net/v/t51.2885-19/s150x150/21107515_884153425110700_2886110270772477952_a.jpg?tp=1&_nc_ht=instagram.fagc2-1.fna.fbcdn.net&_nc_ohc=w7clD0P5jWEAX9i0Cq9&ccb=7-4&oh=a3ff0169ecc146a055614aefbfa3aec6&oe=60871683&_nc_sid=9fb510",
            "username": "m.patel____"
        },
        "likes_count": 0,
        "answers": [
            {
                "id": 17887033084724545,
                "created_at": 1600513389,
                "text": "@m.patel____ check your dm",
                "owner": {
                    "id": "31345321949",
                    "is_verified": false,
                    "profile_pic_url": "https://instagram.fagc2-1.fna.fbcdn.net/v/t51.2885-19/s150x150/104655610_734890267265839_7042082510067431729_n.jpg?tp=1&_nc_ht=instagram.fagc2-1.fna.fbcdn.net&_nc_ohc=Q9yxDDyzyrwAX9Xuts8&ccb=7-4&oh=d86b1b6d639825b0f55d29acf1a38f6f&oe=608866EF&_nc_sid=9fb510",
                    "username": "airpods_case_1"
                },
                "likes_count": 1
            }
        ]
    },
    {
        "id": 17848968740319051,
        "created_at": 1600502049,
        "text": "Price",
        "owner": {
            "id": "8033397381",
            "is_verified": false,
            "profile_pic_url": "https://instagram.fagc2-1.fna.fbcdn.net/v/t51.2885-19/s150x150/61758090_440177443447878_6733684086407168_n.jpg?tp=1&_nc_ht=instagram.fagc2-1.fna.fbcdn.net&_nc_ohc=LaWXBCYip0YAX-SPf7z&ccb=7-4&oh=4ec1feb045e9510aab6cf85f751fbd08&oe=6086CE1C&_nc_sid=9fb510",
            "username": "zainabshaikh141"
        },
        "likes_count": 0,
        "answers": [
            {
                "id": 18114232900159908,
                "created_at": 1600503462,
                "text": "@zainabshaikh141 check dm",
                "owner": {
                    "id": "31345321949",
                    "is_verified": false,
                    "profile_pic_url": "https://instagram.fagc2-1.fna.fbcdn.net/v/t51.2885-19/s150x150/104655610_734890267265839_7042082510067431729_n.jpg?tp=1&_nc_ht=instagram.fagc2-1.fna.fbcdn.net&_nc_ohc=Q9yxDDyzyrwAX9Xuts8&ccb=7-4&oh=d86b1b6d639825b0f55d29acf1a38f6f&oe=608866EF&_nc_sid=9fb510",
                    "username": "airpods_case_1"
                },
                "likes_count": 0
            }
        ]
    },
    {
        "id": 18070619131225923,
        "created_at": 1599452913,
        "text": "pp",
        "owner": {
            "id": "38985368609",
            "is_verified": false,
            "profile_pic_url": "https://instagram.fagc2-1.fna.fbcdn.net/v/t51.2885-19/s150x150/159598704_711181189575003_2615577645140912871_n.jpg?tp=1&_nc_ht=instagram.fagc2-1.fna.fbcdn.net&_nc_ohc=BjeqUpHebckAX92D-tw&ccb=7-4&oh=2e104d3b423d91e281bf189509637fbf&oe=6088421B&_nc_sid=9fb510",
            "username": "ravleenkaur000"
        },
        "likes_count": 0,
        "answers": [
            {
                "id": 17908589575490669,
                "created_at": 1599453796,
                "text": "@ravleenkaur000 check your dm",
                "owner": {
                    "id": "31345321949",
                    "is_verified": false,
                    "profile_pic_url": "https://instagram.fagc2-1.fna.fbcdn.net/v/t51.2885-19/s150x150/104655610_734890267265839_7042082510067431729_n.jpg?tp=1&_nc_ht=instagram.fagc2-1.fna.fbcdn.net&_nc_ohc=Q9yxDDyzyrwAX9Xuts8&ccb=7-4&oh=d86b1b6d639825b0f55d29acf1a38f6f&oe=608866EF&_nc_sid=9fb510",
                    "username": "airpods_case_1"
                },
                "likes_count": 0
            }
        ]
    }
]