[
    {
        "id": 17866863518459099,
        "created_at": 1616744546,
        "text": "Price ?",
        "owner": {
            "id": "5769320389",
            "is_verified": false,
            "profile_pic_url": "https://instagram.fagc2-1.fna.fbcdn.net/v/t51.2885-19/s150x150/144281636_706498986901853_6934761979669786609_n.jpg?tp=1&_nc_ht=instagram.fagc2-1.fna.fbcdn.net&_nc_ohc=twYAUMhDku4AX-aQFYB&ccb=7-4&oh=2647a2fad0e194ef041fed3fec8c64ca&oe=6089B4BC&_nc_sid=9fb510",
            "username": "viyushjain07"
        },
        "likes_count": 1,
        "answers": []
    },
    {
        "id": 17885255795109629,
        "created_at": 1616610054,
        "text": "Price",
        "owner": {
            "id": "32552644086",
            "is_verified": false,
            "profile_pic_url": "https://instagram.fagc2-1.fna.fbcdn.net/v/t51.2885-19/s150x150/151086449_102481691826741_6914985370128025652_n.jpg?tp=1&_nc_ht=instagram.fagc2-1.fna.fbcdn.net&_nc_ohc=UrDwiM24z7gAX9NmmSw&ccb=7-4&oh=c78d3da736ee586fb8fe4bb8beb20dba&oe=60883E21&_nc_sid=9fb510",
            "username": "tanishqkansal_53"
        },
        "likes_count": 0,
        "answers": [
            {
                "id": 17869484297322319,
                "created_at": 1616610829,
                "text": "@tanishqkansal_53 check dm",
                "owner": {
                    "id": "31345321949",
                    "is_verified": false,
                    "profile_pic_url": "https://instagram.fagc2-1.fna.fbcdn.net/v/t51.2885-19/s150x150/104655610_734890267265839_7042082510067431729_n.jpg?tp=1&_nc_ht=instagram.fagc2-1.fna.fbcdn.net&_nc_ohc=Q9yxDDyzyrwAX9Xuts8&ccb=7-4&oh=d86b1b6d639825b0f55d29acf1a38f6f&oe=608866EF&_nc_sid=9fb510",
                    "username": "airpods_case_1"
                },
                "likes_count": 0
            }
        ]
    },
    {
        "id": 17930883439493480,
        "created_at": 1614349876,
        "text": "Price",
        "owner": {
            "id": "45331889354",
            "is_verified": false,
            "profile_pic_url": "https://instagram.fagc2-1.fna.fbcdn.net/v/t51.2885-19/s150x150/140675608_231416751813489_5835190677927982044_n.jpg?tp=1&_nc_ht=instagram.fagc2-1.fna.fbcdn.net&_nc_ohc=kFE_SZT4ZswAX-QoInM&ccb=7-4&oh=d98c9e2da919b14f61f3c1eecb60fa8b&oe=608962EA&_nc_sid=9fb510",
            "username": "pradhan_hr"
        },
        "likes_count": 0,
        "answers": [
            {
                "id": 17895674050896738,
                "created_at": 1614354527,
                "text": "@pradhan_hr check dm",
                "owner": {
                    "id": "31345321949",
                    "is_verified": false,
                    "profile_pic_url": "https://instagram.fagc2-1.fna.fbcdn.net/v/t51.2885-19/s150x150/104655610_734890267265839_7042082510067431729_n.jpg?tp=1&_nc_ht=instagram.fagc2-1.fna.fbcdn.net&_nc_ohc=Q9yxDDyzyrwAX9Xuts8&ccb=7-4&oh=d86b1b6d639825b0f55d29acf1a38f6f&oe=608866EF&_nc_sid=9fb510",
                    "username": "airpods_case_1"
                },
                "likes_count": 0
            }
        ]
    },
    {
        "id": 17911279087619259,
        "created_at": 1613479673,
        "text": "Pp",
        "owner": {
            "id": "37705700948",
            "is_verified": false,
            "profile_pic_url": "https://instagram.fagc2-1.fna.fbcdn.net/v/t51.2885-19/s150x150/159891041_738740040161457_6540061173931656639_n.jpg?tp=1&_nc_ht=instagram.fagc2-1.fna.fbcdn.net&_nc_ohc=6-BDwlxij9kAX_G8DBT&ccb=7-4&oh=cf1e8b32702c4b791d2202d5b6350b6f&oe=60873A59&_nc_sid=9fb510",
            "username": "srush.31"
        },
        "likes_count": 0,
        "answers": []
    },
    {
        "id": 18129843523197796,
        "created_at": 1613290694,
        "text": "Price?",
        "owner": {
            "id": "8496916361",
            "is_verified": false,
            "profile_pic_url": "https://instagram.fagc2-1.fna.fbcdn.net/v/t51.2885-19/s150x150/44000246_1987783274624514_8638286526364516352_n.jpg?tp=1&_nc_ht=instagram.fagc2-1.fna.fbcdn.net&_nc_ohc=6CCiaDcg-FEAX8KtHtI&ccb=7-4&oh=9404524b1d02f97531a930cdc53fc1cc&oe=60868DDE&_nc_sid=9fb510",
            "username": "vikrant_kottawar"
        },
        "likes_count": 0,
        "answers": [
            {
                "id": 17979667105327051,
                "created_at": 1613292511,
                "text": "@vikrant_kottawar check dm",
                "owner": {
                    "id": "31345321949",
                    "is_verified": false,
                    "profile_pic_url": "https://instagram.fagc2-1.fna.fbcdn.net/v/t51.2885-19/s150x150/104655610_734890267265839_7042082510067431729_n.jpg?tp=1&_nc_ht=instagram.fagc2-1.fna.fbcdn.net&_nc_ohc=Q9yxDDyzyrwAX9Xuts8&ccb=7-4&oh=d86b1b6d639825b0f55d29acf1a38f6f&oe=608866EF&_nc_sid=9fb510",
                    "username": "airpods_case_1"
                },
                "likes_count": 0
            }
        ]
    },
    {
        "id": 17985231421320812,
        "created_at": 1612171750,
        "text": "How much?",
        "owner": {
            "id": "3478560041",
            "is_verified": false,
            "profile_pic_url": "https://instagram.fagc2-1.fna.fbcdn.net/v/t51.2885-19/s150x150/146033666_1325246404507176_3297716949944957224_n.jpg?tp=1&_nc_ht=instagram.fagc2-1.fna.fbcdn.net&_nc_ohc=jhLMzr6w_d8AX92adu0&ccb=7-4&oh=4940feb4aa4aada8548d7be963081a48&oe=60893E83&_nc_sid=9fb510",
            "username": "pt_of_lebanon"
        },
        "likes_count": 0,
        "answers": []
    },
    {
        "id": 17921603581506957,
        "created_at": 1611942838,
        "text": "Price",
        "owner": {
            "id": "6919288232",
            "is_verified": false,
            "profile_pic_url": "https://instagram.fagc2-1.fna.fbcdn.net/v/t51.2885-19/s150x150/129326987_142093697344146_3517866340811749084_n.jpg?tp=1&_nc_ht=instagram.fagc2-1.fna.fbcdn.net&_nc_ohc=ZUTVm8tLhDYAX8xuoyJ&ccb=7-4&oh=ad822ed3791871506f6f6f832b308e49&oe=6089EDDA&_nc_sid=9fb510",
            "username": "savaizk"
        },
        "likes_count": 0,
        "answers": [
            {
                "id": 17912714797601351,
                "created_at": 1611946446,
                "text": "@savaizk check dm",
                "owner": {
                    "id": "31345321949",
                    "is_verified": false,
                    "profile_pic_url": "https://instagram.fagc2-1.fna.fbcdn.net/v/t51.2885-19/s150x150/104655610_734890267265839_7042082510067431729_n.jpg?tp=1&_nc_ht=instagram.fagc2-1.fna.fbcdn.net&_nc_ohc=Q9yxDDyzyrwAX9Xuts8&ccb=7-4&oh=d86b1b6d639825b0f55d29acf1a38f6f&oe=608866EF&_nc_sid=9fb510",
                    "username": "airpods_case_1"
                },
                "likes_count": 0
            }
        ]
    },
    {
        "id": 17902558639695542,
        "created_at": 1611661922,
        "text": "Price?",
        "owner": {
            "id": "37041522804",
            "is_verified": false,
            "profile_pic_url": "https://instagram.fagc2-1.fna.fbcdn.net/v/t51.2885-19/s150x150/137341591_502144864080383_1499234762384398228_n.jpg?tp=1&_nc_ht=instagram.fagc2-1.fna.fbcdn.net&_nc_ohc=zlqDZMVwa3AAX_MpKkJ&ccb=7-4&oh=03d36fc93712aeac27255deb31dcdb00&oe=608656C2&_nc_sid=9fb510",
            "username": "rvsingh_294"
        },
        "likes_count": 0,
        "answers": [
            {
                "id": 17897929750771230,
                "created_at": 1611662617,
                "text": "Check dm",
                "owner": {
                    "id": "31345321949",
                    "is_verified": false,
                    "profile_pic_url": "https://instagram.fagc2-1.fna.fbcdn.net/v/t51.2885-19/s150x150/104655610_734890267265839_7042082510067431729_n.jpg?tp=1&_nc_ht=instagram.fagc2-1.fna.fbcdn.net&_nc_ohc=Q9yxDDyzyrwAX9Xuts8&ccb=7-4&oh=d86b1b6d639825b0f55d29acf1a38f6f&oe=608866EF&_nc_sid=9fb510",
                    "username": "airpods_case_1"
                },
                "likes_count": 0
            }
        ]
    },
    {
        "id": 18190688419041379,
        "created_at": 1611546485,
        "text": "Price",
        "owner": {
            "id": "7844486055",
            "is_verified": false,
            "profile_pic_url": "https://instagram.fagc2-1.fna.fbcdn.net/v/t51.2885-19/s150x150/135798860_417061442867394_6543944804793636076_n.jpg?tp=1&_nc_ht=instagram.fagc2-1.fna.fbcdn.net&_nc_ohc=81YeHZ7GYeEAX8airyd&ccb=7-4&oh=1b50a31a43d3768f9920aa8d6fad1390&oe=6087D2AE&_nc_sid=9fb510",
            "username": "amrit_thind6"
        },
        "likes_count": 0,
        "answers": [
            {
                "id": 17871931319218118,
                "created_at": 1611548090,
                "text": "@amrit_thind6 check dm",
                "owner": {
                    "id": "31345321949",
                    "is_verified": false,
                    "profile_pic_url": "https://instagram.fagc2-1.fna.fbcdn.net/v/t51.2885-19/s150x150/104655610_734890267265839_7042082510067431729_n.jpg?tp=1&_nc_ht=instagram.fagc2-1.fna.fbcdn.net&_nc_ohc=Q9yxDDyzyrwAX9Xuts8&ccb=7-4&oh=d86b1b6d639825b0f55d29acf1a38f6f&oe=608866EF&_nc_sid=9fb510",
                    "username": "airpods_case_1"
                },
                "likes_count": 0
            }
        ]
    },
    {
        "id": 17875981349099852,
        "created_at": 1611407703,
        "text": "Price?",
        "owner": {
            "id": "4146391628",
            "is_verified": false,
            "profile_pic_url": "https://instagram.fagc2-1.fna.fbcdn.net/v/t51.2885-19/s150x150/65385777_338834183696471_2939085368063950848_n.jpg?tp=1&_nc_ht=instagram.fagc2-1.fna.fbcdn.net&_nc_ohc=fWE_HKS1YYUAX_mWAnD&ccb=7-4&oh=044212545e14866c813aed7f29888fe4&oe=6089E686&_nc_sid=9fb510",
            "username": "itz_me__adnan___"
        },
        "likes_count": 0,
        "answers": [
            {
                "id": 17876126129096782,
                "created_at": 1611411489,
                "text": "@itz_me__adnan___ check dm",
                "owner": {
                    "id": "31345321949",
                    "is_verified": false,
                    "profile_pic_url": "https://instagram.fagc2-1.fna.fbcdn.net/v/t51.2885-19/s150x150/104655610_734890267265839_7042082510067431729_n.jpg?tp=1&_nc_ht=instagram.fagc2-1.fna.fbcdn.net&_nc_ohc=Q9yxDDyzyrwAX9Xuts8&ccb=7-4&oh=d86b1b6d639825b0f55d29acf1a38f6f&oe=608866EF&_nc_sid=9fb510",
                    "username": "airpods_case_1"
                },
                "likes_count": 0
            }
        ]
    },
    {
        "id": 17885643124975716,
        "created_at": 1610862911,
        "text": "Price?",
        "owner": {
            "id": "1644610250",
            "is_verified": false,
            "profile_pic_url": "https://instagram.fagc2-1.fna.fbcdn.net/v/t51.2885-19/s150x150/52967065_636727623441515_2424558327636688896_n.jpg?tp=1&_nc_ht=instagram.fagc2-1.fna.fbcdn.net&_nc_ohc=LrtHAOJNWZ0AX-s16Kx&ccb=7-4&oh=8a4f678dce525ba4154d7547d11f9da2&oe=60860FC0&_nc_sid=9fb510",
            "username": "aliemran1"
        },
        "likes_count": 0,
        "answers": []
    },
    {
        "id": 17865231821269821,
        "created_at": 1610473024,
        "text": "Pp",
        "owner": {
            "id": "179282195",
            "is_verified": false,
            "profile_pic_url": "https://instagram.fagc2-1.fna.fbcdn.net/v/t51.2885-19/s150x150/97142969_697561591097744_1607861418604888064_n.jpg?tp=1&_nc_ht=instagram.fagc2-1.fna.fbcdn.net&_nc_ohc=RqCvFe58VZoAX9d2Lvt&ccb=7-4&oh=76d00d724345ddc60d08a9de0213567e&oe=60870997&_nc_sid=9fb510",
            "username": "vamsi_medara"
        },
        "likes_count": 0,
        "answers": []
    },
    {
        "id": 18126066475165403,
        "created_at": 1610352213,
        "text": "Pp",
        "owner": {
            "id": "1932979438",
            "is_verified": false,
            "profile_pic_url": "https://instagram.fagc2-1.fna.fbcdn.net/v/t51.2885-19/s150x150/127665516_104232821470770_3254071753865656624_n.jpg?tp=1&_nc_ht=instagram.fagc2-1.fna.fbcdn.net&_nc_ohc=LWitLqu55bQAX_mCVgg&ccb=7-4&oh=8bc14f0fe3e2f68bd7f1d0e8e602aaec&oe=6088C891&_nc_sid=9fb510",
            "username": "karishma_baral"
        },
        "likes_count": 0,
        "answers": [
            {
                "id": 17881593656025149,
                "created_at": 1610354405,
                "text": "@karishma_baral check dm",
                "owner": {
                    "id": "31345321949",
                    "is_verified": false,
                    "profile_pic_url": "https://instagram.fagc2-1.fna.fbcdn.net/v/t51.2885-19/s150x150/104655610_734890267265839_7042082510067431729_n.jpg?tp=1&_nc_ht=instagram.fagc2-1.fna.fbcdn.net&_nc_ohc=Q9yxDDyzyrwAX9Xuts8&ccb=7-4&oh=d86b1b6d639825b0f55d29acf1a38f6f&oe=608866EF&_nc_sid=9fb510",
                    "username": "airpods_case_1"
                },
                "likes_count": 0
            }
        ]
    },
    {
        "id": 17897956654689607,
        "created_at": 1608294407,
        "text": "Is it available?",
        "owner": {
            "id": "1766713470",
            "is_verified": false,
            "profile_pic_url": "https://instagram.fagc2-1.fna.fbcdn.net/v/t51.2885-19/s150x150/68671760_2522330954454867_2303556703632752640_n.jpg?tp=1&_nc_ht=instagram.fagc2-1.fna.fbcdn.net&_nc_ohc=8uOT-UkVtggAX8KmM_t&ccb=7-4&oh=16961133b37707f645502c6f34c555f5&oe=60884B77&_nc_sid=9fb510",
            "username": "avsinghworld"
        },
        "likes_count": 0,
        "answers": [
            {
                "id": 17847894737489981,
                "created_at": 1608301779,
                "text": "@avsinghworld check dm",
                "owner": {
                    "id": "31345321949",
                    "is_verified": false,
                    "profile_pic_url": "https://instagram.fagc2-1.fna.fbcdn.net/v/t51.2885-19/s150x150/104655610_734890267265839_7042082510067431729_n.jpg?tp=1&_nc_ht=instagram.fagc2-1.fna.fbcdn.net&_nc_ohc=Q9yxDDyzyrwAX9Xuts8&ccb=7-4&oh=d86b1b6d639825b0f55d29acf1a38f6f&oe=608866EF&_nc_sid=9fb510",
                    "username": "airpods_case_1"
                },
                "likes_count": 0
            }
        ]
    },
    {
        "id": 17855543933369076,
        "created_at": 1607932598,
        "text": "Hpw much",
        "owner": {
            "id": "38730357901",
            "is_verified": false,
            "profile_pic_url": "https://instagram.fagc2-1.fna.fbcdn.net/v/t51.2885-19/s150x150/137267200_844494096284985_8492829862744892535_n.jpg?tp=1&_nc_ht=instagram.fagc2-1.fna.fbcdn.net&_nc_ohc=0cqVUWjzBkoAX-3rqFt&ccb=7-4&oh=a03672dabea2415a3bd425cce4c989c5&oe=60878014&_nc_sid=9fb510",
            "username": "haniya7887"
        },
        "likes_count": 0,
        "answers": [
            {
                "id": 17900483677644753,
                "created_at": 1607932664,
                "text": "@haniya7887 check dm",
                "owner": {
                    "id": "31345321949",
                    "is_verified": false,
                    "profile_pic_url": "https://instagram.fagc2-1.fna.fbcdn.net/v/t51.2885-19/s150x150/104655610_734890267265839_7042082510067431729_n.jpg?tp=1&_nc_ht=instagram.fagc2-1.fna.fbcdn.net&_nc_ohc=Q9yxDDyzyrwAX9Xuts8&ccb=7-4&oh=d86b1b6d639825b0f55d29acf1a38f6f&oe=608866EF&_nc_sid=9fb510",
                    "username": "airpods_case_1"
                },
                "likes_count": 1
            }
        ]
    },
    {
        "id": 17902317853626819,
        "created_at": 1607885576,
        "text": "Pp",
        "owner": {
            "id": "3430205014",
            "is_verified": false,
            "profile_pic_url": "https://instagram.fagc2-1.fna.fbcdn.net/v/t51.2885-19/s150x150/123820260_353202765982009_6220548055318657276_n.jpg?tp=1&_nc_ht=instagram.fagc2-1.fna.fbcdn.net&_nc_ohc=VCBAUxapTuYAX_ZCfpc&ccb=7-4&oh=bebe0eb0862219a4b130644284a18840&oe=6088E8EA&_nc_sid=9fb510",
            "username": "bhartikansal_"
        },
        "likes_count": 0,
        "answers": [
            {
                "id": 17862283187305462,
                "created_at": 1607885590,
                "text": "@bhartikansal_ check dm",
                "owner": {
                    "id": "31345321949",
                    "is_verified": false,
                    "profile_pic_url": "https://instagram.fagc2-1.fna.fbcdn.net/v/t51.2885-19/s150x150/104655610_734890267265839_7042082510067431729_n.jpg?tp=1&_nc_ht=instagram.fagc2-1.fna.fbcdn.net&_nc_ohc=Q9yxDDyzyrwAX9Xuts8&ccb=7-4&oh=d86b1b6d639825b0f55d29acf1a38f6f&oe=608866EF&_nc_sid=9fb510",
                    "username": "airpods_case_1"
                },
                "likes_count": 1
            }
        ]
    },
    {
        "id": 17888865355782474,
        "created_at": 1607884062,
        "text": "pp",
        "owner": {
            "id": "8005894695",
            "is_verified": false,
            "profile_pic_url": "https://instagram.fagc2-1.fna.fbcdn.net/v/t51.2885-19/s150x150/164016926_447001323288200_3101952970029778453_n.jpg?tp=1&_nc_ht=instagram.fagc2-1.fna.fbcdn.net&_nc_ohc=nQuZ8gEAIYMAX85b04z&ccb=7-4&oh=eb162e25c7edb310b9a16acca6126328&oe=6088AB67&_nc_sid=9fb510",
            "username": "ilikeuasafriend"
        },
        "likes_count": 0,
        "answers": [
            {
                "id": 17947261216395172,
                "created_at": 1607884137,
                "text": "@ilikeuasafriend check dm",
                "owner": {
                    "id": "31345321949",
                    "is_verified": false,
                    "profile_pic_url": "https://instagram.fagc2-1.fna.fbcdn.net/v/t51.2885-19/s150x150/104655610_734890267265839_7042082510067431729_n.jpg?tp=1&_nc_ht=instagram.fagc2-1.fna.fbcdn.net&_nc_ohc=Q9yxDDyzyrwAX9Xuts8&ccb=7-4&oh=d86b1b6d639825b0f55d29acf1a38f6f&oe=608866EF&_nc_sid=9fb510",
                    "username": "airpods_case_1"
                },
                "likes_count": 0
            }
        ]
    }
]