[
    {
        "id": 17935376311481326,
        "created_at": 1615384721,
        "text": "Pp",
        "owner": {
            "id": "571130297",
            "is_verified": false,
            "profile_pic_url": "https://instagram.fagc2-1.fna.fbcdn.net/v/t51.2885-19/s150x150/118453798_734564930437887_572768567477297913_n.jpg?tp=1&_nc_ht=instagram.fagc2-1.fna.fbcdn.net&_nc_ohc=jGKt7bdlg2QAX8a9XTT&tn=LbyAEJWIiGhPE1Cd&ccb=7-4&oh=b37fbb6f1d335140bda549b618be331d&oe=6089CE99&_nc_sid=9fb510",
            "username": "_silenteyes17_"
        },
        "likes_count": 0,
        "answers": []
    },
    {
        "id": 17907693979720390,
        "created_at": 1614554448,
        "text": "hm?",
        "owner": {
            "id": "3921799246",
            "is_verified": false,
            "profile_pic_url": "https://instagram.fagc2-1.fna.fbcdn.net/v/t51.2885-19/s150x150/131448904_149097603632386_135393771209247810_n.jpg?tp=1&_nc_ht=instagram.fagc2-1.fna.fbcdn.net&_nc_ohc=NSihn0EcOlcAX8jOB4s&ccb=7-4&oh=32627e6ee455e151a6f5e5a9b6648c1f&oe=608981CF&_nc_sid=9fb510",
            "username": "mo_tamer_"
        },
        "likes_count": 0,
        "answers": []
    },
    {
        "id": 17970140281365840,
        "created_at": 1612953442,
        "text": "How much ?",
        "owner": {
            "id": "1578758155",
            "is_verified": false,
            "profile_pic_url": "https://instagram.fagc2-1.fna.fbcdn.net/v/t51.2885-19/s150x150/151944211_177728673837193_479893080954476432_n.jpg?tp=1&_nc_ht=instagram.fagc2-1.fna.fbcdn.net&_nc_ohc=pJdTcISosVcAX8NeDyE&ccb=7-4&oh=e9e66f3fb3e7bbc84789cdb0f720490f&oe=608824C0&_nc_sid=9fb510",
            "username": "iamagbodeka"
        },
        "likes_count": 0,
        "answers": []
    },
    {
        "id": 17860891082398790,
        "created_at": 1612327121,
        "text": "Price for this???",
        "owner": {
            "id": "30892853474",
            "is_verified": false,
            "profile_pic_url": "https://instagram.fagc2-1.fna.fbcdn.net/v/t51.2885-19/s150x150/148714074_3482103278565165_8831211164323174845_n.jpg?tp=1&_nc_ht=instagram.fagc2-1.fna.fbcdn.net&_nc_ohc=Z5M6p8fVtpQAX_wT3Wz&ccb=7-4&oh=e5db86abf1fbf5f4d1062492a4bc168a&oe=608654BD&_nc_sid=9fb510",
            "username": "mr.s1dd1qu1"
        },
        "likes_count": 0,
        "answers": [
            {
                "id": 17898821617771907,
                "created_at": 1612327897,
                "text": "@mr.s1dd1qu1 check dm",
                "owner": {
                    "id": "31345321949",
                    "is_verified": false,
                    "profile_pic_url": "https://instagram.fagc2-1.fna.fbcdn.net/v/t51.2885-19/s150x150/104655610_734890267265839_7042082510067431729_n.jpg?tp=1&_nc_ht=instagram.fagc2-1.fna.fbcdn.net&_nc_ohc=Q9yxDDyzyrwAX9Xuts8&ccb=7-4&oh=d86b1b6d639825b0f55d29acf1a38f6f&oe=608866EF&_nc_sid=9fb510",
                    "username": "airpods_case_1"
                },
                "likes_count": 1
            }
        ]
    },
    {
        "id": 18139081219130307,
        "created_at": 1611686423,
        "text": "Price?",
        "owner": {
            "id": "5559226947",
            "is_verified": false,
            "profile_pic_url": "https://instagram.fagc2-1.fna.fbcdn.net/v/t51.2885-19/s150x150/143732822_112180017511136_3898559150284942070_n.jpg?tp=1&_nc_ht=instagram.fagc2-1.fna.fbcdn.net&_nc_ohc=9hT4wxQ0MTIAX-w2kzc&ccb=7-4&oh=4cd42c72f05de293fc945275e25055e9&oe=6089CA80&_nc_sid=9fb510",
            "username": "aliha_khan_"
        },
        "likes_count": 0,
        "answers": [
            {
                "id": 17943770254429124,
                "created_at": 1611687752,
                "text": "@aliha_khan_ check dm",
                "owner": {
                    "id": "31345321949",
                    "is_verified": false,
                    "profile_pic_url": "https://instagram.fagc2-1.fna.fbcdn.net/v/t51.2885-19/s150x150/104655610_734890267265839_7042082510067431729_n.jpg?tp=1&_nc_ht=instagram.fagc2-1.fna.fbcdn.net&_nc_ohc=Q9yxDDyzyrwAX9Xuts8&ccb=7-4&oh=d86b1b6d639825b0f55d29acf1a38f6f&oe=608866EF&_nc_sid=9fb510",
                    "username": "airpods_case_1"
                },
                "likes_count": 0
            }
        ]
    },
    {
        "id": 17854166246385415,
        "created_at": 1609060788,
        "text": "Price???",
        "owner": {
            "id": "9023132023",
            "is_verified": false,
            "profile_pic_url": "https://instagram.fagc2-1.fna.fbcdn.net/v/t51.2885-19/s150x150/158854529_442269290532636_578500681872752139_n.jpg?tp=1&_nc_ht=instagram.fagc2-1.fna.fbcdn.net&_nc_ohc=d_uxIxZsUnMAX-fG6wc&ccb=7-4&oh=137e63b4d3c2c44bd84b9f61faacd8bc&oe=6086A361&_nc_sid=9fb510",
            "username": "m_s_moknojiya"
        },
        "likes_count": 0,
        "answers": [
            {
                "id": 17884101682941626,
                "created_at": 1609066560,
                "text": "Check dm",
                "owner": {
                    "id": "31345321949",
                    "is_verified": false,
                    "profile_pic_url": "https://instagram.fagc2-1.fna.fbcdn.net/v/t51.2885-19/s150x150/104655610_734890267265839_7042082510067431729_n.jpg?tp=1&_nc_ht=instagram.fagc2-1.fna.fbcdn.net&_nc_ohc=Q9yxDDyzyrwAX9Xuts8&ccb=7-4&oh=d86b1b6d639825b0f55d29acf1a38f6f&oe=608866EF&_nc_sid=9fb510",
                    "username": "airpods_case_1"
                },
                "likes_count": 0
            }
        ]
    },
    {
        "id": 17857662308344048,
        "created_at": 1608660556,
        "text": "Bro bro I want this but what was the price..",
        "owner": {
            "id": "35129771308",
            "is_verified": false,
            "profile_pic_url": "https://instagram.fagc2-1.fna.fbcdn.net/v/t51.2885-19/s150x150/96549576_559799834974998_8680291860570177536_n.jpg?tp=1&_nc_ht=instagram.fagc2-1.fna.fbcdn.net&_nc_ohc=DX2fR9KGG1QAX_OIeVZ&ccb=7-4&oh=2f3f84cf1dc364c65bfcba1fbc5a1d71&oe=60866760&_nc_sid=9fb510",
            "username": "nandinisingh2133"
        },
        "likes_count": 0,
        "answers": [
            {
                "id": 17961718543370267,
                "created_at": 1608660574,
                "text": "@nandinisingh2133 check dm",
                "owner": {
                    "id": "31345321949",
                    "is_verified": false,
                    "profile_pic_url": "https://instagram.fagc2-1.fna.fbcdn.net/v/t51.2885-19/s150x150/104655610_734890267265839_7042082510067431729_n.jpg?tp=1&_nc_ht=instagram.fagc2-1.fna.fbcdn.net&_nc_ohc=Q9yxDDyzyrwAX9Xuts8&ccb=7-4&oh=d86b1b6d639825b0f55d29acf1a38f6f&oe=608866EF&_nc_sid=9fb510",
                    "username": "airpods_case_1"
                },
                "likes_count": 0
            }
        ]
    },
    {
        "id": 17898536053665356,
        "created_at": 1607869822,
        "text": "H.m ??",
        "owner": {
            "id": "1251035628",
            "is_verified": false,
            "profile_pic_url": "https://instagram.fagc2-1.fna.fbcdn.net/v/t51.2885-19/s150x150/69212764_769203130177827_6989818081761558528_n.jpg?tp=1&_nc_ht=instagram.fagc2-1.fna.fbcdn.net&_nc_ohc=Y9urzjAkr1gAX82cam0&ccb=7-4&oh=e6cc86622497ab352bd4032f5c6e8465&oe=6088E5EF&_nc_sid=9fb510",
            "username": "ahmedtallat74"
        },
        "likes_count": 0,
        "answers": []
    },
    {
        "id": 17844777086482528,
        "created_at": 1606459185,
        "text": "Price",
        "owner": {
            "id": "2115733469",
            "is_verified": false,
            "profile_pic_url": "https://instagram.fagc2-1.fna.fbcdn.net/v/t51.2885-19/s150x150/30841877_1759138724172441_1389809330601066496_n.jpg?tp=1&_nc_ht=instagram.fagc2-1.fna.fbcdn.net&_nc_ohc=R3bnZSAUwf4AX_x6NKB&ccb=7-4&oh=7666bab62d3feffc6c8036c662f5d432&oe=6086B269&_nc_sid=9fb510",
            "username": "prince_patel_kothari7799"
        },
        "likes_count": 0,
        "answers": [
            {
                "id": 17894399176694992,
                "created_at": 1606459584,
                "text": "@prince_patel_kothari7799 check dm",
                "owner": {
                    "id": "31345321949",
                    "is_verified": false,
                    "profile_pic_url": "https://instagram.fagc2-1.fna.fbcdn.net/v/t51.2885-19/s150x150/104655610_734890267265839_7042082510067431729_n.jpg?tp=1&_nc_ht=instagram.fagc2-1.fna.fbcdn.net&_nc_ohc=Q9yxDDyzyrwAX9Xuts8&ccb=7-4&oh=d86b1b6d639825b0f55d29acf1a38f6f&oe=608866EF&_nc_sid=9fb510",
                    "username": "airpods_case_1"
                },
                "likes_count": 0
            }
        ]
    },
    {
        "id": 18077571532243204,
        "created_at": 1605954306,
        "text": "Price?",
        "owner": {
            "id": "1330755410",
            "is_verified": false,
            "profile_pic_url": "https://instagram.fagc2-1.fna.fbcdn.net/v/t51.2885-19/s150x150/161764119_748179399226564_9068022349237727223_n.jpg?tp=1&_nc_ht=instagram.fagc2-1.fna.fbcdn.net&_nc_ohc=04HJAP-G9ocAX-vhTPR&ccb=7-4&oh=dd61f2e59ee6f978f0ddfc887fde4629&oe=6086C5C8&_nc_sid=9fb510",
            "username": "apurvmalik"
        },
        "likes_count": 0,
        "answers": [
            {
                "id": 17851909553376550,
                "created_at": 1605955113,
                "text": "@apurvmalik check dm",
                "owner": {
                    "id": "31345321949",
                    "is_verified": false,
                    "profile_pic_url": "https://instagram.fagc2-1.fna.fbcdn.net/v/t51.2885-19/s150x150/104655610_734890267265839_7042082510067431729_n.jpg?tp=1&_nc_ht=instagram.fagc2-1.fna.fbcdn.net&_nc_ohc=Q9yxDDyzyrwAX9Xuts8&ccb=7-4&oh=d86b1b6d639825b0f55d29acf1a38f6f&oe=608866EF&_nc_sid=9fb510",
                    "username": "airpods_case_1"
                },
                "likes_count": 0
            }
        ]
    },
    {
        "id": 17846250248459509,
        "created_at": 1605860449,
        "text": "Price ?",
        "owner": {
            "id": "38665216314",
            "is_verified": false,
            "profile_pic_url": "https://instagram.fagc2-1.fna.fbcdn.net/v/t51.2885-19/s150x150/164677883_2873904642928771_8979388365908603124_n.jpg?tp=1&_nc_ht=instagram.fagc2-1.fna.fbcdn.net&_nc_ohc=0s34Vt5peSsAX_Ry-za&ccb=7-4&oh=76692430243780aa1b8b681b22d5e07d&oe=6087D349&_nc_sid=9fb510",
            "username": "me_pranju"
        },
        "likes_count": 0,
        "answers": [
            {
                "id": 17903765944597895,
                "created_at": 1605860631,
                "text": "@me_pranju check dm",
                "owner": {
                    "id": "31345321949",
                    "is_verified": false,
                    "profile_pic_url": "https://instagram.fagc2-1.fna.fbcdn.net/v/t51.2885-19/s150x150/104655610_734890267265839_7042082510067431729_n.jpg?tp=1&_nc_ht=instagram.fagc2-1.fna.fbcdn.net&_nc_ohc=Q9yxDDyzyrwAX9Xuts8&ccb=7-4&oh=d86b1b6d639825b0f55d29acf1a38f6f&oe=608866EF&_nc_sid=9fb510",
                    "username": "airpods_case_1"
                },
                "likes_count": 0
            }
        ]
    },
    {
        "id": 17846538479391292,
        "created_at": 1603909676,
        "text": "Pp?",
        "owner": {
            "id": "1377322220",
            "is_verified": false,
            "profile_pic_url": "https://instagram.fagc2-1.fna.fbcdn.net/v/t51.2885-19/s150x150/82396491_181127186428259_3430247726271430656_n.jpg?tp=1&_nc_ht=instagram.fagc2-1.fna.fbcdn.net&_nc_ohc=WKglz1SD6tMAX_PdMmF&ccb=7-4&oh=59aa5d018da018fccb03aeedae5eb9a7&oe=6087C281&_nc_sid=9fb510",
            "username": "tanmayee_dhavan"
        },
        "likes_count": 0,
        "answers": []
    },
    {
        "id": 17911287232505207,
        "created_at": 1602369165,
        "text": "Price",
        "owner": {
            "id": "477848908",
            "is_verified": false,
            "profile_pic_url": "https://instagram.fagc2-1.fna.fbcdn.net/v/t51.2885-19/s150x150/141456990_3930207953670475_3540072209004055086_n.jpg?tp=1&_nc_ht=instagram.fagc2-1.fna.fbcdn.net&_nc_ohc=msdGVDlsjj8AX-7reFK&ccb=7-4&oh=f96aa978729b501e9af653b4fc0740eb&oe=6087FBC6&_nc_sid=9fb510",
            "username": "pulkit93"
        },
        "likes_count": 1,
        "answers": []
    },
    {
        "id": 17911055341492313,
        "created_at": 1600107408,
        "text": "Pp",
        "owner": {
            "id": "36987593882",
            "is_verified": false,
            "profile_pic_url": "https://instagram.fagc2-1.fna.fbcdn.net/v/t51.2885-19/s150x150/102394288_265447687997866_6789903262691622912_n.jpg?tp=1&_nc_ht=instagram.fagc2-1.fna.fbcdn.net&_nc_ohc=blH5wpjar8EAX_7DYEb&ccb=7-4&oh=2263c2c47dad150f9d9b69e6cc6a9b86&oe=6087ADEC&_nc_sid=9fb510",
            "username": "toystore1706"
        },
        "likes_count": 0,
        "answers": []
    }
]