[
    {
        "id": 18058705285285247,
        "created_at": 1616754184,
        "text": "Price.?",
        "owner": {
            "id": "4200595705",
            "is_verified": false,
            "profile_pic_url": "https://instagram.fagc2-1.fna.fbcdn.net/v/t51.2885-19/s150x150/61953109_2355123428092658_8746687047034470400_n.jpg?tp=1&_nc_ht=instagram.fagc2-1.fna.fbcdn.net&_nc_ohc=svPSaxBd_ooAX9iX0UE&ccb=7-4&oh=33fb368bb54b56cddbd69c24eba57583&oe=6088493A&_nc_sid=9fb510",
            "username": "rohan.lilwani"
        },
        "likes_count": 0,
        "answers": []
    },
    {
        "id": 17887108940002568,
        "created_at": 1613480427,
        "text": "What\u2019s the price ?",
        "owner": {
            "id": "1351577371",
            "is_verified": false,
            "profile_pic_url": "https://instagram.fagc2-1.fna.fbcdn.net/v/t51.2885-19/s150x150/148092421_1090635294737730_1388484265795683521_n.jpg?tp=1&_nc_ht=instagram.fagc2-1.fna.fbcdn.net&_nc_ohc=co0x6edUBGcAX87nSfw&ccb=7-4&oh=a24a838facd674aafe726f7b52e76c5d&oe=6087A805&_nc_sid=9fb510",
            "username": "meet_1710"
        },
        "likes_count": 0,
        "answers": [
            {
                "id": 17874354344213308,
                "created_at": 1613487189,
                "text": "@meet_1710 dm",
                "owner": {
                    "id": "31345321949",
                    "is_verified": false,
                    "profile_pic_url": "https://instagram.fagc2-1.fna.fbcdn.net/v/t51.2885-19/s150x150/104655610_734890267265839_7042082510067431729_n.jpg?tp=1&_nc_ht=instagram.fagc2-1.fna.fbcdn.net&_nc_ohc=Q9yxDDyzyrwAX9Xuts8&ccb=7-4&oh=d86b1b6d639825b0f55d29acf1a38f6f&oe=608866EF&_nc_sid=9fb510",
                    "username": "airpods_case_1"
                },
                "likes_count": 0
            }
        ]
    },
    {
        "id": 17897558230840731,
        "created_at": 1613479126,
        "text": "Pp",
        "owner": {
            "id": "37705700948",
            "is_verified": false,
            "profile_pic_url": "https://instagram.fagc2-1.fna.fbcdn.net/v/t51.2885-19/s150x150/159891041_738740040161457_6540061173931656639_n.jpg?tp=1&_nc_ht=instagram.fagc2-1.fna.fbcdn.net&_nc_ohc=6-BDwlxij9kAX_G8DBT&ccb=7-4&oh=cf1e8b32702c4b791d2202d5b6350b6f&oe=60873A59&_nc_sid=9fb510",
            "username": "srush.31"
        },
        "likes_count": 0,
        "answers": []
    },
    {
        "id": 17852530277500810,
        "created_at": 1611159425,
        "text": "How much?",
        "owner": {
            "id": "480434680",
            "is_verified": false,
            "profile_pic_url": "https://instagram.fagc2-1.fna.fbcdn.net/v/t51.2885-19/s150x150/73423638_1246661582204553_8055531632632791040_n.jpg?tp=1&_nc_ht=instagram.fagc2-1.fna.fbcdn.net&_nc_ohc=bGIUOhJiGUoAX93sTd6&ccb=7-4&oh=0c39cd60c38963e753b831db99c8e027&oe=60880ED8&_nc_sid=9fb510",
            "username": "_ajpadillon"
        },
        "likes_count": 0,
        "answers": [
            {
                "id": 17902763224710985,
                "created_at": 1611161468,
                "text": "@_ajpadillon check dm",
                "owner": {
                    "id": "31345321949",
                    "is_verified": false,
                    "profile_pic_url": "https://instagram.fagc2-1.fna.fbcdn.net/v/t51.2885-19/s150x150/104655610_734890267265839_7042082510067431729_n.jpg?tp=1&_nc_ht=instagram.fagc2-1.fna.fbcdn.net&_nc_ohc=Q9yxDDyzyrwAX9Xuts8&ccb=7-4&oh=d86b1b6d639825b0f55d29acf1a38f6f&oe=608866EF&_nc_sid=9fb510",
                    "username": "airpods_case_1"
                },
                "likes_count": 0
            }
        ]
    },
    {
        "id": 17905564633632842,
        "created_at": 1610659525,
        "text": "Price",
        "owner": {
            "id": "718924267",
            "is_verified": false,
            "profile_pic_url": "https://instagram.fagc2-1.fna.fbcdn.net/v/t51.2885-19/s150x150/67609342_484416685673279_7384261410005450752_n.jpg?tp=1&_nc_ht=instagram.fagc2-1.fna.fbcdn.net&_nc_ohc=yKlBPIx4hq0AX95irKk&ccb=7-4&oh=2c7e86eff9889a28dacb7c39cb237a58&oe=60877244&_nc_sid=9fb510",
            "username": "kabirkhan1122"
        },
        "likes_count": 0,
        "answers": [
            {
                "id": 18121826860197151,
                "created_at": 1610690464,
                "text": "@kabirkhan1122 check dm",
                "owner": {
                    "id": "31345321949",
                    "is_verified": false,
                    "profile_pic_url": "https://instagram.fagc2-1.fna.fbcdn.net/v/t51.2885-19/s150x150/104655610_734890267265839_7042082510067431729_n.jpg?tp=1&_nc_ht=instagram.fagc2-1.fna.fbcdn.net&_nc_ohc=Q9yxDDyzyrwAX9Xuts8&ccb=7-4&oh=d86b1b6d639825b0f55d29acf1a38f6f&oe=608866EF&_nc_sid=9fb510",
                    "username": "airpods_case_1"
                },
                "likes_count": 0
            }
        ]
    },
    {
        "id": 17920753375491119,
        "created_at": 1607878934,
        "text": "Pp",
        "owner": {
            "id": "1429797390",
            "is_verified": false,
            "profile_pic_url": "https://instagram.fagc2-1.fna.fbcdn.net/v/t51.2885-19/s150x150/146841171_869344443915763_6161311312571378003_n.jpg?tp=1&_nc_ht=instagram.fagc2-1.fna.fbcdn.net&_nc_ohc=L0Q-wqKYHykAX-9feb4&ccb=7-4&oh=d5121aacac8e0b67afbace26ed16c608&oe=60887726&_nc_sid=9fb510",
            "username": "faimanebu"
        },
        "likes_count": 0,
        "answers": [
            {
                "id": 17863416800197572,
                "created_at": 1607878956,
                "text": "@faimanebu check dm",
                "owner": {
                    "id": "31345321949",
                    "is_verified": false,
                    "profile_pic_url": "https://instagram.fagc2-1.fna.fbcdn.net/v/t51.2885-19/s150x150/104655610_734890267265839_7042082510067431729_n.jpg?tp=1&_nc_ht=instagram.fagc2-1.fna.fbcdn.net&_nc_ohc=Q9yxDDyzyrwAX9Xuts8&ccb=7-4&oh=d86b1b6d639825b0f55d29acf1a38f6f&oe=608866EF&_nc_sid=9fb510",
                    "username": "airpods_case_1"
                },
                "likes_count": 0
            }
        ]
    },
    {
        "id": 17860798091318634,
        "created_at": 1607539682,
        "text": "Price?",
        "owner": {
            "id": "207681192",
            "is_verified": false,
            "profile_pic_url": "https://instagram.fagc2-1.fna.fbcdn.net/v/t51.2885-19/s150x150/128719597_421502765551098_5467685691697349626_n.jpg?tp=1&_nc_ht=instagram.fagc2-1.fna.fbcdn.net&_nc_ohc=0fuRQWElq_YAX_x3Igj&ccb=7-4&oh=3234c088693cebc4c8959079b470b608&oe=608670DD&_nc_sid=9fb510",
            "username": "aamirparack"
        },
        "likes_count": 0,
        "answers": [
            {
                "id": 17946763258394556,
                "created_at": 1607540666,
                "text": "@aamirparack check dm",
                "owner": {
                    "id": "31345321949",
                    "is_verified": false,
                    "profile_pic_url": "https://instagram.fagc2-1.fna.fbcdn.net/v/t51.2885-19/s150x150/104655610_734890267265839_7042082510067431729_n.jpg?tp=1&_nc_ht=instagram.fagc2-1.fna.fbcdn.net&_nc_ohc=Q9yxDDyzyrwAX9Xuts8&ccb=7-4&oh=d86b1b6d639825b0f55d29acf1a38f6f&oe=608866EF&_nc_sid=9fb510",
                    "username": "airpods_case_1"
                },
                "likes_count": 0
            }
        ]
    },
    {
        "id": 17880431752929514,
        "created_at": 1606242717,
        "text": "Price",
        "owner": {
            "id": "1560539009",
            "is_verified": false,
            "profile_pic_url": "https://instagram.fagc2-1.fna.fbcdn.net/v/t51.2885-19/s150x150/95015928_703532627066137_8985742031921872896_n.jpg?tp=1&_nc_ht=instagram.fagc2-1.fna.fbcdn.net&_nc_ohc=PRbHLhy-3lYAX-r6wA4&ccb=7-4&oh=81fe21ac2c8d0a1a6d677e814a40cec7&oe=6086DDA2&_nc_sid=9fb510",
            "username": "_mohd_thoufiq_"
        },
        "likes_count": 0,
        "answers": [
            {
                "id": 18133560898140507,
                "created_at": 1606242753,
                "text": "@_mohd_thoufiq_ check dm",
                "owner": {
                    "id": "31345321949",
                    "is_verified": false,
                    "profile_pic_url": "https://instagram.fagc2-1.fna.fbcdn.net/v/t51.2885-19/s150x150/104655610_734890267265839_7042082510067431729_n.jpg?tp=1&_nc_ht=instagram.fagc2-1.fna.fbcdn.net&_nc_ohc=Q9yxDDyzyrwAX9Xuts8&ccb=7-4&oh=d86b1b6d639825b0f55d29acf1a38f6f&oe=608866EF&_nc_sid=9fb510",
                    "username": "airpods_case_1"
                },
                "likes_count": 0
            }
        ]
    },
    {
        "id": 18109306765169263,
        "created_at": 1605870439,
        "text": "Price ?",
        "owner": {
            "id": "1793578685",
            "is_verified": false,
            "profile_pic_url": "https://instagram.fagc2-1.fna.fbcdn.net/v/t51.2885-19/s150x150/158973090_770855273836157_1142098547706960944_n.jpg?tp=1&_nc_ht=instagram.fagc2-1.fna.fbcdn.net&_nc_ohc=vNmtr7V-GWEAX9OV1Bv&ccb=7-4&oh=d4e1630a50c133b92ae1965290bc0113&oe=6088BC49&_nc_sid=9fb510",
            "username": "waqaxelahi"
        },
        "likes_count": 0,
        "answers": [
            {
                "id": 17909215321554946,
                "created_at": 1605871677,
                "text": "@waqaxelahi check dm",
                "owner": {
                    "id": "31345321949",
                    "is_verified": false,
                    "profile_pic_url": "https://instagram.fagc2-1.fna.fbcdn.net/v/t51.2885-19/s150x150/104655610_734890267265839_7042082510067431729_n.jpg?tp=1&_nc_ht=instagram.fagc2-1.fna.fbcdn.net&_nc_ohc=Q9yxDDyzyrwAX9Xuts8&ccb=7-4&oh=d86b1b6d639825b0f55d29acf1a38f6f&oe=608866EF&_nc_sid=9fb510",
                    "username": "airpods_case_1"
                },
                "likes_count": 2
            }
        ]
    },
    {
        "id": 17879482825937452,
        "created_at": 1605812669,
        "text": "Price",
        "owner": {
            "id": "6812374313",
            "is_verified": false,
            "profile_pic_url": "https://instagram.fagc2-1.fna.fbcdn.net/v/t51.2885-19/s150x150/120498913_750565475790458_1320299939680972125_n.jpg?tp=1&_nc_ht=instagram.fagc2-1.fna.fbcdn.net&_nc_ohc=90Qbqd6X6-4AX-ihw8p&ccb=7-4&oh=36eae41b60a7c5bdb22e65abf1bca962&oe=608853A8&_nc_sid=9fb510",
            "username": "itz_tausif_c84"
        },
        "likes_count": 0,
        "answers": []
    },
    {
        "id": 17932867078425943,
        "created_at": 1603470104,
        "text": "Price",
        "owner": {
            "id": "9133115961",
            "is_verified": false,
            "profile_pic_url": "https://instagram.fagc2-1.fna.fbcdn.net/v/t51.2885-19/s150x150/132149516_115156840433022_8502233688621479358_n.jpg?tp=1&_nc_ht=instagram.fagc2-1.fna.fbcdn.net&_nc_ohc=cflCK7LWZNUAX-xkyaL&ccb=7-4&oh=fc5d84bb439506bf60b34335ceefb0c1&oe=6089EC62&_nc_sid=9fb510",
            "username": "itsdkzofficial"
        },
        "likes_count": 0,
        "answers": []
    },
    {
        "id": 17853757706168755,
        "created_at": 1597928101,
        "text": "Available for Airpods 2? Price?",
        "owner": {
            "id": "240997338",
            "is_verified": false,
            "profile_pic_url": "https://instagram.fagc2-1.fna.fbcdn.net/v/t51.2885-19/s150x150/65392544_459219704859324_2563511570613141504_n.jpg?tp=1&_nc_ht=instagram.fagc2-1.fna.fbcdn.net&_nc_ohc=wBVtb4_I2qUAX8W77Jb&ccb=7-4&oh=3d465ff1ae2b5226bdc8275c9ecf6297&oe=60888796&_nc_sid=9fb510",
            "username": "pradhyumnkokanee"
        },
        "likes_count": 0,
        "answers": [
            {
                "id": 17858529071094318,
                "created_at": 1597928567,
                "text": "@pradhyumnkokanee this one is only for pro",
                "owner": {
                    "id": "31345321949",
                    "is_verified": false,
                    "profile_pic_url": "https://instagram.fagc2-1.fna.fbcdn.net/v/t51.2885-19/s150x150/104655610_734890267265839_7042082510067431729_n.jpg?tp=1&_nc_ht=instagram.fagc2-1.fna.fbcdn.net&_nc_ohc=Q9yxDDyzyrwAX9Xuts8&ccb=7-4&oh=d86b1b6d639825b0f55d29acf1a38f6f&oe=608866EF&_nc_sid=9fb510",
                    "username": "airpods_case_1"
                },
                "likes_count": 0
            }
        ]
    },
    {
        "id": 17869745998888415,
        "created_at": 1595428533,
        "text": "Price?",
        "owner": {
            "id": "36659592257",
            "is_verified": false,
            "profile_pic_url": "https://instagram.fagc2-1.fna.fbcdn.net/v/t51.2885-19/s150x150/138293456_118166343508109_8489130653282278379_n.jpg?tp=1&_nc_ht=instagram.fagc2-1.fna.fbcdn.net&_nc_ohc=SPQt3XyW2bcAX9smIy3&ccb=7-4&oh=9ee8e196dc35455a27bd1b135baecd73&oe=608880A3&_nc_sid=9fb510",
            "username": "kanojia_1994"
        },
        "likes_count": 0,
        "answers": [
            {
                "id": 17855056658121949,
                "created_at": 1595436092,
                "text": "@amber_kanojia check your dm",
                "owner": {
                    "id": "31345321949",
                    "is_verified": false,
                    "profile_pic_url": "https://instagram.fagc2-1.fna.fbcdn.net/v/t51.2885-19/s150x150/104655610_734890267265839_7042082510067431729_n.jpg?tp=1&_nc_ht=instagram.fagc2-1.fna.fbcdn.net&_nc_ohc=Q9yxDDyzyrwAX9Xuts8&ccb=7-4&oh=d86b1b6d639825b0f55d29acf1a38f6f&oe=608866EF&_nc_sid=9fb510",
                    "username": "airpods_case_1"
                },
                "likes_count": 0
            }
        ]
    }
]