[
    {
        "id": 18103173181209246,
        "created_at": 1614863528,
        "text": "How much",
        "owner": {
            "id": "1985451918",
            "is_verified": false,
            "profile_pic_url": "https://instagram.fagc2-1.fna.fbcdn.net/v/t51.2885-19/s150x150/127818296_827675557997108_3559148794223015781_n.jpg?tp=1&_nc_ht=instagram.fagc2-1.fna.fbcdn.net&_nc_ohc=3iTT1XgVJsAAX_XGByM&ccb=7-4&oh=25b626e168a9a1aa7d367049b9611683&oe=60887737&_nc_sid=9fb510",
            "username": "mohammad_umer_khan"
        },
        "likes_count": 0,
        "answers": [
            {
                "id": 17902002442787227,
                "created_at": 1614866570,
                "text": "@mohammad_umer_khan check dm",
                "owner": {
                    "id": "31345321949",
                    "is_verified": false,
                    "profile_pic_url": "https://instagram.fagc2-1.fna.fbcdn.net/v/t51.2885-19/s150x150/104655610_734890267265839_7042082510067431729_n.jpg?tp=1&_nc_ht=instagram.fagc2-1.fna.fbcdn.net&_nc_ohc=Q9yxDDyzyrwAX9Xuts8&ccb=7-4&oh=d86b1b6d639825b0f55d29acf1a38f6f&oe=608866EF&_nc_sid=9fb510",
                    "username": "airpods_case_1"
                },
                "likes_count": 0
            }
        ]
    }
]