[
    {
        "id": 17910351742646648,
        "created_at": 1616258908,
        "text": "Pp of silver one",
        "owner": {
            "id": "36999166618",
            "is_verified": false,
            "profile_pic_url": "https://instagram.fagc2-1.fna.fbcdn.net/v/t51.2885-19/s150x150/162659113_901656910378939_3382108293606458853_n.jpg?tp=1&_nc_ht=instagram.fagc2-1.fna.fbcdn.net&_nc_ohc=CA5eFg4yONwAX9TBTMD&ccb=7-4&oh=90545ec1c18b80c33c3f1f8f73f8fd2f&oe=60885740&_nc_sid=9fb510",
            "username": "nitingupta9566"
        },
        "likes_count": 0,
        "answers": []
    },
    {
        "id": 17991899683324202,
        "created_at": 1614226537,
        "text": "DM.plz",
        "owner": {
            "id": "6443845515",
            "is_verified": false,
            "profile_pic_url": "https://instagram.fagc2-1.fna.fbcdn.net/v/t51.2885-19/s150x150/164897269_183570506905135_6660045316399688385_n.jpg?tp=1&_nc_ht=instagram.fagc2-1.fna.fbcdn.net&_nc_ohc=okD-vzzh3EkAX9zCsBX&ccb=7-4&oh=00359f5a2669b37eb97a8a3faef9c313&oe=6089EBFB&_nc_sid=9fb510",
            "username": "z.ee.l____"
        },
        "likes_count": 0,
        "answers": [
            {
                "id": 17999076430313825,
                "created_at": 1614227182,
                "text": "@z.ee.l____ chevk dm",
                "owner": {
                    "id": "31345321949",
                    "is_verified": false,
                    "profile_pic_url": "https://instagram.fagc2-1.fna.fbcdn.net/v/t51.2885-19/s150x150/104655610_734890267265839_7042082510067431729_n.jpg?tp=1&_nc_ht=instagram.fagc2-1.fna.fbcdn.net&_nc_ohc=Q9yxDDyzyrwAX9Xuts8&ccb=7-4&oh=d86b1b6d639825b0f55d29acf1a38f6f&oe=608866EF&_nc_sid=9fb510",
                    "username": "airpods_case_1"
                },
                "likes_count": 1
            }
        ]
    },
    {
        "id": 18192835639001569,
        "created_at": 1613118618,
        "text": "Price ?",
        "owner": {
            "id": "45868865877",
            "is_verified": false,
            "profile_pic_url": "https://instagram.fagc2-1.fna.fbcdn.net/v/t51.2885-19/s150x150/151108767_1031195267290275_6237923474263626144_n.jpg?tp=1&_nc_ht=instagram.fagc2-1.fna.fbcdn.net&_nc_ohc=3x68uFKFVeMAX8MueON&ccb=7-4&oh=6fcfaf3d74b97f40fe599b156c444899&oe=60874541&_nc_sid=9fb510",
            "username": "miss___queen_of_heart__"
        },
        "likes_count": 0,
        "answers": [
            {
                "id": 17871459584205015,
                "created_at": 1613124073,
                "text": "@miss___queen_of_heart__ check dm",
                "owner": {
                    "id": "31345321949",
                    "is_verified": false,
                    "profile_pic_url": "https://instagram.fagc2-1.fna.fbcdn.net/v/t51.2885-19/s150x150/104655610_734890267265839_7042082510067431729_n.jpg?tp=1&_nc_ht=instagram.fagc2-1.fna.fbcdn.net&_nc_ohc=Q9yxDDyzyrwAX9Xuts8&ccb=7-4&oh=d86b1b6d639825b0f55d29acf1a38f6f&oe=608866EF&_nc_sid=9fb510",
                    "username": "airpods_case_1"
                },
                "likes_count": 0
            }
        ]
    },
    {
        "id": 17859746828479847,
        "created_at": 1612590799,
        "text": "Price jii",
        "owner": {
            "id": "6715735102",
            "is_verified": false,
            "profile_pic_url": "https://instagram.fagc2-1.fna.fbcdn.net/v/t51.2885-19/s150x150/160930102_212399323968167_8886291931359534518_n.jpg?tp=1&_nc_ht=instagram.fagc2-1.fna.fbcdn.net&_nc_ohc=o3vVDAMmxqMAX9-h9Ql&ccb=7-4&oh=5f0e603f1c6e3ae6676ac5ac096e29f9&oe=60895A99&_nc_sid=9fb510",
            "username": "vicky_6315"
        },
        "likes_count": 0,
        "answers": [
            {
                "id": 18182299711069159,
                "created_at": 1612592862,
                "text": "@vicky_6315 check dm",
                "owner": {
                    "id": "31345321949",
                    "is_verified": false,
                    "profile_pic_url": "https://instagram.fagc2-1.fna.fbcdn.net/v/t51.2885-19/s150x150/104655610_734890267265839_7042082510067431729_n.jpg?tp=1&_nc_ht=instagram.fagc2-1.fna.fbcdn.net&_nc_ohc=Q9yxDDyzyrwAX9Xuts8&ccb=7-4&oh=d86b1b6d639825b0f55d29acf1a38f6f&oe=608866EF&_nc_sid=9fb510",
                    "username": "airpods_case_1"
                },
                "likes_count": 0
            }
        ]
    },
    {
        "id": 18134435608158308,
        "created_at": 1612372381,
        "text": "Pp?",
        "owner": {
            "id": "2284356392",
            "is_verified": false,
            "profile_pic_url": "https://instagram.fagc2-1.fna.fbcdn.net/v/t51.2885-19/s150x150/46065269_364670797600714_1371755152104488960_n.jpg?tp=1&_nc_ht=instagram.fagc2-1.fna.fbcdn.net&_nc_ohc=vzqkt2D6GH4AX8-QCDb&ccb=7-4&oh=bfea3dd3b95dc84300edd4cb2701bfe7&oe=60882F34&_nc_sid=9fb510",
            "username": "priyaaggarwal0720"
        },
        "likes_count": 0,
        "answers": [
            {
                "id": 17874837467136423,
                "created_at": 1612372733,
                "text": "@priyaaggarwal0720 check dm",
                "owner": {
                    "id": "31345321949",
                    "is_verified": false,
                    "profile_pic_url": "https://instagram.fagc2-1.fna.fbcdn.net/v/t51.2885-19/s150x150/104655610_734890267265839_7042082510067431729_n.jpg?tp=1&_nc_ht=instagram.fagc2-1.fna.fbcdn.net&_nc_ohc=Q9yxDDyzyrwAX9Xuts8&ccb=7-4&oh=d86b1b6d639825b0f55d29acf1a38f6f&oe=608866EF&_nc_sid=9fb510",
                    "username": "airpods_case_1"
                },
                "likes_count": 0
            }
        ]
    },
    {
        "id": 17944064149430663,
        "created_at": 1612078031,
        "text": "Price??",
        "owner": {
            "id": "9844074856",
            "is_verified": false,
            "profile_pic_url": "https://instagram.fagc2-1.fna.fbcdn.net/v/t51.2885-19/s150x150/162569241_502160361171560_8663771896944265389_n.jpg?tp=1&_nc_ht=instagram.fagc2-1.fna.fbcdn.net&_nc_ohc=WW6-17fAuqYAX_GE4J4&ccb=7-4&oh=09b69d226db87e0a55a5f00f47e539b1&oe=6087B89C&_nc_sid=9fb510",
            "username": "_nafila_18"
        },
        "likes_count": 0,
        "answers": [
            {
                "id": 17871751421191528,
                "created_at": 1612079396,
                "text": "@_nafila_18 check dm",
                "owner": {
                    "id": "31345321949",
                    "is_verified": false,
                    "profile_pic_url": "https://instagram.fagc2-1.fna.fbcdn.net/v/t51.2885-19/s150x150/104655610_734890267265839_7042082510067431729_n.jpg?tp=1&_nc_ht=instagram.fagc2-1.fna.fbcdn.net&_nc_ohc=Q9yxDDyzyrwAX9Xuts8&ccb=7-4&oh=d86b1b6d639825b0f55d29acf1a38f6f&oe=608866EF&_nc_sid=9fb510",
                    "username": "airpods_case_1"
                },
                "likes_count": 1
            }
        ]
    },
    {
        "id": 17882817038027921,
        "created_at": 1611596164,
        "text": "Pp",
        "owner": {
            "id": "1752975014",
            "is_verified": false,
            "profile_pic_url": "https://instagram.fagc2-1.fna.fbcdn.net/v/t51.2885-19/s150x150/47582671_1258464604302948_4218302507723522048_n.jpg?tp=1&_nc_ht=instagram.fagc2-1.fna.fbcdn.net&_nc_ohc=Do3Di0hjGRcAX8iscLD&ccb=7-4&oh=4947c6e034d209ca09810214fb300d8e&oe=608723EA&_nc_sid=9fb510",
            "username": "bisht_anku21"
        },
        "likes_count": 0,
        "answers": [
            {
                "id": 17894780551801071,
                "created_at": 1611598359,
                "text": "@bisht_anku21 check dm",
                "owner": {
                    "id": "31345321949",
                    "is_verified": false,
                    "profile_pic_url": "https://instagram.fagc2-1.fna.fbcdn.net/v/t51.2885-19/s150x150/104655610_734890267265839_7042082510067431729_n.jpg?tp=1&_nc_ht=instagram.fagc2-1.fna.fbcdn.net&_nc_ohc=Q9yxDDyzyrwAX9Xuts8&ccb=7-4&oh=d86b1b6d639825b0f55d29acf1a38f6f&oe=608866EF&_nc_sid=9fb510",
                    "username": "airpods_case_1"
                },
                "likes_count": 0
            }
        ]
    },
    {
        "id": 17918715646541982,
        "created_at": 1611505437,
        "text": "Price plz??",
        "owner": {
            "id": "5349435568",
            "is_verified": false,
            "profile_pic_url": "https://instagram.fagc2-1.fna.fbcdn.net/v/t51.2885-19/s150x150/123611855_847620479340958_501664328398589379_n.jpg?tp=1&_nc_ht=instagram.fagc2-1.fna.fbcdn.net&_nc_ohc=tvSHHDubvxoAX9gpBY3&ccb=7-4&oh=7410ec995148db00ff1af919c877a02c&oe=608937AE&_nc_sid=9fb510",
            "username": "andleebbakhtawar"
        },
        "likes_count": 0,
        "answers": []
    },
    {
        "id": 17886285433920704,
        "created_at": 1611410592,
        "text": "Pp",
        "owner": {
            "id": "39365968697",
            "is_verified": false,
            "profile_pic_url": "https://instagram.fagc2-1.fna.fbcdn.net/v/t51.2885-19/s150x150/142921673_417906719518859_1401006621143268648_n.jpg?tp=1&_nc_ht=instagram.fagc2-1.fna.fbcdn.net&_nc_ohc=DwjuPgoSelkAX8XJibp&ccb=7-4&oh=4edd67f5f276844d895855778e5a468c&oe=60865DF4&_nc_sid=9fb510",
            "username": "goaltolbsnaa"
        },
        "likes_count": 0,
        "answers": []
    },
    {
        "id": 17890460029864683,
        "created_at": 1611153598,
        "text": "Pp",
        "owner": {
            "id": "1497061377",
            "is_verified": false,
            "profile_pic_url": "https://instagram.fagc2-1.fna.fbcdn.net/v/t51.2885-19/s150x150/15253176_659587767534862_129823388045672448_a.jpg?tp=1&_nc_ht=instagram.fagc2-1.fna.fbcdn.net&_nc_ohc=K7ifF0aiyXwAX8WZdZu&ccb=7-4&oh=f1bd46de82f328c4ec0a2ded86645b1f&oe=60870F6B&_nc_sid=9fb510",
            "username": "gazelle_glitters"
        },
        "likes_count": 0,
        "answers": []
    },
    {
        "id": 18136629469094970,
        "created_at": 1611062855,
        "text": "Price plzz",
        "owner": {
            "id": "5349435568",
            "is_verified": false,
            "profile_pic_url": "https://instagram.fagc2-1.fna.fbcdn.net/v/t51.2885-19/s150x150/123611855_847620479340958_501664328398589379_n.jpg?tp=1&_nc_ht=instagram.fagc2-1.fna.fbcdn.net&_nc_ohc=tvSHHDubvxoAX9gpBY3&ccb=7-4&oh=7410ec995148db00ff1af919c877a02c&oe=608937AE&_nc_sid=9fb510",
            "username": "andleebbakhtawar"
        },
        "likes_count": 0,
        "answers": [
            {
                "id": 17897261425771732,
                "created_at": 1611068347,
                "text": "@andleebbakhtawar check dm",
                "owner": {
                    "id": "31345321949",
                    "is_verified": false,
                    "profile_pic_url": "https://instagram.fagc2-1.fna.fbcdn.net/v/t51.2885-19/s150x150/104655610_734890267265839_7042082510067431729_n.jpg?tp=1&_nc_ht=instagram.fagc2-1.fna.fbcdn.net&_nc_ohc=Q9yxDDyzyrwAX9Xuts8&ccb=7-4&oh=d86b1b6d639825b0f55d29acf1a38f6f&oe=608866EF&_nc_sid=9fb510",
                    "username": "airpods_case_1"
                },
                "likes_count": 0
            }
        ]
    },
    {
        "id": 17873101046178798,
        "created_at": 1610732243,
        "text": "Price plz",
        "owner": {
            "id": "39211734236",
            "is_verified": false,
            "profile_pic_url": "https://instagram.fagc2-1.fna.fbcdn.net/v/t51.2885-19/s150x150/153598098_5033383233402893_702127664409585513_n.jpg?tp=1&_nc_ht=instagram.fagc2-1.fna.fbcdn.net&_nc_ohc=P6JQGe4LsW8AX-DJLX1&ccb=7-4&oh=4d38ef3c3266d6e73c83a21b2db4ae2e&oe=6089A224&_nc_sid=9fb510",
            "username": "_queen_tabbu_"
        },
        "likes_count": 0,
        "answers": [
            {
                "id": 18142162969188906,
                "created_at": 1610736556,
                "text": "@_queen_tabbu_ check dm",
                "owner": {
                    "id": "31345321949",
                    "is_verified": false,
                    "profile_pic_url": "https://instagram.fagc2-1.fna.fbcdn.net/v/t51.2885-19/s150x150/104655610_734890267265839_7042082510067431729_n.jpg?tp=1&_nc_ht=instagram.fagc2-1.fna.fbcdn.net&_nc_ohc=Q9yxDDyzyrwAX9Xuts8&ccb=7-4&oh=d86b1b6d639825b0f55d29acf1a38f6f&oe=608866EF&_nc_sid=9fb510",
                    "username": "airpods_case_1"
                },
                "likes_count": 0
            },
            {
                "id": 17885469463921849,
                "created_at": 1610736542,
                "text": "@_queen_tabbu_ check dm",
                "owner": {
                    "id": "31345321949",
                    "is_verified": false,
                    "profile_pic_url": "https://instagram.fagc2-1.fna.fbcdn.net/v/t51.2885-19/s150x150/104655610_734890267265839_7042082510067431729_n.jpg?tp=1&_nc_ht=instagram.fagc2-1.fna.fbcdn.net&_nc_ohc=Q9yxDDyzyrwAX9Xuts8&ccb=7-4&oh=d86b1b6d639825b0f55d29acf1a38f6f&oe=608866EF&_nc_sid=9fb510",
                    "username": "airpods_case_1"
                },
                "likes_count": 0
            }
        ]
    },
    {
        "id": 18103573477202404,
        "created_at": 1610628953,
        "text": "Pp",
        "owner": {
            "id": "3274218195",
            "is_verified": false,
            "profile_pic_url": "https://instagram.fagc2-1.fna.fbcdn.net/v/t51.2885-19/s150x150/131249941_215833143385462_1334932798654758901_n.jpg?tp=1&_nc_ht=instagram.fagc2-1.fna.fbcdn.net&_nc_ohc=oLJD8BnmROgAX9AlcEf&ccb=7-4&oh=e3d32acbb7e1deb81c6173561b34339f&oe=60898197&_nc_sid=9fb510",
            "username": "jagruti_agnihotri"
        },
        "likes_count": 0,
        "answers": [
            {
                "id": 17897633026750626,
                "created_at": 1610632289,
                "text": "@jagruti_agnihotri check dm",
                "owner": {
                    "id": "31345321949",
                    "is_verified": false,
                    "profile_pic_url": "https://instagram.fagc2-1.fna.fbcdn.net/v/t51.2885-19/s150x150/104655610_734890267265839_7042082510067431729_n.jpg?tp=1&_nc_ht=instagram.fagc2-1.fna.fbcdn.net&_nc_ohc=Q9yxDDyzyrwAX9Xuts8&ccb=7-4&oh=d86b1b6d639825b0f55d29acf1a38f6f&oe=608866EF&_nc_sid=9fb510",
                    "username": "airpods_case_1"
                },
                "likes_count": 0
            }
        ]
    },
    {
        "id": 18061762327266360,
        "created_at": 1610522055,
        "text": "original pic ?",
        "owner": {
            "id": "305512285",
            "is_verified": false,
            "profile_pic_url": "https://instagram.fagc2-1.fna.fbcdn.net/v/t51.2885-19/s150x150/105419629_290524188800065_7153105416507073449_n.jpg?tp=1&_nc_ht=instagram.fagc2-1.fna.fbcdn.net&_nc_ohc=ZMFNl7fxbdIAX_44XhW&ccb=7-4&oh=b3e2218dd2b9bb36de5dedd140b2a0d1&oe=60883D3D&_nc_sid=9fb510",
            "username": "fxizxl"
        },
        "likes_count": 0,
        "answers": []
    },
    {
        "id": 17901207892699084,
        "created_at": 1610345819,
        "text": "Pp",
        "owner": {
            "id": "254586021",
            "is_verified": false,
            "profile_pic_url": "https://instagram.fagc2-1.fna.fbcdn.net/v/t51.2885-19/s150x150/125344802_1298771440483258_4196201867548369929_n.jpg?tp=1&_nc_ht=instagram.fagc2-1.fna.fbcdn.net&_nc_ohc=b-iAtyvkoxYAX_soh7A&tn=JuhKyF2TtKh33b_6&ccb=7-4&oh=2a1b58b82340809fed7df4b5deac395d&oe=60888679&_nc_sid=9fb510",
            "username": "pkishnani"
        },
        "likes_count": 0,
        "answers": [
            {
                "id": 18003841900305918,
                "created_at": 1610346343,
                "text": "@pkishnani check dm",
                "owner": {
                    "id": "31345321949",
                    "is_verified": false,
                    "profile_pic_url": "https://instagram.fagc2-1.fna.fbcdn.net/v/t51.2885-19/s150x150/104655610_734890267265839_7042082510067431729_n.jpg?tp=1&_nc_ht=instagram.fagc2-1.fna.fbcdn.net&_nc_ohc=Q9yxDDyzyrwAX9Xuts8&ccb=7-4&oh=d86b1b6d639825b0f55d29acf1a38f6f&oe=608866EF&_nc_sid=9fb510",
                    "username": "airpods_case_1"
                },
                "likes_count": 0
            }
        ]
    },
    {
        "id": 17854951418387817,
        "created_at": 1609606340,
        "text": "Prize",
        "owner": {
            "id": "40323919823",
            "is_verified": false,
            "profile_pic_url": "https://instagram.fagc2-1.fna.fbcdn.net/v/t51.2885-19/s150x150/131306966_706097196950353_3894743001897789493_n.jpg?tp=1&_nc_ht=instagram.fagc2-1.fna.fbcdn.net&_nc_ohc=B_J5HJD9yu4AX9Z8tLQ&ccb=7-4&oh=e1dacda23db4d8d1d66e0f68728698a8&oe=60895E30&_nc_sid=9fb510",
            "username": "remax__calicut"
        },
        "likes_count": 0,
        "answers": []
    },
    {
        "id": 17897077660641960,
        "created_at": 1606922929,
        "text": "Pp",
        "owner": {
            "id": "1598124759",
            "is_verified": false,
            "profile_pic_url": "https://instagram.fagc2-1.fna.fbcdn.net/v/t51.2885-19/s150x150/160372319_778180662829513_8485876392900677542_n.jpg?tp=1&_nc_ht=instagram.fagc2-1.fna.fbcdn.net&_nc_ohc=JWFMj3BzL-YAX93MgOw&ccb=7-4&oh=7e3adcc141ab8c094e275bd012c416fc&oe=6087651B&_nc_sid=9fb510",
            "username": "riashori01"
        },
        "likes_count": 0,
        "answers": []
    },
    {
        "id": 17862078839226119,
        "created_at": 1605695090,
        "text": "Price",
        "owner": {
            "id": "628317614",
            "is_verified": false,
            "profile_pic_url": "https://instagram.fagc2-1.fna.fbcdn.net/v/t51.2885-19/s150x150/161548795_275677590667088_5566378457246632169_n.jpg?tp=1&_nc_ht=instagram.fagc2-1.fna.fbcdn.net&_nc_ohc=aOvYK4kqwHAAX-rQHIR&ccb=7-4&oh=af9367a5ff1f2eac4ae06b129d50d0ce&oe=6087E836&_nc_sid=9fb510",
            "username": "raarorah04"
        },
        "likes_count": 0,
        "answers": [
            {
                "id": 17893255633725589,
                "created_at": 1605695163,
                "text": "@raarorah04 check dm",
                "owner": {
                    "id": "31345321949",
                    "is_verified": false,
                    "profile_pic_url": "https://instagram.fagc2-1.fna.fbcdn.net/v/t51.2885-19/s150x150/104655610_734890267265839_7042082510067431729_n.jpg?tp=1&_nc_ht=instagram.fagc2-1.fna.fbcdn.net&_nc_ohc=Q9yxDDyzyrwAX9Xuts8&ccb=7-4&oh=d86b1b6d639825b0f55d29acf1a38f6f&oe=608866EF&_nc_sid=9fb510",
                    "username": "airpods_case_1"
                },
                "likes_count": 0
            }
        ]
    },
    {
        "id": 17896377832637700,
        "created_at": 1604922600,
        "text": "Original pic?",
        "owner": {
            "id": "44031582144",
            "is_verified": false,
            "profile_pic_url": "https://instagram.fagc2-1.fna.fbcdn.net/v/t51.2885-19/s150x150/122483958_206129177530946_9136084794540873986_n.jpg?tp=1&_nc_ht=instagram.fagc2-1.fna.fbcdn.net&_nc_ohc=8ZUPfdfjZ2YAX_Y96gt&ccb=7-4&oh=d18930cf53ab8fe4823ac1747c9f44bd&oe=6086CECD&_nc_sid=9fb510",
            "username": "saman.aslam.94651"
        },
        "likes_count": 0,
        "answers": [
            {
                "id": 17851590812362889,
                "created_at": 1604922699,
                "text": "@saman.aslam.94651 check dm",
                "owner": {
                    "id": "31345321949",
                    "is_verified": false,
                    "profile_pic_url": "https://instagram.fagc2-1.fna.fbcdn.net/v/t51.2885-19/s150x150/104655610_734890267265839_7042082510067431729_n.jpg?tp=1&_nc_ht=instagram.fagc2-1.fna.fbcdn.net&_nc_ohc=Q9yxDDyzyrwAX9Xuts8&ccb=7-4&oh=d86b1b6d639825b0f55d29acf1a38f6f&oe=608866EF&_nc_sid=9fb510",
                    "username": "airpods_case_1"
                },
                "likes_count": 0
            }
        ]
    },
    {
        "id": 17853314186340152,
        "created_at": 1604922579,
        "text": "Pp",
        "owner": {
            "id": "44031582144",
            "is_verified": false,
            "profile_pic_url": "https://instagram.fagc2-1.fna.fbcdn.net/v/t51.2885-19/s150x150/122483958_206129177530946_9136084794540873986_n.jpg?tp=1&_nc_ht=instagram.fagc2-1.fna.fbcdn.net&_nc_ohc=8ZUPfdfjZ2YAX_Y96gt&ccb=7-4&oh=d18930cf53ab8fe4823ac1747c9f44bd&oe=6086CECD&_nc_sid=9fb510",
            "username": "saman.aslam.94651"
        },
        "likes_count": 0,
        "answers": []
    },
    {
        "id": 17881271785896259,
        "created_at": 1604712442,
        "text": "Super one bro\ud83e\udd29",
        "owner": {
            "id": "18124237484",
            "is_verified": false,
            "profile_pic_url": "https://instagram.fagc2-1.fna.fbcdn.net/v/t51.2885-19/s150x150/128103275_423365532022928_8369272165532690256_n.jpg?tp=1&_nc_ht=instagram.fagc2-1.fna.fbcdn.net&_nc_ohc=AKvrxEFAoQ0AX-v0u6t&ccb=7-4&oh=517c88a7db3551b0443a2b9b1b06d777&oe=6089549F&_nc_sid=9fb510",
            "username": "de_smoki_boy"
        },
        "likes_count": 0,
        "answers": []
    },
    {
        "id": 17915054590481115,
        "created_at": 1601028524,
        "text": "Price",
        "owner": {
            "id": "41190823388",
            "is_verified": false,
            "profile_pic_url": "https://instagram.fagc2-1.fna.fbcdn.net/v/t51.2885-19/s150x150/119105833_372337217497888_5353413837286563433_n.jpg?tp=1&_nc_ht=instagram.fagc2-1.fna.fbcdn.net&_nc_ohc=JW3Fn7Rr9TIAX-Qd-AR&ccb=7-4&oh=ef507a33a1a404528e3e41e1c8155498&oe=60867CA9&_nc_sid=9fb510",
            "username": "candy.girl1212"
        },
        "likes_count": 0,
        "answers": []
    },
    {
        "id": 18158624506036204,
        "created_at": 1597465159,
        "text": "Pp",
        "owner": {
            "id": "2330389690",
            "is_verified": false,
            "profile_pic_url": "https://instagram.fagc2-1.fna.fbcdn.net/v/t51.2885-19/s150x150/135718744_226892158883417_8877764939417692215_n.jpg?tp=1&_nc_ht=instagram.fagc2-1.fna.fbcdn.net&_nc_ohc=5wtSuKfPLAoAX-fIDLJ&ccb=7-4&oh=d87df2eebd20ba1bbb4584bdbb972fac&oe=60872029&_nc_sid=9fb510",
            "username": "chahat_____saini_____"
        },
        "likes_count": 0,
        "answers": [
            {
                "id": 17864649856986718,
                "created_at": 1597465928,
                "text": "@chahat_____saini_____ 450",
                "owner": {
                    "id": "31345321949",
                    "is_verified": false,
                    "profile_pic_url": "https://instagram.fagc2-1.fna.fbcdn.net/v/t51.2885-19/s150x150/104655610_734890267265839_7042082510067431729_n.jpg?tp=1&_nc_ht=instagram.fagc2-1.fna.fbcdn.net&_nc_ohc=Q9yxDDyzyrwAX9Xuts8&ccb=7-4&oh=d86b1b6d639825b0f55d29acf1a38f6f&oe=608866EF&_nc_sid=9fb510",
                    "username": "airpods_case_1"
                },
                "likes_count": 0
            }
        ]
    }
]