[
    {
        "id": 17880570662086757,
        "created_at": 1612156535,
        "text": "Please tell me price  of silver",
        "owner": {
            "id": "43008469472",
            "is_verified": false,
            "profile_pic_url": "https://instagram.fphl1-2.fna.fbcdn.net/v/t51.2885-19/44884218_345707102882519_2446069589734326272_n.jpg?_nc_ht=instagram.fphl1-2.fna.fbcdn.net&_nc_ohc=hLTkwc3uTqUAX8FCtmj&ccb=7-4&oh=106d4121e21584514b308f6fe497e9a4&oe=6087738F&_nc_sid=30a2ef&ig_cache_key=YW5vbnltb3VzX3Byb2ZpbGVfcGlj.2-ccb7-4",
            "username": "saadc8352"
        },
        "likes_count": 0,
        "answers": [
            {
                "id": 17862248585381642,
                "created_at": 1612162802,
                "text": "@saadc8352 check dm",
                "owner": {
                    "id": "31345321949",
                    "is_verified": false,
                    "profile_pic_url": "https://instagram.fagc2-1.fna.fbcdn.net/v/t51.2885-19/s150x150/104655610_734890267265839_7042082510067431729_n.jpg?tp=1&_nc_ht=instagram.fagc2-1.fna.fbcdn.net&_nc_ohc=Q9yxDDyzyrwAX9Xuts8&ccb=7-4&oh=d86b1b6d639825b0f55d29acf1a38f6f&oe=608866EF&_nc_sid=9fb510",
                    "username": "airpods_case_1"
                },
                "likes_count": 0
            }
        ]
    },
    {
        "id": 17973763570343101,
        "created_at": 1609096359,
        "text": "Duq hay eq",
        "owner": {
            "id": "36374836429",
            "is_verified": false,
            "profile_pic_url": "https://instagram.fagc2-1.fna.fbcdn.net/v/t51.2885-19/s150x150/150270078_2764494357132508_1200614782954540217_n.jpg?tp=1&_nc_ht=instagram.fagc2-1.fna.fbcdn.net&_nc_ohc=0TBSX733qXgAX8-SBws&ccb=7-4&oh=3585ab5477870811b90c4597fb3524a2&oe=6089C8A5&_nc_sid=9fb510",
            "username": "__dayana_h.__"
        },
        "likes_count": 0,
        "answers": []
    }
]