[
    {
        "id": 18150357310117442,
        "created_at": 1609606196,
        "text": "Prize",
        "owner": {
            "id": "40323919823",
            "is_verified": false,
            "profile_pic_url": "https://instagram.fagc2-1.fna.fbcdn.net/v/t51.2885-19/s150x150/131306966_706097196950353_3894743001897789493_n.jpg?tp=1&_nc_ht=instagram.fagc2-1.fna.fbcdn.net&_nc_ohc=B_J5HJD9yu4AX9Z8tLQ&ccb=7-4&oh=e1dacda23db4d8d1d66e0f68728698a8&oe=60895E30&_nc_sid=9fb510",
            "username": "remax__calicut"
        },
        "likes_count": 0,
        "answers": []
    },
    {
        "id": 17898459835694130,
        "created_at": 1609088140,
        "text": "Price ?",
        "owner": {
            "id": "6112359481",
            "is_verified": false,
            "profile_pic_url": "https://instagram.fagc2-1.fna.fbcdn.net/v/t51.2885-19/s150x150/156832958_930724751064253_2878826765491024336_n.jpg?tp=1&_nc_ht=instagram.fagc2-1.fna.fbcdn.net&_nc_ohc=No46elHlCOUAX-P0ifm&ccb=7-4&oh=998ab60fa5c8a4214fc5e4bd01407e7b&oe=6087E35E&_nc_sid=9fb510",
            "username": "vicky_kadyan0"
        },
        "likes_count": 0,
        "answers": []
    },
    {
        "id": 17940127828421033,
        "created_at": 1607946973,
        "text": "Pp",
        "owner": {
            "id": "7914706697",
            "is_verified": false,
            "profile_pic_url": "https://instagram.fagc2-1.fna.fbcdn.net/v/t51.2885-19/s150x150/160739360_226441572544049_5880053870402547548_n.jpg?tp=1&_nc_ht=instagram.fagc2-1.fna.fbcdn.net&_nc_ohc=eJNUIitplC4AX-0acfK&ccb=7-4&oh=c5737518cdd0bb32fbde51f77ea8696a&oe=60883F41&_nc_sid=9fb510",
            "username": "seema6goel"
        },
        "likes_count": 0,
        "answers": [
            {
                "id": 17882851474935710,
                "created_at": 1607947388,
                "text": "@seema6goel check dm",
                "owner": {
                    "id": "31345321949",
                    "is_verified": false,
                    "profile_pic_url": "https://instagram.fagc2-1.fna.fbcdn.net/v/t51.2885-19/s150x150/104655610_734890267265839_7042082510067431729_n.jpg?tp=1&_nc_ht=instagram.fagc2-1.fna.fbcdn.net&_nc_ohc=Q9yxDDyzyrwAX9Xuts8&ccb=7-4&oh=d86b1b6d639825b0f55d29acf1a38f6f&oe=608866EF&_nc_sid=9fb510",
                    "username": "airpods_case_1"
                },
                "likes_count": 0
            }
        ]
    }
]