[
    {
        "id": 17943362779445424,
        "created_at": 1615134085,
        "text": "Hm",
        "owner": {
            "id": "1369943255",
            "is_verified": false,
            "profile_pic_url": "https://instagram.fagc2-1.fna.fbcdn.net/v/t51.2885-19/s150x150/54800574_2168999093181459_3750220320217235456_n.jpg?tp=1&_nc_ht=instagram.fagc2-1.fna.fbcdn.net&_nc_ohc=FjdXCF9thAEAX91JqEY&ccb=7-4&oh=567994b56f1d7433f0f2216c7b1a7f83&oe=6087823F&_nc_sid=9fb510",
            "username": "zelhouette"
        },
        "likes_count": 1,
        "answers": []
    },
    {
        "id": 17952192874404146,
        "created_at": 1611585596,
        "text": "Price",
        "owner": {
            "id": "44598058133",
            "is_verified": false,
            "profile_pic_url": "https://instagram.fagc2-1.fna.fbcdn.net/v/t51.2885-19/s150x150/154367761_259970998976312_5030852555322007725_n.jpg?tp=1&_nc_ht=instagram.fagc2-1.fna.fbcdn.net&_nc_ohc=1w3LEmDFBEEAX-bXfqj&ccb=7-4&oh=637bc6b88ea9bf4ded6b48e0bf1aaef6&oe=6086C0B6&_nc_sid=9fb510",
            "username": "mr_pankit_prajapati"
        },
        "likes_count": 0,
        "answers": [
            {
                "id": 17908735084618874,
                "created_at": 1611588433,
                "text": "@mr_pankit_prajapati check dm",
                "owner": {
                    "id": "31345321949",
                    "is_verified": false,
                    "profile_pic_url": "https://instagram.fagc2-1.fna.fbcdn.net/v/t51.2885-19/s150x150/104655610_734890267265839_7042082510067431729_n.jpg?tp=1&_nc_ht=instagram.fagc2-1.fna.fbcdn.net&_nc_ohc=Q9yxDDyzyrwAX9Xuts8&ccb=7-4&oh=d86b1b6d639825b0f55d29acf1a38f6f&oe=608866EF&_nc_sid=9fb510",
                    "username": "airpods_case_1"
                },
                "likes_count": 0
            }
        ]
    },
    {
        "id": 17909570167610172,
        "created_at": 1610806133,
        "text": "Price pls",
        "owner": {
            "id": "5428021887",
            "is_verified": false,
            "profile_pic_url": "https://instagram.fagc2-1.fna.fbcdn.net/v/t51.2885-19/s150x150/162054016_769455743677231_4383287830076002673_n.jpg?tp=1&_nc_ht=instagram.fagc2-1.fna.fbcdn.net&_nc_ohc=B5Wb93FqvAkAX_wydRd&ccb=7-4&oh=c5e82b67b2fe78c4d151cc768f60ad7d&oe=6089380B&_nc_sid=9fb510",
            "username": "broken_soul_2021"
        },
        "likes_count": 0,
        "answers": []
    },
    {
        "id": 17893851790805771,
        "created_at": 1609519138,
        "text": "Hy",
        "owner": {
            "id": "3971367965",
            "is_verified": false,
            "profile_pic_url": "https://instagram.fagc2-1.fna.fbcdn.net/v/t51.2885-19/s150x150/128332393_311398496574337_5589780469719563940_n.jpg?tp=1&_nc_ht=instagram.fagc2-1.fna.fbcdn.net&_nc_ohc=_Wa1UNSaIp0AX9-YC7r&ccb=7-4&oh=62889e57cf8c029f549c6a81b44abb93&oe=60871E64&_nc_sid=9fb510",
            "username": "rafi_mohd______"
        },
        "likes_count": 0,
        "answers": []
    },
    {
        "id": 17922721495469631,
        "created_at": 1606314309,
        "text": "Rate",
        "owner": {
            "id": "8214006910",
            "is_verified": false,
            "profile_pic_url": "https://instagram.fagc2-1.fna.fbcdn.net/v/t51.2885-19/s150x150/138619019_1532101860313274_1949799958985960732_n.jpg?tp=1&_nc_ht=instagram.fagc2-1.fna.fbcdn.net&_nc_ohc=m8k43TnhM54AX_sZmYW&ccb=7-4&oh=e36489ba8e8488c52dccfaad0475bc9f&oe=6089A2BE&_nc_sid=9fb510",
            "username": "_mhd_shamil_07"
        },
        "likes_count": 0,
        "answers": []
    }
]