[
    {
        "id": 18141756298157348,
        "created_at": 1616050773,
        "text": "Pp",
        "owner": {
            "id": "7467935245",
            "is_verified": false,
            "profile_pic_url": "https://instagram.fagc2-1.fna.fbcdn.net/v/t51.2885-19/s150x150/142779677_4985773994829556_9147573827827964147_n.jpg?tp=1&_nc_ht=instagram.fagc2-1.fna.fbcdn.net&_nc_ohc=p5bdGxq4-04AX-O9fwW&ccb=7-4&oh=a069147a846a13c09090c9223ee0dae5&oe=60893E9C&_nc_sid=9fb510",
            "username": "arshdeep.kaur.dhaliwal"
        },
        "likes_count": 0,
        "answers": [
            {
                "id": 17866707488383857,
                "created_at": 1616058323,
                "text": "@arshdeep.kaur.dhaliwal check dm",
                "owner": {
                    "id": "31345321949",
                    "is_verified": false,
                    "profile_pic_url": "https://instagram.fagc2-1.fna.fbcdn.net/v/t51.2885-19/s150x150/104655610_734890267265839_7042082510067431729_n.jpg?tp=1&_nc_ht=instagram.fagc2-1.fna.fbcdn.net&_nc_ohc=Q9yxDDyzyrwAX9Xuts8&ccb=7-4&oh=d86b1b6d639825b0f55d29acf1a38f6f&oe=608866EF&_nc_sid=9fb510",
                    "username": "airpods_case_1"
                },
                "likes_count": 0
            }
        ]
    },
    {
        "id": 18070954663271740,
        "created_at": 1615598407,
        "text": "Pp",
        "owner": {
            "id": "4569896441",
            "is_verified": false,
            "profile_pic_url": "https://instagram.fagc2-1.fna.fbcdn.net/v/t51.2885-19/s150x150/16230035_151119682061177_157794276661526528_a.jpg?tp=1&_nc_ht=instagram.fagc2-1.fna.fbcdn.net&_nc_ohc=urnVejpC5j8AX-tSO5y&ccb=7-4&oh=aa0ffc908ba3f1de0a103db984e12625&oe=60892727&_nc_sid=9fb510",
            "username": "jossaitta"
        },
        "likes_count": 0,
        "answers": [
            {
                "id": 17907385183729582,
                "created_at": 1615607508,
                "text": "@jossaitta check dm",
                "owner": {
                    "id": "31345321949",
                    "is_verified": false,
                    "profile_pic_url": "https://instagram.fagc2-1.fna.fbcdn.net/v/t51.2885-19/s150x150/104655610_734890267265839_7042082510067431729_n.jpg?tp=1&_nc_ht=instagram.fagc2-1.fna.fbcdn.net&_nc_ohc=Q9yxDDyzyrwAX9Xuts8&ccb=7-4&oh=d86b1b6d639825b0f55d29acf1a38f6f&oe=608866EF&_nc_sid=9fb510",
                    "username": "airpods_case_1"
                },
                "likes_count": 0
            }
        ]
    },
    {
        "id": 18199996999047226,
        "created_at": 1615193975,
        "text": "Price",
        "owner": {
            "id": "7736540924",
            "is_verified": false,
            "profile_pic_url": "https://instagram.fagc2-1.fna.fbcdn.net/v/t51.2885-19/s150x150/162488695_299611964918451_3089098421192625771_n.jpg?tp=1&_nc_ht=instagram.fagc2-1.fna.fbcdn.net&_nc_ohc=EVx-p3jCDBsAX9NxEEJ&ccb=7-4&oh=87c26b173cd5fd623b1bb8cc97f698b4&oe=60887A49&_nc_sid=9fb510",
            "username": "oyesirjann"
        },
        "likes_count": 0,
        "answers": [
            {
                "id": 17879686172175373,
                "created_at": 1615194043,
                "text": "@oyesirjann check dm",
                "owner": {
                    "id": "31345321949",
                    "is_verified": false,
                    "profile_pic_url": "https://instagram.fagc2-1.fna.fbcdn.net/v/t51.2885-19/s150x150/104655610_734890267265839_7042082510067431729_n.jpg?tp=1&_nc_ht=instagram.fagc2-1.fna.fbcdn.net&_nc_ohc=Q9yxDDyzyrwAX9Xuts8&ccb=7-4&oh=d86b1b6d639825b0f55d29acf1a38f6f&oe=608866EF&_nc_sid=9fb510",
                    "username": "airpods_case_1"
                },
                "likes_count": 0
            }
        ]
    },
    {
        "id": 17919442090528931,
        "created_at": 1614668532,
        "text": "Pp",
        "owner": {
            "id": "7467935245",
            "is_verified": false,
            "profile_pic_url": "https://instagram.fagc2-1.fna.fbcdn.net/v/t51.2885-19/s150x150/142779677_4985773994829556_9147573827827964147_n.jpg?tp=1&_nc_ht=instagram.fagc2-1.fna.fbcdn.net&_nc_ohc=p5bdGxq4-04AX-O9fwW&ccb=7-4&oh=a069147a846a13c09090c9223ee0dae5&oe=60893E9C&_nc_sid=9fb510",
            "username": "arshdeep.kaur.dhaliwal"
        },
        "likes_count": 0,
        "answers": []
    },
    {
        "id": 17919385978559484,
        "created_at": 1612675908,
        "text": "Pp? For aipods pro",
        "owner": {
            "id": "28991206466",
            "is_verified": false,
            "profile_pic_url": "https://instagram.fagc2-1.fna.fbcdn.net/v/t51.2885-19/s150x150/159982741_1360695244287370_5679743194297393779_n.jpg?tp=1&_nc_ht=instagram.fagc2-1.fna.fbcdn.net&_nc_ohc=C6f1mRK-UYAAX_6gW2c&ccb=7-4&oh=a5105e26b12a6da238d8ad981b5ef1da&oe=6089EFDA&_nc_sid=9fb510",
            "username": "guitarist_ashish"
        },
        "likes_count": 0,
        "answers": [
            {
                "id": 17896741081833846,
                "created_at": 1612678614,
                "text": "@_official_a_s_h_i_s_h__ check dm",
                "owner": {
                    "id": "31345321949",
                    "is_verified": false,
                    "profile_pic_url": "https://instagram.fagc2-1.fna.fbcdn.net/v/t51.2885-19/s150x150/104655610_734890267265839_7042082510067431729_n.jpg?tp=1&_nc_ht=instagram.fagc2-1.fna.fbcdn.net&_nc_ohc=Q9yxDDyzyrwAX9Xuts8&ccb=7-4&oh=d86b1b6d639825b0f55d29acf1a38f6f&oe=608866EF&_nc_sid=9fb510",
                    "username": "airpods_case_1"
                },
                "likes_count": 0
            }
        ]
    },
    {
        "id": 17911203319615014,
        "created_at": 1612109104,
        "text": "Pp",
        "owner": {
            "id": "3623774383",
            "is_verified": false,
            "profile_pic_url": "https://instagram.fagc2-1.fna.fbcdn.net/v/t51.2885-19/s150x150/107530688_216673986170933_4108608128143396690_n.jpg?tp=1&_nc_ht=instagram.fagc2-1.fna.fbcdn.net&_nc_ohc=b-PFa9BvoK0AX9q447c&ccb=7-4&oh=ae006036d434932ce88fcf646ce64828&oe=6087E379&_nc_sid=9fb510",
            "username": "_subhangi_desai_official_"
        },
        "likes_count": 0,
        "answers": []
    },
    {
        "id": 17885836636971567,
        "created_at": 1610867318,
        "text": "Pp?",
        "owner": {
            "id": "1509737408",
            "is_verified": false,
            "profile_pic_url": "https://instagram.fagc2-1.fna.fbcdn.net/v/t51.2885-19/s150x150/134481399_453649005652077_8339214283309978973_n.jpg?tp=1&_nc_ht=instagram.fagc2-1.fna.fbcdn.net&_nc_ohc=717QtlkpdVIAX_pzOr5&ccb=7-4&oh=6c6596429fa8c4188c1c97c927935426&oe=6087841D&_nc_sid=9fb510",
            "username": "poonam.sharma2612"
        },
        "likes_count": 0,
        "answers": []
    },
    {
        "id": 18093988633210420,
        "created_at": 1609528498,
        "text": "Pp?",
        "owner": {
            "id": "949679656",
            "is_verified": false,
            "profile_pic_url": "https://instagram.fagc2-1.fna.fbcdn.net/v/t51.2885-19/s150x150/158595795_133855955309682_2661835510609063122_n.jpg?tp=1&_nc_ht=instagram.fagc2-1.fna.fbcdn.net&_nc_ohc=0jIDKQ8qksAAX-sxVU_&ccb=7-4&oh=94f6292394bb4283751c1366a47f4d5b&oe=60862B3D&_nc_sid=9fb510",
            "username": "eshachawla30"
        },
        "likes_count": 0,
        "answers": [
            {
                "id": 17895705199736901,
                "created_at": 1609528538,
                "text": "@eshachawla30 check dm",
                "owner": {
                    "id": "31345321949",
                    "is_verified": false,
                    "profile_pic_url": "https://instagram.fagc2-1.fna.fbcdn.net/v/t51.2885-19/s150x150/104655610_734890267265839_7042082510067431729_n.jpg?tp=1&_nc_ht=instagram.fagc2-1.fna.fbcdn.net&_nc_ohc=Q9yxDDyzyrwAX9Xuts8&ccb=7-4&oh=d86b1b6d639825b0f55d29acf1a38f6f&oe=608866EF&_nc_sid=9fb510",
                    "username": "airpods_case_1"
                },
                "likes_count": 0
            }
        ]
    },
    {
        "id": 17881772722915595,
        "created_at": 1608562251,
        "text": "Price????",
        "owner": {
            "id": "8494615235",
            "is_verified": false,
            "profile_pic_url": "https://instagram.fagc2-1.fna.fbcdn.net/v/t51.2885-19/s150x150/164296437_829386601330080_2705307779942857563_n.jpg?tp=1&_nc_ht=instagram.fagc2-1.fna.fbcdn.net&_nc_ohc=houniJxmVJ4AX9udGGZ&ccb=7-4&oh=ed062b8c1d466d56e74f4d14279144a6&oe=6086C0F4&_nc_sid=9fb510",
            "username": "mm.meh_ak27"
        },
        "likes_count": 0,
        "answers": [
            {
                "id": 17978191816334146,
                "created_at": 1608562543,
                "text": "@mm.meh_ak27 check dm",
                "owner": {
                    "id": "31345321949",
                    "is_verified": false,
                    "profile_pic_url": "https://instagram.fagc2-1.fna.fbcdn.net/v/t51.2885-19/s150x150/104655610_734890267265839_7042082510067431729_n.jpg?tp=1&_nc_ht=instagram.fagc2-1.fna.fbcdn.net&_nc_ohc=Q9yxDDyzyrwAX9Xuts8&ccb=7-4&oh=d86b1b6d639825b0f55d29acf1a38f6f&oe=608866EF&_nc_sid=9fb510",
                    "username": "airpods_case_1"
                },
                "likes_count": 0
            }
        ]
    },
    {
        "id": 17886006169888582,
        "created_at": 1608229890,
        "text": "Price",
        "owner": {
            "id": "40252503383",
            "is_verified": false,
            "profile_pic_url": "https://instagram.fagc2-1.fna.fbcdn.net/v/t51.2885-19/s150x150/164509492_768191690732648_1767809485602673868_n.jpg?tp=1&_nc_ht=instagram.fagc2-1.fna.fbcdn.net&_nc_ohc=mVBIpbU0GO0AX9rTlfq&ccb=7-4&oh=661bbe7a40655cb55f4dea98a613e173&oe=6089403F&_nc_sid=9fb510",
            "username": "mohan_31_dhawan"
        },
        "likes_count": 0,
        "answers": [
            {
                "id": 17852451986386917,
                "created_at": 1608231147,
                "text": "@mohan_31_dhawan check dm",
                "owner": {
                    "id": "31345321949",
                    "is_verified": false,
                    "profile_pic_url": "https://instagram.fagc2-1.fna.fbcdn.net/v/t51.2885-19/s150x150/104655610_734890267265839_7042082510067431729_n.jpg?tp=1&_nc_ht=instagram.fagc2-1.fna.fbcdn.net&_nc_ohc=Q9yxDDyzyrwAX9Xuts8&ccb=7-4&oh=d86b1b6d639825b0f55d29acf1a38f6f&oe=608866EF&_nc_sid=9fb510",
                    "username": "airpods_case_1"
                },
                "likes_count": 0
            }
        ]
    },
    {
        "id": 17927666872449585,
        "created_at": 1607694721,
        "text": "Pp",
        "owner": {
            "id": "1269429414",
            "is_verified": false,
            "profile_pic_url": "https://instagram.fagc2-1.fna.fbcdn.net/v/t51.2885-19/s150x150/141458457_998258221002183_8018994882179157282_n.jpg?tp=1&_nc_ht=instagram.fagc2-1.fna.fbcdn.net&_nc_ohc=yKDonzCZ1E0AX9u_TKG&ccb=7-4&oh=45c1394ed0de873d674a2d6af0d742f7&oe=6089D59D&_nc_sid=9fb510",
            "username": "dr._mayanksri"
        },
        "likes_count": 0,
        "answers": []
    },
    {
        "id": 17872047512091897,
        "created_at": 1607245915,
        "text": "I want this",
        "owner": {
            "id": "3476825909",
            "is_verified": false,
            "profile_pic_url": "https://instagram.fagc2-1.fna.fbcdn.net/v/t51.2885-19/s150x150/151774722_121805566539857_5678811147240452459_n.jpg?tp=1&_nc_ht=instagram.fagc2-1.fna.fbcdn.net&_nc_ohc=ybdN2WBKMq8AX9OK5uf&ccb=7-4&oh=123010e8bcc1fa5dfd4a53cc7ecb1e7e&oe=60880B87&_nc_sid=9fb510",
            "username": "karthik_18__"
        },
        "likes_count": 0,
        "answers": [
            {
                "id": 18129914167085888,
                "created_at": 1607248307,
                "text": "@karthik_18__ check dm",
                "owner": {
                    "id": "31345321949",
                    "is_verified": false,
                    "profile_pic_url": "https://instagram.fagc2-1.fna.fbcdn.net/v/t51.2885-19/s150x150/104655610_734890267265839_7042082510067431729_n.jpg?tp=1&_nc_ht=instagram.fagc2-1.fna.fbcdn.net&_nc_ohc=Q9yxDDyzyrwAX9Xuts8&ccb=7-4&oh=d86b1b6d639825b0f55d29acf1a38f6f&oe=608866EF&_nc_sid=9fb510",
                    "username": "airpods_case_1"
                },
                "likes_count": 0
            }
        ]
    },
    {
        "id": 18172436977049310,
        "created_at": 1606050959,
        "text": "Pp",
        "owner": {
            "id": "8141474715",
            "is_verified": false,
            "profile_pic_url": "https://instagram.fagc2-1.fna.fbcdn.net/v/t51.2885-19/s150x150/66618375_2316328508609133_8139042555829420032_n.jpg?tp=1&_nc_ht=instagram.fagc2-1.fna.fbcdn.net&_nc_ohc=biFHPre7VmIAX-HEQcu&ccb=7-4&oh=ea2b2b847cafe5f4c2e2a90a6b15b8b2&oe=60883F11&_nc_sid=9fb510",
            "username": "the.virsa"
        },
        "likes_count": 0,
        "answers": [
            {
                "id": 17908797772556370,
                "created_at": 1606064596,
                "text": "@the.virsa check dm",
                "owner": {
                    "id": "31345321949",
                    "is_verified": false,
                    "profile_pic_url": "https://instagram.fagc2-1.fna.fbcdn.net/v/t51.2885-19/s150x150/104655610_734890267265839_7042082510067431729_n.jpg?tp=1&_nc_ht=instagram.fagc2-1.fna.fbcdn.net&_nc_ohc=Q9yxDDyzyrwAX9Xuts8&ccb=7-4&oh=d86b1b6d639825b0f55d29acf1a38f6f&oe=608866EF&_nc_sid=9fb510",
                    "username": "airpods_case_1"
                },
                "likes_count": 0
            }
        ]
    },
    {
        "id": 17906517634555832,
        "created_at": 1603993268,
        "text": "Price for airpod 1",
        "owner": {
            "id": "565751849",
            "is_verified": false,
            "profile_pic_url": "https://instagram.fagc2-1.fna.fbcdn.net/v/t51.2885-19/s150x150/16122846_410873495926816_1404277353139404800_n.jpg?tp=1&_nc_ht=instagram.fagc2-1.fna.fbcdn.net&_nc_ohc=juk5aCUc-VYAX96J1wD&ccb=7-4&oh=24b855c95bb16c84b5bb7a66950e7d15&oe=6087878E&_nc_sid=9fb510",
            "username": "arjunrajput_"
        },
        "likes_count": 0,
        "answers": []
    },
    {
        "id": 18138401893113321,
        "created_at": 1603607689,
        "text": "Hm",
        "owner": {
            "id": "3609820024",
            "is_verified": false,
            "profile_pic_url": "https://instagram.fagc2-1.fna.fbcdn.net/v/t51.2885-19/s150x150/142979708_115777367094091_6200719131680976204_n.jpg?tp=1&_nc_ht=instagram.fagc2-1.fna.fbcdn.net&_nc_ohc=agAms5r9T_QAX9ZQj9z&ccb=7-4&oh=7cffc26474f5c65e4a128cdce23d5ce8&oe=608786CE&_nc_sid=9fb510",
            "username": "yosoresprincess"
        },
        "likes_count": 0,
        "answers": [
            {
                "id": 17856478865308621,
                "created_at": 1603608300,
                "text": "@yosoresprincess yes?",
                "owner": {
                    "id": "31345321949",
                    "is_verified": false,
                    "profile_pic_url": "https://instagram.fagc2-1.fna.fbcdn.net/v/t51.2885-19/s150x150/104655610_734890267265839_7042082510067431729_n.jpg?tp=1&_nc_ht=instagram.fagc2-1.fna.fbcdn.net&_nc_ohc=Q9yxDDyzyrwAX9Xuts8&ccb=7-4&oh=d86b1b6d639825b0f55d29acf1a38f6f&oe=608866EF&_nc_sid=9fb510",
                    "username": "airpods_case_1"
                },
                "likes_count": 0
            }
        ]
    },
    {
        "id": 17884432261728640,
        "created_at": 1598798659,
        "text": "Price",
        "owner": {
            "id": "38055242709",
            "is_verified": false,
            "profile_pic_url": "https://instagram.fagc2-1.fna.fbcdn.net/v/t51.2885-19/s150x150/120456222_175552044194168_3004861523612359166_n.jpg?tp=1&_nc_ht=instagram.fagc2-1.fna.fbcdn.net&_nc_ohc=u-X1ClmuGpAAX97P9er&ccb=7-4&oh=ef1117940c2ada9c199d5ac097d5745e&oe=60869423&_nc_sid=9fb510",
            "username": "altama.ahmed"
        },
        "likes_count": 0,
        "answers": [
            {
                "id": 17888261119656146,
                "created_at": 1598815418,
                "text": "@altama.ahmed 350",
                "owner": {
                    "id": "31345321949",
                    "is_verified": false,
                    "profile_pic_url": "https://instagram.fagc2-1.fna.fbcdn.net/v/t51.2885-19/s150x150/104655610_734890267265839_7042082510067431729_n.jpg?tp=1&_nc_ht=instagram.fagc2-1.fna.fbcdn.net&_nc_ohc=Q9yxDDyzyrwAX9Xuts8&ccb=7-4&oh=d86b1b6d639825b0f55d29acf1a38f6f&oe=608866EF&_nc_sid=9fb510",
                    "username": "airpods_case_1"
                },
                "likes_count": 0
            },
            {
                "id": 17848749776314063,
                "created_at": 1598846900,
                "text": "@airpods_case_1 sir shipping charges",
                "owner": {
                    "id": "38055242709",
                    "is_verified": false,
                    "profile_pic_url": "https://instagram.fagc2-1.fna.fbcdn.net/v/t51.2885-19/s150x150/120456222_175552044194168_3004861523612359166_n.jpg?tp=1&_nc_ht=instagram.fagc2-1.fna.fbcdn.net&_nc_ohc=u-X1ClmuGpAAX97P9er&ccb=7-4&oh=ef1117940c2ada9c199d5ac097d5745e&oe=60869423&_nc_sid=9fb510",
                    "username": "altama.ahmed"
                },
                "likes_count": 0
            }
        ]
    }
]