[
    {
        "id": 18200746723034180,
        "created_at": 1615396913,
        "text": "pp",
        "owner": {
            "id": "6275588992",
            "is_verified": false,
            "profile_pic_url": "https://instagram.fagc2-1.fna.fbcdn.net/v/t51.2885-19/s150x150/138750563_394248238335962_3067712642881569595_n.jpg?tp=1&_nc_ht=instagram.fagc2-1.fna.fbcdn.net&_nc_ohc=3LNjlSGoSbwAX_EDf7s&ccb=7-4&oh=dd78983bbd7e6ba2a4bc2fd89baf7548&oe=6087B18E&_nc_sid=9fb510",
            "username": "___vishva____"
        },
        "likes_count": 0,
        "answers": [
            {
                "id": 17880273017108420,
                "created_at": 1615398943,
                "text": "Check dm",
                "owner": {
                    "id": "31345321949",
                    "is_verified": false,
                    "profile_pic_url": "https://instagram.fagc2-1.fna.fbcdn.net/v/t51.2885-19/s150x150/104655610_734890267265839_7042082510067431729_n.jpg?tp=1&_nc_ht=instagram.fagc2-1.fna.fbcdn.net&_nc_ohc=Q9yxDDyzyrwAX9Xuts8&ccb=7-4&oh=d86b1b6d639825b0f55d29acf1a38f6f&oe=608866EF&_nc_sid=9fb510",
                    "username": "airpods_case_1"
                },
                "likes_count": 0
            }
        ]
    },
    {
        "id": 18165411718074386,
        "created_at": 1608798453,
        "text": "What\u2019s the price?",
        "owner": {
            "id": "1685365514",
            "is_verified": false,
            "profile_pic_url": "https://instagram.fagc2-1.fna.fbcdn.net/v/t51.2885-19/s150x150/162112519_198756475379117_3776231431181885892_n.jpg?tp=1&_nc_ht=instagram.fagc2-1.fna.fbcdn.net&_nc_ohc=iGx70q3EXTwAX_0VEmY&ccb=7-4&oh=531375fa65400189e5f62bc66cc5a9c7&oe=60898D28&_nc_sid=9fb510",
            "username": "evi_tsouramani"
        },
        "likes_count": 0,
        "answers": []
    },
    {
        "id": 17865280346182524,
        "created_at": 1606317806,
        "text": "Is this available for air pods pro",
        "owner": {
            "id": "1838129351",
            "is_verified": false,
            "profile_pic_url": "https://instagram.fagc2-1.fna.fbcdn.net/v/t51.2885-19/s150x150/148666379_477121646616179_5247001268297779283_n.jpg?tp=1&_nc_ht=instagram.fagc2-1.fna.fbcdn.net&_nc_ohc=zADv5ANW0vgAX_WWht_&ccb=7-4&oh=1fcae0311281678f223ad789969ae8fd&oe=6087AE84&_nc_sid=9fb510",
            "username": "i_nikki21"
        },
        "likes_count": 0,
        "answers": [
            {
                "id": 17872389503075216,
                "created_at": 1606317969,
                "text": "@i_nikki21 yes this is for airpods pro only",
                "owner": {
                    "id": "31345321949",
                    "is_verified": false,
                    "profile_pic_url": "https://instagram.fagc2-1.fna.fbcdn.net/v/t51.2885-19/s150x150/104655610_734890267265839_7042082510067431729_n.jpg?tp=1&_nc_ht=instagram.fagc2-1.fna.fbcdn.net&_nc_ohc=Q9yxDDyzyrwAX9Xuts8&ccb=7-4&oh=d86b1b6d639825b0f55d29acf1a38f6f&oe=608866EF&_nc_sid=9fb510",
                    "username": "airpods_case_1"
                },
                "likes_count": 0
            }
        ]
    },
    {
        "id": 17847719492465421,
        "created_at": 1605723308,
        "text": "Cost pls",
        "owner": {
            "id": "5620580705",
            "is_verified": false,
            "profile_pic_url": "https://instagram.fagc2-1.fna.fbcdn.net/v/t51.2885-19/s150x150/117865356_3536318309731858_1704559346798945012_n.jpg?tp=1&_nc_ht=instagram.fagc2-1.fna.fbcdn.net&_nc_ohc=VrIpYtoTmFwAX8Ko62z&ccb=7-4&oh=d883086db377ed6966936dc46f971eef&oe=608828FA&_nc_sid=9fb510",
            "username": "dr_priyank_prasann"
        },
        "likes_count": 0,
        "answers": [
            {
                "id": 17863033655173972,
                "created_at": 1605723323,
                "text": "@dr_priyank_prasann this one is for airpods pro",
                "owner": {
                    "id": "31345321949",
                    "is_verified": false,
                    "profile_pic_url": "https://instagram.fagc2-1.fna.fbcdn.net/v/t51.2885-19/s150x150/104655610_734890267265839_7042082510067431729_n.jpg?tp=1&_nc_ht=instagram.fagc2-1.fna.fbcdn.net&_nc_ohc=Q9yxDDyzyrwAX9Xuts8&ccb=7-4&oh=d86b1b6d639825b0f55d29acf1a38f6f&oe=608866EF&_nc_sid=9fb510",
                    "username": "airpods_case_1"
                },
                "likes_count": 0
            }
        ]
    },
    {
        "id": 17905516441571789,
        "created_at": 1605657967,
        "text": "\u0628\u0643\u0645",
        "owner": {
            "id": "9021551348",
            "is_verified": false,
            "profile_pic_url": "https://instagram.ficn3-1.fna.fbcdn.net/v/t51.2885-19/44884218_345707102882519_2446069589734326272_n.jpg?_nc_ht=instagram.ficn3-1.fna.fbcdn.net&_nc_ohc=hLTkwc3uTqUAX9-Fk-3&ccb=7-4&oh=ad6ebc893c78a901d4714a6f1e3df41a&oe=6087738F&_nc_sid=712cc3&ig_cache_key=YW5vbnltb3VzX3Byb2ZpbGVfcGlj.2-ccb7-4",
            "username": "khaolaaalotaibi"
        },
        "likes_count": 0,
        "answers": [
            {
                "id": 17859522938300735,
                "created_at": 1605673718,
                "text": "@khaolaaalotaibi ??",
                "owner": {
                    "id": "31345321949",
                    "is_verified": false,
                    "profile_pic_url": "https://instagram.fagc2-1.fna.fbcdn.net/v/t51.2885-19/s150x150/104655610_734890267265839_7042082510067431729_n.jpg?tp=1&_nc_ht=instagram.fagc2-1.fna.fbcdn.net&_nc_ohc=Q9yxDDyzyrwAX9Xuts8&ccb=7-4&oh=d86b1b6d639825b0f55d29acf1a38f6f&oe=608866EF&_nc_sid=9fb510",
                    "username": "airpods_case_1"
                },
                "likes_count": 0
            }
        ]
    },
    {
        "id": 17874442657957457,
        "created_at": 1604388234,
        "text": "Pp",
        "owner": {
            "id": "1838129351",
            "is_verified": false,
            "profile_pic_url": "https://instagram.fagc2-1.fna.fbcdn.net/v/t51.2885-19/s150x150/148666379_477121646616179_5247001268297779283_n.jpg?tp=1&_nc_ht=instagram.fagc2-1.fna.fbcdn.net&_nc_ohc=zADv5ANW0vgAX_WWht_&tn=O1jdsiuBZboaDFXX&ccb=7-4&oh=48aa41e8d2a7f40c34769b6dafd2d160&oe=6087AE84&_nc_sid=9fb510",
            "username": "i_nikki21"
        },
        "likes_count": 0,
        "answers": []
    },
    {
        "id": 17856819467277138,
        "created_at": 1603145975,
        "text": "How kuch &\u2019 is it for the 1 or 2 airpods ?",
        "owner": {
            "id": "4820044",
            "is_verified": false,
            "profile_pic_url": "https://instagram.fagc2-1.fna.fbcdn.net/v/t51.2885-19/s150x150/148580190_2795325260719099_1367068936787344047_n.jpg?tp=1&_nc_ht=instagram.fagc2-1.fna.fbcdn.net&_nc_ohc=u378K_AKZXIAX85d3nt&ccb=7-4&oh=a9f58a1f85f66252ba19daa054800ae1&oe=6088D534&_nc_sid=9fb510",
            "username": "mrstanega"
        },
        "likes_count": 0,
        "answers": [
            {
                "id": 17847981875342024,
                "created_at": 1603161938,
                "text": "@_teegrizley yes",
                "owner": {
                    "id": "31345321949",
                    "is_verified": false,
                    "profile_pic_url": "https://instagram.fagc2-1.fna.fbcdn.net/v/t51.2885-19/s150x150/104655610_734890267265839_7042082510067431729_n.jpg?tp=1&_nc_ht=instagram.fagc2-1.fna.fbcdn.net&_nc_ohc=Q9yxDDyzyrwAX9Xuts8&ccb=7-4&oh=d86b1b6d639825b0f55d29acf1a38f6f&oe=608866EF&_nc_sid=9fb510",
                    "username": "airpods_case_1"
                },
                "likes_count": 0
            }
        ]
    },
    {
        "id": 17853229145290945,
        "created_at": 1602741301,
        "text": "Pp",
        "owner": {
            "id": "3157382041",
            "is_verified": false,
            "profile_pic_url": "https://instagram.ficn3-1.fna.fbcdn.net/v/t51.2885-19/44884218_345707102882519_2446069589734326272_n.jpg?_nc_ht=instagram.ficn3-1.fna.fbcdn.net&_nc_ohc=hLTkwc3uTqUAX9-Fk-3&ccb=7-4&oh=ad6ebc893c78a901d4714a6f1e3df41a&oe=6087738F&_nc_sid=712cc3&ig_cache_key=YW5vbnltb3VzX3Byb2ZpbGVfcGlj.2-ccb7-4",
            "username": "_sruthi_24"
        },
        "likes_count": 0,
        "answers": [
            {
                "id": 17873862505933796,
                "created_at": 1602741917,
                "text": "@_sruthi_24 check dm",
                "owner": {
                    "id": "31345321949",
                    "is_verified": false,
                    "profile_pic_url": "https://instagram.fagc2-1.fna.fbcdn.net/v/t51.2885-19/s150x150/104655610_734890267265839_7042082510067431729_n.jpg?tp=1&_nc_ht=instagram.fagc2-1.fna.fbcdn.net&_nc_ohc=Q9yxDDyzyrwAX9Xuts8&ccb=7-4&oh=d86b1b6d639825b0f55d29acf1a38f6f&oe=608866EF&_nc_sid=9fb510",
                    "username": "airpods_case_1"
                },
                "likes_count": 0
            }
        ]
    },
    {
        "id": 18052677367260656,
        "created_at": 1602676284,
        "text": "Pp",
        "owner": {
            "id": "1838129351",
            "is_verified": false,
            "profile_pic_url": "https://instagram.fagc2-1.fna.fbcdn.net/v/t51.2885-19/s150x150/148666379_477121646616179_5247001268297779283_n.jpg?tp=1&_nc_ht=instagram.fagc2-1.fna.fbcdn.net&_nc_ohc=zADv5ANW0vgAX_WWht_&ccb=7-4&oh=1fcae0311281678f223ad789969ae8fd&oe=6087AE84&_nc_sid=9fb510",
            "username": "i_nikki21"
        },
        "likes_count": 0,
        "answers": [
            {
                "id": 17903478082529572,
                "created_at": 1602677092,
                "text": "@i_nikki21 check dm",
                "owner": {
                    "id": "31345321949",
                    "is_verified": false,
                    "profile_pic_url": "https://instagram.fagc2-1.fna.fbcdn.net/v/t51.2885-19/s150x150/104655610_734890267265839_7042082510067431729_n.jpg?tp=1&_nc_ht=instagram.fagc2-1.fna.fbcdn.net&_nc_ohc=Q9yxDDyzyrwAX9Xuts8&ccb=7-4&oh=d86b1b6d639825b0f55d29acf1a38f6f&oe=608866EF&_nc_sid=9fb510",
                    "username": "airpods_case_1"
                },
                "likes_count": 0
            }
        ]
    },
    {
        "id": 17956489759363987,
        "created_at": 1602672403,
        "text": "Pp",
        "owner": {
            "id": "12842830564",
            "is_verified": false,
            "profile_pic_url": "https://instagram.ficn3-1.fna.fbcdn.net/v/t51.2885-19/44884218_345707102882519_2446069589734326272_n.jpg?_nc_ht=instagram.ficn3-1.fna.fbcdn.net&_nc_ohc=hLTkwc3uTqUAX9-Fk-3&ccb=7-4&oh=ad6ebc893c78a901d4714a6f1e3df41a&oe=6087738F&_nc_sid=712cc3&ig_cache_key=YW5vbnltb3VzX3Byb2ZpbGVfcGlj.2-ccb7-4",
            "username": "isranimannat301"
        },
        "likes_count": 0,
        "answers": [
            {
                "id": 17909988526516183,
                "created_at": 1602673350,
                "text": "@isranimannat301 check dm",
                "owner": {
                    "id": "31345321949",
                    "is_verified": false,
                    "profile_pic_url": "https://instagram.fagc2-1.fna.fbcdn.net/v/t51.2885-19/s150x150/104655610_734890267265839_7042082510067431729_n.jpg?tp=1&_nc_ht=instagram.fagc2-1.fna.fbcdn.net&_nc_ohc=Q9yxDDyzyrwAX9Xuts8&ccb=7-4&oh=d86b1b6d639825b0f55d29acf1a38f6f&oe=608866EF&_nc_sid=9fb510",
                    "username": "airpods_case_1"
                },
                "likes_count": 0
            }
        ]
    }
]