[
    {
        "id": 17878984703110944,
        "created_at": 1615152847,
        "text": "Price please",
        "owner": {
            "id": "7969058464",
            "is_verified": false,
            "profile_pic_url": "https://instagram.fagc2-1.fna.fbcdn.net/v/t51.2885-19/s150x150/126084884_137356951129516_4206231530096724965_n.jpg?tp=1&_nc_ht=instagram.fagc2-1.fna.fbcdn.net&_nc_ohc=dO11f8qSQ_AAX-sfdhj&ccb=7-4&oh=b3e394692472ef8e3f1cb49724bd5990&oe=608933A3&_nc_sid=9fb510",
            "username": "t_h_u_n_d__e_r"
        },
        "likes_count": 0,
        "answers": []
    },
    {
        "id": 17885647103015640,
        "created_at": 1612960898,
        "text": "How to oder",
        "owner": {
            "id": "44280800181",
            "is_verified": false,
            "profile_pic_url": "https://instagram.fagc2-1.fna.fbcdn.net/v/t51.2885-19/s150x150/160689369_2932804090283407_7914422038531921657_n.jpg?tp=1&_nc_ht=instagram.fagc2-1.fna.fbcdn.net&_nc_ohc=qOXrFlWZ744AX857aHY&ccb=7-4&oh=3791c01f9c03a0607f389ad37574be26&oe=60861F71&_nc_sid=9fb510",
            "username": "ek_villan_js"
        },
        "likes_count": 0,
        "answers": []
    },
    {
        "id": 17934146221464552,
        "created_at": 1612880171,
        "text": "What is the price",
        "owner": {
            "id": "20299880272",
            "is_verified": false,
            "profile_pic_url": "https://instagram.fagc2-1.fna.fbcdn.net/v/t51.2885-19/s150x150/161749229_1608460392678881_5398467233019454817_n.jpg?tp=1&_nc_ht=instagram.fagc2-1.fna.fbcdn.net&_nc_ohc=lhh17VwCV-IAX-Y1xXI&ccb=7-4&oh=827a2036987daf7c0a7eda15b97909f9&oe=6087E892&_nc_sid=9fb510",
            "username": "_syed_abdulla_44"
        },
        "likes_count": 0,
        "answers": []
    },
    {
        "id": 17887891738917023,
        "created_at": 1612597611,
        "text": "I what is one",
        "owner": {
            "id": "9033383243",
            "is_verified": false,
            "profile_pic_url": "https://instagram.fagc2-1.fna.fbcdn.net/v/t51.2885-19/s150x150/103663021_2291673101141405_1278499613460296516_n.jpg?tp=1&_nc_ht=instagram.fagc2-1.fna.fbcdn.net&_nc_ohc=tsJpXl3jPA4AX8noHED&ccb=7-4&oh=ff0736265fab89478667881ba3d26533&oe=608935DB&_nc_sid=9fb510",
            "username": "sharbinroy"
        },
        "likes_count": 0,
        "answers": []
    },
    {
        "id": 17959561351389552,
        "created_at": 1612477192,
        "text": "Hw much",
        "owner": {
            "id": "592362547",
            "is_verified": false,
            "profile_pic_url": "https://instagram.fagc2-1.fna.fbcdn.net/v/t51.2885-19/11380958_780668805363684_1058998945_a.jpg?_nc_ht=instagram.fagc2-1.fna.fbcdn.net&_nc_ohc=VzwPug-XAdsAX_-EZj-&ccb=7-4&oh=2b521a5b7faaae58e2282dbb3e81c64c&oe=60883B48&_nc_sid=9fb510",
            "username": "cheeorma"
        },
        "likes_count": 0,
        "answers": [
            {
                "id": 18089801101242408,
                "created_at": 1612498730,
                "text": "@cheeorma check dm",
                "owner": {
                    "id": "31345321949",
                    "is_verified": false,
                    "profile_pic_url": "https://instagram.fagc2-1.fna.fbcdn.net/v/t51.2885-19/s150x150/104655610_734890267265839_7042082510067431729_n.jpg?tp=1&_nc_ht=instagram.fagc2-1.fna.fbcdn.net&_nc_ohc=Q9yxDDyzyrwAX9Xuts8&ccb=7-4&oh=d86b1b6d639825b0f55d29acf1a38f6f&oe=608866EF&_nc_sid=9fb510",
                    "username": "airpods_case_1"
                },
                "likes_count": 0
            }
        ]
    },
    {
        "id": 17863732382345370,
        "created_at": 1612411998,
        "text": "Price",
        "owner": {
            "id": "1465090928",
            "is_verified": false,
            "profile_pic_url": "https://instagram.fagc2-1.fna.fbcdn.net/v/t51.2885-19/s150x150/128924149_737774553490883_8215457936513421523_n.jpg?tp=1&_nc_ht=instagram.fagc2-1.fna.fbcdn.net&_nc_ohc=l2l8YNsCMUwAX8mUZrv&ccb=7-4&oh=4104c66f5a29acc94163cd9eb044570b&oe=60864582&_nc_sid=9fb510",
            "username": "mr_mintu_2309"
        },
        "likes_count": 0,
        "answers": [
            {
                "id": 18147199546142849,
                "created_at": 1612416272,
                "text": "@mr_mintu_2309 check dm",
                "owner": {
                    "id": "31345321949",
                    "is_verified": false,
                    "profile_pic_url": "https://instagram.fagc2-1.fna.fbcdn.net/v/t51.2885-19/s150x150/104655610_734890267265839_7042082510067431729_n.jpg?tp=1&_nc_ht=instagram.fagc2-1.fna.fbcdn.net&_nc_ohc=Q9yxDDyzyrwAX9Xuts8&ccb=7-4&oh=d86b1b6d639825b0f55d29acf1a38f6f&oe=608866EF&_nc_sid=9fb510",
                    "username": "airpods_case_1"
                },
                "likes_count": 0
            }
        ]
    },
    {
        "id": 18141504721134330,
        "created_at": 1612199699,
        "text": "price?",
        "owner": {
            "id": "24758644298",
            "is_verified": false,
            "profile_pic_url": "https://instagram.fagc2-1.fna.fbcdn.net/v/t51.2885-19/s150x150/130710580_678807006151814_1348348996129118674_n.jpg?tp=1&_nc_ht=instagram.fagc2-1.fna.fbcdn.net&_nc_ohc=Yf9ETf3idK0AX-MdoXT&ccb=7-4&oh=40e5c824570feca1888c0f26291393e6&oe=6088C56A&_nc_sid=9fb510",
            "username": "mukularya19"
        },
        "likes_count": 0,
        "answers": [
            {
                "id": 18069093448258040,
                "created_at": 1612199881,
                "text": "@mukularya19 check dm",
                "owner": {
                    "id": "31345321949",
                    "is_verified": false,
                    "profile_pic_url": "https://instagram.fagc2-1.fna.fbcdn.net/v/t51.2885-19/s150x150/104655610_734890267265839_7042082510067431729_n.jpg?tp=1&_nc_ht=instagram.fagc2-1.fna.fbcdn.net&_nc_ohc=Q9yxDDyzyrwAX9Xuts8&ccb=7-4&oh=d86b1b6d639825b0f55d29acf1a38f6f&oe=608866EF&_nc_sid=9fb510",
                    "username": "airpods_case_1"
                },
                "likes_count": 0
            }
        ]
    },
    {
        "id": 17995555987309915,
        "created_at": 1611190210,
        "text": "Cuanto est\u00e1n",
        "owner": {
            "id": "44968544544",
            "is_verified": false,
            "profile_pic_url": "https://instagram.fagc2-1.fna.fbcdn.net/v/t51.2885-19/s150x150/129745549_140374417588704_3675048297746499529_n.jpg?tp=1&_nc_ht=instagram.fagc2-1.fna.fbcdn.net&_nc_ohc=-HhPp9O-QE4AX9HN_Uc&ccb=7-4&oh=87226000c600d060185d17d3a19bed5e&oe=60884592&_nc_sid=9fb510",
            "username": "carmenflores9160"
        },
        "likes_count": 0,
        "answers": []
    },
    {
        "id": 17853024599494398,
        "created_at": 1610481883,
        "text": "Price",
        "owner": {
            "id": "357229189",
            "is_verified": false,
            "profile_pic_url": "https://instagram.fagc2-1.fna.fbcdn.net/v/t51.2885-19/s150x150/132002683_823803601521058_4204980938965674382_n.jpg?tp=1&_nc_ht=instagram.fagc2-1.fna.fbcdn.net&_nc_ohc=Esnl5ee_oP8AX8FeZz1&ccb=7-4&oh=4ab8c6522624e8d936506aacbf317c87&oe=608895B4&_nc_sid=9fb510",
            "username": "ankitsarswat19"
        },
        "likes_count": 0,
        "answers": []
    },
    {
        "id": 17854276640480334,
        "created_at": 1609642673,
        "text": "Price",
        "owner": {
            "id": "2465637724",
            "is_verified": false,
            "profile_pic_url": "https://instagram.fagc2-1.fna.fbcdn.net/v/t51.2885-19/s150x150/126439854_1840479012774240_1058592894874369490_n.jpg?tp=1&_nc_ht=instagram.fagc2-1.fna.fbcdn.net&_nc_ohc=wMz4MtSjgyAAX9rKcZK&ccb=7-4&oh=706103f97de722ea82fd9d2fcfcd76e6&oe=60886B39&_nc_sid=9fb510",
            "username": "chavar_fullforce"
        },
        "likes_count": 0,
        "answers": [
            {
                "id": 17880095555044029,
                "created_at": 1609643296,
                "text": "@chavar_fullforce check dm",
                "owner": {
                    "id": "31345321949",
                    "is_verified": false,
                    "profile_pic_url": "https://instagram.fagc2-1.fna.fbcdn.net/v/t51.2885-19/s150x150/104655610_734890267265839_7042082510067431729_n.jpg?tp=1&_nc_ht=instagram.fagc2-1.fna.fbcdn.net&_nc_ohc=Q9yxDDyzyrwAX9Xuts8&ccb=7-4&oh=d86b1b6d639825b0f55d29acf1a38f6f&oe=608866EF&_nc_sid=9fb510",
                    "username": "airpods_case_1"
                },
                "likes_count": 0
            }
        ]
    },
    {
        "id": 18178712398025450,
        "created_at": 1608287100,
        "text": "How much",
        "owner": {
            "id": "4046829841",
            "is_verified": false,
            "profile_pic_url": "https://instagram.fagc2-1.fna.fbcdn.net/v/t51.2885-19/s150x150/39494131_305441243342361_1661375341018480640_n.jpg?tp=1&_nc_ht=instagram.fagc2-1.fna.fbcdn.net&_nc_ohc=axQc75qVkEMAX9khV42&ccb=7-4&oh=ef9a2de39b3290ee56fc361849756ede&oe=608894E3&_nc_sid=9fb510",
            "username": "sudeepsrivatsav"
        },
        "likes_count": 0,
        "answers": []
    },
    {
        "id": 17874960422061525,
        "created_at": 1607929052,
        "text": "Rs",
        "owner": {
            "id": "40967410242",
            "is_verified": false,
            "profile_pic_url": "https://instagram.fagc2-1.fna.fbcdn.net/v/t51.2885-19/s150x150/163568190_1327714337611928_2633645904558494229_n.jpg?tp=1&_nc_ht=instagram.fagc2-1.fna.fbcdn.net&_nc_ohc=S96Y528KJHAAX9jWvh8&ccb=7-4&oh=0edd0a0ce997d84aad2e6e9e4a9de6e0&oe=6088B82D&_nc_sid=9fb510",
            "username": "zeeshannn_14"
        },
        "likes_count": 0,
        "answers": [
            {
                "id": 18060165481257620,
                "created_at": 1607932623,
                "text": "@_zeeshannn_14 check dm",
                "owner": {
                    "id": "31345321949",
                    "is_verified": false,
                    "profile_pic_url": "https://instagram.fagc2-1.fna.fbcdn.net/v/t51.2885-19/s150x150/104655610_734890267265839_7042082510067431729_n.jpg?tp=1&_nc_ht=instagram.fagc2-1.fna.fbcdn.net&_nc_ohc=Q9yxDDyzyrwAX9Xuts8&ccb=7-4&oh=d86b1b6d639825b0f55d29acf1a38f6f&oe=608866EF&_nc_sid=9fb510",
                    "username": "airpods_case_1"
                },
                "likes_count": 1
            }
        ]
    },
    {
        "id": 17849702294424052,
        "created_at": 1607852300,
        "text": "Quote price",
        "owner": {
            "id": "29711398490",
            "is_verified": false,
            "profile_pic_url": "https://instagram.fagc2-1.fna.fbcdn.net/v/t51.2885-19/s150x150/160690108_249800430126232_2990498860601992682_n.jpg?tp=1&_nc_ht=instagram.fagc2-1.fna.fbcdn.net&_nc_ohc=oO4ohHnK-tEAX8A-DE8&ccb=7-4&oh=2ada0653ffb3bd0eb4efdb66ed5876ae&oe=6086FE4D&_nc_sid=9fb510",
            "username": "iamirfank"
        },
        "likes_count": 0,
        "answers": [
            {
                "id": 17855583548355304,
                "created_at": 1607855054,
                "text": "@iamirfank check dm",
                "owner": {
                    "id": "31345321949",
                    "is_verified": false,
                    "profile_pic_url": "https://instagram.fagc2-1.fna.fbcdn.net/v/t51.2885-19/s150x150/104655610_734890267265839_7042082510067431729_n.jpg?tp=1&_nc_ht=instagram.fagc2-1.fna.fbcdn.net&_nc_ohc=Q9yxDDyzyrwAX9Xuts8&ccb=7-4&oh=d86b1b6d639825b0f55d29acf1a38f6f&oe=608866EF&_nc_sid=9fb510",
                    "username": "airpods_case_1"
                },
                "likes_count": 0
            }
        ]
    },
    {
        "id": 18179014009001507,
        "created_at": 1607522428,
        "text": "Price \u20b9",
        "owner": {
            "id": "974191954",
            "is_verified": false,
            "profile_pic_url": "https://instagram.fagc2-1.fna.fbcdn.net/v/t51.2885-19/s150x150/128780466_818479505391032_8137832875101315070_n.jpg?tp=1&_nc_ht=instagram.fagc2-1.fna.fbcdn.net&_nc_ohc=MTcjGzfHOMIAX8CiLxd&ccb=7-4&oh=f6875e312ac7ffc3212c088b447a20cd&oe=60894BAB&_nc_sid=9fb510",
            "username": "irubal27"
        },
        "likes_count": 0,
        "answers": [
            {
                "id": 17877757772007170,
                "created_at": 1607531078,
                "text": "@irubal27 check dm",
                "owner": {
                    "id": "31345321949",
                    "is_verified": false,
                    "profile_pic_url": "https://instagram.fagc2-1.fna.fbcdn.net/v/t51.2885-19/s150x150/104655610_734890267265839_7042082510067431729_n.jpg?tp=1&_nc_ht=instagram.fagc2-1.fna.fbcdn.net&_nc_ohc=Q9yxDDyzyrwAX9Xuts8&ccb=7-4&oh=d86b1b6d639825b0f55d29acf1a38f6f&oe=608866EF&_nc_sid=9fb510",
                    "username": "airpods_case_1"
                },
                "likes_count": 0
            }
        ]
    },
    {
        "id": 17890837561759710,
        "created_at": 1607069863,
        "text": "Mrp",
        "owner": {
            "id": "27793880580",
            "is_verified": false,
            "profile_pic_url": "https://instagram.fagc2-1.fna.fbcdn.net/v/t51.2885-19/s150x150/157490136_777515659831878_3273517412751712757_n.jpg?tp=1&_nc_ht=instagram.fagc2-1.fna.fbcdn.net&_nc_ohc=wpCL6ErkbRwAX9guQED&ccb=7-4&oh=2c0052a24def2c287f1222c002019126&oe=60892F6C&_nc_sid=9fb510",
            "username": "affan_bee"
        },
        "likes_count": 0,
        "answers": [
            {
                "id": 18178056007045019,
                "created_at": 1607075330,
                "text": "@affan_bee check dm",
                "owner": {
                    "id": "31345321949",
                    "is_verified": false,
                    "profile_pic_url": "https://instagram.fagc2-1.fna.fbcdn.net/v/t51.2885-19/s150x150/104655610_734890267265839_7042082510067431729_n.jpg?tp=1&_nc_ht=instagram.fagc2-1.fna.fbcdn.net&_nc_ohc=Q9yxDDyzyrwAX9Xuts8&ccb=7-4&oh=d86b1b6d639825b0f55d29acf1a38f6f&oe=608866EF&_nc_sid=9fb510",
                    "username": "airpods_case_1"
                },
                "likes_count": 0
            }
        ]
    },
    {
        "id": 17866745462177592,
        "created_at": 1606924267,
        "text": "Mrp ??",
        "owner": {
            "id": "368225469",
            "is_verified": false,
            "profile_pic_url": "https://instagram.fagc2-1.fna.fbcdn.net/v/t51.2885-19/s150x150/29092617_1644216179025787_7364138921288007680_n.jpg?tp=1&_nc_ht=instagram.fagc2-1.fna.fbcdn.net&_nc_ohc=4DwxNH7cGOUAX-dnnR6&ccb=7-4&oh=d563ea58c617d1db5f5bf6ceef3ba858&oe=6086807D&_nc_sid=9fb510",
            "username": "___kista1978__"
        },
        "likes_count": 0,
        "answers": [
            {
                "id": 17895100081681314,
                "created_at": 1606928421,
                "text": "@___kista1978__ check dm",
                "owner": {
                    "id": "31345321949",
                    "is_verified": false,
                    "profile_pic_url": "https://instagram.fagc2-1.fna.fbcdn.net/v/t51.2885-19/s150x150/104655610_734890267265839_7042082510067431729_n.jpg?tp=1&_nc_ht=instagram.fagc2-1.fna.fbcdn.net&_nc_ohc=Q9yxDDyzyrwAX9Xuts8&ccb=7-4&oh=d86b1b6d639825b0f55d29acf1a38f6f&oe=608866EF&_nc_sid=9fb510",
                    "username": "airpods_case_1"
                },
                "likes_count": 0
            }
        ]
    }
]