[
    {
        "id": 17861699324346753,
        "created_at": 1611047899,
        "text": "\u0426\u0435\u043d\u0430?",
        "owner": {
            "id": "4725951480",
            "is_verified": false,
            "profile_pic_url": "https://instagram.fagc2-1.fna.fbcdn.net/v/t51.2885-19/s150x150/151268758_253625996380584_5854141831391181765_n.jpg?tp=1&_nc_ht=instagram.fagc2-1.fna.fbcdn.net&_nc_ohc=GvmpATfSlXAAX_IJTnn&ccb=7-4&oh=367ab1b9551987c34a0738a6800015a2&oe=60870AD6&_nc_sid=9fb510",
            "username": "_david_a4"
        },
        "likes_count": 0,
        "answers": [
            {
                "id": 17899359340742882,
                "created_at": 1611055575,
                "text": "@_david_a4 check dm",
                "owner": {
                    "id": "31345321949",
                    "is_verified": false,
                    "profile_pic_url": "https://instagram.fagc2-1.fna.fbcdn.net/v/t51.2885-19/s150x150/104655610_734890267265839_7042082510067431729_n.jpg?tp=1&_nc_ht=instagram.fagc2-1.fna.fbcdn.net&_nc_ohc=Q9yxDDyzyrwAX9Xuts8&ccb=7-4&oh=d86b1b6d639825b0f55d29acf1a38f6f&oe=608866EF&_nc_sid=9fb510",
                    "username": "airpods_case_1"
                },
                "likes_count": 0
            },
            {
                "id": 17857979501381467,
                "created_at": 1611054565,
                "text": "@airpods_case_1  what is the price?",
                "owner": {
                    "id": "4725951480",
                    "is_verified": false,
                    "profile_pic_url": "https://instagram.fagc2-1.fna.fbcdn.net/v/t51.2885-19/s150x150/151268758_253625996380584_5854141831391181765_n.jpg?tp=1&_nc_ht=instagram.fagc2-1.fna.fbcdn.net&_nc_ohc=GvmpATfSlXAAX_IJTnn&ccb=7-4&oh=367ab1b9551987c34a0738a6800015a2&oe=60870AD6&_nc_sid=9fb510",
                    "username": "_david_a4"
                },
                "likes_count": 0
            },
            {
                "id": 17855227991489094,
                "created_at": 1611052739,
                "text": "@_david_a4 yes?",
                "owner": {
                    "id": "31345321949",
                    "is_verified": false,
                    "profile_pic_url": "https://instagram.fagc2-1.fna.fbcdn.net/v/t51.2885-19/s150x150/104655610_734890267265839_7042082510067431729_n.jpg?tp=1&_nc_ht=instagram.fagc2-1.fna.fbcdn.net&_nc_ohc=Q9yxDDyzyrwAX9Xuts8&ccb=7-4&oh=d86b1b6d639825b0f55d29acf1a38f6f&oe=608866EF&_nc_sid=9fb510",
                    "username": "airpods_case_1"
                },
                "likes_count": 1
            }
        ]
    },
    {
        "id": 17857325336437426,
        "created_at": 1610569573,
        "text": "Price plzx",
        "owner": {
            "id": "6896164226",
            "is_verified": false,
            "profile_pic_url": "https://instagram.fagc2-1.fna.fbcdn.net/v/t51.2885-19/s150x150/161310027_101937328616697_4410366955982077141_n.jpg?tp=1&_nc_ht=instagram.fagc2-1.fna.fbcdn.net&_nc_ohc=LM9wpHfM1LkAX9HRlR0&ccb=7-4&oh=01b76e4ff3aeaecc166ef7f6474abbe6&oe=60880CB6&_nc_sid=9fb510",
            "username": "official_abhay_kalsi"
        },
        "likes_count": 0,
        "answers": []
    },
    {
        "id": 17907641521518364,
        "created_at": 1600513194,
        "text": "Price plz",
        "owner": {
            "id": "5586291345",
            "is_verified": false,
            "profile_pic_url": "https://instagram.fagc2-1.fna.fbcdn.net/v/t51.2885-19/s150x150/21107515_884153425110700_2886110270772477952_a.jpg?tp=1&_nc_ht=instagram.fagc2-1.fna.fbcdn.net&_nc_ohc=w7clD0P5jWEAX9i0Cq9&ccb=7-4&oh=a3ff0169ecc146a055614aefbfa3aec6&oe=60871683&_nc_sid=9fb510",
            "username": "m.patel____"
        },
        "likes_count": 0,
        "answers": []
    }
]