[
    {
        "id": 17959979728379995,
        "created_at": 1612555616,
        "text": "Pp",
        "owner": {
            "id": "3888296944",
            "is_verified": false,
            "profile_pic_url": "https://instagram.fagc2-1.fna.fbcdn.net/v/t51.2885-19/s150x150/89814983_514406302593808_5889467578153172992_n.jpg?tp=1&_nc_ht=instagram.fagc2-1.fna.fbcdn.net&_nc_ohc=m6Ruq6B7bY4AX8HmsIF&ccb=7-4&oh=d0879743f5cd614e8eb61ac64a848ed7&oe=6088C0B8&_nc_sid=9fb510",
            "username": "swatii_chawlaa"
        },
        "likes_count": 0,
        "answers": [
            {
                "id": 17982011524337343,
                "created_at": 1612582540,
                "text": "@swatii_chawlaa check dm",
                "owner": {
                    "id": "31345321949",
                    "is_verified": false,
                    "profile_pic_url": "https://instagram.fagc2-1.fna.fbcdn.net/v/t51.2885-19/s150x150/104655610_734890267265839_7042082510067431729_n.jpg?tp=1&_nc_ht=instagram.fagc2-1.fna.fbcdn.net&_nc_ohc=Q9yxDDyzyrwAX9Xuts8&ccb=7-4&oh=d86b1b6d639825b0f55d29acf1a38f6f&oe=608866EF&_nc_sid=9fb510",
                    "username": "airpods_case_1"
                },
                "likes_count": 0
            }
        ]
    },
    {
        "id": 18187258696055245,
        "created_at": 1610863041,
        "text": "Price?",
        "owner": {
            "id": "1644610250",
            "is_verified": false,
            "profile_pic_url": "https://instagram.fagc2-1.fna.fbcdn.net/v/t51.2885-19/s150x150/52967065_636727623441515_2424558327636688896_n.jpg?tp=1&_nc_ht=instagram.fagc2-1.fna.fbcdn.net&_nc_ohc=LrtHAOJNWZ0AX-s16Kx&ccb=7-4&oh=8a4f678dce525ba4154d7547d11f9da2&oe=60860FC0&_nc_sid=9fb510",
            "username": "aliemran1"
        },
        "likes_count": 0,
        "answers": [
            {
                "id": 17874205520167634,
                "created_at": 1610863201,
                "text": "@aliemran1 check dm",
                "owner": {
                    "id": "31345321949",
                    "is_verified": false,
                    "profile_pic_url": "https://instagram.fagc2-1.fna.fbcdn.net/v/t51.2885-19/s150x150/104655610_734890267265839_7042082510067431729_n.jpg?tp=1&_nc_ht=instagram.fagc2-1.fna.fbcdn.net&_nc_ohc=Q9yxDDyzyrwAX9Xuts8&ccb=7-4&oh=d86b1b6d639825b0f55d29acf1a38f6f&oe=608866EF&_nc_sid=9fb510",
                    "username": "airpods_case_1"
                },
                "likes_count": 0
            }
        ]
    },
    {
        "id": 17861854262059805,
        "created_at": 1599101924,
        "text": "Ho much",
        "owner": {
            "id": "6266848854",
            "is_verified": false,
            "profile_pic_url": "https://instagram.fagc2-1.fna.fbcdn.net/v/t51.2885-19/s150x150/123036163_800876117412753_7740308992826060398_n.jpg?tp=1&_nc_ht=instagram.fagc2-1.fna.fbcdn.net&_nc_ohc=a-uT0UGOFV8AX-I7ClR&ccb=7-4&oh=67e34b38beee1197d72f970f0ddc9371&oe=60864936&_nc_sid=9fb510",
            "username": "sharmasahb8354"
        },
        "likes_count": 0,
        "answers": [
            {
                "id": 17910817969490048,
                "created_at": 1599105509,
                "text": "@sharmasahb8354 320",
                "owner": {
                    "id": "31345321949",
                    "is_verified": false,
                    "profile_pic_url": "https://instagram.fagc2-1.fna.fbcdn.net/v/t51.2885-19/s150x150/104655610_734890267265839_7042082510067431729_n.jpg?tp=1&_nc_ht=instagram.fagc2-1.fna.fbcdn.net&_nc_ohc=Q9yxDDyzyrwAX9Xuts8&ccb=7-4&oh=d86b1b6d639825b0f55d29acf1a38f6f&oe=608866EF&_nc_sid=9fb510",
                    "username": "airpods_case_1"
                },
                "likes_count": 0
            }
        ]
    }
]