[
    {
        "id": 18150226477192115,
        "created_at": 1616162167,
        "text": "po",
        "owner": {
            "id": "1602543765",
            "is_verified": false,
            "profile_pic_url": "https://instagram.fagc2-1.fna.fbcdn.net/v/t51.2885-19/s150x150/27581908_333581857133580_7108110878481842176_n.jpg?tp=1&_nc_ht=instagram.fagc2-1.fna.fbcdn.net&_nc_ohc=p6sANnm0QFUAX-pk-qo&ccb=7-4&oh=cc33594425b1b1f570f003a74a28d997&oe=60873329&_nc_sid=9fb510",
            "username": "ektagarg94"
        },
        "likes_count": 0,
        "answers": [
            {
                "id": 17846346413547690,
                "created_at": 1616164443,
                "text": "@ektagarg94 check dm",
                "owner": {
                    "id": "31345321949",
                    "is_verified": false,
                    "profile_pic_url": "https://instagram.fagc2-1.fna.fbcdn.net/v/t51.2885-19/s150x150/104655610_734890267265839_7042082510067431729_n.jpg?tp=1&_nc_ht=instagram.fagc2-1.fna.fbcdn.net&_nc_ohc=Q9yxDDyzyrwAX9Xuts8&ccb=7-4&oh=d86b1b6d639825b0f55d29acf1a38f6f&oe=608866EF&_nc_sid=9fb510",
                    "username": "airpods_case_1"
                },
                "likes_count": 0
            }
        ]
    },
    {
        "id": 18071221888261926,
        "created_at": 1614440518,
        "text": "Pp",
        "owner": {
            "id": "1610542578",
            "is_verified": false,
            "profile_pic_url": "https://instagram.fagc2-1.fna.fbcdn.net/v/t51.2885-19/s150x150/93794202_220420329392212_4967716181378072576_n.jpg?tp=1&_nc_ht=instagram.fagc2-1.fna.fbcdn.net&_nc_ohc=8OQOGo2EtMkAX-A-fU-&ccb=7-4&oh=feb64612564af7b0f625629e9817ba4b&oe=6088B310&_nc_sid=9fb510",
            "username": "shilpa.rathi.7"
        },
        "likes_count": 0,
        "answers": [
            {
                "id": 17908217278679702,
                "created_at": 1614442966,
                "text": "@shilpa.rathi.7 check dm",
                "owner": {
                    "id": "31345321949",
                    "is_verified": false,
                    "profile_pic_url": "https://instagram.fagc2-1.fna.fbcdn.net/v/t51.2885-19/s150x150/104655610_734890267265839_7042082510067431729_n.jpg?tp=1&_nc_ht=instagram.fagc2-1.fna.fbcdn.net&_nc_ohc=Q9yxDDyzyrwAX9Xuts8&ccb=7-4&oh=d86b1b6d639825b0f55d29acf1a38f6f&oe=608866EF&_nc_sid=9fb510",
                    "username": "airpods_case_1"
                },
                "likes_count": 0
            }
        ]
    },
    {
        "id": 17869013306276385,
        "created_at": 1610920356,
        "text": "Pp",
        "owner": {
            "id": "3016792136",
            "is_verified": false,
            "profile_pic_url": "https://instagram.fagc2-1.fna.fbcdn.net/v/t51.2885-19/s150x150/141328862_430139228400840_894326677976501738_n.jpg?tp=1&_nc_ht=instagram.fagc2-1.fna.fbcdn.net&_nc_ohc=HkW-oJnOTwUAX8_Vnoy&ccb=7-4&oh=d00978fb87ce6efc4f497b59882619b7&oe=60888EA9&_nc_sid=9fb510",
            "username": "mr_das_1501"
        },
        "likes_count": 0,
        "answers": [
            {
                "id": 17918164597538976,
                "created_at": 1610938294,
                "text": "@sandip_1501 check dm",
                "owner": {
                    "id": "31345321949",
                    "is_verified": false,
                    "profile_pic_url": "https://instagram.fagc2-1.fna.fbcdn.net/v/t51.2885-19/s150x150/104655610_734890267265839_7042082510067431729_n.jpg?tp=1&_nc_ht=instagram.fagc2-1.fna.fbcdn.net&_nc_ohc=Q9yxDDyzyrwAX9Xuts8&ccb=7-4&oh=d86b1b6d639825b0f55d29acf1a38f6f&oe=608866EF&_nc_sid=9fb510",
                    "username": "airpods_case_1"
                },
                "likes_count": 0
            }
        ]
    },
    {
        "id": 17868728036290542,
        "created_at": 1610697989,
        "text": "Price?",
        "owner": {
            "id": "30893792343",
            "is_verified": false,
            "profile_pic_url": "https://instagram.fagc2-1.fna.fbcdn.net/v/t51.2885-19/s150x150/88241670_639105333325746_2499789941161066496_n.jpg?tp=1&_nc_ht=instagram.fagc2-1.fna.fbcdn.net&_nc_ohc=eIiub2MfDX0AX91Vxu9&ccb=7-4&oh=69b67acdf37864d36b234d535b76273d&oe=60868B79&_nc_sid=9fb510",
            "username": "emma.amy56"
        },
        "likes_count": 0,
        "answers": [
            {
                "id": 17974778155353191,
                "created_at": 1610699828,
                "text": "@emma.amy56 check dm",
                "owner": {
                    "id": "31345321949",
                    "is_verified": false,
                    "profile_pic_url": "https://instagram.fagc2-1.fna.fbcdn.net/v/t51.2885-19/s150x150/104655610_734890267265839_7042082510067431729_n.jpg?tp=1&_nc_ht=instagram.fagc2-1.fna.fbcdn.net&_nc_ohc=Q9yxDDyzyrwAX9Xuts8&ccb=7-4&oh=d86b1b6d639825b0f55d29acf1a38f6f&oe=608866EF&_nc_sid=9fb510",
                    "username": "airpods_case_1"
                },
                "likes_count": 1
            }
        ]
    },
    {
        "id": 17871481124182156,
        "created_at": 1609606293,
        "text": "Prize",
        "owner": {
            "id": "40323919823",
            "is_verified": false,
            "profile_pic_url": "https://instagram.fagc2-1.fna.fbcdn.net/v/t51.2885-19/s150x150/131306966_706097196950353_3894743001897789493_n.jpg?tp=1&_nc_ht=instagram.fagc2-1.fna.fbcdn.net&_nc_ohc=B_J5HJD9yu4AX9Z8tLQ&ccb=7-4&oh=e1dacda23db4d8d1d66e0f68728698a8&oe=60895E30&_nc_sid=9fb510",
            "username": "remax__calicut"
        },
        "likes_count": 0,
        "answers": []
    },
    {
        "id": 17927807209421534,
        "created_at": 1598431152,
        "text": "Pp",
        "owner": {
            "id": "8031599348",
            "is_verified": false,
            "profile_pic_url": "https://instagram.fagc2-1.fna.fbcdn.net/v/t51.2885-19/s150x150/153167354_3778944608862564_4762916207663721857_n.jpg?tp=1&_nc_ht=instagram.fagc2-1.fna.fbcdn.net&_nc_ohc=6H3qqjHrsnIAX-fwD0e&ccb=7-4&oh=57da82a98cac5e4331fde8a3b98ee89d&oe=60867407&_nc_sid=9fb510",
            "username": "sherni_rj_"
        },
        "likes_count": 0,
        "answers": []
    }
]