[
    {
        "id": 17999374594316221,
        "created_at": 1616479267,
        "text": "Price ?",
        "owner": {
            "id": "5769320389",
            "is_verified": false,
            "profile_pic_url": "https://instagram.fagc2-1.fna.fbcdn.net/v/t51.2885-19/s150x150/144281636_706498986901853_6934761979669786609_n.jpg?tp=1&_nc_ht=instagram.fagc2-1.fna.fbcdn.net&_nc_ohc=twYAUMhDku4AX-aQFYB&ccb=7-4&oh=2647a2fad0e194ef041fed3fec8c64ca&oe=6089B4BC&_nc_sid=9fb510",
            "username": "viyushjain07"
        },
        "likes_count": 0,
        "answers": []
    },
    {
        "id": 18138632611157118,
        "created_at": 1614869860,
        "text": "Price pls",
        "owner": {
            "id": "1728405886",
            "is_verified": false,
            "profile_pic_url": "https://instagram.fagc2-1.fna.fbcdn.net/v/t51.2885-19/s150x150/150600396_174184360857436_1006959665913119512_n.jpg?tp=1&_nc_ht=instagram.fagc2-1.fna.fbcdn.net&_nc_ohc=c_hLlCy0RM8AX9eiX0Q&ccb=7-4&oh=f216f85c5e90fcca2c42b87a6d43451a&oe=60875407&_nc_sid=9fb510",
            "username": "rayannsammak"
        },
        "likes_count": 1,
        "answers": [
            {
                "id": 17910526378638797,
                "created_at": 1614872055,
                "text": "@rayannsammak check dm",
                "owner": {
                    "id": "31345321949",
                    "is_verified": false,
                    "profile_pic_url": "https://instagram.fagc2-1.fna.fbcdn.net/v/t51.2885-19/s150x150/104655610_734890267265839_7042082510067431729_n.jpg?tp=1&_nc_ht=instagram.fagc2-1.fna.fbcdn.net&_nc_ohc=Q9yxDDyzyrwAX9Xuts8&ccb=7-4&oh=d86b1b6d639825b0f55d29acf1a38f6f&oe=608866EF&_nc_sid=9fb510",
                    "username": "airpods_case_1"
                },
                "likes_count": 0
            }
        ]
    },
    {
        "id": 17890029796908703,
        "created_at": 1614531025,
        "text": "Price",
        "owner": {
            "id": "41041527342",
            "is_verified": false,
            "profile_pic_url": "https://instagram.fgnm3-1.fna.fbcdn.net/v/t51.2885-19/44884218_345707102882519_2446069589734326272_n.jpg?_nc_ht=instagram.fgnm3-1.fna.fbcdn.net&_nc_ohc=hLTkwc3uTqUAX_lsQWe&ccb=7-4&oh=e08ae7701de4790849d5229362bf0640&oe=6087738F&_nc_sid=cff2a4&ig_cache_key=YW5vbnltb3VzX3Byb2ZpbGVfcGlj.2-ccb7-4",
            "username": "gaurav_duggal123"
        },
        "likes_count": 1,
        "answers": []
    },
    {
        "id": 18073799440251544,
        "created_at": 1613330555,
        "text": "Price",
        "owner": {
            "id": "45947144744",
            "is_verified": false,
            "profile_pic_url": "https://instagram.fagc2-1.fna.fbcdn.net/v/t51.2885-19/s150x150/158568514_1870118203154352_1987658845620105446_n.jpg?tp=1&_nc_ht=instagram.fagc2-1.fna.fbcdn.net&_nc_ohc=vPyB4uGLo1QAX8x2UW2&ccb=7-4&oh=b03e1679582b084776ab2cb4581e12d8&oe=60867334&_nc_sid=9fb510",
            "username": "freshacat"
        },
        "likes_count": 1,
        "answers": [
            {
                "id": 18193227565023488,
                "created_at": 1613338107,
                "text": "@shoopy.shoop check dm",
                "owner": {
                    "id": "31345321949",
                    "is_verified": false,
                    "profile_pic_url": "https://instagram.fagc2-1.fna.fbcdn.net/v/t51.2885-19/s150x150/104655610_734890267265839_7042082510067431729_n.jpg?tp=1&_nc_ht=instagram.fagc2-1.fna.fbcdn.net&_nc_ohc=Q9yxDDyzyrwAX9Xuts8&ccb=7-4&oh=d86b1b6d639825b0f55d29acf1a38f6f&oe=608866EF&_nc_sid=9fb510",
                    "username": "airpods_case_1"
                },
                "likes_count": 0
            }
        ]
    },
    {
        "id": 17896905262540226,
        "created_at": 1595790933,
        "text": "Price?",
        "owner": {
            "id": "2214809582",
            "is_verified": false,
            "profile_pic_url": "https://instagram.fagc2-1.fna.fbcdn.net/v/t51.2885-19/s150x150/163698828_2911856779138185_5668586567374233093_n.jpg?tp=1&_nc_ht=instagram.fagc2-1.fna.fbcdn.net&_nc_ohc=M6LDAlS9RxcAX_J5OdI&ccb=7-4&oh=7a1d84c64e648a94b3572f59c0bac41d&oe=608680BB&_nc_sid=9fb510",
            "username": "_ashishkumar_01"
        },
        "likes_count": 1,
        "answers": [
            {
                "id": 18108906820146431,
                "created_at": 1595818117,
                "text": "@ashishkapoor688 3000",
                "owner": {
                    "id": "31345321949",
                    "is_verified": false,
                    "profile_pic_url": "https://instagram.fagc2-1.fna.fbcdn.net/v/t51.2885-19/s150x150/104655610_734890267265839_7042082510067431729_n.jpg?tp=1&_nc_ht=instagram.fagc2-1.fna.fbcdn.net&_nc_ohc=Q9yxDDyzyrwAX9Xuts8&ccb=7-4&oh=d86b1b6d639825b0f55d29acf1a38f6f&oe=608866EF&_nc_sid=9fb510",
                    "username": "airpods_case_1"
                },
                "likes_count": 0
            }
        ]
    },
    {
        "id": 17904459415488950,
        "created_at": 1594142185,
        "text": "It\u2019s good what about my new Follow back please \ud83d\udc9d l will give you support sure \ud83d\ude0d\ud83e\udd70 @haseeb__c",
        "owner": {
            "id": "4970621956",
            "is_verified": false,
            "profile_pic_url": "https://instagram.fagc2-1.fna.fbcdn.net/v/t51.2885-19/s150x150/107536246_2881989228591240_3274689837654617438_n.jpg?tp=1&_nc_ht=instagram.fagc2-1.fna.fbcdn.net&_nc_ohc=b3MMazmhjEgAX8wLJ2D&ccb=7-4&oh=f70aef7ca4aac60eb400557b60ea4871&oe=60869E95&_nc_sid=9fb510",
            "username": "haseeb__c"
        },
        "likes_count": 0,
        "answers": [
            {
                "id": 17863347421898346,
                "created_at": 1594142397,
                "text": "@haseeb__c \ud83d\udcaf",
                "owner": {
                    "id": "31345321949",
                    "is_verified": false,
                    "profile_pic_url": "https://instagram.fagc2-1.fna.fbcdn.net/v/t51.2885-19/s150x150/104655610_734890267265839_7042082510067431729_n.jpg?tp=1&_nc_ht=instagram.fagc2-1.fna.fbcdn.net&_nc_ohc=Q9yxDDyzyrwAX9Xuts8&ccb=7-4&oh=d86b1b6d639825b0f55d29acf1a38f6f&oe=608866EF&_nc_sid=9fb510",
                    "username": "airpods_case_1"
                },
                "likes_count": 0
            }
        ]
    }
]