[
    {
        "id": 17870558759191136,
        "created_at": 1611305854,
        "text": "Pp",
        "owner": {
            "id": "2298097869",
            "is_verified": false,
            "profile_pic_url": "https://instagram.fagc2-1.fna.fbcdn.net/v/t51.2885-19/s150x150/14073209_898789626918469_1654806584_a.jpg?tp=1&_nc_ht=instagram.fagc2-1.fna.fbcdn.net&_nc_ohc=ZOrDc4w8Y_sAX-AioT1&ccb=7-4&oh=f297af68758aad6246111a96bcbf5493&oe=60881577&_nc_sid=9fb510",
            "username": "makwana.bhavna"
        },
        "likes_count": 0,
        "answers": []
    },
    {
        "id": 17872278140037137,
        "created_at": 1604864906,
        "text": "pp",
        "owner": {
            "id": "4070713765",
            "is_verified": false,
            "profile_pic_url": "https://instagram.fagc2-1.fna.fbcdn.net/v/t51.2885-19/s150x150/152493567_1614143062106956_1391361205756592053_n.jpg?tp=1&_nc_ht=instagram.fagc2-1.fna.fbcdn.net&_nc_ohc=il4_7S0mn2UAX-sHTru&ccb=7-4&oh=924b0c007193c09695c61665bafc5118&oe=6088EC1A&_nc_sid=9fb510",
            "username": "mounica_voona"
        },
        "likes_count": 0,
        "answers": [
            {
                "id": 17898997063623844,
                "created_at": 1604888390,
                "text": "@mounica_voona check dm",
                "owner": {
                    "id": "31345321949",
                    "is_verified": false,
                    "profile_pic_url": "https://instagram.fagc2-1.fna.fbcdn.net/v/t51.2885-19/s150x150/104655610_734890267265839_7042082510067431729_n.jpg?tp=1&_nc_ht=instagram.fagc2-1.fna.fbcdn.net&_nc_ohc=Q9yxDDyzyrwAX9Xuts8&ccb=7-4&oh=d86b1b6d639825b0f55d29acf1a38f6f&oe=608866EF&_nc_sid=9fb510",
                    "username": "airpods_case_1"
                },
                "likes_count": 0
            }
        ]
    },
    {
        "id": 18013203574293751,
        "created_at": 1602928602,
        "text": "How much?",
        "owner": {
            "id": "4207977522",
            "is_verified": false,
            "profile_pic_url": "https://instagram.fagc2-1.fna.fbcdn.net/v/t51.2885-19/s150x150/133058547_117297630230208_2944949942730496467_n.jpg?tp=1&_nc_ht=instagram.fagc2-1.fna.fbcdn.net&_nc_ohc=_o_egwPUDqkAX9XQdiv&ccb=7-4&oh=c1c45d45c41d3fa13d6031329ddd5e1e&oe=608952AE&_nc_sid=9fb510",
            "username": "abhicha_clickz"
        },
        "likes_count": 0,
        "answers": [
            {
                "id": 17857418297251789,
                "created_at": 1602928849,
                "text": "@abhicha_clickz check dm",
                "owner": {
                    "id": "31345321949",
                    "is_verified": false,
                    "profile_pic_url": "https://instagram.fagc2-1.fna.fbcdn.net/v/t51.2885-19/s150x150/104655610_734890267265839_7042082510067431729_n.jpg?tp=1&_nc_ht=instagram.fagc2-1.fna.fbcdn.net&_nc_ohc=Q9yxDDyzyrwAX9Xuts8&ccb=7-4&oh=d86b1b6d639825b0f55d29acf1a38f6f&oe=608866EF&_nc_sid=9fb510",
                    "username": "airpods_case_1"
                },
                "likes_count": 0
            }
        ]
    }
]