[
    {
        "id": 17871080579253713,
        "created_at": 1614717718,
        "text": "Pp",
        "owner": {
            "id": "29104180584",
            "is_verified": false,
            "profile_pic_url": "https://instagram.fagc2-1.fna.fbcdn.net/v/t51.2885-19/s150x150/164895926_3819908538123870_7737840173317750992_n.jpg?tp=1&_nc_ht=instagram.fagc2-1.fna.fbcdn.net&_nc_ohc=8h6mnqwqMisAX9MfAMb&ccb=7-4&oh=b253453423982d1d9f1420ce3378e039&oe=6087B702&_nc_sid=9fb510",
            "username": "rahul_lakhani_8"
        },
        "likes_count": 0,
        "answers": [
            {
                "id": 17860241888418554,
                "created_at": 1614743144,
                "text": "@rahul_lakhani_008 check dm",
                "owner": {
                    "id": "31345321949",
                    "is_verified": false,
                    "profile_pic_url": "https://instagram.fagc2-1.fna.fbcdn.net/v/t51.2885-19/s150x150/104655610_734890267265839_7042082510067431729_n.jpg?tp=1&_nc_ht=instagram.fagc2-1.fna.fbcdn.net&_nc_ohc=Q9yxDDyzyrwAX9Xuts8&ccb=7-4&oh=d86b1b6d639825b0f55d29acf1a38f6f&oe=608866EF&_nc_sid=9fb510",
                    "username": "airpods_case_1"
                },
                "likes_count": 0
            }
        ]
    },
    {
        "id": 17893830430829905,
        "created_at": 1612718661,
        "text": "Pp",
        "owner": {
            "id": "6854909223",
            "is_verified": false,
            "profile_pic_url": "https://instagram.fagc2-1.fna.fbcdn.net/v/t51.2885-19/s150x150/162302412_477654820252769_2352545680930879670_n.jpg?tp=1&_nc_ht=instagram.fagc2-1.fna.fbcdn.net&_nc_ohc=nagV1DeBu1IAX-vgi2R&ccb=7-4&oh=c92a0739044de86c4911d9cb8d73ac52&oe=6087D5A4&_nc_sid=9fb510",
            "username": "soam_saab_avnish"
        },
        "likes_count": 0,
        "answers": [
            {
                "id": 17866968128337169,
                "created_at": 1612719115,
                "text": "@soam_saab_avnish check dm",
                "owner": {
                    "id": "31345321949",
                    "is_verified": false,
                    "profile_pic_url": "https://instagram.fagc2-1.fna.fbcdn.net/v/t51.2885-19/s150x150/104655610_734890267265839_7042082510067431729_n.jpg?tp=1&_nc_ht=instagram.fagc2-1.fna.fbcdn.net&_nc_ohc=Q9yxDDyzyrwAX9Xuts8&ccb=7-4&oh=d86b1b6d639825b0f55d29acf1a38f6f&oe=608866EF&_nc_sid=9fb510",
                    "username": "airpods_case_1"
                },
                "likes_count": 0
            }
        ]
    },
    {
        "id": 17891847271851775,
        "created_at": 1612286780,
        "text": "Rs",
        "owner": {
            "id": "4682833313",
            "is_verified": false,
            "profile_pic_url": "https://instagram.fagc2-1.fna.fbcdn.net/v/t51.2885-19/s150x150/44179215_2543214739022788_6096686504506032128_n.jpg?tp=1&_nc_ht=instagram.fagc2-1.fna.fbcdn.net&_nc_ohc=zTAP3h904UIAX_URTps&ccb=7-4&oh=202ebfc4d1ae7a79120bb58fe5067ea8&oe=60878CDD&_nc_sid=9fb510",
            "username": "kapil_lalan"
        },
        "likes_count": 0,
        "answers": [
            {
                "id": 17873379980156500,
                "created_at": 1612287093,
                "text": "@kapil_lalan check dm",
                "owner": {
                    "id": "31345321949",
                    "is_verified": false,
                    "profile_pic_url": "https://instagram.fagc2-1.fna.fbcdn.net/v/t51.2885-19/s150x150/104655610_734890267265839_7042082510067431729_n.jpg?tp=1&_nc_ht=instagram.fagc2-1.fna.fbcdn.net&_nc_ohc=Q9yxDDyzyrwAX9Xuts8&ccb=7-4&oh=d86b1b6d639825b0f55d29acf1a38f6f&oe=608866EF&_nc_sid=9fb510",
                    "username": "airpods_case_1"
                },
                "likes_count": 0
            }
        ]
    },
    {
        "id": 18125075572163525,
        "created_at": 1610229367,
        "text": "Price",
        "owner": {
            "id": "1955151531",
            "is_verified": false,
            "profile_pic_url": "https://instagram.fagc2-1.fna.fbcdn.net/v/t51.2885-19/s150x150/138620176_2812642625662824_7889798714675989407_n.jpg?tp=1&_nc_ht=instagram.fagc2-1.fna.fbcdn.net&_nc_ohc=82MGvAtzih4AX9YsW6M&ccb=7-4&oh=e1282f31d0d488007d2b8a67297123c0&oe=60899244&_nc_sid=9fb510",
            "username": "young_lord.x"
        },
        "likes_count": 0,
        "answers": []
    },
    {
        "id": 17847970328506251,
        "created_at": 1609855323,
        "text": "Pp",
        "owner": {
            "id": "1578162669",
            "is_verified": false,
            "profile_pic_url": "https://instagram.fagc2-1.fna.fbcdn.net/v/t51.2885-19/s150x150/123452320_1831865386955273_5251826566409585871_n.jpg?tp=1&_nc_ht=instagram.fagc2-1.fna.fbcdn.net&_nc_ohc=X829ZvmYsx0AX8UFsTW&ccb=7-4&oh=1c2d88973e6a9a12d7330dddb3cfbfab&oe=60876E71&_nc_sid=9fb510",
            "username": "richajain01"
        },
        "likes_count": 0,
        "answers": []
    },
    {
        "id": 17870311439193122,
        "created_at": 1609606168,
        "text": "Prize",
        "owner": {
            "id": "40323919823",
            "is_verified": false,
            "profile_pic_url": "https://instagram.fagc2-1.fna.fbcdn.net/v/t51.2885-19/s150x150/131306966_706097196950353_3894743001897789493_n.jpg?tp=1&_nc_ht=instagram.fagc2-1.fna.fbcdn.net&_nc_ohc=B_J5HJD9yu4AX9Z8tLQ&ccb=7-4&oh=e1dacda23db4d8d1d66e0f68728698a8&oe=60895E30&_nc_sid=9fb510",
            "username": "remax__calicut"
        },
        "likes_count": 0,
        "answers": []
    },
    {
        "id": 17891343148836772,
        "created_at": 1609088698,
        "text": "Dm*",
        "owner": {
            "id": "31345321949",
            "is_verified": false,
            "profile_pic_url": "https://instagram.fagc2-1.fna.fbcdn.net/v/t51.2885-19/s150x150/104655610_734890267265839_7042082510067431729_n.jpg?tp=1&_nc_ht=instagram.fagc2-1.fna.fbcdn.net&_nc_ohc=Q9yxDDyzyrwAX9Xuts8&ccb=7-4&oh=d86b1b6d639825b0f55d29acf1a38f6f&oe=608866EF&_nc_sid=9fb510",
            "username": "airpods_case_1"
        },
        "likes_count": 0,
        "answers": []
    },
    {
        "id": 17855501777340978,
        "created_at": 1609088080,
        "text": "Price ?",
        "owner": {
            "id": "6112359481",
            "is_verified": false,
            "profile_pic_url": "https://instagram.fagc2-1.fna.fbcdn.net/v/t51.2885-19/s150x150/156832958_930724751064253_2878826765491024336_n.jpg?tp=1&_nc_ht=instagram.fagc2-1.fna.fbcdn.net&_nc_ohc=No46elHlCOUAX-P0ifm&ccb=7-4&oh=998ab60fa5c8a4214fc5e4bd01407e7b&oe=6087E35E&_nc_sid=9fb510",
            "username": "vicky_kadyan0"
        },
        "likes_count": 0,
        "answers": [
            {
                "id": 17899790665688683,
                "created_at": 1609088693,
                "text": "@vicky_kadyan0 check sm",
                "owner": {
                    "id": "31345321949",
                    "is_verified": false,
                    "profile_pic_url": "https://instagram.fagc2-1.fna.fbcdn.net/v/t51.2885-19/s150x150/104655610_734890267265839_7042082510067431729_n.jpg?tp=1&_nc_ht=instagram.fagc2-1.fna.fbcdn.net&_nc_ohc=Q9yxDDyzyrwAX9Xuts8&ccb=7-4&oh=d86b1b6d639825b0f55d29acf1a38f6f&oe=608866EF&_nc_sid=9fb510",
                    "username": "airpods_case_1"
                },
                "likes_count": 0
            }
        ]
    },
    {
        "id": 17879707648925008,
        "created_at": 1607182117,
        "text": "Price ?",
        "owner": {
            "id": "8362307917",
            "is_verified": false,
            "profile_pic_url": "https://instagram.fagc2-1.fna.fbcdn.net/v/t51.2885-19/s150x150/126155137_3340315622764256_9127707840339241825_n.jpg?tp=1&_nc_ht=instagram.fagc2-1.fna.fbcdn.net&_nc_ohc=AiSuBCyOyz0AX9zjf5I&ccb=7-4&oh=332966307c9de5578162711a054a75a2&oe=6087FBAF&_nc_sid=9fb510",
            "username": "official_sj_44"
        },
        "likes_count": 0,
        "answers": [
            {
                "id": 17873501849072341,
                "created_at": 1607182286,
                "text": "@official_sj_44 check dm",
                "owner": {
                    "id": "31345321949",
                    "is_verified": false,
                    "profile_pic_url": "https://instagram.fagc2-1.fna.fbcdn.net/v/t51.2885-19/s150x150/104655610_734890267265839_7042082510067431729_n.jpg?tp=1&_nc_ht=instagram.fagc2-1.fna.fbcdn.net&_nc_ohc=Q9yxDDyzyrwAX9Xuts8&tn=jkJTMELZ2e2NJ4X0&ccb=7-4&oh=e536c0b2682a8b868c9079b01fea3e52&oe=608866EF&_nc_sid=9fb510",
                    "username": "airpods_case_1"
                },
                "likes_count": 0
            }
        ]
    }
]