[
    {
        "id": 18072066049261996,
        "created_at": 1613993319,
        "text": "Price?",
        "owner": {
            "id": "12014066043",
            "is_verified": false,
            "profile_pic_url": "https://instagram.fagc2-1.fna.fbcdn.net/v/t51.2885-19/s150x150/160021254_1671998939669136_7397895801752911342_n.jpg?tp=1&_nc_ht=instagram.fagc2-1.fna.fbcdn.net&_nc_ohc=JT4ZAsv29ugAX8orgJ4&ccb=7-4&oh=5bf9401c9549b298b013164aa83863f7&oe=6089B48F&_nc_sid=9fb510",
            "username": "surbhisingh.25"
        },
        "likes_count": 0,
        "answers": []
    },
    {
        "id": 18087718147215082,
        "created_at": 1606234413,
        "text": "Pp",
        "owner": {
            "id": "1194928861",
            "is_verified": false,
            "profile_pic_url": "https://instagram.fagc2-1.fna.fbcdn.net/v/t51.2885-19/s150x150/91442558_1096305174101413_6461660803706650624_n.jpg?tp=1&_nc_ht=instagram.fagc2-1.fna.fbcdn.net&_nc_ohc=RBQQVS5S1YAAX_bLCxM&ccb=7-4&oh=57a773e8e7e42db9dc86f9bb60830eeb&oe=6086C973&_nc_sid=9fb510",
            "username": "abhinav_shokeen"
        },
        "likes_count": 0,
        "answers": []
    },
    {
        "id": 18140774194106814,
        "created_at": 1603993233,
        "text": "Price for airpod 1",
        "owner": {
            "id": "565751849",
            "is_verified": false,
            "profile_pic_url": "https://instagram.fagc2-1.fna.fbcdn.net/v/t51.2885-19/s150x150/16122846_410873495926816_1404277353139404800_n.jpg?tp=1&_nc_ht=instagram.fagc2-1.fna.fbcdn.net&_nc_ohc=juk5aCUc-VYAX96J1wD&ccb=7-4&oh=24b855c95bb16c84b5bb7a66950e7d15&oe=6087878E&_nc_sid=9fb510",
            "username": "arjunrajput_"
        },
        "likes_count": 0,
        "answers": [
            {
                "id": 17858179952265364,
                "created_at": 1603993316,
                "text": "@arjunrajput_ check dm",
                "owner": {
                    "id": "31345321949",
                    "is_verified": false,
                    "profile_pic_url": "https://instagram.fagc2-1.fna.fbcdn.net/v/t51.2885-19/s150x150/104655610_734890267265839_7042082510067431729_n.jpg?tp=1&_nc_ht=instagram.fagc2-1.fna.fbcdn.net&_nc_ohc=Q9yxDDyzyrwAX9Xuts8&ccb=7-4&oh=d86b1b6d639825b0f55d29acf1a38f6f&oe=608866EF&_nc_sid=9fb510",
                    "username": "airpods_case_1"
                },
                "likes_count": 0
            }
        ]
    },
    {
        "id": 17859935234201618,
        "created_at": 1603540635,
        "text": "Price?",
        "owner": {
            "id": "1112495737",
            "is_verified": false,
            "profile_pic_url": "https://instagram.fagc2-1.fna.fbcdn.net/v/t51.2885-19/10005532_858837410843382_1889504307_a.jpg?_nc_ht=instagram.fagc2-1.fna.fbcdn.net&_nc_ohc=DIYdiUOiZO4AX8X3b8J&ccb=7-4&oh=645b917a007f207bb9e7571588874a32&oe=60872893&_nc_sid=9fb510",
            "username": "varundabaas"
        },
        "likes_count": 0,
        "answers": [
            {
                "id": 17892043360687935,
                "created_at": 1603543652,
                "text": "@varundabaas check dm",
                "owner": {
                    "id": "31345321949",
                    "is_verified": false,
                    "profile_pic_url": "https://instagram.fagc2-1.fna.fbcdn.net/v/t51.2885-19/s150x150/104655610_734890267265839_7042082510067431729_n.jpg?tp=1&_nc_ht=instagram.fagc2-1.fna.fbcdn.net&_nc_ohc=Q9yxDDyzyrwAX9Xuts8&ccb=7-4&oh=d86b1b6d639825b0f55d29acf1a38f6f&oe=608866EF&_nc_sid=9fb510",
                    "username": "airpods_case_1"
                },
                "likes_count": 0
            }
        ]
    },
    {
        "id": 18122803945134858,
        "created_at": 1602313635,
        "text": "Price?",
        "owner": {
            "id": "8057390434",
            "is_verified": false,
            "profile_pic_url": "https://instagram.fagc2-1.fna.fbcdn.net/v/t51.2885-19/s150x150/143973495_187837509791761_1784985234367125780_n.jpg?tp=1&_nc_ht=instagram.fagc2-1.fna.fbcdn.net&_nc_ohc=E1xpRdyj1soAX8lvl3I&ccb=7-4&oh=32d173d1fdbc88c16755b2b9d7e2685e&oe=60892A4E&_nc_sid=9fb510",
            "username": "manikaur_0501"
        },
        "likes_count": 0,
        "answers": [
            {
                "id": 18152215978075397,
                "created_at": 1602314861,
                "text": "@manikaur0501 check dm",
                "owner": {
                    "id": "31345321949",
                    "is_verified": false,
                    "profile_pic_url": "https://instagram.fagc2-1.fna.fbcdn.net/v/t51.2885-19/s150x150/104655610_734890267265839_7042082510067431729_n.jpg?tp=1&_nc_ht=instagram.fagc2-1.fna.fbcdn.net&_nc_ohc=Q9yxDDyzyrwAX9Xuts8&ccb=7-4&oh=d86b1b6d639825b0f55d29acf1a38f6f&oe=608866EF&_nc_sid=9fb510",
                    "username": "airpods_case_1"
                },
                "likes_count": 0
            }
        ]
    },
    {
        "id": 17857403978119604,
        "created_at": 1597048802,
        "text": "Price",
        "owner": {
            "id": "6907595011",
            "is_verified": false,
            "profile_pic_url": "https://instagram.fagc2-1.fna.fbcdn.net/v/t51.2885-19/s150x150/50006464_1479915328812014_2259623126679683072_n.jpg?tp=1&_nc_ht=instagram.fagc2-1.fna.fbcdn.net&_nc_ohc=6leHoBwfvpAAX-VtEy3&ccb=7-4&oh=1c0fcf4c1975f3efc2596eb0af124725&oe=60868249&_nc_sid=9fb510",
            "username": "krunalmowade"
        },
        "likes_count": 1,
        "answers": []
    }
]