[
    {
        "id": 18072738994255236,
        "created_at": 1613959502,
        "text": "Price",
        "owner": {
            "id": "633200435",
            "is_verified": false,
            "profile_pic_url": "https://instagram.fagc2-1.fna.fbcdn.net/v/t51.2885-19/s150x150/27575967_428473110937786_8026357702202490880_n.jpg?tp=1&_nc_ht=instagram.fagc2-1.fna.fbcdn.net&_nc_ohc=ctt8PzisTCgAX_TOPd-&ccb=7-4&oh=eeb659f7881e0c56bbd6dce88af9469f&oe=6088C3C4&_nc_sid=9fb510",
            "username": "myrul_akym"
        },
        "likes_count": 0,
        "answers": []
    },
    {
        "id": 17878181201041516,
        "created_at": 1608940957,
        "text": "Price ?",
        "owner": {
            "id": "309451472",
            "is_verified": false,
            "profile_pic_url": "https://instagram.fagc2-1.fna.fbcdn.net/v/t51.2885-19/s150x150/84514542_158019628487670_4338842637491503104_n.jpg?tp=1&_nc_ht=instagram.fagc2-1.fna.fbcdn.net&_nc_ohc=Q_auRRD9jnMAX-h-A-4&ccb=7-4&oh=de6efb35d55dc62f6c5647fd1133816a&oe=60877864&_nc_sid=9fb510",
            "username": "_riccardograssi"
        },
        "likes_count": 0,
        "answers": [
            {
                "id": 17882296135911794,
                "created_at": 1608961283,
                "text": "@_riccardograssi check dm",
                "owner": {
                    "id": "31345321949",
                    "is_verified": false,
                    "profile_pic_url": "https://instagram.fagc2-1.fna.fbcdn.net/v/t51.2885-19/s150x150/104655610_734890267265839_7042082510067431729_n.jpg?tp=1&_nc_ht=instagram.fagc2-1.fna.fbcdn.net&_nc_ohc=Q9yxDDyzyrwAX9Xuts8&ccb=7-4&oh=d86b1b6d639825b0f55d29acf1a38f6f&oe=608866EF&_nc_sid=9fb510",
                    "username": "airpods_case_1"
                },
                "likes_count": 1
            }
        ]
    },
    {
        "id": 17855389955220037,
        "created_at": 1601631907,
        "text": "Prize",
        "owner": {
            "id": "3897268388",
            "is_verified": false,
            "profile_pic_url": "https://instagram.fagc2-1.fna.fbcdn.net/v/t51.2885-19/s150x150/69064409_520551242026792_3431488516553441280_n.jpg?tp=1&_nc_ht=instagram.fagc2-1.fna.fbcdn.net&_nc_ohc=5tLvvpf6XhUAX-0BWIf&ccb=7-4&oh=50f89100f834b82379964b1c7985b80e&oe=6089C449&_nc_sid=9fb510",
            "username": "ahmad._.k24"
        },
        "likes_count": 0,
        "answers": [
            {
                "id": 17868353792049976,
                "created_at": 1601632699,
                "text": "@ahmad._.k24 check dm",
                "owner": {
                    "id": "31345321949",
                    "is_verified": false,
                    "profile_pic_url": "https://instagram.fagc2-1.fna.fbcdn.net/v/t51.2885-19/s150x150/104655610_734890267265839_7042082510067431729_n.jpg?tp=1&_nc_ht=instagram.fagc2-1.fna.fbcdn.net&_nc_ohc=Q9yxDDyzyrwAX9Xuts8&ccb=7-4&oh=d86b1b6d639825b0f55d29acf1a38f6f&oe=608866EF&_nc_sid=9fb510",
                    "username": "airpods_case_1"
                },
                "likes_count": 0
            }
        ]
    },
    {
        "id": 18066563380216034,
        "created_at": 1593116077,
        "text": "How much is it for?",
        "owner": {
            "id": "508005506",
            "is_verified": false,
            "profile_pic_url": "https://instagram.fagc2-1.fna.fbcdn.net/v/t51.2885-19/s150x150/84129587_207603407104740_1779135166657069056_n.jpg?tp=1&_nc_ht=instagram.fagc2-1.fna.fbcdn.net&_nc_ohc=8NwbNwVX5AQAX9eC4KU&ccb=7-4&oh=c44ac40a975fb65b5183dbab1cc32cec&oe=6088AC68&_nc_sid=9fb510",
            "username": "amby_valley25"
        },
        "likes_count": 0,
        "answers": [
            {
                "id": 17905692898464456,
                "created_at": 1593537189,
                "text": "@amby_valley25 check your dm",
                "owner": {
                    "id": "31345321949",
                    "is_verified": false,
                    "profile_pic_url": "https://instagram.fagc2-1.fna.fbcdn.net/v/t51.2885-19/s150x150/104655610_734890267265839_7042082510067431729_n.jpg?tp=1&_nc_ht=instagram.fagc2-1.fna.fbcdn.net&_nc_ohc=Q9yxDDyzyrwAX9Xuts8&ccb=7-4&oh=d86b1b6d639825b0f55d29acf1a38f6f&oe=608866EF&_nc_sid=9fb510",
                    "username": "airpods_case_1"
                },
                "likes_count": 0
            },
            {
                "id": 17882164765636111,
                "created_at": 1593531917,
                "text": "@amby_valley25 600",
                "owner": {
                    "id": "31345321949",
                    "is_verified": false,
                    "profile_pic_url": "https://instagram.fagc2-1.fna.fbcdn.net/v/t51.2885-19/s150x150/104655610_734890267265839_7042082510067431729_n.jpg?tp=1&_nc_ht=instagram.fagc2-1.fna.fbcdn.net&_nc_ohc=Q9yxDDyzyrwAX9Xuts8&ccb=7-4&oh=d86b1b6d639825b0f55d29acf1a38f6f&oe=608866EF&_nc_sid=9fb510",
                    "username": "airpods_case_1"
                },
                "likes_count": 0
            },
            {
                "id": 17857607918040840,
                "created_at": 1593532682,
                "text": "@airpods_case_1 I want to order dis one..",
                "owner": {
                    "id": "508005506",
                    "is_verified": false,
                    "profile_pic_url": "https://instagram.fagc2-1.fna.fbcdn.net/v/t51.2885-19/s150x150/84129587_207603407104740_1779135166657069056_n.jpg?tp=1&_nc_ht=instagram.fagc2-1.fna.fbcdn.net&_nc_ohc=8NwbNwVX5AQAX9eC4KU&ccb=7-4&oh=c44ac40a975fb65b5183dbab1cc32cec&oe=6088AC68&_nc_sid=9fb510",
                    "username": "amby_valley25"
                },
                "likes_count": 0
            }
        ]
    },
    {
        "id": 17871843226760140,
        "created_at": 1593115984,
        "text": "is it available ?",
        "owner": {
            "id": "2178536968",
            "is_verified": false,
            "profile_pic_url": "https://instagram.fagc2-1.fna.fbcdn.net/v/t51.2885-19/s150x150/152290198_877232903110866_4993626449394776085_n.jpg?tp=1&_nc_ht=instagram.fagc2-1.fna.fbcdn.net&_nc_ohc=rbhbF271VgwAX9Msrtn&ccb=7-4&oh=a9acaec4e84ddecde2e50921e858f0bf&oe=6087EDE5&_nc_sid=9fb510",
            "username": "bhavarun_01"
        },
        "likes_count": 0,
        "answers": [
            {
                "id": 17873720014761913,
                "created_at": 1593531913,
                "text": "@bhavarun_01 yes 600",
                "owner": {
                    "id": "31345321949",
                    "is_verified": false,
                    "profile_pic_url": "https://instagram.fagc2-1.fna.fbcdn.net/v/t51.2885-19/s150x150/104655610_734890267265839_7042082510067431729_n.jpg?tp=1&_nc_ht=instagram.fagc2-1.fna.fbcdn.net&_nc_ohc=Q9yxDDyzyrwAX9Xuts8&ccb=7-4&oh=d86b1b6d639825b0f55d29acf1a38f6f&oe=608866EF&_nc_sid=9fb510",
                    "username": "airpods_case_1"
                },
                "likes_count": 0
            }
        ]
    }
]