[
    {
        "id": 17883167903148678,
        "created_at": 1616653045,
        "text": "Pp?",
        "owner": {
            "id": "17926806548",
            "is_verified": false,
            "profile_pic_url": "https://instagram.fagc2-1.fna.fbcdn.net/v/t51.2885-19/s150x150/127182624_733472420602429_5285749989266976243_n.jpg?tp=1&_nc_ht=instagram.fagc2-1.fna.fbcdn.net&_nc_ohc=H2E5O-XBdvMAX8AU-R5&ccb=7-4&oh=4703ab27842e43532b6e3ecd66499b2d&oe=60887B4D&_nc_sid=9fb510",
            "username": "simridhi._.17"
        },
        "likes_count": 0,
        "answers": [
            {
                "id": 18147134275182921,
                "created_at": 1616658202,
                "text": "@simridhi._.17 check dm",
                "owner": {
                    "id": "31345321949",
                    "is_verified": false,
                    "profile_pic_url": "https://instagram.fagc2-1.fna.fbcdn.net/v/t51.2885-19/s150x150/104655610_734890267265839_7042082510067431729_n.jpg?tp=1&_nc_ht=instagram.fagc2-1.fna.fbcdn.net&_nc_ohc=Q9yxDDyzyrwAX9Xuts8&ccb=7-4&oh=d86b1b6d639825b0f55d29acf1a38f6f&oe=608866EF&_nc_sid=9fb510",
                    "username": "airpods_case_1"
                },
                "likes_count": 0
            }
        ]
    },
    {
        "id": 17884432823114473,
        "created_at": 1616381811,
        "text": "Price plz",
        "owner": {
            "id": "40883973782",
            "is_verified": false,
            "profile_pic_url": "https://instagram.fagc2-1.fna.fbcdn.net/v/t51.2885-19/s150x150/118504048_115846103418856_2395211117874035290_n.jpg?tp=1&_nc_ht=instagram.fagc2-1.fna.fbcdn.net&_nc_ohc=VuKn6sRwc0EAX-8zFOx&ccb=7-4&oh=6ee833bac89eabe2481104926e7758e6&oe=6088288F&_nc_sid=9fb510",
            "username": "gurvir1220"
        },
        "likes_count": 0,
        "answers": [
            {
                "id": 17871370049302710,
                "created_at": 1616409935,
                "text": "@gurvir1220 check dm",
                "owner": {
                    "id": "31345321949",
                    "is_verified": false,
                    "profile_pic_url": "https://instagram.fagc2-1.fna.fbcdn.net/v/t51.2885-19/s150x150/104655610_734890267265839_7042082510067431729_n.jpg?tp=1&_nc_ht=instagram.fagc2-1.fna.fbcdn.net&_nc_ohc=Q9yxDDyzyrwAX9Xuts8&ccb=7-4&oh=d86b1b6d639825b0f55d29acf1a38f6f&oe=608866EF&_nc_sid=9fb510",
                    "username": "airpods_case_1"
                },
                "likes_count": 1
            }
        ]
    },
    {
        "id": 17934798007484528,
        "created_at": 1615962803,
        "text": "C'est o\u00f9 je peut avoir l'adresse svp",
        "owner": {
            "id": "45771568696",
            "is_verified": false,
            "profile_pic_url": "https://instagram.fagc2-1.fna.fbcdn.net/v/t51.2885-19/s150x150/151302903_2533623153597905_2336127747820002724_n.jpg?tp=1&_nc_ht=instagram.fagc2-1.fna.fbcdn.net&_nc_ohc=Lwldw7xz5wUAX88HTJR&ccb=7-4&oh=f1107980d976683e973bf1a0a46ef597&oe=60862AAB&_nc_sid=9fb510",
            "username": "airpods_bruxelle"
        },
        "likes_count": 0,
        "answers": [
            {
                "id": 18110867257202443,
                "created_at": 1615968036,
                "text": "@airpods_bruxelle English?",
                "owner": {
                    "id": "31345321949",
                    "is_verified": false,
                    "profile_pic_url": "https://instagram.fagc2-1.fna.fbcdn.net/v/t51.2885-19/s150x150/104655610_734890267265839_7042082510067431729_n.jpg?tp=1&_nc_ht=instagram.fagc2-1.fna.fbcdn.net&_nc_ohc=Q9yxDDyzyrwAX9Xuts8&ccb=7-4&oh=d86b1b6d639825b0f55d29acf1a38f6f&oe=608866EF&_nc_sid=9fb510",
                    "username": "airpods_case_1"
                },
                "likes_count": 0
            }
        ]
    },
    {
        "id": 17910471397666594,
        "created_at": 1615955385,
        "text": "Price plz",
        "owner": {
            "id": "4028017480",
            "is_verified": false,
            "profile_pic_url": "https://instagram.fagc2-1.fna.fbcdn.net/v/t51.2885-19/s150x150/164572564_1679667308886709_2483453780499963597_n.jpg?tp=1&_nc_ht=instagram.fagc2-1.fna.fbcdn.net&_nc_ohc=qSi478Q4iaQAX9b59UD&ccb=7-4&oh=7799b094dac195c976075e724cd05c99&oe=6089CB2F&_nc_sid=9fb510",
            "username": "iam.harjot"
        },
        "likes_count": 0,
        "answers": [
            {
                "id": 17892860161961499,
                "created_at": 1615955402,
                "text": "@iam.harjot check dm",
                "owner": {
                    "id": "31345321949",
                    "is_verified": false,
                    "profile_pic_url": "https://instagram.fagc2-1.fna.fbcdn.net/v/t51.2885-19/s150x150/104655610_734890267265839_7042082510067431729_n.jpg?tp=1&_nc_ht=instagram.fagc2-1.fna.fbcdn.net&_nc_ohc=Q9yxDDyzyrwAX9Xuts8&ccb=7-4&oh=d86b1b6d639825b0f55d29acf1a38f6f&oe=608866EF&_nc_sid=9fb510",
                    "username": "airpods_case_1"
                },
                "likes_count": 0
            }
        ]
    },
    {
        "id": 17946654181440034,
        "created_at": 1615793400,
        "text": "Hm",
        "owner": {
            "id": "435430003",
            "is_verified": false,
            "profile_pic_url": "https://instagram.fagc2-1.fna.fbcdn.net/v/t51.2885-19/s150x150/146132444_2458977887582371_6414244335450362336_n.jpg?tp=1&_nc_ht=instagram.fagc2-1.fna.fbcdn.net&_nc_ohc=lOqqKs18OXsAX8oWOnO&ccb=7-4&oh=8c33c30f10e11622d7c8a07263ef8e9d&oe=6089799A&_nc_sid=9fb510",
            "username": "hussienmonir"
        },
        "likes_count": 0,
        "answers": [
            {
                "id": 18143434828085106,
                "created_at": 1615798989,
                "text": "@hussienmonir yes",
                "owner": {
                    "id": "31345321949",
                    "is_verified": false,
                    "profile_pic_url": "https://instagram.fagc2-1.fna.fbcdn.net/v/t51.2885-19/s150x150/104655610_734890267265839_7042082510067431729_n.jpg?tp=1&_nc_ht=instagram.fagc2-1.fna.fbcdn.net&_nc_ohc=Q9yxDDyzyrwAX9Xuts8&ccb=7-4&oh=d86b1b6d639825b0f55d29acf1a38f6f&oe=608866EF&_nc_sid=9fb510",
                    "username": "airpods_case_1"
                },
                "likes_count": 0
            }
        ]
    },
    {
        "id": 18143520895183549,
        "created_at": 1615571049,
        "text": "price",
        "owner": {
            "id": "25605429509",
            "is_verified": false,
            "profile_pic_url": "https://instagram.fagc2-1.fna.fbcdn.net/v/t51.2885-19/s150x150/91261695_515362552738029_7176166447763161088_n.jpg?tp=1&_nc_ht=instagram.fagc2-1.fna.fbcdn.net&_nc_ohc=EaQsZKFO4UMAX8U3_0w&ccb=7-4&oh=2f577d53da0582ef8d9b6950b23c61e7&oe=6086B4A3&_nc_sid=9fb510",
            "username": "drmkhan25"
        },
        "likes_count": 0,
        "answers": [
            {
                "id": 17911645684638690,
                "created_at": 1615594801,
                "text": "@drmkhan25 check dm",
                "owner": {
                    "id": "31345321949",
                    "is_verified": false,
                    "profile_pic_url": "https://instagram.fagc2-1.fna.fbcdn.net/v/t51.2885-19/s150x150/104655610_734890267265839_7042082510067431729_n.jpg?tp=1&_nc_ht=instagram.fagc2-1.fna.fbcdn.net&_nc_ohc=Q9yxDDyzyrwAX9Xuts8&ccb=7-4&oh=d86b1b6d639825b0f55d29acf1a38f6f&oe=608866EF&_nc_sid=9fb510",
                    "username": "airpods_case_1"
                },
                "likes_count": 0
            }
        ]
    }
]