[
    {
        "id": 17877992849175035,
        "created_at": 1616684020,
        "text": "Price?",
        "owner": {
            "id": "3447509645",
            "is_verified": false,
            "profile_pic_url": "https://instagram.fagc2-1.fna.fbcdn.net/v/t51.2885-19/s150x150/13398611_1059026417519455_290138390_a.jpg?tp=1&_nc_ht=instagram.fagc2-1.fna.fbcdn.net&_nc_ohc=ESoQTSMBgv8AX-27Lly&ccb=7-4&oh=026383ce5108d763deef64f9bedcc581&oe=6086C793&_nc_sid=9fb510",
            "username": "kaish18siddique"
        },
        "likes_count": 0,
        "answers": [
            {
                "id": 17973781327370443,
                "created_at": 1616689831,
                "text": "@kaish18siddique check dm",
                "owner": {
                    "id": "31345321949",
                    "is_verified": false,
                    "profile_pic_url": "https://instagram.fagc2-1.fna.fbcdn.net/v/t51.2885-19/s150x150/104655610_734890267265839_7042082510067431729_n.jpg?tp=1&_nc_ht=instagram.fagc2-1.fna.fbcdn.net&_nc_ohc=Q9yxDDyzyrwAX9Xuts8&ccb=7-4&oh=d86b1b6d639825b0f55d29acf1a38f6f&oe=608866EF&_nc_sid=9fb510",
                    "username": "airpods_case_1"
                },
                "likes_count": 0
            }
        ]
    },
    {
        "id": 17905111087782847,
        "created_at": 1616603928,
        "text": "Price",
        "owner": {
            "id": "41595770103",
            "is_verified": false,
            "profile_pic_url": "https://instagram.fagc2-1.fna.fbcdn.net/v/t51.2885-19/s150x150/164124003_279930443511647_3616812261036523193_n.jpg?tp=1&_nc_ht=instagram.fagc2-1.fna.fbcdn.net&_nc_ohc=fNCgKajcht0AX_kaOXa&ccb=7-4&oh=9908175a203e3f8a29743c8016c3f9f0&oe=608978E3&_nc_sid=9fb510",
            "username": "chakshubansall"
        },
        "likes_count": 0,
        "answers": [
            {
                "id": 18206307862024453,
                "created_at": 1616604297,
                "text": "@chakshubansall check dm",
                "owner": {
                    "id": "31345321949",
                    "is_verified": false,
                    "profile_pic_url": "https://instagram.fagc2-1.fna.fbcdn.net/v/t51.2885-19/s150x150/104655610_734890267265839_7042082510067431729_n.jpg?tp=1&_nc_ht=instagram.fagc2-1.fna.fbcdn.net&_nc_ohc=Q9yxDDyzyrwAX9Xuts8&ccb=7-4&oh=d86b1b6d639825b0f55d29acf1a38f6f&oe=608866EF&_nc_sid=9fb510",
                    "username": "airpods_case_1"
                },
                "likes_count": 0
            }
        ]
    },
    {
        "id": 17878557818223692,
        "created_at": 1616506209,
        "text": "Price",
        "owner": {
            "id": "1250020915",
            "is_verified": false,
            "profile_pic_url": "https://instagram.fagc2-1.fna.fbcdn.net/v/t51.2885-19/s150x150/164189752_2872290539720493_1958313251474655013_n.jpg?tp=1&_nc_ht=instagram.fagc2-1.fna.fbcdn.net&_nc_ohc=gmjKVF771H0AX_JhioB&ccb=7-4&oh=dd525fd8120f191ac7fd8debe3313ea5&oe=6088FE87&_nc_sid=9fb510",
            "username": "sa_eeeee"
        },
        "likes_count": 0,
        "answers": [
            {
                "id": 18206505382011338,
                "created_at": 1616513427,
                "text": "@sa_eeeee check dm",
                "owner": {
                    "id": "31345321949",
                    "is_verified": false,
                    "profile_pic_url": "https://instagram.fagc2-1.fna.fbcdn.net/v/t51.2885-19/s150x150/104655610_734890267265839_7042082510067431729_n.jpg?tp=1&_nc_ht=instagram.fagc2-1.fna.fbcdn.net&_nc_ohc=Q9yxDDyzyrwAX9Xuts8&ccb=7-4&oh=d86b1b6d639825b0f55d29acf1a38f6f&oe=608866EF&_nc_sid=9fb510",
                    "username": "airpods_case_1"
                },
                "likes_count": 0
            }
        ]
    },
    {
        "id": 17878233101238749,
        "created_at": 1616349787,
        "text": "How much theese cute cases",
        "owner": {
            "id": "28508882288",
            "is_verified": false,
            "profile_pic_url": "https://instagram.fagc2-1.fna.fbcdn.net/v/t51.2885-19/s150x150/160260240_718881942120628_8966392918537850777_n.jpg?tp=1&_nc_ht=instagram.fagc2-1.fna.fbcdn.net&_nc_ohc=UU2Da1p2tIIAX8wCin2&tn=Io6ErmeZF0grlr9g&ccb=7-4&oh=61eb77dec0fb729e8cc4fd73413347b6&oe=608931E2&_nc_sid=9fb510",
            "username": "sushtej_99"
        },
        "likes_count": 0,
        "answers": [
            {
                "id": 17866227386391824,
                "created_at": 1616351538,
                "text": "@sushtej_99 check dm",
                "owner": {
                    "id": "31345321949",
                    "is_verified": false,
                    "profile_pic_url": "https://instagram.fagc2-1.fna.fbcdn.net/v/t51.2885-19/s150x150/104655610_734890267265839_7042082510067431729_n.jpg?tp=1&_nc_ht=instagram.fagc2-1.fna.fbcdn.net&_nc_ohc=Q9yxDDyzyrwAX9Xuts8&ccb=7-4&oh=d86b1b6d639825b0f55d29acf1a38f6f&oe=608866EF&_nc_sid=9fb510",
                    "username": "airpods_case_1"
                },
                "likes_count": 0
            }
        ]
    },
    {
        "id": 18063288514279404,
        "created_at": 1615838839,
        "text": "hm",
        "owner": {
            "id": "614297331",
            "is_verified": false,
            "profile_pic_url": "https://instagram.fagc2-1.fna.fbcdn.net/v/t51.2885-19/s150x150/139983322_327174681968943_2922192907878697638_n.jpg?tp=1&_nc_ht=instagram.fagc2-1.fna.fbcdn.net&_nc_ohc=XiOKC2eYozUAX8aTXDw&ccb=7-4&oh=2fa90435f1e701fee99a608ec44e5d7d&oe=6089D542&_nc_sid=9fb510",
            "username": "omniaelmaraghy"
        },
        "likes_count": 0,
        "answers": [
            {
                "id": 18200875684021953,
                "created_at": 1615869085,
                "text": "@omniaelmaraghy yes",
                "owner": {
                    "id": "31345321949",
                    "is_verified": false,
                    "profile_pic_url": "https://instagram.fagc2-1.fna.fbcdn.net/v/t51.2885-19/s150x150/104655610_734890267265839_7042082510067431729_n.jpg?tp=1&_nc_ht=instagram.fagc2-1.fna.fbcdn.net&_nc_ohc=Q9yxDDyzyrwAX9Xuts8&ccb=7-4&oh=d86b1b6d639825b0f55d29acf1a38f6f&oe=608866EF&_nc_sid=9fb510",
                    "username": "airpods_case_1"
                },
                "likes_count": 0
            }
        ]
    },
    {
        "id": 17875842566283420,
        "created_at": 1615756298,
        "text": "@fahdmohamed_06",
        "owner": {
            "id": "5823304695",
            "is_verified": false,
            "profile_pic_url": "https://instagram.fagc2-1.fna.fbcdn.net/v/t51.2885-19/s150x150/92191141_2638940936388911_1230518837657468928_n.jpg?tp=1&_nc_ht=instagram.fagc2-1.fna.fbcdn.net&_nc_ohc=JjjU38XGuREAX-1-Jre&ccb=7-4&oh=3556ad19c9b70f0337db2229303239a5&oe=6088F885&_nc_sid=9fb510",
            "username": "adhamdomy2008"
        },
        "likes_count": 0,
        "answers": []
    },
    {
        "id": 17865529814480210,
        "created_at": 1615756278,
        "text": "@fahdmohamed24",
        "owner": {
            "id": "5823304695",
            "is_verified": false,
            "profile_pic_url": "https://instagram.fagc2-1.fna.fbcdn.net/v/t51.2885-19/s150x150/92191141_2638940936388911_1230518837657468928_n.jpg?tp=1&_nc_ht=instagram.fagc2-1.fna.fbcdn.net&_nc_ohc=JjjU38XGuREAX-1-Jre&ccb=7-4&oh=3556ad19c9b70f0337db2229303239a5&oe=6088F885&_nc_sid=9fb510",
            "username": "adhamdomy2008"
        },
        "likes_count": 0,
        "answers": []
    },
    {
        "id": 17865407057403439,
        "created_at": 1615624918,
        "text": "price bro",
        "owner": {
            "id": "1511256113",
            "is_verified": false,
            "profile_pic_url": "https://instagram.fagc2-1.fna.fbcdn.net/v/t51.2885-19/s150x150/154376179_415143089552807_6612543785814166129_n.jpg?tp=1&_nc_ht=instagram.fagc2-1.fna.fbcdn.net&_nc_ohc=e5SVLFh4flUAX8F1oNz&ccb=7-4&oh=8f8c51cc8da95050208e2bf23b9a6121&oe=6087932E&_nc_sid=9fb510",
            "username": "towfeey"
        },
        "likes_count": 0,
        "answers": [
            {
                "id": 18164036485106308,
                "created_at": 1615625241,
                "text": "@towfeey check dm",
                "owner": {
                    "id": "31345321949",
                    "is_verified": false,
                    "profile_pic_url": "https://instagram.fagc2-1.fna.fbcdn.net/v/t51.2885-19/s150x150/104655610_734890267265839_7042082510067431729_n.jpg?tp=1&_nc_ht=instagram.fagc2-1.fna.fbcdn.net&_nc_ohc=Q9yxDDyzyrwAX9Xuts8&ccb=7-4&oh=d86b1b6d639825b0f55d29acf1a38f6f&oe=608866EF&_nc_sid=9fb510",
                    "username": "airpods_case_1"
                },
                "likes_count": 0
            }
        ]
    },
    {
        "id": 18200349919008767,
        "created_at": 1615574993,
        "text": "Sir price kya hain ?",
        "owner": {
            "id": "4118110219",
            "is_verified": false,
            "profile_pic_url": "https://instagram.fagc2-1.fna.fbcdn.net/v/t51.2885-19/s150x150/164021268_492173348455874_2513231593520837241_n.jpg?tp=1&_nc_ht=instagram.fagc2-1.fna.fbcdn.net&_nc_ohc=rFNkL5DG8tMAX-C8AXc&ccb=7-4&oh=a53e0a3092e6f536da9dd523af7e96ab&oe=6086B7DC&_nc_sid=9fb510",
            "username": "talha_sial007"
        },
        "likes_count": 0,
        "answers": [
            {
                "id": 17873404163237546,
                "created_at": 1615594877,
                "text": "@talha_sial007 check dm",
                "owner": {
                    "id": "31345321949",
                    "is_verified": false,
                    "profile_pic_url": "https://instagram.fagc2-1.fna.fbcdn.net/v/t51.2885-19/s150x150/104655610_734890267265839_7042082510067431729_n.jpg?tp=1&_nc_ht=instagram.fagc2-1.fna.fbcdn.net&_nc_ohc=Q9yxDDyzyrwAX9Xuts8&ccb=7-4&oh=d86b1b6d639825b0f55d29acf1a38f6f&oe=608866EF&_nc_sid=9fb510",
                    "username": "airpods_case_1"
                },
                "likes_count": 1
            }
        ]
    },
    {
        "id": 17875880468276806,
        "created_at": 1615529750,
        "text": "Pp",
        "owner": {
            "id": "20176512407",
            "is_verified": false,
            "profile_pic_url": "https://scontent-lht6-1.cdninstagram.com/v/t51.2885-19/44884218_345707102882519_2446069589734326272_n.jpg?_nc_ht=scontent-lht6-1.cdninstagram.com&_nc_ohc=hLTkwc3uTqUAX9-Esbn&ccb=7-4&oh=9928607ce4cbf4fbbe21aa6aeec6eee9&oe=6087738F&_nc_sid=712cc3&ig_cache_key=YW5vbnltb3VzX3Byb2ZpbGVfcGlj.2-ccb7-4",
            "username": "__candyflos__"
        },
        "likes_count": 0,
        "answers": [
            {
                "id": 18033053029295216,
                "created_at": 1615530546,
                "text": "@__candyflos__ check dm",
                "owner": {
                    "id": "31345321949",
                    "is_verified": false,
                    "profile_pic_url": "https://instagram.fagc2-1.fna.fbcdn.net/v/t51.2885-19/s150x150/104655610_734890267265839_7042082510067431729_n.jpg?tp=1&_nc_ht=instagram.fagc2-1.fna.fbcdn.net&_nc_ohc=Q9yxDDyzyrwAX9Xuts8&ccb=7-4&oh=d86b1b6d639825b0f55d29acf1a38f6f&oe=608866EF&_nc_sid=9fb510",
                    "username": "airpods_case_1"
                },
                "likes_count": 0
            }
        ]
    },
    {
        "id": 17866701740335009,
        "created_at": 1615453686,
        "text": "Price",
        "owner": {
            "id": "21851430652",
            "is_verified": false,
            "profile_pic_url": "https://instagram.fagc2-1.fna.fbcdn.net/v/t51.2885-19/s150x150/164449714_438184724136405_8178126364539205372_n.jpg?tp=1&_nc_ht=instagram.fagc2-1.fna.fbcdn.net&_nc_ohc=X5H4TlO7fisAX_rFqEf&ccb=7-4&oh=b32f789726eb84567bf558d0fd107c46&oe=6088CD0F&_nc_sid=9fb510",
            "username": "katiqba"
        },
        "likes_count": 0,
        "answers": [
            {
                "id": 17890896220933391,
                "created_at": 1615454095,
                "text": "@katiqba check dm",
                "owner": {
                    "id": "31345321949",
                    "is_verified": false,
                    "profile_pic_url": "https://instagram.fagc2-1.fna.fbcdn.net/v/t51.2885-19/s150x150/104655610_734890267265839_7042082510067431729_n.jpg?tp=1&_nc_ht=instagram.fagc2-1.fna.fbcdn.net&_nc_ohc=Q9yxDDyzyrwAX9Xuts8&ccb=7-4&oh=d86b1b6d639825b0f55d29acf1a38f6f&oe=608866EF&_nc_sid=9fb510",
                    "username": "airpods_case_1"
                },
                "likes_count": 0
            }
        ]
    },
    {
        "id": 18132036940195544,
        "created_at": 1615268125,
        "text": "Dm price",
        "owner": {
            "id": "221593118",
            "is_verified": false,
            "profile_pic_url": "https://instagram.fagc2-1.fna.fbcdn.net/v/t51.2885-19/s150x150/149516792_187209623157738_2370757167350140229_n.jpg?tp=1&_nc_ht=instagram.fagc2-1.fna.fbcdn.net&_nc_ohc=D1preCSj-7UAX-R6wO7&ccb=7-4&oh=7ebda335526b0dc1b77a16736bf1425b&oe=60881A00&_nc_sid=9fb510",
            "username": "faizal.salamon"
        },
        "likes_count": 0,
        "answers": [
            {
                "id": 18142268203092192,
                "created_at": 1615277611,
                "text": "Check dm",
                "owner": {
                    "id": "31345321949",
                    "is_verified": false,
                    "profile_pic_url": "https://instagram.fagc2-1.fna.fbcdn.net/v/t51.2885-19/s150x150/104655610_734890267265839_7042082510067431729_n.jpg?tp=1&_nc_ht=instagram.fagc2-1.fna.fbcdn.net&_nc_ohc=Q9yxDDyzyrwAX9Xuts8&ccb=7-4&oh=d86b1b6d639825b0f55d29acf1a38f6f&oe=608866EF&_nc_sid=9fb510",
                    "username": "airpods_case_1"
                },
                "likes_count": 0
            }
        ]
    },
    {
        "id": 17881659698129987,
        "created_at": 1615224094,
        "text": "Pp",
        "owner": {
            "id": "500756272",
            "is_verified": false,
            "profile_pic_url": "https://instagram.fagc2-1.fna.fbcdn.net/v/t51.2885-19/s150x150/40843807_510704669402293_471057307057258496_n.jpg?tp=1&_nc_ht=instagram.fagc2-1.fna.fbcdn.net&_nc_ohc=TxVF3wZiFAIAX-yLEMF&ccb=7-4&oh=4b2455e76cd87a365dd276649623169a&oe=6087BA4B&_nc_sid=9fb510",
            "username": "sh3fali_gautam"
        },
        "likes_count": 0,
        "answers": [
            {
                "id": 17853524243512766,
                "created_at": 1615224207,
                "text": "@sh3fali_gautam check dm",
                "owner": {
                    "id": "31345321949",
                    "is_verified": false,
                    "profile_pic_url": "https://instagram.fagc2-1.fna.fbcdn.net/v/t51.2885-19/s150x150/104655610_734890267265839_7042082510067431729_n.jpg?tp=1&_nc_ht=instagram.fagc2-1.fna.fbcdn.net&_nc_ohc=Q9yxDDyzyrwAX9Xuts8&ccb=7-4&oh=d86b1b6d639825b0f55d29acf1a38f6f&oe=608866EF&_nc_sid=9fb510",
                    "username": "airpods_case_1"
                },
                "likes_count": 0
            }
        ]
    },
    {
        "id": 17898302770845807,
        "created_at": 1615223326,
        "text": "Price of grenade and marshmallow cover of airpord pro",
        "owner": {
            "id": "6512948180",
            "is_verified": false,
            "profile_pic_url": "https://instagram.fagc2-1.fna.fbcdn.net/v/t51.2885-19/s150x150/152099666_244615083962258_8713316120085793657_n.jpg?tp=1&_nc_ht=instagram.fagc2-1.fna.fbcdn.net&_nc_ohc=AGQO5h-dmp4AX-UKWUZ&ccb=7-4&oh=3c72c0f04d55abad851725d57e0bbbb0&oe=60880383&_nc_sid=9fb510",
            "username": "mananjain252709"
        },
        "likes_count": 0,
        "answers": [
            {
                "id": 18200135485028024,
                "created_at": 1615223411,
                "text": "@mananjain252709 check dm",
                "owner": {
                    "id": "31345321949",
                    "is_verified": false,
                    "profile_pic_url": "https://instagram.fagc2-1.fna.fbcdn.net/v/t51.2885-19/s150x150/104655610_734890267265839_7042082510067431729_n.jpg?tp=1&_nc_ht=instagram.fagc2-1.fna.fbcdn.net&_nc_ohc=Q9yxDDyzyrwAX9Xuts8&ccb=7-4&oh=d86b1b6d639825b0f55d29acf1a38f6f&oe=608866EF&_nc_sid=9fb510",
                    "username": "airpods_case_1"
                },
                "likes_count": 0
            }
        ]
    },
    {
        "id": 17871519704259506,
        "created_at": 1615219179,
        "text": "Price?",
        "owner": {
            "id": "1669557546",
            "is_verified": false,
            "profile_pic_url": "https://instagram.fagc2-1.fna.fbcdn.net/v/t51.2885-19/s150x150/104182043_1952886998178309_97843696538726206_n.jpg?tp=1&_nc_ht=instagram.fagc2-1.fna.fbcdn.net&_nc_ohc=WhMU_rla-_QAX_-DU_D&ccb=7-4&oh=0a471a0852767158231358c25ee58732&oe=60885785&_nc_sid=9fb510",
            "username": "carlos_delgado28"
        },
        "likes_count": 0,
        "answers": [
            {
                "id": 18069991918266971,
                "created_at": 1615219706,
                "text": "@carlos_delgado28 check dm",
                "owner": {
                    "id": "31345321949",
                    "is_verified": false,
                    "profile_pic_url": "https://instagram.fagc2-1.fna.fbcdn.net/v/t51.2885-19/s150x150/104655610_734890267265839_7042082510067431729_n.jpg?tp=1&_nc_ht=instagram.fagc2-1.fna.fbcdn.net&_nc_ohc=Q9yxDDyzyrwAX9Xuts8&ccb=7-4&oh=d86b1b6d639825b0f55d29acf1a38f6f&oe=608866EF&_nc_sid=9fb510",
                    "username": "airpods_case_1"
                },
                "likes_count": 0
            }
        ]
    },
    {
        "id": 17988364576334543,
        "created_at": 1615198154,
        "text": "Pp",
        "owner": {
            "id": "1547844119",
            "is_verified": false,
            "profile_pic_url": "https://instagram.fagc2-1.fna.fbcdn.net/v/t51.2885-19/s150x150/106275370_652598465328571_1629093108580070011_n.jpg?tp=1&_nc_ht=instagram.fagc2-1.fna.fbcdn.net&_nc_ohc=x1OXqQdcGokAX8A3M_I&ccb=7-4&oh=9bb9e60d991e6682c8329abb600c6f9f&oe=608614AA&_nc_sid=9fb510",
            "username": "vaani_jain"
        },
        "likes_count": 0,
        "answers": [
            {
                "id": 17917306000591764,
                "created_at": 1615202597,
                "text": "@vaani_jain check dm",
                "owner": {
                    "id": "31345321949",
                    "is_verified": false,
                    "profile_pic_url": "https://instagram.fagc2-1.fna.fbcdn.net/v/t51.2885-19/s150x150/104655610_734890267265839_7042082510067431729_n.jpg?tp=1&_nc_ht=instagram.fagc2-1.fna.fbcdn.net&_nc_ohc=Q9yxDDyzyrwAX9Xuts8&ccb=7-4&oh=d86b1b6d639825b0f55d29acf1a38f6f&oe=608866EF&_nc_sid=9fb510",
                    "username": "airpods_case_1"
                },
                "likes_count": 0
            }
        ]
    },
    {
        "id": 17864352521393966,
        "created_at": 1615173026,
        "text": "Pffff air pod max is better",
        "owner": {
            "id": "27646092635",
            "is_verified": false,
            "profile_pic_url": "https://instagram.fagc2-1.fna.fbcdn.net/v/t51.2885-19/s150x150/122752369_696919714589967_8942511012564444762_n.jpg?tp=1&_nc_ht=instagram.fagc2-1.fna.fbcdn.net&_nc_ohc=vO8gbBcgfe8AX_zYfZ-&ccb=7-4&oh=f402bef1e38a74c24ab8d8e21510286a&oe=6086428C&_nc_sid=9fb510",
            "username": "gio.gennero"
        },
        "likes_count": 0,
        "answers": []
    },
    {
        "id": 17897991985872314,
        "created_at": 1615138335,
        "text": "Hm?",
        "owner": {
            "id": "3800144634",
            "is_verified": false,
            "profile_pic_url": "https://instagram.fagc2-1.fna.fbcdn.net/v/t51.2885-19/s150x150/42930352_181939659386691_6949829754392412160_n.jpg?tp=1&_nc_ht=instagram.fagc2-1.fna.fbcdn.net&_nc_ohc=Wd2vX57Qc1IAX9VSWwN&ccb=7-4&oh=ce1956d17a05365d860622291c8df1a4&oe=6086FF29&_nc_sid=9fb510",
            "username": "amany_hassan_fathy"
        },
        "likes_count": 0,
        "answers": []
    },
    {
        "id": 18197508748052774,
        "created_at": 1615019765,
        "text": "Pp",
        "owner": {
            "id": "302972617",
            "is_verified": false,
            "profile_pic_url": "https://instagram.fagc2-1.fna.fbcdn.net/v/t51.2885-19/s150x150/89640019_211710289894888_6779656299652055040_n.jpg?tp=1&_nc_ht=instagram.fagc2-1.fna.fbcdn.net&_nc_ohc=GBFZYPzJDxwAX80raGr&ccb=7-4&oh=8819fef450a7d28576b9c074164b87e3&oe=6086523F&_nc_sid=9fb510",
            "username": "kshtzarora3"
        },
        "likes_count": 0,
        "answers": []
    },
    {
        "id": 17867119868362023,
        "created_at": 1615015343,
        "text": "Hello do you have any dog case for airpods pro?",
        "owner": {
            "id": "1456181720",
            "is_verified": false,
            "profile_pic_url": "https://instagram.fagc2-1.fna.fbcdn.net/v/t51.2885-19/s150x150/161007141_469920134163357_7646609152172316308_n.jpg?tp=1&_nc_ht=instagram.fagc2-1.fna.fbcdn.net&_nc_ohc=IH3OjQO_WugAX-BpgYa&ccb=7-4&oh=0462684dd42732e994f70fc4998a73ab&oe=6088CD84&_nc_sid=9fb510",
            "username": "ishaan_morani"
        },
        "likes_count": 0,
        "answers": []
    },
    {
        "id": 18096692329227290,
        "created_at": 1615004164,
        "text": "Hello price?",
        "owner": {
            "id": "1456181720",
            "is_verified": false,
            "profile_pic_url": "https://instagram.fagc2-1.fna.fbcdn.net/v/t51.2885-19/s150x150/161007141_469920134163357_7646609152172316308_n.jpg?tp=1&_nc_ht=instagram.fagc2-1.fna.fbcdn.net&_nc_ohc=IH3OjQO_WugAX-BpgYa&ccb=7-4&oh=0462684dd42732e994f70fc4998a73ab&oe=6088CD84&_nc_sid=9fb510",
            "username": "ishaan_morani"
        },
        "likes_count": 0,
        "answers": [
            {
                "id": 17928200632505686,
                "created_at": 1615008941,
                "text": "@ishaan_morani check dm",
                "owner": {
                    "id": "31345321949",
                    "is_verified": false,
                    "profile_pic_url": "https://instagram.fagc2-1.fna.fbcdn.net/v/t51.2885-19/s150x150/104655610_734890267265839_7042082510067431729_n.jpg?tp=1&_nc_ht=instagram.fagc2-1.fna.fbcdn.net&_nc_ohc=Q9yxDDyzyrwAX9Xuts8&ccb=7-4&oh=d86b1b6d639825b0f55d29acf1a38f6f&oe=608866EF&_nc_sid=9fb510",
                    "username": "airpods_case_1"
                },
                "likes_count": 0
            }
        ]
    },
    {
        "id": 17876353583211192,
        "created_at": 1614980426,
        "text": "Price",
        "owner": {
            "id": "2870900375",
            "is_verified": false,
            "profile_pic_url": "https://instagram.fagc2-1.fna.fbcdn.net/v/t51.2885-19/s150x150/121827307_768421584002832_7965801420915095912_n.jpg?tp=1&_nc_ht=instagram.fagc2-1.fna.fbcdn.net&_nc_ohc=Zm63tETLI74AX_QJa5R&ccb=7-4&oh=c2b36871567bbad0142f65eee31fb6d8&oe=60898607&_nc_sid=9fb510",
            "username": "williamadelin"
        },
        "likes_count": 0,
        "answers": []
    },
    {
        "id": 18069628402270900,
        "created_at": 1614885358,
        "text": "Price",
        "owner": {
            "id": "43172953332",
            "is_verified": false,
            "profile_pic_url": "https://instagram.fagc2-1.fna.fbcdn.net/v/t51.2885-19/s150x150/120908796_662831567712048_4120181679185832886_n.jpg?tp=1&_nc_ht=instagram.fagc2-1.fna.fbcdn.net&_nc_ohc=vXZnSnd6rXcAX96_COk&ccb=7-4&oh=68050c2911c924f115b6a32bddc33d38&oe=6086C548&_nc_sid=9fb510",
            "username": "germansilver_ondemand"
        },
        "likes_count": 0,
        "answers": [
            {
                "id": 17922290101553505,
                "created_at": 1614897024,
                "text": "@germansilver_ondemand check dm",
                "owner": {
                    "id": "31345321949",
                    "is_verified": false,
                    "profile_pic_url": "https://instagram.fagc2-1.fna.fbcdn.net/v/t51.2885-19/s150x150/104655610_734890267265839_7042082510067431729_n.jpg?tp=1&_nc_ht=instagram.fagc2-1.fna.fbcdn.net&_nc_ohc=Q9yxDDyzyrwAX9Xuts8&ccb=7-4&oh=d86b1b6d639825b0f55d29acf1a38f6f&oe=608866EF&_nc_sid=9fb510",
                    "username": "airpods_case_1"
                },
                "likes_count": 0
            }
        ]
    },
    {
        "id": 17930302405480640,
        "created_at": 1614881512,
        "text": "How much",
        "owner": {
            "id": "31611612041",
            "is_verified": false,
            "profile_pic_url": "https://instagram.fagc2-1.fna.fbcdn.net/v/t51.2885-19/s150x150/158053178_446125996812470_8548936985408811998_n.jpg?tp=1&_nc_ht=instagram.fagc2-1.fna.fbcdn.net&_nc_ohc=zBDTyzboEDcAX-cDRoQ&ccb=7-4&oh=e21e380b2a68972c93bb9506eb96e546&oe=6089DC8F&_nc_sid=9fb510",
            "username": "chotu_772"
        },
        "likes_count": 0,
        "answers": [
            {
                "id": 17869483874299857,
                "created_at": 1614896993,
                "text": "@chotu_772 check dm",
                "owner": {
                    "id": "31345321949",
                    "is_verified": false,
                    "profile_pic_url": "https://instagram.fagc2-1.fna.fbcdn.net/v/t51.2885-19/s150x150/104655610_734890267265839_7042082510067431729_n.jpg?tp=1&_nc_ht=instagram.fagc2-1.fna.fbcdn.net&_nc_ohc=Q9yxDDyzyrwAX9Xuts8&ccb=7-4&oh=d86b1b6d639825b0f55d29acf1a38f6f&oe=608866EF&_nc_sid=9fb510",
                    "username": "airpods_case_1"
                },
                "likes_count": 0
            }
        ]
    },
    {
        "id": 18142640185179383,
        "created_at": 1614877286,
        "text": "Privr",
        "owner": {
            "id": "2915658664",
            "is_verified": false,
            "profile_pic_url": "https://instagram.fagc2-1.fna.fbcdn.net/v/t51.2885-19/s150x150/162891886_4006621726061177_6850451132234849210_n.jpg?tp=1&_nc_ht=instagram.fagc2-1.fna.fbcdn.net&_nc_ohc=VYI38vY3j6UAX9NOh1B&ccb=7-4&oh=75ff1e0d493a2838ebaa729f0001b805&oe=6088271F&_nc_sid=9fb510",
            "username": "_kritikahanda_"
        },
        "likes_count": 0,
        "answers": [
            {
                "id": 18145373500133691,
                "created_at": 1614877802,
                "text": "@_kritikahanda_ check dm",
                "owner": {
                    "id": "31345321949",
                    "is_verified": false,
                    "profile_pic_url": "https://instagram.fagc2-1.fna.fbcdn.net/v/t51.2885-19/s150x150/104655610_734890267265839_7042082510067431729_n.jpg?tp=1&_nc_ht=instagram.fagc2-1.fna.fbcdn.net&_nc_ohc=Q9yxDDyzyrwAX9Xuts8&ccb=7-4&oh=d86b1b6d639825b0f55d29acf1a38f6f&oe=608866EF&_nc_sid=9fb510",
                    "username": "airpods_case_1"
                },
                "likes_count": 0
            }
        ]
    },
    {
        "id": 17873805068253077,
        "created_at": 1614616525,
        "text": "Price???",
        "owner": {
            "id": "8268270823",
            "is_verified": false,
            "profile_pic_url": "https://instagram.fagc2-1.fna.fbcdn.net/v/t51.2885-19/s150x150/164896068_720180695322595_5275855777021531202_n.jpg?tp=1&_nc_ht=instagram.fagc2-1.fna.fbcdn.net&_nc_ohc=uuEse30l4SgAX8QMSmP&ccb=7-4&oh=61f4c581a340e5b28d19730f962eb8a2&oe=6088C4B5&_nc_sid=9fb510",
            "username": "itz_afreen.khan"
        },
        "likes_count": 0,
        "answers": [
            {
                "id": 17862424817461003,
                "created_at": 1614617698,
                "text": "@itz_afreen.shaikh check dm",
                "owner": {
                    "id": "31345321949",
                    "is_verified": false,
                    "profile_pic_url": "https://instagram.fagc2-1.fna.fbcdn.net/v/t51.2885-19/s150x150/104655610_734890267265839_7042082510067431729_n.jpg?tp=1&_nc_ht=instagram.fagc2-1.fna.fbcdn.net&_nc_ohc=Q9yxDDyzyrwAX9Xuts8&ccb=7-4&oh=d86b1b6d639825b0f55d29acf1a38f6f&oe=608866EF&_nc_sid=9fb510",
                    "username": "airpods_case_1"
                },
                "likes_count": 0
            }
        ]
    },
    {
        "id": 17883525668048309,
        "created_at": 1614588922,
        "text": "Price",
        "owner": {
            "id": "45380019847",
            "is_verified": false,
            "profile_pic_url": "https://instagram.fagc2-1.fna.fbcdn.net/v/t51.2885-19/s150x150/135556899_2763486110530003_3942521492828562612_n.jpg?tp=1&_nc_ht=instagram.fagc2-1.fna.fbcdn.net&_nc_ohc=4Qj0sSamZcAAX92KFPP&ccb=7-4&oh=b3080a4a261fd3498e89b04c3fd10e29&oe=60864F01&_nc_sid=9fb510",
            "username": "sawaira_zanaib"
        },
        "likes_count": 0,
        "answers": [
            {
                "id": 17900900452790696,
                "created_at": 1614589561,
                "text": "@airpods_case_1 How check price",
                "owner": {
                    "id": "45380019847",
                    "is_verified": false,
                    "profile_pic_url": "https://instagram.fagc2-1.fna.fbcdn.net/v/t51.2885-19/s150x150/135556899_2763486110530003_3942521492828562612_n.jpg?tp=1&_nc_ht=instagram.fagc2-1.fna.fbcdn.net&_nc_ohc=4Qj0sSamZcAAX92KFPP&ccb=7-4&oh=b3080a4a261fd3498e89b04c3fd10e29&oe=60864F01&_nc_sid=9fb510",
                    "username": "sawaira_zanaib"
                },
                "likes_count": 0
            },
            {
                "id": 17897958649806820,
                "created_at": 1614589343,
                "text": "@sawaira_zanaib check dm",
                "owner": {
                    "id": "31345321949",
                    "is_verified": false,
                    "profile_pic_url": "https://instagram.fagc2-1.fna.fbcdn.net/v/t51.2885-19/s150x150/104655610_734890267265839_7042082510067431729_n.jpg?tp=1&_nc_ht=instagram.fagc2-1.fna.fbcdn.net&_nc_ohc=Q9yxDDyzyrwAX9Xuts8&ccb=7-4&oh=d86b1b6d639825b0f55d29acf1a38f6f&oe=608866EF&_nc_sid=9fb510",
                    "username": "airpods_case_1"
                },
                "likes_count": 0
            }
        ]
    },
    {
        "id": 18128677888198384,
        "created_at": 1614518760,
        "text": "Price for airpods pro case",
        "owner": {
            "id": "5582436670",
            "is_verified": false,
            "profile_pic_url": "https://instagram.fagc2-1.fna.fbcdn.net/v/t51.2885-19/s150x150/106361279_565372537672286_7596449789821621624_n.jpg?tp=1&_nc_ht=instagram.fagc2-1.fna.fbcdn.net&_nc_ohc=gaW3ULTZIjEAX-ptRZC&ccb=7-4&oh=c0932711664372760fea9ffe6d3baf71&oe=60878A0A&_nc_sid=9fb510",
            "username": "vikram_krish_k"
        },
        "likes_count": 0,
        "answers": [
            {
                "id": 17880436433141289,
                "created_at": 1614526913,
                "text": "@vikram_krish_k check dm",
                "owner": {
                    "id": "31345321949",
                    "is_verified": false,
                    "profile_pic_url": "https://instagram.fagc2-1.fna.fbcdn.net/v/t51.2885-19/s150x150/104655610_734890267265839_7042082510067431729_n.jpg?tp=1&_nc_ht=instagram.fagc2-1.fna.fbcdn.net&_nc_ohc=Q9yxDDyzyrwAX9Xuts8&ccb=7-4&oh=d86b1b6d639825b0f55d29acf1a38f6f&oe=608866EF&_nc_sid=9fb510",
                    "username": "airpods_case_1"
                },
                "likes_count": 0
            }
        ]
    },
    {
        "id": 17908158175667792,
        "created_at": 1614465864,
        "text": "Price??",
        "owner": {
            "id": "286934690",
            "is_verified": false,
            "profile_pic_url": "https://instagram.fagc2-1.fna.fbcdn.net/v/t51.2885-19/s150x150/106590667_852967175191402_7514498424976209460_n.jpg?tp=1&_nc_ht=instagram.fagc2-1.fna.fbcdn.net&_nc_ohc=D9pLK4mxKw4AX_sucjE&ccb=7-4&oh=e73c05a39dbf26589b8f98ae14e1f8a8&oe=6087ECE3&_nc_sid=9fb510",
            "username": "mr.spartacus1"
        },
        "likes_count": 0,
        "answers": [
            {
                "id": 18193929427001635,
                "created_at": 1614483508,
                "text": "@mr.spartacus1 check dm",
                "owner": {
                    "id": "31345321949",
                    "is_verified": false,
                    "profile_pic_url": "https://instagram.fagc2-1.fna.fbcdn.net/v/t51.2885-19/s150x150/104655610_734890267265839_7042082510067431729_n.jpg?tp=1&_nc_ht=instagram.fagc2-1.fna.fbcdn.net&_nc_ohc=Q9yxDDyzyrwAX9Xuts8&ccb=7-4&oh=d86b1b6d639825b0f55d29acf1a38f6f&oe=608866EF&_nc_sid=9fb510",
                    "username": "airpods_case_1"
                },
                "likes_count": 0
            }
        ]
    },
    {
        "id": 17922282616521360,
        "created_at": 1614243988,
        "text": "Pp",
        "owner": {
            "id": "23521731793",
            "is_verified": false,
            "profile_pic_url": "https://instagram.fagc2-1.fna.fbcdn.net/v/t51.2885-19/s150x150/157294420_3590314361095337_3979711958071211146_n.jpg?tp=1&_nc_ht=instagram.fagc2-1.fna.fbcdn.net&_nc_ohc=QZfr20Nv4zsAX9aKlCt&ccb=7-4&oh=63f26aa24a9b4c60deb2e4ef46c498a7&oe=608787A8&_nc_sid=9fb510",
            "username": "krish_kapoor26"
        },
        "likes_count": 0,
        "answers": [
            {
                "id": 17913532450614911,
                "created_at": 1614244427,
                "text": "@krish_kapoor26 check dm",
                "owner": {
                    "id": "31345321949",
                    "is_verified": false,
                    "profile_pic_url": "https://instagram.fagc2-1.fna.fbcdn.net/v/t51.2885-19/s150x150/104655610_734890267265839_7042082510067431729_n.jpg?tp=1&_nc_ht=instagram.fagc2-1.fna.fbcdn.net&_nc_ohc=Q9yxDDyzyrwAX9Xuts8&ccb=7-4&oh=d86b1b6d639825b0f55d29acf1a38f6f&oe=608866EF&_nc_sid=9fb510",
                    "username": "airpods_case_1"
                },
                "likes_count": 0
            }
        ]
    },
    {
        "id": 17926541722518365,
        "created_at": 1614226297,
        "text": "Dm",
        "owner": {
            "id": "6443845515",
            "is_verified": false,
            "profile_pic_url": "https://instagram.fagc2-1.fna.fbcdn.net/v/t51.2885-19/s150x150/164897269_183570506905135_6660045316399688385_n.jpg?tp=1&_nc_ht=instagram.fagc2-1.fna.fbcdn.net&_nc_ohc=okD-vzzh3EkAX9zCsBX&ccb=7-4&oh=00359f5a2669b37eb97a8a3faef9c313&oe=6089EBFB&_nc_sid=9fb510",
            "username": "z.ee.l____"
        },
        "likes_count": 0,
        "answers": []
    },
    {
        "id": 17909775430630423,
        "created_at": 1614184355,
        "text": "Pp",
        "owner": {
            "id": "14473746012",
            "is_verified": false,
            "profile_pic_url": "https://instagram.fagc2-1.fna.fbcdn.net/v/t51.2885-19/s150x150/160341267_345699373440273_5023976149349192794_n.jpg?tp=1&_nc_ht=instagram.fagc2-1.fna.fbcdn.net&_nc_ohc=MCUXB5N-j64AX9mpKg1&ccb=7-4&oh=5bb16db7ea6536afbbfdfa6e4f230822&oe=6088AA8C&_nc_sid=9fb510",
            "username": "anaysa_777"
        },
        "likes_count": 0,
        "answers": [
            {
                "id": 17929513633481419,
                "created_at": 1614188606,
                "text": "@anaysa_777 check dm",
                "owner": {
                    "id": "31345321949",
                    "is_verified": false,
                    "profile_pic_url": "https://instagram.fagc2-1.fna.fbcdn.net/v/t51.2885-19/s150x150/104655610_734890267265839_7042082510067431729_n.jpg?tp=1&_nc_ht=instagram.fagc2-1.fna.fbcdn.net&_nc_ohc=Q9yxDDyzyrwAX9Xuts8&ccb=7-4&oh=d86b1b6d639825b0f55d29acf1a38f6f&oe=608866EF&_nc_sid=9fb510",
                    "username": "airpods_case_1"
                },
                "likes_count": 0
            }
        ]
    },
    {
        "id": 17915909182592624,
        "created_at": 1614178004,
        "text": "Hm?",
        "owner": {
            "id": "2194434649",
            "is_verified": false,
            "profile_pic_url": "https://instagram.fagc2-1.fna.fbcdn.net/v/t51.2885-19/s150x150/124620364_369542020795963_6788566608798074434_n.jpg?tp=1&_nc_ht=instagram.fagc2-1.fna.fbcdn.net&_nc_ohc=s1ywXJCMfFIAX-4HYgL&ccb=7-4&oh=d1c1bc6af57e80a9cb16e02088b39ea8&oe=60895896&_nc_sid=9fb510",
            "username": "yor.ayman"
        },
        "likes_count": 0,
        "answers": [
            {
                "id": 17986695820334453,
                "created_at": 1614188597,
                "text": "@yor.ayman yes",
                "owner": {
                    "id": "31345321949",
                    "is_verified": false,
                    "profile_pic_url": "https://instagram.fagc2-1.fna.fbcdn.net/v/t51.2885-19/s150x150/104655610_734890267265839_7042082510067431729_n.jpg?tp=1&_nc_ht=instagram.fagc2-1.fna.fbcdn.net&_nc_ohc=Q9yxDDyzyrwAX9Xuts8&ccb=7-4&oh=d86b1b6d639825b0f55d29acf1a38f6f&oe=608866EF&_nc_sid=9fb510",
                    "username": "airpods_case_1"
                },
                "likes_count": 0
            },
            {
                "id": 17933559124477863,
                "created_at": 1614180589,
                "text": "@yor.ayman yes",
                "owner": {
                    "id": "31345321949",
                    "is_verified": false,
                    "profile_pic_url": "https://instagram.fagc2-1.fna.fbcdn.net/v/t51.2885-19/s150x150/104655610_734890267265839_7042082510067431729_n.jpg?tp=1&_nc_ht=instagram.fagc2-1.fna.fbcdn.net&_nc_ohc=Q9yxDDyzyrwAX9Xuts8&ccb=7-4&oh=d86b1b6d639825b0f55d29acf1a38f6f&oe=608866EF&_nc_sid=9fb510",
                    "username": "airpods_case_1"
                },
                "likes_count": 0
            },
            {
                "id": 17862495704359436,
                "created_at": 1614184006,
                "text": "@airpods_case_1 !!",
                "owner": {
                    "id": "2194434649",
                    "is_verified": false,
                    "profile_pic_url": "https://instagram.fagc2-1.fna.fbcdn.net/v/t51.2885-19/s150x150/124620364_369542020795963_6788566608798074434_n.jpg?tp=1&_nc_ht=instagram.fagc2-1.fna.fbcdn.net&_nc_ohc=s1ywXJCMfFIAX-4HYgL&ccb=7-4&oh=d1c1bc6af57e80a9cb16e02088b39ea8&oe=60895896&_nc_sid=9fb510",
                    "username": "yor.ayman"
                },
                "likes_count": 0
            }
        ]
    },
    {
        "id": 17890413196963306,
        "created_at": 1614170725,
        "text": "Price",
        "owner": {
            "id": "4037010468",
            "is_verified": false,
            "profile_pic_url": "https://instagram.fagc2-1.fna.fbcdn.net/v/t51.2885-19/s150x150/159219939_451468139508343_804404103331806936_n.jpg?tp=1&_nc_ht=instagram.fagc2-1.fna.fbcdn.net&_nc_ohc=m0w2p0QoX6AAX-mTy4r&ccb=7-4&oh=4fc10289ded31ddb250319c7e7f981ec&oe=608977FD&_nc_sid=9fb510",
            "username": "soulat_khan_007"
        },
        "likes_count": 0,
        "answers": []
    },
    {
        "id": 17982833446340423,
        "created_at": 1614154145,
        "text": "Price???",
        "owner": {
            "id": "3019567685",
            "is_verified": false,
            "profile_pic_url": "https://instagram.fagc2-1.fna.fbcdn.net/v/t51.2885-19/s150x150/75306181_466781814031859_210483505224744960_n.jpg?tp=1&_nc_ht=instagram.fagc2-1.fna.fbcdn.net&_nc_ohc=UqwE7e9hhmQAX8JUU0R&ccb=7-4&oh=792daf690249e369445dfe8e6bb6b14f&oe=6086A6F7&_nc_sid=9fb510",
            "username": "bhaveshpatil_97"
        },
        "likes_count": 0,
        "answers": [
            {
                "id": 17980206397345370,
                "created_at": 1614154206,
                "text": "@bhaveshpatil_97 check dm",
                "owner": {
                    "id": "31345321949",
                    "is_verified": false,
                    "profile_pic_url": "https://instagram.fagc2-1.fna.fbcdn.net/v/t51.2885-19/s150x150/104655610_734890267265839_7042082510067431729_n.jpg?tp=1&_nc_ht=instagram.fagc2-1.fna.fbcdn.net&_nc_ohc=Q9yxDDyzyrwAX9Xuts8&ccb=7-4&oh=d86b1b6d639825b0f55d29acf1a38f6f&oe=608866EF&_nc_sid=9fb510",
                    "username": "airpods_case_1"
                },
                "likes_count": 0
            }
        ]
    },
    {
        "id": 17905575493693604,
        "created_at": 1614135000,
        "text": "Bro what is the cost",
        "owner": {
            "id": "12139029060",
            "is_verified": false,
            "profile_pic_url": "https://instagram.fagc2-1.fna.fbcdn.net/v/t51.2885-19/s150x150/164459847_492850348554038_190760500698503031_n.jpg?tp=1&_nc_ht=instagram.fagc2-1.fna.fbcdn.net&_nc_ohc=m6rlRoLStOEAX84If-w&ccb=7-4&oh=774098b2632f1fa02a54aff015d3cb45&oe=60893BDB&_nc_sid=9fb510",
            "username": "yashhuuuuu____"
        },
        "likes_count": 0,
        "answers": [
            {
                "id": 18195034408008233,
                "created_at": 1614141788,
                "text": "@yashhuuuuu____ check dm",
                "owner": {
                    "id": "31345321949",
                    "is_verified": false,
                    "profile_pic_url": "https://instagram.fagc2-1.fna.fbcdn.net/v/t51.2885-19/s150x150/104655610_734890267265839_7042082510067431729_n.jpg?tp=1&_nc_ht=instagram.fagc2-1.fna.fbcdn.net&_nc_ohc=Q9yxDDyzyrwAX9Xuts8&ccb=7-4&oh=d86b1b6d639825b0f55d29acf1a38f6f&oe=608866EF&_nc_sid=9fb510",
                    "username": "airpods_case_1"
                },
                "likes_count": 0
            }
        ]
    },
    {
        "id": 18072197023260458,
        "created_at": 1614099304,
        "text": "Hm",
        "owner": {
            "id": "1476106972",
            "is_verified": false,
            "profile_pic_url": "https://instagram.fagc2-1.fna.fbcdn.net/v/t51.2885-19/s150x150/136118465_1194894657635321_1105787482989333282_n.jpg?tp=1&_nc_ht=instagram.fagc2-1.fna.fbcdn.net&_nc_ohc=K7gH80-CShsAX-mLatg&ccb=7-4&oh=7663fe051c9660b7a6289095db9f828a&oe=6088E76A&_nc_sid=9fb510",
            "username": "tomadaqueen"
        },
        "likes_count": 1,
        "answers": []
    },
    {
        "id": 17859405680489809,
        "created_at": 1614061047,
        "text": "Price",
        "owner": {
            "id": "5859930730",
            "is_verified": false,
            "profile_pic_url": "https://instagram.fagc2-1.fna.fbcdn.net/v/t51.2885-19/s150x150/156309961_342737057012465_4699890737304003602_n.jpg?tp=1&_nc_ht=instagram.fagc2-1.fna.fbcdn.net&_nc_ohc=uPx8Q8f4eEQAX8pewz9&ccb=7-4&oh=5c908dfa2143be9c57f52e7e45e61f3c&oe=60877445&_nc_sid=9fb510",
            "username": "anshanshul033"
        },
        "likes_count": 0,
        "answers": [
            {
                "id": 17859454967414250,
                "created_at": 1614061368,
                "text": "@anshanshul033 check dm",
                "owner": {
                    "id": "31345321949",
                    "is_verified": false,
                    "profile_pic_url": "https://instagram.fagc2-1.fna.fbcdn.net/v/t51.2885-19/s150x150/104655610_734890267265839_7042082510067431729_n.jpg?tp=1&_nc_ht=instagram.fagc2-1.fna.fbcdn.net&_nc_ohc=Q9yxDDyzyrwAX9Xuts8&ccb=7-4&oh=d86b1b6d639825b0f55d29acf1a38f6f&oe=608866EF&_nc_sid=9fb510",
                    "username": "airpods_case_1"
                },
                "likes_count": 1
            }
        ]
    },
    {
        "id": 17903157421743113,
        "created_at": 1614060012,
        "text": "Pp",
        "owner": {
            "id": "2816615927",
            "is_verified": false,
            "profile_pic_url": "https://instagram.fagc2-1.fna.fbcdn.net/v/t51.2885-19/s150x150/120453527_2007663742702044_627481018035585181_n.jpg?tp=1&_nc_ht=instagram.fagc2-1.fna.fbcdn.net&_nc_ohc=PLZoZMTJF1MAX8OopQ5&ccb=7-4&oh=4d3480f36045dec64fcedb3b827f6b8f&oe=608662F9&_nc_sid=9fb510",
            "username": "vivek_9123"
        },
        "likes_count": 0,
        "answers": [
            {
                "id": 17870259320326425,
                "created_at": 1614061250,
                "text": "@vivek_9123 check dm",
                "owner": {
                    "id": "31345321949",
                    "is_verified": false,
                    "profile_pic_url": "https://instagram.fagc2-1.fna.fbcdn.net/v/t51.2885-19/s150x150/104655610_734890267265839_7042082510067431729_n.jpg?tp=1&_nc_ht=instagram.fagc2-1.fna.fbcdn.net&_nc_ohc=Q9yxDDyzyrwAX9Xuts8&ccb=7-4&oh=d86b1b6d639825b0f55d29acf1a38f6f&oe=608866EF&_nc_sid=9fb510",
                    "username": "airpods_case_1"
                },
                "likes_count": 0
            }
        ]
    },
    {
        "id": 17924740351523508,
        "created_at": 1614034779,
        "text": "prices?",
        "owner": {
            "id": "34739633741",
            "is_verified": false,
            "profile_pic_url": "https://scontent-lht6-1.cdninstagram.com/v/t51.2885-19/44884218_345707102882519_2446069589734326272_n.jpg?_nc_ht=scontent-lht6-1.cdninstagram.com&_nc_ohc=hLTkwc3uTqUAX9-Esbn&ccb=7-4&oh=9928607ce4cbf4fbbe21aa6aeec6eee9&oe=6087738F&_nc_sid=712cc3&ig_cache_key=YW5vbnltb3VzX3Byb2ZpbGVfcGlj.2-ccb7-4",
            "username": "d4drewwfinstaaa_"
        },
        "likes_count": 0,
        "answers": [
            {
                "id": 17913311506612186,
                "created_at": 1614053667,
                "text": "@secretlifeofdrew._ check dm",
                "owner": {
                    "id": "31345321949",
                    "is_verified": false,
                    "profile_pic_url": "https://instagram.fagc2-1.fna.fbcdn.net/v/t51.2885-19/s150x150/104655610_734890267265839_7042082510067431729_n.jpg?tp=1&_nc_ht=instagram.fagc2-1.fna.fbcdn.net&_nc_ohc=Q9yxDDyzyrwAX9Xuts8&ccb=7-4&oh=d86b1b6d639825b0f55d29acf1a38f6f&oe=608866EF&_nc_sid=9fb510",
                    "username": "airpods_case_1"
                },
                "likes_count": 0
            }
        ]
    },
    {
        "id": 17862072947434092,
        "created_at": 1614011697,
        "text": "Price",
        "owner": {
            "id": "13868225386",
            "is_verified": false,
            "profile_pic_url": "https://instagram.fagc2-1.fna.fbcdn.net/v/t51.2885-19/s150x150/161056971_2050265135112976_5254466455758528587_n.jpg?tp=1&_nc_ht=instagram.fagc2-1.fna.fbcdn.net&_nc_ohc=I6I6WEal02MAX--_Fu_&ccb=7-4&oh=4a70df0c556c1551c90d2866d49d6915&oe=6086B95A&_nc_sid=9fb510",
            "username": "songarakhushbu_"
        },
        "likes_count": 0,
        "answers": [
            {
                "id": 18051225868287539,
                "created_at": 1614012686,
                "text": "@songarakhushbu_ check dm",
                "owner": {
                    "id": "31345321949",
                    "is_verified": false,
                    "profile_pic_url": "https://instagram.fagc2-1.fna.fbcdn.net/v/t51.2885-19/s150x150/104655610_734890267265839_7042082510067431729_n.jpg?tp=1&_nc_ht=instagram.fagc2-1.fna.fbcdn.net&_nc_ohc=Q9yxDDyzyrwAX9Xuts8&ccb=7-4&oh=d86b1b6d639825b0f55d29acf1a38f6f&oe=608866EF&_nc_sid=9fb510",
                    "username": "airpods_case_1"
                },
                "likes_count": 0
            }
        ]
    },
    {
        "id": 17938427215460466,
        "created_at": 1613926410,
        "text": "Price",
        "owner": {
            "id": "15687315747",
            "is_verified": false,
            "profile_pic_url": "https://instagram.fagc2-1.fna.fbcdn.net/v/t51.2885-19/s150x150/151794519_246740767033506_380594624680422403_n.jpg?tp=1&_nc_ht=instagram.fagc2-1.fna.fbcdn.net&_nc_ohc=ZfeFdjPvWjQAX-RZQa3&ccb=7-4&oh=ec86390a4130098a39b175660f02e843&oe=6088EFFD&_nc_sid=9fb510",
            "username": "im.ayshu.abbasi"
        },
        "likes_count": 0,
        "answers": [
            {
                "id": 17862163451359677,
                "created_at": 1613929849,
                "text": "@im.ayshu.abbasi check dm",
                "owner": {
                    "id": "31345321949",
                    "is_verified": false,
                    "profile_pic_url": "https://instagram.fagc2-1.fna.fbcdn.net/v/t51.2885-19/s150x150/104655610_734890267265839_7042082510067431729_n.jpg?tp=1&_nc_ht=instagram.fagc2-1.fna.fbcdn.net&_nc_ohc=Q9yxDDyzyrwAX9Xuts8&ccb=7-4&oh=d86b1b6d639825b0f55d29acf1a38f6f&oe=608866EF&_nc_sid=9fb510",
                    "username": "airpods_case_1"
                },
                "likes_count": 0
            }
        ]
    },
    {
        "id": 17930642488491185,
        "created_at": 1613925652,
        "text": "Hello! How much?",
        "owner": {
            "id": "1723440",
            "is_verified": false,
            "profile_pic_url": "https://instagram.fagc2-1.fna.fbcdn.net/v/t51.2885-19/s150x150/66061137_499824217441032_4825553098887921664_n.jpg?tp=1&_nc_ht=instagram.fagc2-1.fna.fbcdn.net&_nc_ohc=pYh7Vys0nMAAX_rb1vV&ccb=7-4&oh=b23c23e1a16eeeb06d58d62fdbfa0ac3&oe=60878B28&_nc_sid=9fb510",
            "username": "jukojuka"
        },
        "likes_count": 0,
        "answers": [
            {
                "id": 17968000078362636,
                "created_at": 1613925919,
                "text": "@jukojuka hey!check dm",
                "owner": {
                    "id": "31345321949",
                    "is_verified": false,
                    "profile_pic_url": "https://instagram.fagc2-1.fna.fbcdn.net/v/t51.2885-19/s150x150/104655610_734890267265839_7042082510067431729_n.jpg?tp=1&_nc_ht=instagram.fagc2-1.fna.fbcdn.net&_nc_ohc=Q9yxDDyzyrwAX9Xuts8&ccb=7-4&oh=d86b1b6d639825b0f55d29acf1a38f6f&oe=608866EF&_nc_sid=9fb510",
                    "username": "airpods_case_1"
                },
                "likes_count": 0
            }
        ]
    },
    {
        "id": 17865014246331560,
        "created_at": 1613925570,
        "text": "Price",
        "owner": {
            "id": "24251737684",
            "is_verified": false,
            "profile_pic_url": "https://scontent-lht6-1.cdninstagram.com/v/t51.2885-19/44884218_345707102882519_2446069589734326272_n.jpg?_nc_ht=scontent-lht6-1.cdninstagram.com&_nc_ohc=hLTkwc3uTqUAX9-Esbn&ccb=7-4&oh=9928607ce4cbf4fbbe21aa6aeec6eee9&oe=6087738F&_nc_sid=712cc3&ig_cache_key=YW5vbnltb3VzX3Byb2ZpbGVfcGlj.2-ccb7-4",
            "username": "priyaamathan7"
        },
        "likes_count": 0,
        "answers": [
            {
                "id": 17896957492815226,
                "created_at": 1613925893,
                "text": "@priyaamathan7 check dm",
                "owner": {
                    "id": "31345321949",
                    "is_verified": false,
                    "profile_pic_url": "https://instagram.fagc2-1.fna.fbcdn.net/v/t51.2885-19/s150x150/104655610_734890267265839_7042082510067431729_n.jpg?tp=1&_nc_ht=instagram.fagc2-1.fna.fbcdn.net&_nc_ohc=Q9yxDDyzyrwAX9Xuts8&ccb=7-4&oh=d86b1b6d639825b0f55d29acf1a38f6f&oe=608866EF&_nc_sid=9fb510",
                    "username": "airpods_case_1"
                },
                "likes_count": 0
            }
        ]
    },
    {
        "id": 17861876621406716,
        "created_at": 1613853029,
        "text": "@gtcollection17 hnji",
        "owner": {
            "id": "31345321949",
            "is_verified": false,
            "profile_pic_url": "https://instagram.fagc2-1.fna.fbcdn.net/v/t51.2885-19/s150x150/104655610_734890267265839_7042082510067431729_n.jpg?tp=1&_nc_ht=instagram.fagc2-1.fna.fbcdn.net&_nc_ohc=Q9yxDDyzyrwAX9Xuts8&ccb=7-4&oh=d86b1b6d639825b0f55d29acf1a38f6f&oe=608866EF&_nc_sid=9fb510",
            "username": "airpods_case_1"
        },
        "likes_count": 0,
        "answers": []
    },
    {
        "id": 17917423030576737,
        "created_at": 1613830851,
        "text": "Hoe much please??",
        "owner": {
            "id": "1956016881",
            "is_verified": false,
            "profile_pic_url": "https://instagram.fagc2-1.fna.fbcdn.net/v/t51.2885-19/s150x150/151495490_422277895506580_1716739408616702132_n.jpg?tp=1&_nc_ht=instagram.fagc2-1.fna.fbcdn.net&_nc_ohc=gkoh-mWnNu4AX_WvHL5&ccb=7-4&oh=a3c6b01cac60b6a4faed0eb740a9d2c3&oe=60892379&_nc_sid=9fb510",
            "username": "hayam_wagih"
        },
        "likes_count": 0,
        "answers": []
    }
]