[
    {
        "id": 17913689359632929,
        "created_at": 1616780451,
        "text": "How much",
        "owner": {
            "id": "31559078080",
            "is_verified": false,
            "profile_pic_url": "https://instagram.fagc2-1.fna.fbcdn.net/v/t51.2885-19/s150x150/155064503_2876653105937878_8158670000075025162_n.jpg?tp=1&_nc_ht=instagram.fagc2-1.fna.fbcdn.net&_nc_ohc=Lo-cfKcMEgEAX_p9U6H&ccb=7-4&oh=7ae633f61bdf64e3b7b4f55db33e55c0&oe=60861752&_nc_sid=9fb510",
            "username": "muzalfa64"
        },
        "likes_count": 0,
        "answers": [
            {
                "id": 17864938832493104,
                "created_at": 1616780952,
                "text": "@muzalfa64 check dm",
                "owner": {
                    "id": "31345321949",
                    "is_verified": false,
                    "profile_pic_url": "https://instagram.fagc2-1.fna.fbcdn.net/v/t51.2885-19/s150x150/104655610_734890267265839_7042082510067431729_n.jpg?tp=1&_nc_ht=instagram.fagc2-1.fna.fbcdn.net&_nc_ohc=Q9yxDDyzyrwAX9Xuts8&ccb=7-4&oh=d86b1b6d639825b0f55d29acf1a38f6f&oe=608866EF&_nc_sid=9fb510",
                    "username": "airpods_case_1"
                },
                "likes_count": 0
            }
        ]
    },
    {
        "id": 17842696130571359,
        "created_at": 1616754243,
        "text": "Hello I want buy ?",
        "owner": {
            "id": "2072633774",
            "is_verified": false,
            "profile_pic_url": "https://instagram.fagc2-1.fna.fbcdn.net/v/t51.2885-19/s150x150/21569414_129805797656242_1561295898577731584_n.jpg?tp=1&_nc_ht=instagram.fagc2-1.fna.fbcdn.net&_nc_ohc=UbmcMXPeBb4AX82h-U8&ccb=7-4&oh=6fe621703a599c3c6a16e657690a2b32&oe=60895403&_nc_sid=9fb510",
            "username": "nasser_alobidi"
        },
        "likes_count": 1,
        "answers": []
    }
]