[
    {
        "id": 17882284754099925,
        "created_at": 1616697638,
        "text": "pp",
        "owner": {
            "id": "1480194923",
            "is_verified": false,
            "profile_pic_url": "https://instagram.fagc2-1.fna.fbcdn.net/v/t51.2885-19/s150x150/159992570_140882641262658_4034933459694484632_n.jpg?tp=1&_nc_ht=instagram.fagc2-1.fna.fbcdn.net&_nc_ohc=hdIgFsldHBcAX_eIaYL&ccb=7-4&oh=18a0e9217abfb601d638f0a44fbb3a4f&oe=60885633&_nc_sid=9fb510",
            "username": "swati_tiwari3"
        },
        "likes_count": 0,
        "answers": [
            {
                "id": 17883499031150047,
                "created_at": 1616700044,
                "text": "@swati_tiwari3 check dm",
                "owner": {
                    "id": "31345321949",
                    "is_verified": false,
                    "profile_pic_url": "https://instagram.fagc2-1.fna.fbcdn.net/v/t51.2885-19/s150x150/104655610_734890267265839_7042082510067431729_n.jpg?tp=1&_nc_ht=instagram.fagc2-1.fna.fbcdn.net&_nc_ohc=Q9yxDDyzyrwAX9Xuts8&ccb=7-4&oh=d86b1b6d639825b0f55d29acf1a38f6f&oe=608866EF&_nc_sid=9fb510",
                    "username": "airpods_case_1"
                },
                "likes_count": 0
            }
        ]
    },
    {
        "id": 17910459661683242,
        "created_at": 1616694151,
        "text": "Pp",
        "owner": {
            "id": "1409843479",
            "is_verified": false,
            "profile_pic_url": "https://instagram.fagc2-1.fna.fbcdn.net/v/t51.2885-19/s150x150/125349926_161013152404862_845008935509247142_n.jpg?tp=1&_nc_ht=instagram.fagc2-1.fna.fbcdn.net&_nc_ohc=TRqSGMPsdDMAX9XThG-&ccb=7-4&oh=aa8c6fa5d7d8025a25d5a116ea1f0b1c&oe=6088AB92&_nc_sid=9fb510",
            "username": "pikibu_prii"
        },
        "likes_count": 0,
        "answers": [
            {
                "id": 17884204580076410,
                "created_at": 1616694199,
                "text": "@pikibu_prii check dm",
                "owner": {
                    "id": "31345321949",
                    "is_verified": false,
                    "profile_pic_url": "https://instagram.fagc2-1.fna.fbcdn.net/v/t51.2885-19/s150x150/104655610_734890267265839_7042082510067431729_n.jpg?tp=1&_nc_ht=instagram.fagc2-1.fna.fbcdn.net&_nc_ohc=Q9yxDDyzyrwAX9Xuts8&ccb=7-4&oh=d86b1b6d639825b0f55d29acf1a38f6f&oe=608866EF&_nc_sid=9fb510",
                    "username": "airpods_case_1"
                },
                "likes_count": 0
            }
        ]
    },
    {
        "id": 18211919611009885,
        "created_at": 1616569053,
        "text": "Pp",
        "owner": {
            "id": "8581114177",
            "is_verified": false,
            "profile_pic_url": "https://instagram.fagc2-1.fna.fbcdn.net/v/t51.2885-19/s150x150/127323700_384443949670741_3917242216975121937_n.jpg?tp=1&_nc_ht=instagram.fagc2-1.fna.fbcdn.net&_nc_ohc=Jhmt8N1yYF0AX_oDI6f&ccb=7-4&oh=90673d6b850eefa0291633e05661d98b&oe=60886D51&_nc_sid=9fb510",
            "username": "gunika_thakral"
        },
        "likes_count": 0,
        "answers": [
            {
                "id": 17866339697468552,
                "created_at": 1616569214,
                "text": "@gunika_thakral check dm",
                "owner": {
                    "id": "31345321949",
                    "is_verified": false,
                    "profile_pic_url": "https://instagram.fagc2-1.fna.fbcdn.net/v/t51.2885-19/s150x150/104655610_734890267265839_7042082510067431729_n.jpg?tp=1&_nc_ht=instagram.fagc2-1.fna.fbcdn.net&_nc_ohc=Q9yxDDyzyrwAX9Xuts8&ccb=7-4&oh=d86b1b6d639825b0f55d29acf1a38f6f&oe=608866EF&_nc_sid=9fb510",
                    "username": "airpods_case_1"
                },
                "likes_count": 0
            }
        ]
    }
]