[
    {
        "id": 18101478223225744,
        "created_at": 1616749888,
        "text": "Price plzz",
        "owner": {
            "id": "9366995176",
            "is_verified": false,
            "profile_pic_url": "https://instagram.fagc2-1.fna.fbcdn.net/v/t51.2885-19/s150x150/164832687_459413035276733_2953403729815508057_n.jpg?tp=1&_nc_ht=instagram.fagc2-1.fna.fbcdn.net&_nc_ohc=lQbWchS7Vd8AX_FbeBs&ccb=7-4&oh=368064bf56611e243fcd38e70875e72a&oe=608788EE&_nc_sid=9fb510",
            "username": "manishachawariya1"
        },
        "likes_count": 0,
        "answers": [
            {
                "id": 17913484897635502,
                "created_at": 1616750151,
                "text": "Check dm",
                "owner": {
                    "id": "31345321949",
                    "is_verified": false,
                    "profile_pic_url": "https://instagram.fagc2-1.fna.fbcdn.net/v/t51.2885-19/s150x150/104655610_734890267265839_7042082510067431729_n.jpg?tp=1&_nc_ht=instagram.fagc2-1.fna.fbcdn.net&_nc_ohc=Q9yxDDyzyrwAX9Xuts8&ccb=7-4&oh=d86b1b6d639825b0f55d29acf1a38f6f&oe=608866EF&_nc_sid=9fb510",
                    "username": "airpods_case_1"
                },
                "likes_count": 0
            }
        ]
    },
    {
        "id": 17918635651596213,
        "created_at": 1616145447,
        "text": "Price",
        "owner": {
            "id": "45309322841",
            "is_verified": false,
            "profile_pic_url": "https://instagram.fagc2-1.fna.fbcdn.net/v/t51.2885-19/s150x150/152757986_2881946235424027_661146686336671314_n.jpg?tp=1&_nc_ht=instagram.fagc2-1.fna.fbcdn.net&_nc_ohc=o1WCJ2MoDw0AX9qa46W&ccb=7-4&oh=765bf288aa0e1f2bd398b5abe5bc8142&oe=60888471&_nc_sid=9fb510",
            "username": "idkingarshu"
        },
        "likes_count": 0,
        "answers": [
            {
                "id": 17964209740389047,
                "created_at": 1616148268,
                "text": "@idkingarshu check dm",
                "owner": {
                    "id": "31345321949",
                    "is_verified": false,
                    "profile_pic_url": "https://instagram.fagc2-1.fna.fbcdn.net/v/t51.2885-19/s150x150/104655610_734890267265839_7042082510067431729_n.jpg?tp=1&_nc_ht=instagram.fagc2-1.fna.fbcdn.net&_nc_ohc=Q9yxDDyzyrwAX9Xuts8&ccb=7-4&oh=d86b1b6d639825b0f55d29acf1a38f6f&oe=608866EF&_nc_sid=9fb510",
                    "username": "airpods_case_1"
                },
                "likes_count": 0
            }
        ]
    },
    {
        "id": 17921079064546988,
        "created_at": 1616007155,
        "text": "Pp",
        "owner": {
            "id": "5445085675",
            "is_verified": false,
            "profile_pic_url": "https://instagram.fagc2-1.fna.fbcdn.net/v/t51.2885-19/s150x150/139570947_167396924760624_2113562879720892002_n.jpg?tp=1&_nc_ht=instagram.fagc2-1.fna.fbcdn.net&_nc_ohc=KSAeMNjFJSAAX-zS_HK&ccb=7-4&oh=f68e74879fdc94e45bc9cc634c3bfa12&oe=60886905&_nc_sid=9fb510",
            "username": "tanjilamomin1234"
        },
        "likes_count": 0,
        "answers": [
            {
                "id": 17897978773880141,
                "created_at": 1616007203,
                "text": "@tanjilamomin1234 check dm",
                "owner": {
                    "id": "31345321949",
                    "is_verified": false,
                    "profile_pic_url": "https://instagram.fagc2-1.fna.fbcdn.net/v/t51.2885-19/s150x150/104655610_734890267265839_7042082510067431729_n.jpg?tp=1&_nc_ht=instagram.fagc2-1.fna.fbcdn.net&_nc_ohc=Q9yxDDyzyrwAX9Xuts8&ccb=7-4&oh=d86b1b6d639825b0f55d29acf1a38f6f&oe=608866EF&_nc_sid=9fb510",
                    "username": "airpods_case_1"
                },
                "likes_count": 1
            }
        ]
    },
    {
        "id": 17890511834006578,
        "created_at": 1615803099,
        "text": "44 mm Strap price",
        "owner": {
            "id": "2679241996",
            "is_verified": false,
            "profile_pic_url": "https://instagram.fagc2-1.fna.fbcdn.net/v/t51.2885-19/s150x150/158270056_2773213696261833_7495994191550562466_n.jpg?tp=1&_nc_ht=instagram.fagc2-1.fna.fbcdn.net&_nc_ohc=Ot3T98mXXDQAX9trcRW&ccb=7-4&oh=51db407c555cfea9bb56d53d1d125d70&oe=6086D911&_nc_sid=9fb510",
            "username": "vivekty3450"
        },
        "likes_count": 0,
        "answers": []
    },
    {
        "id": 18140880265095813,
        "created_at": 1614933944,
        "text": "Airpods 2 case?",
        "owner": {
            "id": "27679049017",
            "is_verified": false,
            "profile_pic_url": "https://instagram.fagc2-1.fna.fbcdn.net/v/t51.2885-19/s150x150/161779917_808214423376332_3888825769454882565_n.jpg?tp=1&_nc_ht=instagram.fagc2-1.fna.fbcdn.net&_nc_ohc=5RaoZcLU194AX9oWG0v&ccb=7-4&oh=6641bf6e5ae072a822fed6c9f0ec7fac&oe=608652DD&_nc_sid=9fb510",
            "username": "dhruvvv21"
        },
        "likes_count": 0,
        "answers": [
            {
                "id": 18142323574092522,
                "created_at": 1614938352,
                "text": "@dhruvvv21 check dm",
                "owner": {
                    "id": "31345321949",
                    "is_verified": false,
                    "profile_pic_url": "https://instagram.fagc2-1.fna.fbcdn.net/v/t51.2885-19/s150x150/104655610_734890267265839_7042082510067431729_n.jpg?tp=1&_nc_ht=instagram.fagc2-1.fna.fbcdn.net&_nc_ohc=Q9yxDDyzyrwAX9Xuts8&ccb=7-4&oh=d86b1b6d639825b0f55d29acf1a38f6f&oe=608866EF&_nc_sid=9fb510",
                    "username": "airpods_case_1"
                },
                "likes_count": 0
            }
        ]
    },
    {
        "id": 17916974587593139,
        "created_at": 1614865833,
        "text": "Price for airpod 1 gen case?",
        "owner": {
            "id": "7237536666",
            "is_verified": false,
            "profile_pic_url": "https://instagram.fagc2-1.fna.fbcdn.net/v/t51.2885-19/s150x150/28157444_610406775982182_258167112613232640_n.jpg?tp=1&_nc_ht=instagram.fagc2-1.fna.fbcdn.net&_nc_ohc=DG-Upy78LG0AX_GuZ55&ccb=7-4&oh=489a47d75075baecbcbd54b44c1929d0&oe=6089FFA8&_nc_sid=9fb510",
            "username": "nithyakanagarajan"
        },
        "likes_count": 0,
        "answers": [
            {
                "id": 18197705950038205,
                "created_at": 1614866653,
                "text": "@nithyakanagarajan check dm",
                "owner": {
                    "id": "31345321949",
                    "is_verified": false,
                    "profile_pic_url": "https://instagram.fagc2-1.fna.fbcdn.net/v/t51.2885-19/s150x150/104655610_734890267265839_7042082510067431729_n.jpg?tp=1&_nc_ht=instagram.fagc2-1.fna.fbcdn.net&_nc_ohc=Q9yxDDyzyrwAX9Xuts8&ccb=7-4&oh=d86b1b6d639825b0f55d29acf1a38f6f&oe=608866EF&_nc_sid=9fb510",
                    "username": "airpods_case_1"
                },
                "likes_count": 0
            }
        ]
    },
    {
        "id": 17863824674400155,
        "created_at": 1614609787,
        "text": "de que pais ?",
        "owner": {
            "id": "45728449172",
            "is_verified": false,
            "profile_pic_url": "https://instagram.fagc2-1.fna.fbcdn.net/v/t51.2885-19/s150x150/164743995_1097611437408876_4534593500518608770_n.jpg?tp=1&_nc_ht=instagram.fagc2-1.fna.fbcdn.net&_nc_ohc=XbiEQzPAq-IAX86XnKI&ccb=7-4&oh=f5788eb2f84f71c6066543f58a95c001&oe=608617FA&_nc_sid=9fb510",
            "username": "_alx_scr_4_"
        },
        "likes_count": 0,
        "answers": []
    },
    {
        "id": 17843890901543585,
        "created_at": 1614609770,
        "text": "envian a guatemala?",
        "owner": {
            "id": "45728449172",
            "is_verified": false,
            "profile_pic_url": "https://instagram.fagc2-1.fna.fbcdn.net/v/t51.2885-19/s150x150/164743995_1097611437408876_4534593500518608770_n.jpg?tp=1&_nc_ht=instagram.fagc2-1.fna.fbcdn.net&_nc_ohc=XbiEQzPAq-IAX86XnKI&ccb=7-4&oh=f5788eb2f84f71c6066543f58a95c001&oe=608617FA&_nc_sid=9fb510",
            "username": "_alx_scr_4_"
        },
        "likes_count": 0,
        "answers": []
    },
    {
        "id": 17977260184358144,
        "created_at": 1614553999,
        "text": "hm?",
        "owner": {
            "id": "3921799246",
            "is_verified": false,
            "profile_pic_url": "https://instagram.fagc2-1.fna.fbcdn.net/v/t51.2885-19/s150x150/131448904_149097603632386_135393771209247810_n.jpg?tp=1&_nc_ht=instagram.fagc2-1.fna.fbcdn.net&_nc_ohc=NSihn0EcOlcAX8jOB4s&ccb=7-4&oh=32627e6ee455e151a6f5e5a9b6648c1f&oe=608981CF&_nc_sid=9fb510",
            "username": "mo_tamer_"
        },
        "likes_count": 0,
        "answers": []
    },
    {
        "id": 17883584384085462,
        "created_at": 1614457669,
        "text": "Pp for combo???",
        "owner": {
            "id": "8612042850",
            "is_verified": false,
            "profile_pic_url": "https://instagram.fagc2-1.fna.fbcdn.net/v/t51.2885-19/s150x150/159196790_2634928686800105_1989810565963201965_n.jpg?tp=1&_nc_ht=instagram.fagc2-1.fna.fbcdn.net&_nc_ohc=m8mohS6pp1EAX-Ot8R7&ccb=7-4&oh=a980f2e722bdd379aeb8643c415c706e&oe=60872748&_nc_sid=9fb510",
            "username": "sunshine_and__gunpowder"
        },
        "likes_count": 0,
        "answers": [
            {
                "id": 17847498479514110,
                "created_at": 1614483544,
                "text": "@sunshine_and__gunpowder check dm",
                "owner": {
                    "id": "31345321949",
                    "is_verified": false,
                    "profile_pic_url": "https://instagram.fagc2-1.fna.fbcdn.net/v/t51.2885-19/s150x150/104655610_734890267265839_7042082510067431729_n.jpg?tp=1&_nc_ht=instagram.fagc2-1.fna.fbcdn.net&_nc_ohc=Q9yxDDyzyrwAX9Xuts8&ccb=7-4&oh=d86b1b6d639825b0f55d29acf1a38f6f&oe=608866EF&_nc_sid=9fb510",
                    "username": "airpods_case_1"
                },
                "likes_count": 1
            }
        ]
    },
    {
        "id": 17909694490655258,
        "created_at": 1614454369,
        "text": "Price for both ??",
        "owner": {
            "id": "1390815051",
            "is_verified": false,
            "profile_pic_url": "https://instagram.fagc2-1.fna.fbcdn.net/v/t51.2885-19/s150x150/79381813_516484055642872_2401911201308082176_n.jpg?tp=1&_nc_ht=instagram.fagc2-1.fna.fbcdn.net&_nc_ohc=55nSwXC7FG8AX-fr78y&ccb=7-4&oh=6c9c580a0b0d7a84a4068161e61197b1&oe=6089349E&_nc_sid=9fb510",
            "username": "khush122"
        },
        "likes_count": 0,
        "answers": [
            {
                "id": 17858590724440029,
                "created_at": 1614483571,
                "text": "@khush122 check dm",
                "owner": {
                    "id": "31345321949",
                    "is_verified": false,
                    "profile_pic_url": "https://instagram.fagc2-1.fna.fbcdn.net/v/t51.2885-19/s150x150/104655610_734890267265839_7042082510067431729_n.jpg?tp=1&_nc_ht=instagram.fagc2-1.fna.fbcdn.net&_nc_ohc=Q9yxDDyzyrwAX9Xuts8&ccb=7-4&oh=d86b1b6d639825b0f55d29acf1a38f6f&oe=608866EF&_nc_sid=9fb510",
                    "username": "airpods_case_1"
                },
                "likes_count": 0
            }
        ]
    },
    {
        "id": 18160115155108244,
        "created_at": 1614416049,
        "text": "Price",
        "owner": {
            "id": "269863015",
            "is_verified": false,
            "profile_pic_url": "https://instagram.fagc2-1.fna.fbcdn.net/v/t51.2885-19/s150x150/143140549_717478555806820_7166196859061117506_n.jpg?tp=1&_nc_ht=instagram.fagc2-1.fna.fbcdn.net&_nc_ohc=6z13htikSKUAX8-_wp2&ccb=7-4&oh=f702f98703fb32c45ee783f3c292f3d4&oe=6086D623&_nc_sid=9fb510",
            "username": "sweetu_06"
        },
        "likes_count": 0,
        "answers": []
    },
    {
        "id": 17951980456411654,
        "created_at": 1614227951,
        "text": "Pp?",
        "owner": {
            "id": "1108630679",
            "is_verified": false,
            "profile_pic_url": "https://instagram.fagc2-1.fna.fbcdn.net/v/t51.2885-19/s150x150/145041792_918343845583617_2319801708431026257_n.jpg?tp=1&_nc_ht=instagram.fagc2-1.fna.fbcdn.net&_nc_ohc=aK3MyMmMADwAX-cEf4N&ccb=7-4&oh=81e84277e56a57952e62c658d482b424&oe=608653B8&_nc_sid=9fb510",
            "username": "tanvichhajed"
        },
        "likes_count": 0,
        "answers": [
            {
                "id": 18094300261226954,
                "created_at": 1614233385,
                "text": "@tanvichhajed check dm",
                "owner": {
                    "id": "31345321949",
                    "is_verified": false,
                    "profile_pic_url": "https://instagram.fagc2-1.fna.fbcdn.net/v/t51.2885-19/s150x150/104655610_734890267265839_7042082510067431729_n.jpg?tp=1&_nc_ht=instagram.fagc2-1.fna.fbcdn.net&_nc_ohc=Q9yxDDyzyrwAX9Xuts8&ccb=7-4&oh=d86b1b6d639825b0f55d29acf1a38f6f&oe=608866EF&_nc_sid=9fb510",
                    "username": "airpods_case_1"
                },
                "likes_count": 0
            }
        ]
    },
    {
        "id": 17926405735519528,
        "created_at": 1614168251,
        "text": "Price fr 3rd",
        "owner": {
            "id": "1770742829",
            "is_verified": false,
            "profile_pic_url": "https://instagram.fagc2-1.fna.fbcdn.net/v/t51.2885-19/s150x150/94317877_220066986098807_5220511629933805568_n.jpg?tp=1&_nc_ht=instagram.fagc2-1.fna.fbcdn.net&_nc_ohc=yrCe4EqHEOQAX-rUIku&ccb=7-4&oh=3a65fe86cde24be1ed96678210fcadf4&oe=60867968&_nc_sid=9fb510",
            "username": "bint_ilyas_"
        },
        "likes_count": 0,
        "answers": [
            {
                "id": 17875124384164717,
                "created_at": 1614170757,
                "text": "@bint_ilyas_ check dm",
                "owner": {
                    "id": "31345321949",
                    "is_verified": false,
                    "profile_pic_url": "https://instagram.fagc2-1.fna.fbcdn.net/v/t51.2885-19/s150x150/104655610_734890267265839_7042082510067431729_n.jpg?tp=1&_nc_ht=instagram.fagc2-1.fna.fbcdn.net&_nc_ohc=Q9yxDDyzyrwAX9Xuts8&ccb=7-4&oh=d86b1b6d639825b0f55d29acf1a38f6f&oe=608866EF&_nc_sid=9fb510",
                    "username": "airpods_case_1"
                },
                "likes_count": 0
            }
        ]
    },
    {
        "id": 17876096807189854,
        "created_at": 1613546146,
        "text": "Pp",
        "owner": {
            "id": "1333763155",
            "is_verified": false,
            "profile_pic_url": "https://instagram.fagc2-1.fna.fbcdn.net/v/t51.2885-19/s150x150/156289669_266518684875147_978152306625278843_n.jpg?tp=1&_nc_ht=instagram.fagc2-1.fna.fbcdn.net&_nc_ohc=R5pTxP2A2toAX-KS3qJ&ccb=7-4&oh=ad08ad630cc0c8ff045f718a4c391854&oe=60894427&_nc_sid=9fb510",
            "username": "propersurti"
        },
        "likes_count": 0,
        "answers": [
            {
                "id": 17861780516357872,
                "created_at": 1613546200,
                "text": "@propersurti check dm",
                "owner": {
                    "id": "31345321949",
                    "is_verified": false,
                    "profile_pic_url": "https://instagram.fagc2-1.fna.fbcdn.net/v/t51.2885-19/s150x150/104655610_734890267265839_7042082510067431729_n.jpg?tp=1&_nc_ht=instagram.fagc2-1.fna.fbcdn.net&_nc_ohc=Q9yxDDyzyrwAX9Xuts8&ccb=7-4&oh=d86b1b6d639825b0f55d29acf1a38f6f&oe=608866EF&_nc_sid=9fb510",
                    "username": "airpods_case_1"
                },
                "likes_count": 0
            }
        ]
    },
    {
        "id": 17873994002167451,
        "created_at": 1613296079,
        "text": "How much",
        "owner": {
            "id": "8369952053",
            "is_verified": false,
            "profile_pic_url": "https://instagram.fagc2-1.fna.fbcdn.net/v/t51.2885-19/s150x150/127401439_701400110505532_6875507921925931537_n.jpg?tp=1&_nc_ht=instagram.fagc2-1.fna.fbcdn.net&_nc_ohc=J2PWh9w7SaYAX8O6EHe&ccb=7-4&oh=79379572a95ef63989eb3b43189e015a&oe=60861BFE&_nc_sid=9fb510",
            "username": "sexly_mira"
        },
        "likes_count": 0,
        "answers": []
    },
    {
        "id": 18139136893081574,
        "created_at": 1612344432,
        "text": "Price of combo for oppo A12 mobile",
        "owner": {
            "id": "43027175032",
            "is_verified": false,
            "profile_pic_url": "https://instagram.fagc2-1.fna.fbcdn.net/v/t51.2885-19/s150x150/120455147_175303977417798_5569085638317076489_n.jpg?tp=1&_nc_ht=instagram.fagc2-1.fna.fbcdn.net&_nc_ohc=Y59GmyRG1gIAX9GikMz&ccb=7-4&oh=54cb15682294c0d76274bad59bd6c042&oe=608953E9&_nc_sid=9fb510",
            "username": "fashion_corner_05_12"
        },
        "likes_count": 0,
        "answers": [
            {
                "id": 18145340278188330,
                "created_at": 1612346357,
                "text": "@fashion_corner_05_12 check dm",
                "owner": {
                    "id": "31345321949",
                    "is_verified": false,
                    "profile_pic_url": "https://instagram.fagc2-1.fna.fbcdn.net/v/t51.2885-19/s150x150/104655610_734890267265839_7042082510067431729_n.jpg?tp=1&_nc_ht=instagram.fagc2-1.fna.fbcdn.net&_nc_ohc=Q9yxDDyzyrwAX9Xuts8&ccb=7-4&oh=d86b1b6d639825b0f55d29acf1a38f6f&oe=608866EF&_nc_sid=9fb510",
                    "username": "airpods_case_1"
                },
                "likes_count": 0
            }
        ]
    },
    {
        "id": 18064236136300788,
        "created_at": 1612336349,
        "text": "Pp?",
        "owner": {
            "id": "22704656303",
            "is_verified": false,
            "profile_pic_url": "https://instagram.fagc2-1.fna.fbcdn.net/v/t51.2885-19/s150x150/164082854_469619704478084_1419760422030181556_n.jpg?tp=1&_nc_ht=instagram.fagc2-1.fna.fbcdn.net&_nc_ohc=PY6-2bFEm5IAX9a1HGd&ccb=7-4&oh=12bd4d9bca510bf1b0f3320caa0ffc5c&oe=60875EA7&_nc_sid=9fb510",
            "username": "honeysirohiya"
        },
        "likes_count": 0,
        "answers": []
    },
    {
        "id": 17883589925026831,
        "created_at": 1612196268,
        "text": "Pp for cover of phone and AirPods both",
        "owner": {
            "id": "37086940473",
            "is_verified": false,
            "profile_pic_url": "https://instagram.fagc2-1.fna.fbcdn.net/v/t51.2885-19/s150x150/159546124_242432370918739_6114095802847193728_n.jpg?tp=1&_nc_ht=instagram.fagc2-1.fna.fbcdn.net&_nc_ohc=kR17dZGuZTYAX_IuBes&ccb=7-4&oh=b6e0d7815e9246fba67ca550134c94db&oe=608774E2&_nc_sid=9fb510",
            "username": "sagrika.sharma_"
        },
        "likes_count": 0,
        "answers": [
            {
                "id": 17907286063641733,
                "created_at": 1612196315,
                "text": "@sagrika.sharma_ check dm",
                "owner": {
                    "id": "31345321949",
                    "is_verified": false,
                    "profile_pic_url": "https://instagram.fagc2-1.fna.fbcdn.net/v/t51.2885-19/s150x150/104655610_734890267265839_7042082510067431729_n.jpg?tp=1&_nc_ht=instagram.fagc2-1.fna.fbcdn.net&_nc_ohc=Q9yxDDyzyrwAX9Xuts8&ccb=7-4&oh=d86b1b6d639825b0f55d29acf1a38f6f&oe=608866EF&_nc_sid=9fb510",
                    "username": "airpods_case_1"
                },
                "likes_count": 1
            }
        ]
    },
    {
        "id": 17905204186679556,
        "created_at": 1612196248,
        "text": "Pp",
        "owner": {
            "id": "37086940473",
            "is_verified": false,
            "profile_pic_url": "https://instagram.fagc2-1.fna.fbcdn.net/v/t51.2885-19/s150x150/159546124_242432370918739_6114095802847193728_n.jpg?tp=1&_nc_ht=instagram.fagc2-1.fna.fbcdn.net&_nc_ohc=kR17dZGuZTYAX_IuBes&ccb=7-4&oh=b6e0d7815e9246fba67ca550134c94db&oe=608774E2&_nc_sid=9fb510",
            "username": "sagrika.sharma_"
        },
        "likes_count": 0,
        "answers": []
    },
    {
        "id": 17980676185339950,
        "created_at": 1612153050,
        "text": "Price",
        "owner": {
            "id": "17783260700",
            "is_verified": false,
            "profile_pic_url": "https://instagram.fagc2-1.fna.fbcdn.net/v/t51.2885-19/s150x150/148200112_468335784182476_7696268569346366504_n.jpg?tp=1&_nc_ht=instagram.fagc2-1.fna.fbcdn.net&_nc_ohc=sovlGlv4pkMAX8khLsi&ccb=7-4&oh=6b2a6ba5c7fd6a59e4a55a879f9050c5&oe=60873EDD&_nc_sid=9fb510",
            "username": "denim.gour"
        },
        "likes_count": 0,
        "answers": []
    },
    {
        "id": 17890045522903233,
        "created_at": 1612114313,
        "text": "Pp?",
        "owner": {
            "id": "2204599668",
            "is_verified": false,
            "profile_pic_url": "https://instagram.fagc2-1.fna.fbcdn.net/v/t51.2885-19/s150x150/165013108_282364500131406_2584851572842466931_n.jpg?tp=1&_nc_ht=instagram.fagc2-1.fna.fbcdn.net&_nc_ohc=mAP18yQ5nj4AX_QqDAl&ccb=7-4&oh=ffcbcd31d367cc8f38578e9035743b59&oe=6087071D&_nc_sid=9fb510",
            "username": "ada.rafi"
        },
        "likes_count": 0,
        "answers": []
    },
    {
        "id": 17881434911070229,
        "created_at": 1611737330,
        "text": "Price",
        "owner": {
            "id": "4456597951",
            "is_verified": false,
            "profile_pic_url": "https://instagram.fagc2-1.fna.fbcdn.net/v/t51.2885-19/s150x150/164129931_918512378690405_5676816515217062070_n.jpg?tp=1&_nc_ht=instagram.fagc2-1.fna.fbcdn.net&_nc_ohc=OuB3I1coijkAX9WNwq5&ccb=7-4&oh=fc825b1d4ec2160f8217c3199d03dced&oe=608684C1&_nc_sid=9fb510",
            "username": "abdul_imadh"
        },
        "likes_count": 0,
        "answers": [
            {
                "id": 17888103202944994,
                "created_at": 1611739343,
                "text": "@abdul_imadh check dm",
                "owner": {
                    "id": "31345321949",
                    "is_verified": false,
                    "profile_pic_url": "https://instagram.fagc2-1.fna.fbcdn.net/v/t51.2885-19/s150x150/104655610_734890267265839_7042082510067431729_n.jpg?tp=1&_nc_ht=instagram.fagc2-1.fna.fbcdn.net&_nc_ohc=Q9yxDDyzyrwAX9Xuts8&ccb=7-4&oh=d86b1b6d639825b0f55d29acf1a38f6f&oe=608866EF&_nc_sid=9fb510",
                    "username": "airpods_case_1"
                },
                "likes_count": 0
            }
        ]
    },
    {
        "id": 18090547540228508,
        "created_at": 1611543387,
        "text": "Tienen env\u00edos a colombia ?",
        "owner": {
            "id": "819989839",
            "is_verified": false,
            "profile_pic_url": "https://instagram.fagc2-1.fna.fbcdn.net/v/t51.2885-19/s150x150/135050046_1605795402949562_1544535491444707798_n.jpg?tp=1&_nc_ht=instagram.fagc2-1.fna.fbcdn.net&_nc_ohc=kgCm6bY8L2wAX9GyXLp&ccb=7-4&oh=97ffc3433ff40aa10d63478b452f86f7&oe=6089AD6F&_nc_sid=9fb510",
            "username": "sarayroa_official"
        },
        "likes_count": 0,
        "answers": [
            {
                "id": 17859753326400551,
                "created_at": 1611544449,
                "text": "@sarayroa_official English please",
                "owner": {
                    "id": "31345321949",
                    "is_verified": false,
                    "profile_pic_url": "https://instagram.fagc2-1.fna.fbcdn.net/v/t51.2885-19/s150x150/104655610_734890267265839_7042082510067431729_n.jpg?tp=1&_nc_ht=instagram.fagc2-1.fna.fbcdn.net&_nc_ohc=Q9yxDDyzyrwAX9Xuts8&ccb=7-4&oh=d86b1b6d639825b0f55d29acf1a38f6f&oe=608866EF&_nc_sid=9fb510",
                    "username": "airpods_case_1"
                },
                "likes_count": 0
            }
        ]
    },
    {
        "id": 17958170275376754,
        "created_at": 1611341879,
        "text": "Pls price",
        "owner": {
            "id": "40202182825",
            "is_verified": false,
            "profile_pic_url": "https://instagram.fagc2-1.fna.fbcdn.net/v/t51.2885-19/s150x150/117971313_111845043966584_8717994223254468203_n.jpg?tp=1&_nc_ht=instagram.fagc2-1.fna.fbcdn.net&_nc_ohc=fetdPJwrUJsAX8QrXLF&ccb=7-4&oh=167fbdf9ffc6695931de0f3c162115ff&oe=60874F56&_nc_sid=9fb510",
            "username": "prepared.dishes"
        },
        "likes_count": 0,
        "answers": [
            {
                "id": 17857941044474758,
                "created_at": 1611411555,
                "text": "@prepared.dishes check dm",
                "owner": {
                    "id": "31345321949",
                    "is_verified": false,
                    "profile_pic_url": "https://instagram.fagc2-1.fna.fbcdn.net/v/t51.2885-19/s150x150/104655610_734890267265839_7042082510067431729_n.jpg?tp=1&_nc_ht=instagram.fagc2-1.fna.fbcdn.net&_nc_ohc=Q9yxDDyzyrwAX9Xuts8&ccb=7-4&oh=d86b1b6d639825b0f55d29acf1a38f6f&oe=608866EF&_nc_sid=9fb510",
                    "username": "airpods_case_1"
                },
                "likes_count": 0
            }
        ]
    },
    {
        "id": 17867022506256172,
        "created_at": 1611341872,
        "text": "How much",
        "owner": {
            "id": "40202182825",
            "is_verified": false,
            "profile_pic_url": "https://instagram.fagc2-1.fna.fbcdn.net/v/t51.2885-19/s150x150/117971313_111845043966584_8717994223254468203_n.jpg?tp=1&_nc_ht=instagram.fagc2-1.fna.fbcdn.net&_nc_ohc=fetdPJwrUJsAX8QrXLF&ccb=7-4&oh=167fbdf9ffc6695931de0f3c162115ff&oe=60874F56&_nc_sid=9fb510",
            "username": "prepared.dishes"
        },
        "likes_count": 0,
        "answers": []
    },
    {
        "id": 17886060232935939,
        "created_at": 1611295274,
        "text": "Pp?",
        "owner": {
            "id": "13818694872",
            "is_verified": false,
            "profile_pic_url": "https://instagram.fagc2-1.fna.fbcdn.net/v/t51.2885-19/s150x150/157827965_494699508606033_1386110316270539647_n.jpg?tp=1&_nc_ht=instagram.fagc2-1.fna.fbcdn.net&_nc_ohc=TuM4ytmURe4AX_kk5Pj&ccb=7-4&oh=c5dcb3510af0c80904bc3ee084a0672e&oe=6089211D&_nc_sid=9fb510",
            "username": "_ayussh.0500"
        },
        "likes_count": 0,
        "answers": []
    },
    {
        "id": 17887088224944675,
        "created_at": 1610806037,
        "text": "Bro rate pls",
        "owner": {
            "id": "5428021887",
            "is_verified": false,
            "profile_pic_url": "https://instagram.fagc2-1.fna.fbcdn.net/v/t51.2885-19/s150x150/162054016_769455743677231_4383287830076002673_n.jpg?tp=1&_nc_ht=instagram.fagc2-1.fna.fbcdn.net&_nc_ohc=B5Wb93FqvAkAX_wydRd&ccb=7-4&oh=c5e82b67b2fe78c4d151cc768f60ad7d&oe=6089380B&_nc_sid=9fb510",
            "username": "broken_soul_2021"
        },
        "likes_count": 0,
        "answers": []
    },
    {
        "id": 17853678638439723,
        "created_at": 1610275140,
        "text": "Can I get a price list for the cases??",
        "owner": {
            "id": "33526874513",
            "is_verified": false,
            "profile_pic_url": "https://instagram.fagc2-1.fna.fbcdn.net/v/t51.2885-19/s150x150/93142681_1589793931192098_3741768915500400640_n.jpg?tp=1&_nc_ht=instagram.fagc2-1.fna.fbcdn.net&_nc_ohc=RdY0xgwpwp8AX9Fm9Qg&ccb=7-4&oh=a2c75bb9b548b83d7f1a1d9331ee26fe&oe=6086EDD0&_nc_sid=9fb510",
            "username": "priest.szn"
        },
        "likes_count": 0,
        "answers": [
            {
                "id": 18123111922194673,
                "created_at": 1610276614,
                "text": "@priest.szn check dm",
                "owner": {
                    "id": "31345321949",
                    "is_verified": false,
                    "profile_pic_url": "https://instagram.fagc2-1.fna.fbcdn.net/v/t51.2885-19/s150x150/104655610_734890267265839_7042082510067431729_n.jpg?tp=1&_nc_ht=instagram.fagc2-1.fna.fbcdn.net&_nc_ohc=Q9yxDDyzyrwAX9Xuts8&ccb=7-4&oh=d86b1b6d639825b0f55d29acf1a38f6f&oe=608866EF&_nc_sid=9fb510",
                    "username": "airpods_case_1"
                },
                "likes_count": 0
            }
        ]
    },
    {
        "id": 17895495736790469,
        "created_at": 1610032411,
        "text": "Nak beli case airpods je boleh x @airpods_case_1",
        "owner": {
            "id": "1472429400",
            "is_verified": false,
            "profile_pic_url": "https://instagram.fagc2-1.fna.fbcdn.net/v/t51.2885-19/s150x150/123963207_391129088907665_2273024527562388662_n.jpg?tp=1&_nc_ht=instagram.fagc2-1.fna.fbcdn.net&_nc_ohc=r3PzRjmceb4AX_vRTpx&ccb=7-4&oh=47a43ac91cef4e04c485799500c48c7d&oe=60892F09&_nc_sid=9fb510",
            "username": "nd_dania"
        },
        "likes_count": 0,
        "answers": []
    }
]