[
    {
        "id": 17897041372854004,
        "created_at": 1616404829,
        "text": "Pp",
        "owner": {
            "id": "40255230825",
            "is_verified": false,
            "profile_pic_url": "https://instagram.fagc2-1.fna.fbcdn.net/v/t51.2885-19/s150x150/159422278_1891587147655056_6930879366070294118_n.jpg?tp=1&_nc_ht=instagram.fagc2-1.fna.fbcdn.net&_nc_ohc=vyFYLE2BWqcAX8-rouZ&ccb=7-4&oh=5cf9a5f4158e30de826d54205b3ce9a4&oe=608630F7&_nc_sid=9fb510",
            "username": "muskann_41"
        },
        "likes_count": 0,
        "answers": []
    },
    {
        "id": 17846040332550865,
        "created_at": 1616396862,
        "text": "Pp",
        "owner": {
            "id": "46048299964",
            "is_verified": false,
            "profile_pic_url": "https://instagram.fntr8-1.fna.fbcdn.net/v/t51.2885-19/44884218_345707102882519_2446069589734326272_n.jpg?_nc_ht=instagram.fntr8-1.fna.fbcdn.net&_nc_ohc=hLTkwc3uTqUAX9RO29N&ccb=7-4&oh=2268cd2bc62726addec12dc736d7f646&oe=6087738F&_nc_sid=cff2a4&ig_cache_key=YW5vbnltb3VzX3Byb2ZpbGVfcGlj.2-ccb7-4",
            "username": "thrift_shopper322"
        },
        "likes_count": 0,
        "answers": [
            {
                "id": 17885443937108792,
                "created_at": 1616409909,
                "text": "@thrift_shopper322 check dm",
                "owner": {
                    "id": "31345321949",
                    "is_verified": false,
                    "profile_pic_url": "https://instagram.fagc2-1.fna.fbcdn.net/v/t51.2885-19/s150x150/104655610_734890267265839_7042082510067431729_n.jpg?tp=1&_nc_ht=instagram.fagc2-1.fna.fbcdn.net&_nc_ohc=Q9yxDDyzyrwAX9Xuts8&ccb=7-4&oh=d86b1b6d639825b0f55d29acf1a38f6f&oe=608866EF&_nc_sid=9fb510",
                    "username": "airpods_case_1"
                },
                "likes_count": 0
            }
        ]
    },
    {
        "id": 17956567498404232,
        "created_at": 1615212873,
        "text": "Hm",
        "owner": {
            "id": "10173037673",
            "is_verified": false,
            "profile_pic_url": "https://instagram.fagc2-1.fna.fbcdn.net/v/t51.2885-19/s150x150/163845966_921466788392607_347963841801846196_n.jpg?tp=1&_nc_ht=instagram.fagc2-1.fna.fbcdn.net&_nc_ohc=yxuoVUskt9kAX8gWsKb&ccb=7-4&oh=2ba5758c641e52d2261ddcd65e6e58d2&oe=60864647&_nc_sid=9fb510",
            "username": "___ling___15"
        },
        "likes_count": 0,
        "answers": []
    },
    {
        "id": 17867468798365779,
        "created_at": 1615140832,
        "text": "Pp",
        "owner": {
            "id": "1117033308",
            "is_verified": false,
            "profile_pic_url": "https://instagram.fagc2-1.fna.fbcdn.net/v/t51.2885-19/s150x150/123769236_131606368378310_8533180290150354773_n.jpg?tp=1&_nc_ht=instagram.fagc2-1.fna.fbcdn.net&_nc_ohc=OhRmPFmukZ4AX8pIeXN&ccb=7-4&oh=4d4676865fb10258ba6f3a6d9d7a52e6&oe=60876AC3&_nc_sid=9fb510",
            "username": "atul2577"
        },
        "likes_count": 0,
        "answers": [
            {
                "id": 17945562229442646,
                "created_at": 1615164441,
                "text": "@atul2577 check dm",
                "owner": {
                    "id": "31345321949",
                    "is_verified": false,
                    "profile_pic_url": "https://instagram.fagc2-1.fna.fbcdn.net/v/t51.2885-19/s150x150/104655610_734890267265839_7042082510067431729_n.jpg?tp=1&_nc_ht=instagram.fagc2-1.fna.fbcdn.net&_nc_ohc=Q9yxDDyzyrwAX9Xuts8&ccb=7-4&oh=d86b1b6d639825b0f55d29acf1a38f6f&oe=608866EF&_nc_sid=9fb510",
                    "username": "airpods_case_1"
                },
                "likes_count": 0
            }
        ]
    },
    {
        "id": 17896141897880530,
        "created_at": 1614758213,
        "text": "Pp",
        "owner": {
            "id": "31294039196",
            "is_verified": false,
            "profile_pic_url": "https://instagram.fagc2-1.fna.fbcdn.net/v/t51.2885-19/s150x150/163185014_345617120204244_4332193536554088781_n.jpg?tp=1&_nc_ht=instagram.fagc2-1.fna.fbcdn.net&_nc_ohc=NpcXMNq4VWoAX-p-Ylg&ccb=7-4&oh=79f97ae161a73baa01caaac144c1a63e&oe=60885279&_nc_sid=9fb510",
            "username": "omer_khn_777"
        },
        "likes_count": 0,
        "answers": [
            {
                "id": 17879525234104884,
                "created_at": 1614762962,
                "text": "@omer_khn_777 check dm",
                "owner": {
                    "id": "31345321949",
                    "is_verified": false,
                    "profile_pic_url": "https://instagram.fagc2-1.fna.fbcdn.net/v/t51.2885-19/s150x150/104655610_734890267265839_7042082510067431729_n.jpg?tp=1&_nc_ht=instagram.fagc2-1.fna.fbcdn.net&_nc_ohc=Q9yxDDyzyrwAX9Xuts8&ccb=7-4&oh=d86b1b6d639825b0f55d29acf1a38f6f&oe=608866EF&_nc_sid=9fb510",
                    "username": "airpods_case_1"
                },
                "likes_count": 0
            }
        ]
    },
    {
        "id": 17894507647877515,
        "created_at": 1612684326,
        "text": "Price?",
        "owner": {
            "id": "482997442",
            "is_verified": false,
            "profile_pic_url": "https://instagram.fagc2-1.fna.fbcdn.net/v/t51.2885-19/s150x150/130763961_149754326497641_7537090015346662716_n.jpg?tp=1&_nc_ht=instagram.fagc2-1.fna.fbcdn.net&_nc_ohc=FiDcBVx-qKQAX9h74SG&ccb=7-4&oh=53a73e0cd4192e2a9870bba792669f86&oe=6087EDC3&_nc_sid=9fb510",
            "username": "jewelannemorales"
        },
        "likes_count": 0,
        "answers": [
            {
                "id": 17853926210503790,
                "created_at": 1612684495,
                "text": "@jewelannemorales check dm",
                "owner": {
                    "id": "31345321949",
                    "is_verified": false,
                    "profile_pic_url": "https://instagram.fagc2-1.fna.fbcdn.net/v/t51.2885-19/s150x150/104655610_734890267265839_7042082510067431729_n.jpg?tp=1&_nc_ht=instagram.fagc2-1.fna.fbcdn.net&_nc_ohc=Q9yxDDyzyrwAX9Xuts8&tn=jkJTMELZ2e2NJ4X0&ccb=7-4&oh=e536c0b2682a8b868c9079b01fea3e52&oe=608866EF&_nc_sid=9fb510",
                    "username": "airpods_case_1"
                },
                "likes_count": 0
            }
        ]
    },
    {
        "id": 18143373232192597,
        "created_at": 1612349613,
        "text": "Price",
        "owner": {
            "id": "1496694836",
            "is_verified": false,
            "profile_pic_url": "https://instagram.fagc2-1.fna.fbcdn.net/v/t51.2885-19/s150x150/145887669_465157627834946_3817007599957750425_n.jpg?tp=1&_nc_ht=instagram.fagc2-1.fna.fbcdn.net&_nc_ohc=7D0ivGTTuB4AX9vB7ym&ccb=7-4&oh=038dfa954790177676cb792ca03b94f4&oe=6088AEF2&_nc_sid=9fb510",
            "username": "screamatmarvin"
        },
        "likes_count": 0,
        "answers": []
    },
    {
        "id": 17958605422388318,
        "created_at": 1612340712,
        "text": "Price?",
        "owner": {
            "id": "5559226947",
            "is_verified": false,
            "profile_pic_url": "https://instagram.fagc2-1.fna.fbcdn.net/v/t51.2885-19/s150x150/143732822_112180017511136_3898559150284942070_n.jpg?tp=1&_nc_ht=instagram.fagc2-1.fna.fbcdn.net&_nc_ohc=9hT4wxQ0MTIAX-w2kzc&ccb=7-4&oh=4cd42c72f05de293fc945275e25055e9&oe=6089CA80&_nc_sid=9fb510",
            "username": "aliha_khan_"
        },
        "likes_count": 0,
        "answers": [
            {
                "id": 18135407083153106,
                "created_at": 1612341946,
                "text": "@aliha_khan_ check dm",
                "owner": {
                    "id": "31345321949",
                    "is_verified": false,
                    "profile_pic_url": "https://instagram.fagc2-1.fna.fbcdn.net/v/t51.2885-19/s150x150/104655610_734890267265839_7042082510067431729_n.jpg?tp=1&_nc_ht=instagram.fagc2-1.fna.fbcdn.net&_nc_ohc=Q9yxDDyzyrwAX9Xuts8&ccb=7-4&oh=d86b1b6d639825b0f55d29acf1a38f6f&oe=608866EF&_nc_sid=9fb510",
                    "username": "airpods_case_1"
                },
                "likes_count": 0
            }
        ]
    }
]