[
    {
        "id": 18209506741049355,
        "created_at": 1616779814,
        "text": "Price",
        "owner": {
            "id": "27645007119",
            "is_verified": false,
            "profile_pic_url": "https://instagram.fagc2-1.fna.fbcdn.net/v/t51.2885-19/s150x150/103779138_251436952821767_26836200231336966_n.jpg?tp=1&_nc_ht=instagram.fagc2-1.fna.fbcdn.net&_nc_ohc=0VFB52No-kcAX-dweeS&ccb=7-4&oh=bdceeac1a261d5580dcb0ee723d6c3cd&oe=60897A0D&_nc_sid=9fb510",
            "username": "justpickhosur"
        },
        "likes_count": 0,
        "answers": [
            {
                "id": 17922167923538064,
                "created_at": 1616780914,
                "text": "@justpickhosur check dm",
                "owner": {
                    "id": "31345321949",
                    "is_verified": false,
                    "profile_pic_url": "https://instagram.fagc2-1.fna.fbcdn.net/v/t51.2885-19/s150x150/104655610_734890267265839_7042082510067431729_n.jpg?tp=1&_nc_ht=instagram.fagc2-1.fna.fbcdn.net&_nc_ohc=Q9yxDDyzyrwAX9Xuts8&ccb=7-4&oh=d86b1b6d639825b0f55d29acf1a38f6f&oe=608866EF&_nc_sid=9fb510",
                    "username": "airpods_case_1"
                },
                "likes_count": 0
            }
        ]
    },
    {
        "id": 18208482292007513,
        "created_at": 1616778955,
        "text": "Fiyat nedur acaba",
        "owner": {
            "id": "1763982764",
            "is_verified": false,
            "profile_pic_url": "https://instagram.fagc2-1.fna.fbcdn.net/v/t51.2885-19/s150x150/100969948_252387912697670_5146942645494349824_n.jpg?tp=1&_nc_ht=instagram.fagc2-1.fna.fbcdn.net&_nc_ohc=3qhaluMmSzYAX9SAGz3&ccb=7-4&oh=540b8b5b8826eb1008506e1d23999948&oe=60886C49&_nc_sid=9fb510",
            "username": "betul.cinar55"
        },
        "likes_count": 0,
        "answers": [
            {
                "id": 17950716289413849,
                "created_at": 1616780890,
                "text": "@betul.cinar55 english",
                "owner": {
                    "id": "31345321949",
                    "is_verified": false,
                    "profile_pic_url": "https://instagram.fagc2-1.fna.fbcdn.net/v/t51.2885-19/s150x150/104655610_734890267265839_7042082510067431729_n.jpg?tp=1&_nc_ht=instagram.fagc2-1.fna.fbcdn.net&_nc_ohc=Q9yxDDyzyrwAX9Xuts8&ccb=7-4&oh=d86b1b6d639825b0f55d29acf1a38f6f&oe=608866EF&_nc_sid=9fb510",
                    "username": "airpods_case_1"
                },
                "likes_count": 0
            }
        ]
    },
    {
        "id": 17966643082376615,
        "created_at": 1616737237,
        "text": "price ?",
        "owner": {
            "id": "6545087069",
            "is_verified": false,
            "profile_pic_url": "https://instagram.fagc2-1.fna.fbcdn.net/v/t51.2885-19/s150x150/164097111_879137116268151_7853919760902145552_n.jpg?tp=1&_nc_ht=instagram.fagc2-1.fna.fbcdn.net&_nc_ohc=0cnCibfNYbAAX_hZbXc&ccb=7-4&oh=26abb6cc29f1a94d89d82e9c090e4468&oe=60863AFE&_nc_sid=9fb510",
            "username": "manush_.27"
        },
        "likes_count": 0,
        "answers": [
            {
                "id": 18194833294075151,
                "created_at": 1616738139,
                "text": "@manush_.27 check dm",
                "owner": {
                    "id": "31345321949",
                    "is_verified": false,
                    "profile_pic_url": "https://instagram.fagc2-1.fna.fbcdn.net/v/t51.2885-19/s150x150/104655610_734890267265839_7042082510067431729_n.jpg?tp=1&_nc_ht=instagram.fagc2-1.fna.fbcdn.net&_nc_ohc=Q9yxDDyzyrwAX9Xuts8&ccb=7-4&oh=d86b1b6d639825b0f55d29acf1a38f6f&oe=608866EF&_nc_sid=9fb510",
                    "username": "airpods_case_1"
                },
                "likes_count": 0
            }
        ]
    },
    {
        "id": 17900844412865068,
        "created_at": 1616680789,
        "text": "Fiyat enfir acaba",
        "owner": {
            "id": "46118029605",
            "is_verified": false,
            "profile_pic_url": "https://instagram.fagc2-1.fna.fbcdn.net/v/t51.2885-19/s150x150/153588396_745282396184880_8106594686469055638_n.jpg?tp=1&_nc_ht=instagram.fagc2-1.fna.fbcdn.net&_nc_ohc=RsE3TZlc2mYAX-DX-De&ccb=7-4&oh=4b2e0107da8947f5866cf773fa462ec8&oe=6087E45D&_nc_sid=9fb510",
            "username": "tarifimnefis"
        },
        "likes_count": 0,
        "answers": [
            {
                "id": 18201949429070659,
                "created_at": 1616690292,
                "text": "Okey",
                "owner": {
                    "id": "46118029605",
                    "is_verified": false,
                    "profile_pic_url": "https://instagram.fagc2-1.fna.fbcdn.net/v/t51.2885-19/s150x150/153588396_745282396184880_8106594686469055638_n.jpg?tp=1&_nc_ht=instagram.fagc2-1.fna.fbcdn.net&_nc_ohc=RsE3TZlc2mYAX-DX-De&ccb=7-4&oh=4b2e0107da8947f5866cf773fa462ec8&oe=6087E45D&_nc_sid=9fb510",
                    "username": "tarifimnefis"
                },
                "likes_count": 0
            },
            {
                "id": 17955304465400847,
                "created_at": 1616692591,
                "text": "@tarifimnefis yes",
                "owner": {
                    "id": "31345321949",
                    "is_verified": false,
                    "profile_pic_url": "https://instagram.fagc2-1.fna.fbcdn.net/v/t51.2885-19/s150x150/104655610_734890267265839_7042082510067431729_n.jpg?tp=1&_nc_ht=instagram.fagc2-1.fna.fbcdn.net&_nc_ohc=Q9yxDDyzyrwAX9Xuts8&ccb=7-4&oh=d86b1b6d639825b0f55d29acf1a38f6f&oe=608866EF&_nc_sid=9fb510",
                    "username": "airpods_case_1"
                },
                "likes_count": 0
            },
            {
                "id": 17949614395441009,
                "created_at": 1616689821,
                "text": "@tarifimnefis English",
                "owner": {
                    "id": "31345321949",
                    "is_verified": false,
                    "profile_pic_url": "https://instagram.fagc2-1.fna.fbcdn.net/v/t51.2885-19/s150x150/104655610_734890267265839_7042082510067431729_n.jpg?tp=1&_nc_ht=instagram.fagc2-1.fna.fbcdn.net&_nc_ohc=Q9yxDDyzyrwAX9Xuts8&ccb=7-4&oh=d86b1b6d639825b0f55d29acf1a38f6f&oe=608866EF&_nc_sid=9fb510",
                    "username": "airpods_case_1"
                },
                "likes_count": 1
            }
        ]
    },
    {
        "id": 17861904638423452,
        "created_at": 1616610088,
        "text": "Price",
        "owner": {
            "id": "32552644086",
            "is_verified": false,
            "profile_pic_url": "https://instagram.fagc2-1.fna.fbcdn.net/v/t51.2885-19/s150x150/151086449_102481691826741_6914985370128025652_n.jpg?tp=1&_nc_ht=instagram.fagc2-1.fna.fbcdn.net&_nc_ohc=UrDwiM24z7gAX9NmmSw&ccb=7-4&oh=c78d3da736ee586fb8fe4bb8beb20dba&oe=60883E21&_nc_sid=9fb510",
            "username": "tanishqkansal_53"
        },
        "likes_count": 0,
        "answers": []
    }
]