[
    {
        "id": 17920207783580002,
        "created_at": 1616675362,
        "text": "Price plz",
        "owner": {
            "id": "42979354900",
            "is_verified": false,
            "profile_pic_url": "https://instagram.fagc2-1.fna.fbcdn.net/v/t51.2885-19/s150x150/144815184_416155226308808_7198503183940710922_n.jpg?tp=1&_nc_ht=instagram.fagc2-1.fna.fbcdn.net&_nc_ohc=1v4gItF4SecAX_Bg_dj&ccb=7-4&oh=a5302194e10ae6e2840a3efeba100663&oe=6086F351&_nc_sid=9fb510",
            "username": "hsraza0"
        },
        "likes_count": 0,
        "answers": [
            {
                "id": 17888698955075095,
                "created_at": 1616676057,
                "text": "@hsraza0 check dm",
                "owner": {
                    "id": "31345321949",
                    "is_verified": false,
                    "profile_pic_url": "https://instagram.fagc2-1.fna.fbcdn.net/v/t51.2885-19/s150x150/104655610_734890267265839_7042082510067431729_n.jpg?tp=1&_nc_ht=instagram.fagc2-1.fna.fbcdn.net&_nc_ohc=Q9yxDDyzyrwAX9Xuts8&ccb=7-4&oh=d86b1b6d639825b0f55d29acf1a38f6f&oe=608866EF&_nc_sid=9fb510",
                    "username": "airpods_case_1"
                },
                "likes_count": 0
            }
        ]
    },
    {
        "id": 18103529032221354,
        "created_at": 1616565197,
        "text": "Pp",
        "owner": {
            "id": "5486993360",
            "is_verified": false,
            "profile_pic_url": "https://instagram.fagc2-1.fna.fbcdn.net/v/t51.2885-19/s150x150/165181665_125642686184621_5652283859314216440_n.jpg?tp=1&_nc_ht=instagram.fagc2-1.fna.fbcdn.net&_nc_ohc=-obj7cg2_GUAX-6FQVz&ccb=7-4&oh=7affeda64b97c6996e3e40ad0cb13505&oe=608833FE&_nc_sid=9fb510",
            "username": "_.danceholicreva._"
        },
        "likes_count": 0,
        "answers": [
            {
                "id": 17879970020134426,
                "created_at": 1616565739,
                "text": "@_.danceholicreva._ check dm",
                "owner": {
                    "id": "31345321949",
                    "is_verified": false,
                    "profile_pic_url": "https://instagram.fagc2-1.fna.fbcdn.net/v/t51.2885-19/s150x150/104655610_734890267265839_7042082510067431729_n.jpg?tp=1&_nc_ht=instagram.fagc2-1.fna.fbcdn.net&_nc_ohc=Q9yxDDyzyrwAX9Xuts8&ccb=7-4&oh=d86b1b6d639825b0f55d29acf1a38f6f&oe=608866EF&_nc_sid=9fb510",
                    "username": "airpods_case_1"
                },
                "likes_count": 1
            }
        ]
    },
    {
        "id": 18100139971224568,
        "created_at": 1616330683,
        "text": "Pp",
        "owner": {
            "id": "2291837900",
            "is_verified": false,
            "profile_pic_url": "https://instagram.fagc2-1.fna.fbcdn.net/v/t51.2885-19/s150x150/164809839_1587415254787362_3820715779677185002_n.jpg?tp=1&_nc_ht=instagram.fagc2-1.fna.fbcdn.net&_nc_ohc=_NwD4cyG2L8AX_VKCRh&ccb=7-4&oh=10eadb98793387ddd7611a901a2817cc&oe=6087BD0A&_nc_sid=9fb510",
            "username": "dbckaa"
        },
        "likes_count": 0,
        "answers": [
            {
                "id": 17911818163655956,
                "created_at": 1616338237,
                "text": "@dbckaa check dm",
                "owner": {
                    "id": "31345321949",
                    "is_verified": false,
                    "profile_pic_url": "https://instagram.fagc2-1.fna.fbcdn.net/v/t51.2885-19/s150x150/104655610_734890267265839_7042082510067431729_n.jpg?tp=1&_nc_ht=instagram.fagc2-1.fna.fbcdn.net&_nc_ohc=Q9yxDDyzyrwAX9Xuts8&ccb=7-4&oh=d86b1b6d639825b0f55d29acf1a38f6f&oe=608866EF&_nc_sid=9fb510",
                    "username": "airpods_case_1"
                },
                "likes_count": 0
            }
        ]
    },
    {
        "id": 17875283492319553,
        "created_at": 1616325708,
        "text": "Price ?",
        "owner": {
            "id": "27042872779",
            "is_verified": false,
            "profile_pic_url": "https://instagram.fagc2-1.fna.fbcdn.net/v/t51.2885-19/s150x150/161318938_119922506768787_8013890509058541747_n.jpg?tp=1&_nc_ht=instagram.fagc2-1.fna.fbcdn.net&_nc_ohc=T-veL60_r7cAX-OXbz4&ccb=7-4&oh=e1a3bb20ab7f14c65ac89a9cc9ae5452&oe=60872C7C&_nc_sid=9fb510",
            "username": "queenfarihamushtaq9"
        },
        "likes_count": 0,
        "answers": [
            {
                "id": 17866193522391845,
                "created_at": 1616326122,
                "text": "@queenfarihamushtaq9 check dm",
                "owner": {
                    "id": "31345321949",
                    "is_verified": false,
                    "profile_pic_url": "https://instagram.fagc2-1.fna.fbcdn.net/v/t51.2885-19/s150x150/104655610_734890267265839_7042082510067431729_n.jpg?tp=1&_nc_ht=instagram.fagc2-1.fna.fbcdn.net&_nc_ohc=Q9yxDDyzyrwAX9Xuts8&ccb=7-4&oh=d86b1b6d639825b0f55d29acf1a38f6f&oe=608866EF&_nc_sid=9fb510",
                    "username": "airpods_case_1"
                },
                "likes_count": 0
            }
        ]
    },
    {
        "id": 17924738884512323,
        "created_at": 1614969377,
        "text": "Pro 4 \u00fc\u00e7\u00fcn var?",
        "owner": {
            "id": "7051713010",
            "is_verified": false,
            "profile_pic_url": "https://instagram.fagc2-1.fna.fbcdn.net/v/t51.2885-19/s150x150/145186331_856848908194786_4926024890131719640_n.jpg?tp=1&_nc_ht=instagram.fagc2-1.fna.fbcdn.net&_nc_ohc=spP7_1nXVN4AX_zjGme&ccb=7-4&oh=36f583d7d6ee76a1cb29900e6b274054&oe=608732C6&_nc_sid=9fb510",
            "username": "s.ilqar2006"
        },
        "likes_count": 0,
        "answers": []
    },
    {
        "id": 17948581240425478,
        "created_at": 1614664528,
        "text": "Gheimat?",
        "owner": {
            "id": "1089601651",
            "is_verified": false,
            "profile_pic_url": "https://instagram.fagc2-1.fna.fbcdn.net/v/t51.2885-19/s150x150/12345920_1651069928497867_1248411940_a.jpg?tp=1&_nc_ht=instagram.fagc2-1.fna.fbcdn.net&_nc_ohc=JFXheQu4ZBQAX9IBfFr&ccb=7-4&oh=f8cedeec016c744c1afc4b48a63f0916&oe=6088EF4C&_nc_sid=9fb510",
            "username": "mahsayzdkhasti"
        },
        "likes_count": 0,
        "answers": [
            {
                "id": 17962568719383126,
                "created_at": 1614669113,
                "text": "@mahsayzdkhasti English please",
                "owner": {
                    "id": "31345321949",
                    "is_verified": false,
                    "profile_pic_url": "https://instagram.fagc2-1.fna.fbcdn.net/v/t51.2885-19/s150x150/104655610_734890267265839_7042082510067431729_n.jpg?tp=1&_nc_ht=instagram.fagc2-1.fna.fbcdn.net&_nc_ohc=Q9yxDDyzyrwAX9Xuts8&ccb=7-4&oh=d86b1b6d639825b0f55d29acf1a38f6f&oe=608866EF&_nc_sid=9fb510",
                    "username": "airpods_case_1"
                },
                "likes_count": 0
            }
        ]
    },
    {
        "id": 17960176456385817,
        "created_at": 1612981795,
        "text": "Price",
        "owner": {
            "id": "6932959164",
            "is_verified": false,
            "profile_pic_url": "https://instagram.fagc2-1.fna.fbcdn.net/v/t51.2885-19/s150x150/163595824_275962067265642_2400508729193592195_n.jpg?tp=1&_nc_ht=instagram.fagc2-1.fna.fbcdn.net&_nc_ohc=UomKDHtE3tYAX8_4g_9&ccb=7-4&oh=fc36304da075ccef56a3c748319a8d7d&oe=6086E06F&_nc_sid=9fb510",
            "username": "nooramfatima_786"
        },
        "likes_count": 0,
        "answers": [
            {
                "id": 17905998871679601,
                "created_at": 1612982037,
                "text": "@airpods_case_1 sure\ud83d\ude07",
                "owner": {
                    "id": "6932959164",
                    "is_verified": false,
                    "profile_pic_url": "https://instagram.fagc2-1.fna.fbcdn.net/v/t51.2885-19/s150x150/163595824_275962067265642_2400508729193592195_n.jpg?tp=1&_nc_ht=instagram.fagc2-1.fna.fbcdn.net&_nc_ohc=UomKDHtE3tYAX8_4g_9&ccb=7-4&oh=fc36304da075ccef56a3c748319a8d7d&oe=6086E06F&_nc_sid=9fb510",
                    "username": "nooramfatima_786"
                },
                "likes_count": 0
            },
            {
                "id": 17888143930970819,
                "created_at": 1612982020,
                "text": "@nooramfatima786 check dm",
                "owner": {
                    "id": "31345321949",
                    "is_verified": false,
                    "profile_pic_url": "https://instagram.fagc2-1.fna.fbcdn.net/v/t51.2885-19/s150x150/104655610_734890267265839_7042082510067431729_n.jpg?tp=1&_nc_ht=instagram.fagc2-1.fna.fbcdn.net&_nc_ohc=Q9yxDDyzyrwAX9Xuts8&ccb=7-4&oh=d86b1b6d639825b0f55d29acf1a38f6f&oe=608866EF&_nc_sid=9fb510",
                    "username": "airpods_case_1"
                },
                "likes_count": 1
            }
        ]
    },
    {
        "id": 17896158745859272,
        "created_at": 1612858914,
        "text": "Price",
        "owner": {
            "id": "1515155091",
            "is_verified": false,
            "profile_pic_url": "https://instagram.fagc2-1.fna.fbcdn.net/v/t51.2885-19/s150x150/132610284_2909488409270417_1291227450096517969_n.jpg?tp=1&_nc_ht=instagram.fagc2-1.fna.fbcdn.net&_nc_ohc=-HQuPC5rRH0AX_d2wDu&ccb=7-4&oh=800f049262cf58f90e241d911e44c8aa&oe=6087B686&_nc_sid=9fb510",
            "username": "sesodia_veer01"
        },
        "likes_count": 0,
        "answers": [
            {
                "id": 17870347043228410,
                "created_at": 1612860157,
                "text": "@sesodia_veer01 check dm",
                "owner": {
                    "id": "31345321949",
                    "is_verified": false,
                    "profile_pic_url": "https://instagram.fagc2-1.fna.fbcdn.net/v/t51.2885-19/s150x150/104655610_734890267265839_7042082510067431729_n.jpg?tp=1&_nc_ht=instagram.fagc2-1.fna.fbcdn.net&_nc_ohc=Q9yxDDyzyrwAX9Xuts8&ccb=7-4&oh=d86b1b6d639825b0f55d29acf1a38f6f&oe=608866EF&_nc_sid=9fb510",
                    "username": "airpods_case_1"
                },
                "likes_count": 0
            }
        ]
    },
    {
        "id": 17870234657234569,
        "created_at": 1612632534,
        "text": "Price",
        "owner": {
            "id": "4164258545",
            "is_verified": false,
            "profile_pic_url": "https://instagram.fagc2-1.fna.fbcdn.net/v/t51.2885-19/s150x150/47694055_614543382307469_6453021854947868672_n.jpg?tp=1&_nc_ht=instagram.fagc2-1.fna.fbcdn.net&_nc_ohc=mckzAzrHr4cAX9RjHIg&ccb=7-4&oh=a15d9cdfdb060e8d31a97fc52770fb44&oe=6088606D&_nc_sid=9fb510",
            "username": "danger_boy_7563"
        },
        "likes_count": 0,
        "answers": []
    },
    {
        "id": 17873241272199300,
        "created_at": 1612628707,
        "text": "How much ?",
        "owner": {
            "id": "5971908282",
            "is_verified": false,
            "profile_pic_url": "https://instagram.fagc2-1.fna.fbcdn.net/v/t51.2885-19/s150x150/123243890_1002033076868814_5295895911567238788_n.jpg?tp=1&_nc_ht=instagram.fagc2-1.fna.fbcdn.net&_nc_ohc=b1TyR19SGzIAX--5yka&ccb=7-4&oh=51a3aa1e543d6a194007afa9e843ff09&oe=60871B5B&_nc_sid=9fb510",
            "username": "mohamedsheikj"
        },
        "likes_count": 0,
        "answers": [
            {
                "id": 17881799252029462,
                "created_at": 1612628939,
                "text": "@mohamedsheikj check dm",
                "owner": {
                    "id": "31345321949",
                    "is_verified": false,
                    "profile_pic_url": "https://instagram.fagc2-1.fna.fbcdn.net/v/t51.2885-19/s150x150/104655610_734890267265839_7042082510067431729_n.jpg?tp=1&_nc_ht=instagram.fagc2-1.fna.fbcdn.net&_nc_ohc=Q9yxDDyzyrwAX9Xuts8&ccb=7-4&oh=d86b1b6d639825b0f55d29acf1a38f6f&oe=608866EF&_nc_sid=9fb510",
                    "username": "airpods_case_1"
                },
                "likes_count": 0
            }
        ]
    },
    {
        "id": 17905683022666562,
        "created_at": 1612371968,
        "text": "Pp?",
        "owner": {
            "id": "2284356392",
            "is_verified": false,
            "profile_pic_url": "https://instagram.fagc2-1.fna.fbcdn.net/v/t51.2885-19/s150x150/46065269_364670797600714_1371755152104488960_n.jpg?tp=1&_nc_ht=instagram.fagc2-1.fna.fbcdn.net&_nc_ohc=vzqkt2D6GH4AX8-QCDb&ccb=7-4&oh=bfea3dd3b95dc84300edd4cb2701bfe7&oe=60882F34&_nc_sid=9fb510",
            "username": "priyaaggarwal0720"
        },
        "likes_count": 0,
        "answers": [
            {
                "id": 18028182586295779,
                "created_at": 1612372116,
                "text": "@priyaaggarwal0720 check dm",
                "owner": {
                    "id": "31345321949",
                    "is_verified": false,
                    "profile_pic_url": "https://instagram.fagc2-1.fna.fbcdn.net/v/t51.2885-19/s150x150/104655610_734890267265839_7042082510067431729_n.jpg?tp=1&_nc_ht=instagram.fagc2-1.fna.fbcdn.net&_nc_ohc=Q9yxDDyzyrwAX9Xuts8&ccb=7-4&oh=d86b1b6d639825b0f55d29acf1a38f6f&oe=608866EF&_nc_sid=9fb510",
                    "username": "airpods_case_1"
                },
                "likes_count": 0
            }
        ]
    },
    {
        "id": 18191577805019700,
        "created_at": 1612295250,
        "text": "Pp",
        "owner": {
            "id": "41533083553",
            "is_verified": false,
            "profile_pic_url": "https://instagram.fcgk12-1.fna.fbcdn.net/v/t51.2885-19/44884218_345707102882519_2446069589734326272_n.jpg?_nc_ht=instagram.fcgk12-1.fna.fbcdn.net&_nc_ohc=hLTkwc3uTqUAX_ATNTs&ccb=7-4&oh=f27f23ecfc508ac55d2e2cb4e096e35b&oe=6087738F&_nc_sid=705020&ig_cache_key=YW5vbnltb3VzX3Byb2ZpbGVfcGlj.2-ccb7-4",
            "username": "ruhipunjabi56"
        },
        "likes_count": 0,
        "answers": [
            {
                "id": 17890112947898871,
                "created_at": 1612295908,
                "text": "Check dm",
                "owner": {
                    "id": "31345321949",
                    "is_verified": false,
                    "profile_pic_url": "https://instagram.fagc2-1.fna.fbcdn.net/v/t51.2885-19/s150x150/104655610_734890267265839_7042082510067431729_n.jpg?tp=1&_nc_ht=instagram.fagc2-1.fna.fbcdn.net&_nc_ohc=Q9yxDDyzyrwAX9Xuts8&ccb=7-4&oh=d86b1b6d639825b0f55d29acf1a38f6f&oe=608866EF&_nc_sid=9fb510",
                    "username": "airpods_case_1"
                },
                "likes_count": 0
            }
        ]
    }
]