[
    {
        "id": 17930237170515455,
        "created_at": 1616744485,
        "text": "Price ?",
        "owner": {
            "id": "5769320389",
            "is_verified": false,
            "profile_pic_url": "https://instagram.fagc2-1.fna.fbcdn.net/v/t51.2885-19/s150x150/144281636_706498986901853_6934761979669786609_n.jpg?tp=1&_nc_ht=instagram.fagc2-1.fna.fbcdn.net&_nc_ohc=twYAUMhDku4AX-aQFYB&ccb=7-4&oh=2647a2fad0e194ef041fed3fec8c64ca&oe=6089B4BC&_nc_sid=9fb510",
            "username": "viyushjain07"
        },
        "likes_count": 1,
        "answers": []
    },
    {
        "id": 17865385298345855,
        "created_at": 1616602293,
        "text": "Price",
        "owner": {
            "id": "1416620292",
            "is_verified": false,
            "profile_pic_url": "https://instagram.fagc2-1.fna.fbcdn.net/v/t51.2885-19/s150x150/85121378_190177115411391_8078186300923969536_n.jpg?tp=1&_nc_ht=instagram.fagc2-1.fna.fbcdn.net&_nc_ohc=fsN6h2GAXjIAX8uITXw&ccb=7-4&oh=1fbb31d01936bff38ec89430c1bc6d10&oe=60887891&_nc_sid=9fb510",
            "username": "ananyasuneja"
        },
        "likes_count": 0,
        "answers": []
    },
    {
        "id": 17956989544408969,
        "created_at": 1616284923,
        "text": "price?",
        "owner": {
            "id": "5546957661",
            "is_verified": false,
            "profile_pic_url": "https://instagram.fagc2-1.fna.fbcdn.net/v/t51.2885-19/s150x150/164070985_478784679943437_2291863880354581397_n.jpg?tp=1&_nc_ht=instagram.fagc2-1.fna.fbcdn.net&_nc_ohc=YNKyQphQl_cAX9zet8x&ccb=7-4&oh=b0c11e6b51f93a8c7d07f4d005a74fc2&oe=60886F98&_nc_sid=9fb510",
            "username": "_.prettyygirlldestinyy._"
        },
        "likes_count": 0,
        "answers": [
            {
                "id": 17960916832401766,
                "created_at": 1616298115,
                "text": "@_.prettyygirlldestinyy._ check dm",
                "owner": {
                    "id": "31345321949",
                    "is_verified": false,
                    "profile_pic_url": "https://instagram.fagc2-1.fna.fbcdn.net/v/t51.2885-19/s150x150/104655610_734890267265839_7042082510067431729_n.jpg?tp=1&_nc_ht=instagram.fagc2-1.fna.fbcdn.net&_nc_ohc=Q9yxDDyzyrwAX9Xuts8&ccb=7-4&oh=d86b1b6d639825b0f55d29acf1a38f6f&oe=608866EF&_nc_sid=9fb510",
                    "username": "airpods_case_1"
                },
                "likes_count": 1
            }
        ]
    },
    {
        "id": 17892135370974763,
        "created_at": 1616089263,
        "text": "Pp for the sneakers one",
        "owner": {
            "id": "26707518768",
            "is_verified": false,
            "profile_pic_url": "https://instagram.fagc2-1.fna.fbcdn.net/v/t51.2885-19/s150x150/149927450_920140455397119_8693494817981909082_n.jpg?tp=1&_nc_ht=instagram.fagc2-1.fna.fbcdn.net&_nc_ohc=SdxZHVxHOrgAX97QmVg&ccb=7-4&oh=0306c928d754622b6d5dc6d253bcc80f&oe=6089F869&_nc_sid=9fb510",
            "username": "devaryabhatia"
        },
        "likes_count": 0,
        "answers": [
            {
                "id": 17884120874109623,
                "created_at": 1616089870,
                "text": "@devaryabhatia check dm",
                "owner": {
                    "id": "31345321949",
                    "is_verified": false,
                    "profile_pic_url": "https://instagram.fagc2-1.fna.fbcdn.net/v/t51.2885-19/s150x150/104655610_734890267265839_7042082510067431729_n.jpg?tp=1&_nc_ht=instagram.fagc2-1.fna.fbcdn.net&_nc_ohc=Q9yxDDyzyrwAX9Xuts8&ccb=7-4&oh=d86b1b6d639825b0f55d29acf1a38f6f&oe=608866EF&_nc_sid=9fb510",
                    "username": "airpods_case_1"
                },
                "likes_count": 1
            }
        ]
    },
    {
        "id": 17898388027824003,
        "created_at": 1615623974,
        "text": "Pp",
        "owner": {
            "id": "223434148",
            "is_verified": false,
            "profile_pic_url": "https://instagram.fagc2-1.fna.fbcdn.net/v/t51.2885-19/s150x150/67066813_439952546606672_4261197862232129536_n.jpg?tp=1&_nc_ht=instagram.fagc2-1.fna.fbcdn.net&_nc_ohc=3NRWDImZj4kAX-u7Pdy&ccb=7-4&oh=cbf83f5873cd7c4c33ee4b3672ff8139&oe=60870453&_nc_sid=9fb510",
            "username": "akanksha2309"
        },
        "likes_count": 0,
        "answers": [
            {
                "id": 18149557969192101,
                "created_at": 1615624018,
                "text": "@akanksha2309 check dm",
                "owner": {
                    "id": "31345321949",
                    "is_verified": false,
                    "profile_pic_url": "https://instagram.fagc2-1.fna.fbcdn.net/v/t51.2885-19/s150x150/104655610_734890267265839_7042082510067431729_n.jpg?tp=1&_nc_ht=instagram.fagc2-1.fna.fbcdn.net&_nc_ohc=Q9yxDDyzyrwAX9Xuts8&ccb=7-4&oh=d86b1b6d639825b0f55d29acf1a38f6f&oe=608866EF&_nc_sid=9fb510",
                    "username": "airpods_case_1"
                },
                "likes_count": 0
            }
        ]
    },
    {
        "id": 17935469389477127,
        "created_at": 1615490652,
        "text": "Pp",
        "owner": {
            "id": "2016333884",
            "is_verified": false,
            "profile_pic_url": "https://instagram.fagc2-1.fna.fbcdn.net/v/t51.2885-19/s150x150/162639804_496283114704392_6753419043688350221_n.jpg?tp=1&_nc_ht=instagram.fagc2-1.fna.fbcdn.net&_nc_ohc=CVEbib_E6QUAX-waIUs&ccb=7-4&oh=39f4afad452e5cefa1f53b50b1b79f88&oe=60890DE6&_nc_sid=9fb510",
            "username": "rahemeen_zaki"
        },
        "likes_count": 0,
        "answers": [
            {
                "id": 18151601059188392,
                "created_at": 1615522111,
                "text": "@rahemeen_zaki check dm",
                "owner": {
                    "id": "31345321949",
                    "is_verified": false,
                    "profile_pic_url": "https://instagram.fagc2-1.fna.fbcdn.net/v/t51.2885-19/s150x150/104655610_734890267265839_7042082510067431729_n.jpg?tp=1&_nc_ht=instagram.fagc2-1.fna.fbcdn.net&_nc_ohc=Q9yxDDyzyrwAX9Xuts8&ccb=7-4&oh=d86b1b6d639825b0f55d29acf1a38f6f&oe=608866EF&_nc_sid=9fb510",
                    "username": "airpods_case_1"
                },
                "likes_count": 0
            }
        ]
    },
    {
        "id": 17897128246888303,
        "created_at": 1615361446,
        "text": "Mujhe AirPod pro ka Rambo cover chahiye",
        "owner": {
            "id": "6892321541",
            "is_verified": false,
            "profile_pic_url": "https://instagram.fagc2-1.fna.fbcdn.net/v/t51.2885-19/s150x150/162817273_175087267640974_7334249149136542287_n.jpg?tp=1&_nc_ht=instagram.fagc2-1.fna.fbcdn.net&_nc_ohc=7gOHbpWUE40AX8Y1du9&ccb=7-4&oh=4276a5db051bd82dc5d9f8de8804fcf2&oe=6088923B&_nc_sid=9fb510",
            "username": "dangerous_drama_queen_123"
        },
        "likes_count": 0,
        "answers": [
            {
                "id": 17863970537470013,
                "created_at": 1615361678,
                "text": "@dangerous_drama_queen_123 check dm",
                "owner": {
                    "id": "31345321949",
                    "is_verified": false,
                    "profile_pic_url": "https://instagram.fagc2-1.fna.fbcdn.net/v/t51.2885-19/s150x150/104655610_734890267265839_7042082510067431729_n.jpg?tp=1&_nc_ht=instagram.fagc2-1.fna.fbcdn.net&_nc_ohc=Q9yxDDyzyrwAX9Xuts8&ccb=7-4&oh=d86b1b6d639825b0f55d29acf1a38f6f&oe=608866EF&_nc_sid=9fb510",
                    "username": "airpods_case_1"
                },
                "likes_count": 0
            }
        ]
    },
    {
        "id": 17907645628708147,
        "created_at": 1615307315,
        "text": "Naruto plss",
        "owner": {
            "id": "46568616457",
            "is_verified": false,
            "profile_pic_url": "https://instagram.fagc2-1.fna.fbcdn.net/v/t51.2885-19/s150x150/161380309_1343805149317468_9138371122365918404_n.jpg?tp=1&_nc_ht=instagram.fagc2-1.fna.fbcdn.net&_nc_ohc=5wHjuqw9vDUAX__Jek9&ccb=7-4&oh=4d1c521dde241b70e14f10849cb13f91&oe=60872519&_nc_sid=9fb510",
            "username": "andr_eeadenisa15"
        },
        "likes_count": 0,
        "answers": [
            {
                "id": 17863964954370151,
                "created_at": 1615309399,
                "text": "@andr_eeadenisa15 check dm",
                "owner": {
                    "id": "31345321949",
                    "is_verified": false,
                    "profile_pic_url": "https://instagram.fagc2-1.fna.fbcdn.net/v/t51.2885-19/s150x150/104655610_734890267265839_7042082510067431729_n.jpg?tp=1&_nc_ht=instagram.fagc2-1.fna.fbcdn.net&_nc_ohc=Q9yxDDyzyrwAX9Xuts8&ccb=7-4&oh=d86b1b6d639825b0f55d29acf1a38f6f&oe=608866EF&_nc_sid=9fb510",
                    "username": "airpods_case_1"
                },
                "likes_count": 1
            }
        ]
    },
    {
        "id": 18198319615044449,
        "created_at": 1615002556,
        "text": "Price",
        "owner": {
            "id": "38438467180",
            "is_verified": false,
            "profile_pic_url": "https://instagram.fagc2-1.fna.fbcdn.net/v/t51.2885-19/s150x150/147448152_119612080057681_4563909272611554050_n.jpg?tp=1&_nc_ht=instagram.fagc2-1.fna.fbcdn.net&_nc_ohc=k91y_seU4l4AX-IbmXZ&ccb=7-4&oh=a1592ae3b22dfad7794c7699509df301&oe=608703A7&_nc_sid=9fb510",
            "username": "bhagatjai45"
        },
        "likes_count": 0,
        "answers": [
            {
                "id": 18139047088152127,
                "created_at": 1615008912,
                "text": "@bhagatjai45 check dm",
                "owner": {
                    "id": "31345321949",
                    "is_verified": false,
                    "profile_pic_url": "https://instagram.fagc2-1.fna.fbcdn.net/v/t51.2885-19/s150x150/104655610_734890267265839_7042082510067431729_n.jpg?tp=1&_nc_ht=instagram.fagc2-1.fna.fbcdn.net&_nc_ohc=Q9yxDDyzyrwAX9Xuts8&ccb=7-4&oh=d86b1b6d639825b0f55d29acf1a38f6f&oe=608866EF&_nc_sid=9fb510",
                    "username": "airpods_case_1"
                },
                "likes_count": 0
            }
        ]
    },
    {
        "id": 17891034742950020,
        "created_at": 1614802142,
        "text": "Pp",
        "owner": {
            "id": "2604176027",
            "is_verified": false,
            "profile_pic_url": "https://instagram.fagc2-1.fna.fbcdn.net/v/t51.2885-19/s150x150/69007726_489509781833237_1931659222093660160_n.jpg?tp=1&_nc_ht=instagram.fagc2-1.fna.fbcdn.net&_nc_ohc=XKOmpU42uRYAX-GKlbF&ccb=7-4&oh=cf2e94f2c004319e4dc043d4119a40de&oe=60897E29&_nc_sid=9fb510",
            "username": "sanamsinghania7"
        },
        "likes_count": 0,
        "answers": [
            {
                "id": 17916067027572324,
                "created_at": 1614835349,
                "text": "@sanamsinghania7 check dm",
                "owner": {
                    "id": "31345321949",
                    "is_verified": false,
                    "profile_pic_url": "https://instagram.fagc2-1.fna.fbcdn.net/v/t51.2885-19/s150x150/104655610_734890267265839_7042082510067431729_n.jpg?tp=1&_nc_ht=instagram.fagc2-1.fna.fbcdn.net&_nc_ohc=Q9yxDDyzyrwAX9Xuts8&ccb=7-4&oh=d86b1b6d639825b0f55d29acf1a38f6f&oe=608866EF&_nc_sid=9fb510",
                    "username": "airpods_case_1"
                },
                "likes_count": 0
            }
        ]
    },
    {
        "id": 17885742809046571,
        "created_at": 1614154056,
        "text": "Price ?",
        "owner": {
            "id": "5343337622",
            "is_verified": false,
            "profile_pic_url": "https://instagram.fagc2-1.fna.fbcdn.net/v/t51.2885-19/s150x150/161469396_884340668804799_5289036755063431582_n.jpg?tp=1&_nc_ht=instagram.fagc2-1.fna.fbcdn.net&_nc_ohc=aBQm6d0lIu0AX9Dl_np&ccb=7-4&oh=8de1f92b772a78dab94d49945715340f&oe=60894297&_nc_sid=9fb510",
            "username": "simuu_04"
        },
        "likes_count": 0,
        "answers": [
            {
                "id": 17896977457846437,
                "created_at": 1614154169,
                "text": "@simuu_04 check dm",
                "owner": {
                    "id": "31345321949",
                    "is_verified": false,
                    "profile_pic_url": "https://instagram.fagc2-1.fna.fbcdn.net/v/t51.2885-19/s150x150/104655610_734890267265839_7042082510067431729_n.jpg?tp=1&_nc_ht=instagram.fagc2-1.fna.fbcdn.net&_nc_ohc=Q9yxDDyzyrwAX9Xuts8&ccb=7-4&oh=d86b1b6d639825b0f55d29acf1a38f6f&oe=608866EF&_nc_sid=9fb510",
                    "username": "airpods_case_1"
                },
                "likes_count": 1
            }
        ]
    },
    {
        "id": 17897557147794037,
        "created_at": 1614154019,
        "text": "Price ?",
        "owner": {
            "id": "5343337622",
            "is_verified": false,
            "profile_pic_url": "https://instagram.fagc2-1.fna.fbcdn.net/v/t51.2885-19/s150x150/161469396_884340668804799_5289036755063431582_n.jpg?tp=1&_nc_ht=instagram.fagc2-1.fna.fbcdn.net&_nc_ohc=aBQm6d0lIu0AX9Dl_np&ccb=7-4&oh=8de1f92b772a78dab94d49945715340f&oe=60894297&_nc_sid=9fb510",
            "username": "simuu_04"
        },
        "likes_count": 0,
        "answers": [
            {
                "id": 17873680694283472,
                "created_at": 1614154197,
                "text": "@simuu_04 check dm",
                "owner": {
                    "id": "31345321949",
                    "is_verified": false,
                    "profile_pic_url": "https://instagram.fagc2-1.fna.fbcdn.net/v/t51.2885-19/s150x150/104655610_734890267265839_7042082510067431729_n.jpg?tp=1&_nc_ht=instagram.fagc2-1.fna.fbcdn.net&_nc_ohc=Q9yxDDyzyrwAX9Xuts8&ccb=7-4&oh=d86b1b6d639825b0f55d29acf1a38f6f&oe=608866EF&_nc_sid=9fb510",
                    "username": "airpods_case_1"
                },
                "likes_count": 0
            }
        ]
    },
    {
        "id": 17915871991591815,
        "created_at": 1614112558,
        "text": "Baby Yoda Price ?",
        "owner": {
            "id": "46160506629",
            "is_verified": false,
            "profile_pic_url": "https://instagram.fagc2-1.fna.fbcdn.net/v/t51.2885-19/s150x150/152838759_291144362346024_8625390000524026425_n.jpg?tp=1&_nc_ht=instagram.fagc2-1.fna.fbcdn.net&_nc_ohc=mzn_lkCgbDIAX99kfEY&ccb=7-4&oh=85be86e77fb4cea480edd672a0b0dec7&oe=608697BB&_nc_sid=9fb510",
            "username": "airpod_case_hyd"
        },
        "likes_count": 0,
        "answers": [
            {
                "id": 17892439627890543,
                "created_at": 1614132095,
                "text": "@airpod_case_hyd check dm",
                "owner": {
                    "id": "31345321949",
                    "is_verified": false,
                    "profile_pic_url": "https://instagram.fagc2-1.fna.fbcdn.net/v/t51.2885-19/s150x150/104655610_734890267265839_7042082510067431729_n.jpg?tp=1&_nc_ht=instagram.fagc2-1.fna.fbcdn.net&_nc_ohc=Q9yxDDyzyrwAX9Xuts8&ccb=7-4&oh=d86b1b6d639825b0f55d29acf1a38f6f&oe=608866EF&_nc_sid=9fb510",
                    "username": "airpods_case_1"
                },
                "likes_count": 0
            }
        ]
    },
    {
        "id": 17951400427413121,
        "created_at": 1614032916,
        "text": "Price",
        "owner": {
            "id": "1541030798",
            "is_verified": false,
            "profile_pic_url": "https://instagram.fagc2-1.fna.fbcdn.net/v/t51.2885-19/s150x150/65014927_698242103935842_2449451279479472128_n.jpg?tp=1&_nc_ht=instagram.fagc2-1.fna.fbcdn.net&_nc_ohc=Ghlz_IhXGfEAX_Bzgq8&ccb=7-4&oh=a2741b9ca4c050ebe2d3bc6127ca3253&oe=608914BB&_nc_sid=9fb510",
            "username": "abid.baba.961"
        },
        "likes_count": 0,
        "answers": [
            {
                "id": 17862143006431709,
                "created_at": 1614053651,
                "text": "@abid.baba.961 check dm",
                "owner": {
                    "id": "31345321949",
                    "is_verified": false,
                    "profile_pic_url": "https://instagram.fagc2-1.fna.fbcdn.net/v/t51.2885-19/s150x150/104655610_734890267265839_7042082510067431729_n.jpg?tp=1&_nc_ht=instagram.fagc2-1.fna.fbcdn.net&_nc_ohc=Q9yxDDyzyrwAX9Xuts8&ccb=7-4&oh=d86b1b6d639825b0f55d29acf1a38f6f&oe=608866EF&_nc_sid=9fb510",
                    "username": "airpods_case_1"
                },
                "likes_count": 0
            }
        ]
    },
    {
        "id": 17961330301382239,
        "created_at": 1613980191,
        "text": "Pp",
        "owner": {
            "id": "12598187488",
            "is_verified": false,
            "profile_pic_url": "https://instagram.fagc2-1.fna.fbcdn.net/v/t51.2885-19/s150x150/131888996_2615184965440141_5581692359809856968_n.jpg?tp=1&_nc_ht=instagram.fagc2-1.fna.fbcdn.net&_nc_ohc=tzqv-u-VwasAX-XMlkl&ccb=7-4&oh=8131fa0aba6d83574843f0e20687fd30&oe=60883717&_nc_sid=9fb510",
            "username": "angel_bandariya"
        },
        "likes_count": 0,
        "answers": [
            {
                "id": 17856416741475202,
                "created_at": 1613980888,
                "text": "@angel_bandariya check dm",
                "owner": {
                    "id": "31345321949",
                    "is_verified": false,
                    "profile_pic_url": "https://instagram.fagc2-1.fna.fbcdn.net/v/t51.2885-19/s150x150/104655610_734890267265839_7042082510067431729_n.jpg?tp=1&_nc_ht=instagram.fagc2-1.fna.fbcdn.net&_nc_ohc=Q9yxDDyzyrwAX9Xuts8&ccb=7-4&oh=d86b1b6d639825b0f55d29acf1a38f6f&oe=608866EF&_nc_sid=9fb510",
                    "username": "airpods_case_1"
                },
                "likes_count": 0
            }
        ]
    },
    {
        "id": 17996863498315826,
        "created_at": 1613643922,
        "text": "Price kya hai",
        "owner": {
            "id": "44950266203",
            "is_verified": false,
            "profile_pic_url": "https://instagram.fagc2-1.fna.fbcdn.net/v/t51.2885-19/s150x150/140080935_436598587654643_5301214679844233883_n.jpg?tp=1&_nc_ht=instagram.fagc2-1.fna.fbcdn.net&_nc_ohc=DS2dZGXk3y8AX_pHa_w&ccb=7-4&oh=3666cfa312a2afe4736b88c18cade81b&oe=60877532&_nc_sid=9fb510",
            "username": "piyushkukreja7"
        },
        "likes_count": 0,
        "answers": []
    },
    {
        "id": 17921413759539768,
        "created_at": 1613636896,
        "text": "Cost ?",
        "owner": {
            "id": "2001150111",
            "is_verified": false,
            "profile_pic_url": "https://instagram.fagc2-1.fna.fbcdn.net/v/t51.2885-19/s150x150/109250752_589162325116379_3720071942042728977_n.jpg?tp=1&_nc_ht=instagram.fagc2-1.fna.fbcdn.net&_nc_ohc=sKT6SlS876EAX82SkSv&ccb=7-4&oh=9416d57569c8159fca31438572a6a2b3&oe=60899896&_nc_sid=9fb510",
            "username": "sacmaddy"
        },
        "likes_count": 0,
        "answers": [
            {
                "id": 18108084712206808,
                "created_at": 1613638563,
                "text": "@sacmaddy check dm",
                "owner": {
                    "id": "31345321949",
                    "is_verified": false,
                    "profile_pic_url": "https://instagram.fagc2-1.fna.fbcdn.net/v/t51.2885-19/s150x150/104655610_734890267265839_7042082510067431729_n.jpg?tp=1&_nc_ht=instagram.fagc2-1.fna.fbcdn.net&_nc_ohc=Q9yxDDyzyrwAX9Xuts8&ccb=7-4&oh=d86b1b6d639825b0f55d29acf1a38f6f&oe=608866EF&_nc_sid=9fb510",
                    "username": "airpods_case_1"
                },
                "likes_count": 0
            }
        ]
    },
    {
        "id": 17896062172825825,
        "created_at": 1613562465,
        "text": "Price ??",
        "owner": {
            "id": "4231243000",
            "is_verified": false,
            "profile_pic_url": "https://instagram.fagc2-1.fna.fbcdn.net/v/t51.2885-19/s150x150/137287046_210395110740754_2646256474538603896_n.jpg?tp=1&_nc_ht=instagram.fagc2-1.fna.fbcdn.net&_nc_ohc=BuwvjO_RDgsAX-MRN3A&ccb=7-4&oh=2ff00a8d5d7117e0149c3bc14538f2c2&oe=6087EA12&_nc_sid=9fb510",
            "username": "__rudraaa___"
        },
        "likes_count": 0,
        "answers": [
            {
                "id": 17853265778493362,
                "created_at": 1613565218,
                "text": "@__rudraaa___ check dm",
                "owner": {
                    "id": "31345321949",
                    "is_verified": false,
                    "profile_pic_url": "https://instagram.fagc2-1.fna.fbcdn.net/v/t51.2885-19/s150x150/104655610_734890267265839_7042082510067431729_n.jpg?tp=1&_nc_ht=instagram.fagc2-1.fna.fbcdn.net&_nc_ohc=Q9yxDDyzyrwAX9Xuts8&ccb=7-4&oh=d86b1b6d639825b0f55d29acf1a38f6f&oe=608866EF&_nc_sid=9fb510",
                    "username": "airpods_case_1"
                },
                "likes_count": 0
            }
        ]
    },
    {
        "id": 18068415757271347,
        "created_at": 1613504031,
        "text": "Fiyat",
        "owner": {
            "id": "7532858336",
            "is_verified": false,
            "profile_pic_url": "https://instagram.fagc2-1.fna.fbcdn.net/v/t51.2885-19/s150x150/93967428_548079999424620_1954434763649449984_n.jpg?tp=1&_nc_ht=instagram.fagc2-1.fna.fbcdn.net&_nc_ohc=wisNupMXoQoAX-x9UCM&ccb=7-4&oh=8c89ff46088a95c30d330e84c842e80f&oe=60864412&_nc_sid=9fb510",
            "username": "ademfatmaguney"
        },
        "likes_count": 1,
        "answers": []
    },
    {
        "id": 18135310042159580,
        "created_at": 1613490246,
        "text": "Price..?",
        "owner": {
            "id": "1602884948",
            "is_verified": false,
            "profile_pic_url": "https://instagram.fagc2-1.fna.fbcdn.net/v/t51.2885-19/s150x150/126145183_3006820509550706_2730509002075077018_n.jpg?tp=1&_nc_ht=instagram.fagc2-1.fna.fbcdn.net&_nc_ohc=GENIpsnk5YcAX_ns6vI&ccb=7-4&oh=7d71023befa72819c8218a8e97935f60&oe=60892863&_nc_sid=9fb510",
            "username": "mohit__bairwa_"
        },
        "likes_count": 0,
        "answers": [
            {
                "id": 17874201128220161,
                "created_at": 1613491448,
                "text": "@mohit__bairwa_ check dm",
                "owner": {
                    "id": "31345321949",
                    "is_verified": false,
                    "profile_pic_url": "https://instagram.fagc2-1.fna.fbcdn.net/v/t51.2885-19/s150x150/104655610_734890267265839_7042082510067431729_n.jpg?tp=1&_nc_ht=instagram.fagc2-1.fna.fbcdn.net&_nc_ohc=Q9yxDDyzyrwAX9Xuts8&ccb=7-4&oh=d86b1b6d639825b0f55d29acf1a38f6f&oe=608866EF&_nc_sid=9fb510",
                    "username": "airpods_case_1"
                },
                "likes_count": 0
            }
        ]
    },
    {
        "id": 17885801930015496,
        "created_at": 1613400342,
        "text": "Pp",
        "owner": {
            "id": "293860557",
            "is_verified": false,
            "profile_pic_url": "https://instagram.fagc2-1.fna.fbcdn.net/v/t51.2885-19/s150x150/118406114_310143133531235_4052577286461315691_n.jpg?tp=1&_nc_ht=instagram.fagc2-1.fna.fbcdn.net&_nc_ohc=cvPLdgzRsbUAX9_FqZS&ccb=7-4&oh=36b040373596bec97a057719cbe695ae&oe=6088C723&_nc_sid=9fb510",
            "username": "theterritorialpanda"
        },
        "likes_count": 0,
        "answers": [
            {
                "id": 17915953963586503,
                "created_at": 1613419142,
                "text": "@theterritorialpanda check dm",
                "owner": {
                    "id": "31345321949",
                    "is_verified": false,
                    "profile_pic_url": "https://instagram.fagc2-1.fna.fbcdn.net/v/t51.2885-19/s150x150/104655610_734890267265839_7042082510067431729_n.jpg?tp=1&_nc_ht=instagram.fagc2-1.fna.fbcdn.net&_nc_ohc=Q9yxDDyzyrwAX9Xuts8&ccb=7-4&oh=d86b1b6d639825b0f55d29acf1a38f6f&oe=608866EF&_nc_sid=9fb510",
                    "username": "airpods_case_1"
                },
                "likes_count": 0
            }
        ]
    },
    {
        "id": 17896316944855635,
        "created_at": 1613391301,
        "text": "How much is the Starbucks one ?",
        "owner": {
            "id": "8383823829",
            "is_verified": false,
            "profile_pic_url": "https://instagram.fagc2-1.fna.fbcdn.net/v/t51.2885-19/s150x150/150654675_125947776106405_4190549001933294150_n.jpg?tp=1&_nc_ht=instagram.fagc2-1.fna.fbcdn.net&_nc_ohc=rWt-yDiNMngAX8I8qPe&ccb=7-4&oh=52a17c411ee6220ac19e21e411cfde70&oe=6086F764&_nc_sid=9fb510",
            "username": "iz13.x"
        },
        "likes_count": 0,
        "answers": [
            {
                "id": 17891473690909480,
                "created_at": 1613419127,
                "text": "@iz13_.x dm",
                "owner": {
                    "id": "31345321949",
                    "is_verified": false,
                    "profile_pic_url": "https://instagram.fagc2-1.fna.fbcdn.net/v/t51.2885-19/s150x150/104655610_734890267265839_7042082510067431729_n.jpg?tp=1&_nc_ht=instagram.fagc2-1.fna.fbcdn.net&_nc_ohc=Q9yxDDyzyrwAX9Xuts8&ccb=7-4&oh=d86b1b6d639825b0f55d29acf1a38f6f&oe=608866EF&_nc_sid=9fb510",
                    "username": "airpods_case_1"
                },
                "likes_count": 0
            }
        ]
    }
]