[
    {
        "id": 17927044915504288,
        "created_at": 1616606010,
        "text": "PP?",
        "owner": {
            "id": "1435079725",
            "is_verified": false,
            "profile_pic_url": "https://instagram.fagc2-1.fna.fbcdn.net/v/t51.2885-19/s150x150/115616615_2676061149302048_2923869393108045121_n.jpg?tp=1&_nc_ht=instagram.fagc2-1.fna.fbcdn.net&_nc_ohc=1-NpXZmNDzAAX_olzCT&ccb=7-4&oh=b8461c37c7ef7e3e0140a4a812e44762&oe=6087682D&_nc_sid=9fb510",
            "username": "priyalgehlot"
        },
        "likes_count": 0,
        "answers": [
            {
                "id": 18144482746094519,
                "created_at": 1616606191,
                "text": "@priyalgehlot check dm",
                "owner": {
                    "id": "31345321949",
                    "is_verified": false,
                    "profile_pic_url": "https://instagram.fagc2-1.fna.fbcdn.net/v/t51.2885-19/s150x150/104655610_734890267265839_7042082510067431729_n.jpg?tp=1&_nc_ht=instagram.fagc2-1.fna.fbcdn.net&_nc_ohc=Q9yxDDyzyrwAX9Xuts8&ccb=7-4&oh=d86b1b6d639825b0f55d29acf1a38f6f&oe=608866EF&_nc_sid=9fb510",
                    "username": "airpods_case_1"
                },
                "likes_count": 0
            }
        ]
    },
    {
        "id": 18057205882283897,
        "created_at": 1615972023,
        "text": "Rate",
        "owner": {
            "id": "3052090357",
            "is_verified": false,
            "profile_pic_url": "https://instagram.fagc2-1.fna.fbcdn.net/v/t51.2885-19/s150x150/130722529_313845253106921_8656585727472878504_n.jpg?tp=1&_nc_ht=instagram.fagc2-1.fna.fbcdn.net&_nc_ohc=NIyUQyJHG-8AX-ac-ex&tn=w-k1yqH7zwURbn3h&ccb=7-4&oh=b8c187e05b17a229c0a1323a3d172020&oe=60869FE3&_nc_sid=9fb510",
            "username": "gunjanaaahuja"
        },
        "likes_count": 0,
        "answers": [
            {
                "id": 17844099506546890,
                "created_at": 1615983736,
                "text": "@gunjanaaahuja check dm",
                "owner": {
                    "id": "31345321949",
                    "is_verified": false,
                    "profile_pic_url": "https://instagram.fagc2-1.fna.fbcdn.net/v/t51.2885-19/s150x150/104655610_734890267265839_7042082510067431729_n.jpg?tp=1&_nc_ht=instagram.fagc2-1.fna.fbcdn.net&_nc_ohc=Q9yxDDyzyrwAX9Xuts8&ccb=7-4&oh=d86b1b6d639825b0f55d29acf1a38f6f&oe=608866EF&_nc_sid=9fb510",
                    "username": "airpods_case_1"
                },
                "likes_count": 0
            }
        ]
    },
    {
        "id": 17907481288680618,
        "created_at": 1615795543,
        "text": "price?",
        "owner": {
            "id": "1308496668",
            "is_verified": false,
            "profile_pic_url": "https://instagram.fagc2-1.fna.fbcdn.net/v/t51.2885-19/s150x150/160353974_3604521619650033_6331122981477243982_n.jpg?tp=1&_nc_ht=instagram.fagc2-1.fna.fbcdn.net&_nc_ohc=k1yfgar7NLUAX9TlZZa&ccb=7-4&oh=c6c986658a243a9a45963587a41b4fc9&oe=60872EA7&_nc_sid=9fb510",
            "username": "beingtarun_"
        },
        "likes_count": 0,
        "answers": [
            {
                "id": 17952869935419957,
                "created_at": 1615799007,
                "text": "Check dm",
                "owner": {
                    "id": "31345321949",
                    "is_verified": false,
                    "profile_pic_url": "https://instagram.fagc2-1.fna.fbcdn.net/v/t51.2885-19/s150x150/104655610_734890267265839_7042082510067431729_n.jpg?tp=1&_nc_ht=instagram.fagc2-1.fna.fbcdn.net&_nc_ohc=Q9yxDDyzyrwAX9Xuts8&ccb=7-4&oh=d86b1b6d639825b0f55d29acf1a38f6f&oe=608866EF&_nc_sid=9fb510",
                    "username": "airpods_case_1"
                },
                "likes_count": 0
            }
        ]
    },
    {
        "id": 17899463323828458,
        "created_at": 1614911882,
        "text": "\ud83d\ude22\ud83d\ude22\ud83d\ude22\ud83d\ude22",
        "owner": {
            "id": "43815771083",
            "is_verified": false,
            "profile_pic_url": "https://instagram.fagc2-1.fna.fbcdn.net/v/t51.2885-19/s150x150/121661677_385346606173446_513710824708944621_n.jpg?tp=1&_nc_ht=instagram.fagc2-1.fna.fbcdn.net&_nc_ohc=ipc5oYcFcdYAX_aRy54&ccb=7-4&oh=02b8864d804b091ac32b7e7ace540413&oe=60884384&_nc_sid=9fb510",
            "username": "aht12abril"
        },
        "likes_count": 0,
        "answers": []
    },
    {
        "id": 17847588704529755,
        "created_at": 1614778285,
        "text": "Pp",
        "owner": {
            "id": "1809841814",
            "is_verified": false,
            "profile_pic_url": "https://instagram.fagc2-1.fna.fbcdn.net/v/t51.2885-19/s150x150/118998649_792052648209302_759041078245112209_n.jpg?tp=1&_nc_ht=instagram.fagc2-1.fna.fbcdn.net&_nc_ohc=EuCiMiPOs1MAX-jNQx2&ccb=7-4&oh=cd52e8d5448d41c064b8fe0c643f3d48&oe=6087A745&_nc_sid=9fb510",
            "username": "mahekmotwani"
        },
        "likes_count": 1,
        "answers": [
            {
                "id": 17861132846391745,
                "created_at": 1614780635,
                "text": "@mahekmotwani chrck dm",
                "owner": {
                    "id": "31345321949",
                    "is_verified": false,
                    "profile_pic_url": "https://instagram.fagc2-1.fna.fbcdn.net/v/t51.2885-19/s150x150/104655610_734890267265839_7042082510067431729_n.jpg?tp=1&_nc_ht=instagram.fagc2-1.fna.fbcdn.net&_nc_ohc=Q9yxDDyzyrwAX9Xuts8&ccb=7-4&oh=d86b1b6d639825b0f55d29acf1a38f6f&oe=608866EF&_nc_sid=9fb510",
                    "username": "airpods_case_1"
                },
                "likes_count": 0
            }
        ]
    },
    {
        "id": 17868308810311850,
        "created_at": 1614591550,
        "text": "Price please",
        "owner": {
            "id": "1684249715",
            "is_verified": false,
            "profile_pic_url": "https://instagram.fagc2-1.fna.fbcdn.net/v/t51.2885-19/s150x150/90088960_2615422155339722_4129492715870093312_n.jpg?tp=1&_nc_ht=instagram.fagc2-1.fna.fbcdn.net&_nc_ohc=BgzaD--6b_IAX_AsAFv&ccb=7-4&oh=166197055e2bbc16032324ff9b26e3ba&oe=6086A7B3&_nc_sid=9fb510",
            "username": "pravej_ahmed"
        },
        "likes_count": 0,
        "answers": [
            {
                "id": 17948697634425963,
                "created_at": 1614594941,
                "text": "@pravej_ahmed check dm",
                "owner": {
                    "id": "31345321949",
                    "is_verified": false,
                    "profile_pic_url": "https://instagram.fagc2-1.fna.fbcdn.net/v/t51.2885-19/s150x150/104655610_734890267265839_7042082510067431729_n.jpg?tp=1&_nc_ht=instagram.fagc2-1.fna.fbcdn.net&_nc_ohc=Q9yxDDyzyrwAX9Xuts8&ccb=7-4&oh=d86b1b6d639825b0f55d29acf1a38f6f&oe=608866EF&_nc_sid=9fb510",
                    "username": "airpods_case_1"
                },
                "likes_count": 0
            }
        ]
    },
    {
        "id": 17857162445505100,
        "created_at": 1614494472,
        "text": "H m b",
        "owner": {
            "id": "6887718188",
            "is_verified": false,
            "profile_pic_url": "https://instagram.fagc2-1.fna.fbcdn.net/v/t51.2885-19/s150x150/165107985_443473910252614_1089204293226158255_n.jpg?tp=1&_nc_ht=instagram.fagc2-1.fna.fbcdn.net&_nc_ohc=0LAgX0_BxQYAX822Xxv&ccb=7-4&oh=1f67b503f52e6260f3f423ed496a07fd&oe=6087BC3A&_nc_sid=9fb510",
            "username": "rangsey.s__"
        },
        "likes_count": 0,
        "answers": [
            {
                "id": 18128806357199646,
                "created_at": 1614494709,
                "text": "@rangsey.s__ yes",
                "owner": {
                    "id": "31345321949",
                    "is_verified": false,
                    "profile_pic_url": "https://instagram.fagc2-1.fna.fbcdn.net/v/t51.2885-19/s150x150/104655610_734890267265839_7042082510067431729_n.jpg?tp=1&_nc_ht=instagram.fagc2-1.fna.fbcdn.net&_nc_ohc=Q9yxDDyzyrwAX9Xuts8&ccb=7-4&oh=d86b1b6d639825b0f55d29acf1a38f6f&oe=608866EF&_nc_sid=9fb510",
                    "username": "airpods_case_1"
                },
                "likes_count": 0
            }
        ]
    },
    {
        "id": 18131358265160981,
        "created_at": 1614416003,
        "text": "Price ?!",
        "owner": {
            "id": "269863015",
            "is_verified": false,
            "profile_pic_url": "https://instagram.fagc2-1.fna.fbcdn.net/v/t51.2885-19/s150x150/143140549_717478555806820_7166196859061117506_n.jpg?tp=1&_nc_ht=instagram.fagc2-1.fna.fbcdn.net&_nc_ohc=6z13htikSKUAX8-_wp2&ccb=7-4&oh=f702f98703fb32c45ee783f3c292f3d4&oe=6086D623&_nc_sid=9fb510",
            "username": "sweetu_06"
        },
        "likes_count": 0,
        "answers": [
            {
                "id": 17907087136658603,
                "created_at": 1614416575,
                "text": "@sweetu_06 check dm",
                "owner": {
                    "id": "31345321949",
                    "is_verified": false,
                    "profile_pic_url": "https://instagram.fagc2-1.fna.fbcdn.net/v/t51.2885-19/s150x150/104655610_734890267265839_7042082510067431729_n.jpg?tp=1&_nc_ht=instagram.fagc2-1.fna.fbcdn.net&_nc_ohc=Q9yxDDyzyrwAX9Xuts8&ccb=7-4&oh=d86b1b6d639825b0f55d29acf1a38f6f&oe=608866EF&_nc_sid=9fb510",
                    "username": "airpods_case_1"
                },
                "likes_count": 0
            },
            {
                "id": 17862724787361147,
                "created_at": 1614416488,
                "text": "@sweetu_06 check dm",
                "owner": {
                    "id": "31345321949",
                    "is_verified": false,
                    "profile_pic_url": "https://instagram.fagc2-1.fna.fbcdn.net/v/t51.2885-19/s150x150/104655610_734890267265839_7042082510067431729_n.jpg?tp=1&_nc_ht=instagram.fagc2-1.fna.fbcdn.net&_nc_ohc=Q9yxDDyzyrwAX9Xuts8&ccb=7-4&oh=d86b1b6d639825b0f55d29acf1a38f6f&oe=608866EF&_nc_sid=9fb510",
                    "username": "airpods_case_1"
                },
                "likes_count": 0
            },
            {
                "id": 17862613826346623,
                "created_at": 1614416515,
                "text": "@sweetu_06 check dm",
                "owner": {
                    "id": "31345321949",
                    "is_verified": false,
                    "profile_pic_url": "https://instagram.fagc2-1.fna.fbcdn.net/v/t51.2885-19/s150x150/104655610_734890267265839_7042082510067431729_n.jpg?tp=1&_nc_ht=instagram.fagc2-1.fna.fbcdn.net&_nc_ohc=Q9yxDDyzyrwAX9Xuts8&ccb=7-4&oh=d86b1b6d639825b0f55d29acf1a38f6f&oe=608866EF&_nc_sid=9fb510",
                    "username": "airpods_case_1"
                },
                "likes_count": 0
            }
        ]
    },
    {
        "id": 18150007195139971,
        "created_at": 1614286936,
        "text": "How much",
        "owner": {
            "id": "232947704",
            "is_verified": false,
            "profile_pic_url": "https://instagram.fagc2-1.fna.fbcdn.net/v/t51.2885-19/s150x150/161300671_240436567786531_8129466685142122333_n.jpg?tp=1&_nc_ht=instagram.fagc2-1.fna.fbcdn.net&_nc_ohc=Bzj_aQYTDqsAX_96Z6u&ccb=7-4&oh=5133a748c52b16a4a7fdc4e360a00584&oe=6087360B&_nc_sid=9fb510",
            "username": "photocentrik"
        },
        "likes_count": 0,
        "answers": [
            {
                "id": 18140753227183777,
                "created_at": 1614307799,
                "text": "Dm",
                "owner": {
                    "id": "31345321949",
                    "is_verified": false,
                    "profile_pic_url": "https://instagram.fagc2-1.fna.fbcdn.net/v/t51.2885-19/s150x150/104655610_734890267265839_7042082510067431729_n.jpg?tp=1&_nc_ht=instagram.fagc2-1.fna.fbcdn.net&_nc_ohc=Q9yxDDyzyrwAX9Xuts8&ccb=7-4&oh=d86b1b6d639825b0f55d29acf1a38f6f&oe=608866EF&_nc_sid=9fb510",
                    "username": "airpods_case_1"
                },
                "likes_count": 0
            }
        ]
    },
    {
        "id": 17942302594433499,
        "created_at": 1614279316,
        "text": "Rates",
        "owner": {
            "id": "3910015991",
            "is_verified": false,
            "profile_pic_url": "https://instagram.fagc2-1.fna.fbcdn.net/v/t51.2885-19/s150x150/136091561_147984637098897_4107749682967975023_n.jpg?tp=1&_nc_ht=instagram.fagc2-1.fna.fbcdn.net&_nc_ohc=y2yBdp9FhDMAX8fTzAe&ccb=7-4&oh=b36d392b8d08cb28c965e2c756f764f7&oe=6089F9A9&_nc_sid=9fb510",
            "username": "mr_abhi07"
        },
        "likes_count": 0,
        "answers": [
            {
                "id": 18196607686058309,
                "created_at": 1614307823,
                "text": "@mr_abhi07 check dm",
                "owner": {
                    "id": "31345321949",
                    "is_verified": false,
                    "profile_pic_url": "https://instagram.fagc2-1.fna.fbcdn.net/v/t51.2885-19/s150x150/104655610_734890267265839_7042082510067431729_n.jpg?tp=1&_nc_ht=instagram.fagc2-1.fna.fbcdn.net&_nc_ohc=Q9yxDDyzyrwAX9Xuts8&ccb=7-4&oh=d86b1b6d639825b0f55d29acf1a38f6f&oe=608866EF&_nc_sid=9fb510",
                    "username": "airpods_case_1"
                },
                "likes_count": 0
            }
        ]
    },
    {
        "id": 17861026025451312,
        "created_at": 1614053989,
        "text": "Rates?",
        "owner": {
            "id": "1834709152",
            "is_verified": false,
            "profile_pic_url": "https://instagram.fagc2-1.fna.fbcdn.net/v/t51.2885-19/s150x150/123278574_572916576834912_1309130644293326872_n.jpg?tp=1&_nc_ht=instagram.fagc2-1.fna.fbcdn.net&_nc_ohc=jK1UR8T_DU0AX-hvkHz&ccb=7-4&oh=76941d4748eb40a6ddf106ad510ae499&oe=6089E1AA&_nc_sid=9fb510",
            "username": "parthpatelheree"
        },
        "likes_count": 0,
        "answers": []
    },
    {
        "id": 17938006498458413,
        "created_at": 1614053980,
        "text": "Price? @airpods_case_1",
        "owner": {
            "id": "1836860854",
            "is_verified": false,
            "profile_pic_url": "https://instagram.fagc2-1.fna.fbcdn.net/v/t51.2885-19/s150x150/163274911_368797700917312_8488528028678262923_n.jpg?tp=1&_nc_ht=instagram.fagc2-1.fna.fbcdn.net&_nc_ohc=I0q5nbdwwEkAX-oKeTo&ccb=7-4&oh=625a47587cf1634916a86327b84f5bab&oe=6087BA0E&_nc_sid=9fb510",
            "username": "taniyaa17"
        },
        "likes_count": 0,
        "answers": [
            {
                "id": 17914026373607616,
                "created_at": 1614055443,
                "text": "@taniyaa17 check dm",
                "owner": {
                    "id": "31345321949",
                    "is_verified": false,
                    "profile_pic_url": "https://instagram.fagc2-1.fna.fbcdn.net/v/t51.2885-19/s150x150/104655610_734890267265839_7042082510067431729_n.jpg?tp=1&_nc_ht=instagram.fagc2-1.fna.fbcdn.net&_nc_ohc=Q9yxDDyzyrwAX9Xuts8&ccb=7-4&oh=d86b1b6d639825b0f55d29acf1a38f6f&oe=608866EF&_nc_sid=9fb510",
                    "username": "airpods_case_1"
                },
                "likes_count": 0
            }
        ]
    },
    {
        "id": 17900928844772377,
        "created_at": 1613988410,
        "text": "Price?",
        "owner": {
            "id": "3819344014",
            "is_verified": false,
            "profile_pic_url": "https://instagram.fagc2-1.fna.fbcdn.net/v/t51.2885-19/s150x150/130867252_385623826095569_9182560708807301782_n.jpg?tp=1&_nc_ht=instagram.fagc2-1.fna.fbcdn.net&_nc_ohc=0wPWYiYnWpQAX-ooGTs&ccb=7-4&oh=04420c218e6e17058ecf58f1f620a56c&oe=60882A68&_nc_sid=9fb510",
            "username": "swati.sharma924"
        },
        "likes_count": 0,
        "answers": [
            {
                "id": 17986358647332347,
                "created_at": 1613988591,
                "text": "@swati.sharma924 check dm",
                "owner": {
                    "id": "31345321949",
                    "is_verified": false,
                    "profile_pic_url": "https://instagram.fagc2-1.fna.fbcdn.net/v/t51.2885-19/s150x150/104655610_734890267265839_7042082510067431729_n.jpg?tp=1&_nc_ht=instagram.fagc2-1.fna.fbcdn.net&_nc_ohc=Q9yxDDyzyrwAX9Xuts8&ccb=7-4&oh=d86b1b6d639825b0f55d29acf1a38f6f&oe=608866EF&_nc_sid=9fb510",
                    "username": "airpods_case_1"
                },
                "likes_count": 0
            }
        ]
    },
    {
        "id": 17847980879523485,
        "created_at": 1613963593,
        "text": "Price",
        "owner": {
            "id": "1113773108",
            "is_verified": false,
            "profile_pic_url": "https://instagram.fagc2-1.fna.fbcdn.net/v/t51.2885-19/s150x150/135427894_450922802763510_577893213219366299_n.jpg?tp=1&_nc_ht=instagram.fagc2-1.fna.fbcdn.net&_nc_ohc=Q5z6nV-Go5UAX_qMCoI&ccb=7-4&oh=4e663f1b1a444c6acbabd9db3b145240&oe=60897C86&_nc_sid=9fb510",
            "username": "mjft86"
        },
        "likes_count": 0,
        "answers": [
            {
                "id": 17899904635808574,
                "created_at": 1613967778,
                "text": "@mjft86 check dm",
                "owner": {
                    "id": "31345321949",
                    "is_verified": false,
                    "profile_pic_url": "https://instagram.fagc2-1.fna.fbcdn.net/v/t51.2885-19/s150x150/104655610_734890267265839_7042082510067431729_n.jpg?tp=1&_nc_ht=instagram.fagc2-1.fna.fbcdn.net&_nc_ohc=Q9yxDDyzyrwAX9Xuts8&ccb=7-4&oh=d86b1b6d639825b0f55d29acf1a38f6f&oe=608866EF&_nc_sid=9fb510",
                    "username": "airpods_case_1"
                },
                "likes_count": 0
            }
        ]
    },
    {
        "id": 17856020816472646,
        "created_at": 1613546046,
        "text": "Pp",
        "owner": {
            "id": "1333763155",
            "is_verified": false,
            "profile_pic_url": "https://instagram.fagc2-1.fna.fbcdn.net/v/t51.2885-19/s150x150/156289669_266518684875147_978152306625278843_n.jpg?tp=1&_nc_ht=instagram.fagc2-1.fna.fbcdn.net&_nc_ohc=R5pTxP2A2toAX-KS3qJ&ccb=7-4&oh=ad08ad630cc0c8ff045f718a4c391854&oe=60894427&_nc_sid=9fb510",
            "username": "propersurti"
        },
        "likes_count": 0,
        "answers": [
            {
                "id": 17926012567515473,
                "created_at": 1613546062,
                "text": "@propersurti check dm",
                "owner": {
                    "id": "31345321949",
                    "is_verified": false,
                    "profile_pic_url": "https://instagram.fagc2-1.fna.fbcdn.net/v/t51.2885-19/s150x150/104655610_734890267265839_7042082510067431729_n.jpg?tp=1&_nc_ht=instagram.fagc2-1.fna.fbcdn.net&_nc_ohc=Q9yxDDyzyrwAX9Xuts8&ccb=7-4&oh=d86b1b6d639825b0f55d29acf1a38f6f&oe=608866EF&_nc_sid=9fb510",
                    "username": "airpods_case_1"
                },
                "likes_count": 0
            }
        ]
    },
    {
        "id": 17896396840807449,
        "created_at": 1613545367,
        "text": "Pp",
        "owner": {
            "id": "2062868106",
            "is_verified": false,
            "profile_pic_url": "https://instagram.fagc2-1.fna.fbcdn.net/v/t51.2885-19/s150x150/139722508_1048924885628864_3631055174800141520_n.jpg?tp=1&_nc_ht=instagram.fagc2-1.fna.fbcdn.net&_nc_ohc=b_MhW8dNUS8AX_SnlqS&ccb=7-4&oh=85e87d64f05e01e054b71fb3f3fe4715&oe=6086C63C&_nc_sid=9fb510",
            "username": "02megha_kashyap"
        },
        "likes_count": 0,
        "answers": [
            {
                "id": 18007720081306311,
                "created_at": 1613545452,
                "text": "@02megha_kashyap check dm",
                "owner": {
                    "id": "31345321949",
                    "is_verified": false,
                    "profile_pic_url": "https://instagram.fagc2-1.fna.fbcdn.net/v/t51.2885-19/s150x150/104655610_734890267265839_7042082510067431729_n.jpg?tp=1&_nc_ht=instagram.fagc2-1.fna.fbcdn.net&_nc_ohc=Q9yxDDyzyrwAX9Xuts8&ccb=7-4&oh=d86b1b6d639825b0f55d29acf1a38f6f&oe=608866EF&_nc_sid=9fb510",
                    "username": "airpods_case_1"
                },
                "likes_count": 0
            }
        ]
    },
    {
        "id": 17993362207318615,
        "created_at": 1613330465,
        "text": "Prise",
        "owner": {
            "id": "45947144744",
            "is_verified": false,
            "profile_pic_url": "https://instagram.fagc2-1.fna.fbcdn.net/v/t51.2885-19/s150x150/158568514_1870118203154352_1987658845620105446_n.jpg?tp=1&_nc_ht=instagram.fagc2-1.fna.fbcdn.net&_nc_ohc=vPyB4uGLo1QAX8x2UW2&ccb=7-4&oh=b03e1679582b084776ab2cb4581e12d8&oe=60867334&_nc_sid=9fb510",
            "username": "freshacat"
        },
        "likes_count": 0,
        "answers": []
    },
    {
        "id": 17905794667712704,
        "created_at": 1613232842,
        "text": "hw much are these",
        "owner": {
            "id": "10618253252",
            "is_verified": false,
            "profile_pic_url": "https://instagram.fagc2-1.fna.fbcdn.net/v/t51.2885-19/s150x150/122192085_1311304105928588_6150461935742248357_n.jpg?tp=1&_nc_ht=instagram.fagc2-1.fna.fbcdn.net&_nc_ohc=u3WiMZSdLSwAX9T1TGl&ccb=7-4&oh=4bbdb07a84d2d4d70da17c0482dc15bf&oe=60886D80&_nc_sid=9fb510",
            "username": "ksparks007"
        },
        "likes_count": 0,
        "answers": [
            {
                "id": 17966571712374291,
                "created_at": 1613237664,
                "text": "@ksparks007 check dm",
                "owner": {
                    "id": "31345321949",
                    "is_verified": false,
                    "profile_pic_url": "https://instagram.fagc2-1.fna.fbcdn.net/v/t51.2885-19/s150x150/104655610_734890267265839_7042082510067431729_n.jpg?tp=1&_nc_ht=instagram.fagc2-1.fna.fbcdn.net&_nc_ohc=Q9yxDDyzyrwAX9Xuts8&ccb=7-4&oh=d86b1b6d639825b0f55d29acf1a38f6f&oe=608866EF&_nc_sid=9fb510",
                    "username": "airpods_case_1"
                },
                "likes_count": 0
            }
        ]
    },
    {
        "id": 17970377710367813,
        "created_at": 1613227689,
        "text": "Hm",
        "owner": {
            "id": "1917032757",
            "is_verified": false,
            "profile_pic_url": "https://instagram.fagc2-1.fna.fbcdn.net/v/t51.2885-19/s150x150/163561449_441754553746245_8388866782013660902_n.jpg?tp=1&_nc_ht=instagram.fagc2-1.fna.fbcdn.net&_nc_ohc=IXCbOJDg7wIAX-zy2yS&ccb=7-4&oh=3b90b9c6c2dce02c3f066d8d154eda97&oe=608742FD&_nc_sid=9fb510",
            "username": "kaloousha"
        },
        "likes_count": 0,
        "answers": [
            {
                "id": 17914709560590208,
                "created_at": 1613237645,
                "text": "@kaloousha yes",
                "owner": {
                    "id": "31345321949",
                    "is_verified": false,
                    "profile_pic_url": "https://instagram.fagc2-1.fna.fbcdn.net/v/t51.2885-19/s150x150/104655610_734890267265839_7042082510067431729_n.jpg?tp=1&_nc_ht=instagram.fagc2-1.fna.fbcdn.net&_nc_ohc=Q9yxDDyzyrwAX9Xuts8&ccb=7-4&oh=d86b1b6d639825b0f55d29acf1a38f6f&oe=608866EF&_nc_sid=9fb510",
                    "username": "airpods_case_1"
                },
                "likes_count": 0
            }
        ]
    },
    {
        "id": 17924972977518476,
        "created_at": 1613200824,
        "text": "Assalomu alykom qancha  airprodlar",
        "owner": {
            "id": "43159672162",
            "is_verified": false,
            "profile_pic_url": "https://instagram.fagc2-1.fna.fbcdn.net/v/t51.2885-19/s150x150/161335505_2165186780285217_4416970772949529632_n.jpg?tp=1&_nc_ht=instagram.fagc2-1.fna.fbcdn.net&_nc_ohc=HdvyMl4voJMAX-_Lxc8&ccb=7-4&oh=bd2eb2908cf387e3a0d6cb17bb40b702&oe=60896D9F&_nc_sid=9fb510",
            "username": "faya.1307"
        },
        "likes_count": 0,
        "answers": []
    },
    {
        "id": 17897057200827492,
        "created_at": 1613033436,
        "text": "Price?",
        "owner": {
            "id": "1787811760",
            "is_verified": false,
            "profile_pic_url": "https://instagram.fagc2-1.fna.fbcdn.net/v/t51.2885-19/s150x150/126309287_1299415643758253_338196286752864014_n.jpg?tp=1&_nc_ht=instagram.fagc2-1.fna.fbcdn.net&_nc_ohc=N32zz6y1K2QAX9wDaIF&ccb=7-4&oh=1459eee517200998cb60af47ce95abc5&oe=60865DD7&_nc_sid=9fb510",
            "username": "sayaniipaull"
        },
        "likes_count": 0,
        "answers": [
            {
                "id": 17871939407295803,
                "created_at": 1613037476,
                "text": "@sayaniipaull check dm",
                "owner": {
                    "id": "31345321949",
                    "is_verified": false,
                    "profile_pic_url": "https://instagram.fagc2-1.fna.fbcdn.net/v/t51.2885-19/s150x150/104655610_734890267265839_7042082510067431729_n.jpg?tp=1&_nc_ht=instagram.fagc2-1.fna.fbcdn.net&_nc_ohc=Q9yxDDyzyrwAX9Xuts8&ccb=7-4&oh=d86b1b6d639825b0f55d29acf1a38f6f&oe=608866EF&_nc_sid=9fb510",
                    "username": "airpods_case_1"
                },
                "likes_count": 0
            }
        ]
    },
    {
        "id": 17860535471478249,
        "created_at": 1612992833,
        "text": "Pp",
        "owner": {
            "id": "3257694759",
            "is_verified": false,
            "profile_pic_url": "https://instagram.fagc2-1.fna.fbcdn.net/v/t51.2885-19/s150x150/143932190_4100087826686332_5376141493401484041_n.jpg?tp=1&_nc_ht=instagram.fagc2-1.fna.fbcdn.net&_nc_ohc=gYp4SKnxzi0AX9e5Tnb&ccb=7-4&oh=258ce41866ce25835e6810987af7e70f&oe=60892615&_nc_sid=9fb510",
            "username": "bhawna8978"
        },
        "likes_count": 0,
        "answers": [
            {
                "id": 18146421766141886,
                "created_at": 1613016674,
                "text": "@bhawna8978 check dm",
                "owner": {
                    "id": "31345321949",
                    "is_verified": false,
                    "profile_pic_url": "https://instagram.fagc2-1.fna.fbcdn.net/v/t51.2885-19/s150x150/104655610_734890267265839_7042082510067431729_n.jpg?tp=1&_nc_ht=instagram.fagc2-1.fna.fbcdn.net&_nc_ohc=Q9yxDDyzyrwAX9Xuts8&ccb=7-4&oh=d86b1b6d639825b0f55d29acf1a38f6f&oe=608866EF&_nc_sid=9fb510",
                    "username": "airpods_case_1"
                },
                "likes_count": 0
            }
        ]
    },
    {
        "id": 17881894214037172,
        "created_at": 1612973432,
        "text": "Price?",
        "owner": {
            "id": "1596833169",
            "is_verified": false,
            "profile_pic_url": "https://instagram.fagc2-1.fna.fbcdn.net/v/t51.2885-19/s150x150/124581379_1273951736297662_2100277144031494860_n.jpg?tp=1&_nc_ht=instagram.fagc2-1.fna.fbcdn.net&_nc_ohc=ERA4242ODUsAX-6Ap9Z&ccb=7-4&oh=3b3ad722b3e4184e7fee9e10c111c6c3&oe=6087BD3C&_nc_sid=9fb510",
            "username": "sara_shadi_nazzal"
        },
        "likes_count": 0,
        "answers": [
            {
                "id": 17884552049027610,
                "created_at": 1612975306,
                "text": "@sara_shadi_nazzal check dm",
                "owner": {
                    "id": "31345321949",
                    "is_verified": false,
                    "profile_pic_url": "https://instagram.fagc2-1.fna.fbcdn.net/v/t51.2885-19/s150x150/104655610_734890267265839_7042082510067431729_n.jpg?tp=1&_nc_ht=instagram.fagc2-1.fna.fbcdn.net&_nc_ohc=Q9yxDDyzyrwAX9Xuts8&ccb=7-4&oh=d86b1b6d639825b0f55d29acf1a38f6f&oe=608866EF&_nc_sid=9fb510",
                    "username": "airpods_case_1"
                },
                "likes_count": 0
            }
        ]
    },
    {
        "id": 17886441674001750,
        "created_at": 1612959390,
        "text": "cod hai Aur price kya hai",
        "owner": {
            "id": "2163813239",
            "is_verified": false,
            "profile_pic_url": "https://instagram.fagc2-1.fna.fbcdn.net/v/t51.2885-19/s150x150/160130039_212632863986221_568442382039994353_n.jpg?tp=1&_nc_ht=instagram.fagc2-1.fna.fbcdn.net&_nc_ohc=9yLkxJ_KYIEAX9IPGRM&ccb=7-4&oh=cbc98af1f4af62ab22749eeeca3043a2&oe=60865463&_nc_sid=9fb510",
            "username": "mr.worldwide.musa"
        },
        "likes_count": 0,
        "answers": [
            {
                "id": 18090903508240458,
                "created_at": 1612967561,
                "text": "@mr.worldwide.musa check again please",
                "owner": {
                    "id": "31345321949",
                    "profile_pic_url": "https://instagram.fagc2-1.fna.fbcdn.net/v/t51.2885-19/s150x150/104655610_734890267265839_7042082510067431729_n.jpg?tp=1&_nc_ht=instagram.fagc2-1.fna.fbcdn.net&_nc_ohc=Q9yxDDyzyrwAX9Xuts8&ccb=7-4&oh=d86b1b6d639825b0f55d29acf1a38f6f&oe=608866EF&_nc_sid=3f1853",
                    "username": "airpods_case_1"
                },
                "likes_count": 0
            },
            {
                "id": 17960755060380338,
                "created_at": 1612967120,
                "text": "@airpods_case_1 nhi aya koe ad",
                "owner": {
                    "id": "2163813239",
                    "profile_pic_url": "https://instagram.fagc2-1.fna.fbcdn.net/v/t51.2885-19/s150x150/160130039_212632863986221_568442382039994353_n.jpg?tp=1&_nc_ht=instagram.fagc2-1.fna.fbcdn.net&_nc_ohc=9yLkxJ_KYIEAX9IPGRM&ccb=7-4&oh=cbc98af1f4af62ab22749eeeca3043a2&oe=60865463&_nc_sid=3f1853",
                    "username": "mr.worldwide.musa"
                },
                "likes_count": 0
            },
            {
                "id": 17893559644894951,
                "created_at": 1612962477,
                "text": "@mr.worldwide.musa check dm",
                "owner": {
                    "id": "31345321949",
                    "profile_pic_url": "https://instagram.fagc2-1.fna.fbcdn.net/v/t51.2885-19/s150x150/104655610_734890267265839_7042082510067431729_n.jpg?tp=1&_nc_ht=instagram.fagc2-1.fna.fbcdn.net&_nc_ohc=Q9yxDDyzyrwAX9Xuts8&ccb=7-4&oh=d86b1b6d639825b0f55d29acf1a38f6f&oe=608866EF&_nc_sid=3f1853",
                    "username": "airpods_case_1"
                },
                "likes_count": 0
            },
            {
                "id": 17884321871046975,
                "created_at": 1612967131,
                "text": "@airpods_case_1 nhi aya koe dm",
                "owner": {
                    "id": "2163813239",
                    "profile_pic_url": "https://instagram.fagc2-1.fna.fbcdn.net/v/t51.2885-19/s150x150/160130039_212632863986221_568442382039994353_n.jpg?tp=1&_nc_ht=instagram.fagc2-1.fna.fbcdn.net&_nc_ohc=9yLkxJ_KYIEAX9IPGRM&ccb=7-4&oh=cbc98af1f4af62ab22749eeeca3043a2&oe=60865463&_nc_sid=3f1853",
                    "username": "mr.worldwide.musa"
                },
                "likes_count": 0
            }
        ]
    },
    {
        "id": 17857563290426536,
        "created_at": 1612894882,
        "text": "Precio?",
        "owner": {
            "id": "6351878420",
            "is_verified": false,
            "profile_pic_url": "https://instagram.fagc2-1.fna.fbcdn.net/v/t51.2885-19/s150x150/159980130_817780658836248_6478548344843512682_n.jpg?tp=1&_nc_ht=instagram.fagc2-1.fna.fbcdn.net&_nc_ohc=iRhKrEdoAssAX9dsivq&ccb=7-4&oh=488ea49da5ce9fed18be4450bb91874f&oe=608799C5&_nc_sid=9fb510",
            "username": "97pqlourdes"
        },
        "likes_count": 0,
        "answers": [
            {
                "id": 17864600552361379,
                "created_at": 1612895712,
                "text": "@edjpantaq dm",
                "owner": {
                    "id": "31345321949",
                    "is_verified": false,
                    "profile_pic_url": "https://instagram.fagc2-1.fna.fbcdn.net/v/t51.2885-19/s150x150/104655610_734890267265839_7042082510067431729_n.jpg?tp=1&_nc_ht=instagram.fagc2-1.fna.fbcdn.net&_nc_ohc=Q9yxDDyzyrwAX9Xuts8&ccb=7-4&oh=d86b1b6d639825b0f55d29acf1a38f6f&oe=608866EF&_nc_sid=9fb510",
                    "username": "airpods_case_1"
                },
                "likes_count": 0
            }
        ]
    },
    {
        "id": 17848134086516061,
        "created_at": 1612871977,
        "text": "Pp",
        "owner": {
            "id": "26530620096",
            "is_verified": false,
            "profile_pic_url": "https://instagram.fagc2-1.fna.fbcdn.net/v/t51.2885-19/s150x150/152878966_334805301253990_6033491878627207296_n.jpg?tp=1&_nc_ht=instagram.fagc2-1.fna.fbcdn.net&_nc_ohc=yhRPOhfWXD8AX81whU_&ccb=7-4&oh=91ffc1036010e4cbe998642f925eefb6&oe=6089880A&_nc_sid=9fb510",
            "username": "fathimasthan"
        },
        "likes_count": 0,
        "answers": [
            {
                "id": 18129209683161747,
                "created_at": 1612875177,
                "text": "@silkadar13 check dm",
                "owner": {
                    "id": "31345321949",
                    "is_verified": false,
                    "profile_pic_url": "https://instagram.fagc2-1.fna.fbcdn.net/v/t51.2885-19/s150x150/104655610_734890267265839_7042082510067431729_n.jpg?tp=1&_nc_ht=instagram.fagc2-1.fna.fbcdn.net&_nc_ohc=Q9yxDDyzyrwAX9Xuts8&ccb=7-4&oh=d86b1b6d639825b0f55d29acf1a38f6f&oe=608866EF&_nc_sid=9fb510",
                    "username": "airpods_case_1"
                },
                "likes_count": 0
            }
        ]
    },
    {
        "id": 17878153007137374,
        "created_at": 1612863471,
        "text": "Pp",
        "owner": {
            "id": "949679656",
            "is_verified": false,
            "profile_pic_url": "https://instagram.fagc2-1.fna.fbcdn.net/v/t51.2885-19/s150x150/158595795_133855955309682_2661835510609063122_n.jpg?tp=1&_nc_ht=instagram.fagc2-1.fna.fbcdn.net&_nc_ohc=0jIDKQ8qksAAX-sxVU_&ccb=7-4&oh=94f6292394bb4283751c1366a47f4d5b&oe=60862B3D&_nc_sid=9fb510",
            "username": "eshachawla30"
        },
        "likes_count": 0,
        "answers": [
            {
                "id": 17868334187275449,
                "created_at": 1612863519,
                "text": "@eshachawla30 check dm",
                "owner": {
                    "id": "31345321949",
                    "is_verified": false,
                    "profile_pic_url": "https://instagram.fagc2-1.fna.fbcdn.net/v/t51.2885-19/s150x150/104655610_734890267265839_7042082510067431729_n.jpg?tp=1&_nc_ht=instagram.fagc2-1.fna.fbcdn.net&_nc_ohc=Q9yxDDyzyrwAX9Xuts8&ccb=7-4&oh=d86b1b6d639825b0f55d29acf1a38f6f&oe=608866EF&_nc_sid=9fb510",
                    "username": "airpods_case_1"
                },
                "likes_count": 0
            }
        ]
    },
    {
        "id": 17858839040485071,
        "created_at": 1612835181,
        "text": "Price",
        "owner": {
            "id": "3087627218",
            "is_verified": false,
            "profile_pic_url": "https://instagram.fagc2-1.fna.fbcdn.net/v/t51.2885-19/s150x150/163098454_480916659658694_1005147262400803572_n.jpg?tp=1&_nc_ht=instagram.fagc2-1.fna.fbcdn.net&_nc_ohc=L77iS4gRTXQAX_4XNKk&ccb=7-4&oh=719695e9d087c3873580796c190fdb7c&oe=6087C26D&_nc_sid=9fb510",
            "username": "priyanshu910"
        },
        "likes_count": 0,
        "answers": []
    },
    {
        "id": 17861025893353028,
        "created_at": 1612799184,
        "text": "Price?",
        "owner": {
            "id": "1947083305",
            "is_verified": false,
            "profile_pic_url": "https://instagram.fagc2-1.fna.fbcdn.net/v/t51.2885-19/s150x150/130838245_392332648490482_390326783045208794_n.jpg?tp=1&_nc_ht=instagram.fagc2-1.fna.fbcdn.net&_nc_ohc=_KJIYukSAAEAX_oEh_7&ccb=7-4&oh=835dcb9b37c2bb0c55c769d6bea74ea1&oe=608920FC&_nc_sid=9fb510",
            "username": "radhikaagoyal17"
        },
        "likes_count": 0,
        "answers": [
            {
                "id": 17893363294894144,
                "created_at": 1612799781,
                "text": "@radhikaagoyal17 check dm",
                "owner": {
                    "id": "31345321949",
                    "is_verified": false,
                    "profile_pic_url": "https://instagram.fagc2-1.fna.fbcdn.net/v/t51.2885-19/s150x150/104655610_734890267265839_7042082510067431729_n.jpg?tp=1&_nc_ht=instagram.fagc2-1.fna.fbcdn.net&_nc_ohc=Q9yxDDyzyrwAX9Xuts8&ccb=7-4&oh=d86b1b6d639825b0f55d29acf1a38f6f&oe=608866EF&_nc_sid=9fb510",
                    "username": "airpods_case_1"
                },
                "likes_count": 0
            }
        ]
    },
    {
        "id": 18065389441269512,
        "created_at": 1612797951,
        "text": "Pre\u00e7o?",
        "owner": {
            "id": "1949147502",
            "is_verified": false,
            "profile_pic_url": "https://instagram.fhnl1-1.fna.fbcdn.net/v/t51.2885-19/44884218_345707102882519_2446069589734326272_n.jpg?_nc_ht=instagram.fhnl1-1.fna.fbcdn.net&_nc_ohc=hLTkwc3uTqUAX8Qdv3e&ccb=7-4&oh=ceb43b502d9ed546064b3283acfbffe0&oe=6087738F&_nc_sid=712cc3&ig_cache_key=YW5vbnltb3VzX3Byb2ZpbGVfcGlj.2-ccb7-4",
            "username": "fernando_gomes_fg0"
        },
        "likes_count": 0,
        "answers": [
            {
                "id": 17943463015436786,
                "created_at": 1612799771,
                "text": "@fernando_gomes_fg0 what",
                "owner": {
                    "id": "31345321949",
                    "is_verified": false,
                    "profile_pic_url": "https://instagram.fagc2-1.fna.fbcdn.net/v/t51.2885-19/s150x150/104655610_734890267265839_7042082510067431729_n.jpg?tp=1&_nc_ht=instagram.fagc2-1.fna.fbcdn.net&_nc_ohc=Q9yxDDyzyrwAX9Xuts8&ccb=7-4&oh=d86b1b6d639825b0f55d29acf1a38f6f&oe=608866EF&_nc_sid=9fb510",
                    "username": "airpods_case_1"
                },
                "likes_count": 0
            }
        ]
    },
    {
        "id": 18142454524135018,
        "created_at": 1612795258,
        "text": "Pp",
        "owner": {
            "id": "39464896919",
            "is_verified": false,
            "profile_pic_url": "https://instagram.fagc2-1.fna.fbcdn.net/v/t51.2885-19/s150x150/126902982_119562689827639_4175466397767886242_n.jpg?tp=1&_nc_ht=instagram.fagc2-1.fna.fbcdn.net&_nc_ohc=2jCz_xH2HToAX-bFgxn&ccb=7-4&oh=ff74b6c7ab493f4d6b569de02db4d6bd&oe=6088B21D&_nc_sid=9fb510",
            "username": "craftbyruchi"
        },
        "likes_count": 0,
        "answers": [
            {
                "id": 17883139970064289,
                "created_at": 1612799748,
                "text": "@craftbyruchi check dm",
                "owner": {
                    "id": "31345321949",
                    "is_verified": false,
                    "profile_pic_url": "https://instagram.fagc2-1.fna.fbcdn.net/v/t51.2885-19/s150x150/104655610_734890267265839_7042082510067431729_n.jpg?tp=1&_nc_ht=instagram.fagc2-1.fna.fbcdn.net&_nc_ohc=Q9yxDDyzyrwAX9Xuts8&ccb=7-4&oh=d86b1b6d639825b0f55d29acf1a38f6f&oe=608866EF&_nc_sid=9fb510",
                    "username": "airpods_case_1"
                },
                "likes_count": 0
            }
        ]
    },
    {
        "id": 17873374730165131,
        "created_at": 1612790590,
        "text": "Price?",
        "owner": {
            "id": "4144704946",
            "is_verified": false,
            "profile_pic_url": "https://instagram.fagc2-1.fna.fbcdn.net/v/t51.2885-19/s150x150/118958649_170443537905930_8370270172138309620_n.jpg?tp=1&_nc_ht=instagram.fagc2-1.fna.fbcdn.net&_nc_ohc=AGKEWqrkgPwAX-kdzUM&ccb=7-4&oh=7b587524a501751b64fbf974c161729c&oe=60866FD1&_nc_sid=9fb510",
            "username": "i_sureshyadav"
        },
        "likes_count": 0,
        "answers": []
    },
    {
        "id": 17905469854671075,
        "created_at": 1612537040,
        "text": "Price",
        "owner": {
            "id": "6922438320",
            "is_verified": false,
            "profile_pic_url": "https://instagram.fagc2-1.fna.fbcdn.net/v/t51.2885-19/s150x150/156976779_773720000186088_8700382190165891820_n.jpg?tp=1&_nc_ht=instagram.fagc2-1.fna.fbcdn.net&_nc_ohc=Ln-ZDlV255UAX_ogBqP&ccb=7-4&oh=b5166160882ca66bf8a316455abc7608&oe=6089BBCE&_nc_sid=9fb510",
            "username": "misbah___taak"
        },
        "likes_count": 0,
        "answers": [
            {
                "id": 17887487899935485,
                "created_at": 1612540420,
                "text": "@m.i.s.b.a.h__t.a.a.k check dm",
                "owner": {
                    "id": "31345321949",
                    "is_verified": false,
                    "profile_pic_url": "https://instagram.fagc2-1.fna.fbcdn.net/v/t51.2885-19/s150x150/104655610_734890267265839_7042082510067431729_n.jpg?tp=1&_nc_ht=instagram.fagc2-1.fna.fbcdn.net&_nc_ohc=Q9yxDDyzyrwAX9Xuts8&ccb=7-4&oh=d86b1b6d639825b0f55d29acf1a38f6f&oe=608866EF&_nc_sid=9fb510",
                    "username": "airpods_case_1"
                },
                "likes_count": 0
            }
        ]
    },
    {
        "id": 17977114636349867,
        "created_at": 1612498811,
        "text": "@_style_in_your_own_way_ check dm",
        "owner": {
            "id": "31345321949",
            "is_verified": false,
            "profile_pic_url": "https://instagram.fagc2-1.fna.fbcdn.net/v/t51.2885-19/s150x150/104655610_734890267265839_7042082510067431729_n.jpg?tp=1&_nc_ht=instagram.fagc2-1.fna.fbcdn.net&_nc_ohc=Q9yxDDyzyrwAX9Xuts8&ccb=7-4&oh=d86b1b6d639825b0f55d29acf1a38f6f&oe=608866EF&_nc_sid=9fb510",
            "username": "airpods_case_1"
        },
        "likes_count": 0,
        "answers": []
    },
    {
        "id": 17890301710921488,
        "created_at": 1612445098,
        "text": "Price please",
        "owner": {
            "id": "6235794654",
            "is_verified": false,
            "profile_pic_url": "https://instagram.fagc2-1.fna.fbcdn.net/v/t51.2885-19/s150x150/142261949_128075065756703_1185356940283126806_n.jpg?tp=1&_nc_ht=instagram.fagc2-1.fna.fbcdn.net&_nc_ohc=HL6ynqnASh8AX-cUk6I&ccb=7-4&oh=b95ca8a41db1b982196a9af74a29d3bf&oe=6086E248&_nc_sid=9fb510",
            "username": "_prasiddhaa_"
        },
        "likes_count": 0,
        "answers": [
            {
                "id": 18065062246266975,
                "created_at": 1612455048,
                "text": "@_prasiddhaa_ check dm",
                "owner": {
                    "id": "31345321949",
                    "is_verified": false,
                    "profile_pic_url": "https://instagram.fagc2-1.fna.fbcdn.net/v/t51.2885-19/s150x150/104655610_734890267265839_7042082510067431729_n.jpg?tp=1&_nc_ht=instagram.fagc2-1.fna.fbcdn.net&_nc_ohc=Q9yxDDyzyrwAX9Xuts8&ccb=7-4&oh=d86b1b6d639825b0f55d29acf1a38f6f&oe=608866EF&_nc_sid=9fb510",
                    "username": "airpods_case_1"
                },
                "likes_count": 0
            }
        ]
    },
    {
        "id": 17871760514195001,
        "created_at": 1612381846,
        "text": "+",
        "owner": {
            "id": "45171647100",
            "is_verified": false,
            "profile_pic_url": "https://instagram.fagc2-1.fna.fbcdn.net/v/t51.2885-19/s150x150/144371619_207473814450841_2679422392983240831_n.jpg?tp=1&_nc_ht=instagram.fagc2-1.fna.fbcdn.net&_nc_ohc=UH1hG2TllHUAX9YeIeX&ccb=7-4&oh=9083e23b52603f467c5bd6f12b7a8608&oe=60883C7D&_nc_sid=9fb510",
            "username": "kots_cooperation"
        },
        "likes_count": 0,
        "answers": []
    },
    {
        "id": 17984025679336456,
        "created_at": 1612380820,
        "text": "Price",
        "owner": {
            "id": "4104117575",
            "is_verified": false,
            "profile_pic_url": "https://instagram.fagc2-1.fna.fbcdn.net/v/t51.2885-19/s150x150/92840139_572565700273514_1306701773553008640_n.jpg?tp=1&_nc_ht=instagram.fagc2-1.fna.fbcdn.net&_nc_ohc=cBg91h634_wAX_VCQTU&ccb=7-4&oh=756fb970af8e5c29c7c5a27212b1e99c&oe=6088FD93&_nc_sid=9fb510",
            "username": "gulati_emporium"
        },
        "likes_count": 0,
        "answers": [
            {
                "id": 17911262176614307,
                "created_at": 1612416222,
                "text": "@gulati_emporium check dm",
                "owner": {
                    "id": "31345321949",
                    "is_verified": false,
                    "profile_pic_url": "https://instagram.fagc2-1.fna.fbcdn.net/v/t51.2885-19/s150x150/104655610_734890267265839_7042082510067431729_n.jpg?tp=1&_nc_ht=instagram.fagc2-1.fna.fbcdn.net&_nc_ohc=Q9yxDDyzyrwAX9Xuts8&ccb=7-4&oh=d86b1b6d639825b0f55d29acf1a38f6f&oe=608866EF&_nc_sid=9fb510",
                    "username": "airpods_case_1"
                },
                "likes_count": 0
            },
            {
                "id": 17877716303090209,
                "created_at": 1612416228,
                "text": "@gulati_emporium check dm",
                "owner": {
                    "id": "31345321949",
                    "is_verified": false,
                    "profile_pic_url": "https://instagram.fagc2-1.fna.fbcdn.net/v/t51.2885-19/s150x150/104655610_734890267265839_7042082510067431729_n.jpg?tp=1&_nc_ht=instagram.fagc2-1.fna.fbcdn.net&_nc_ohc=Q9yxDDyzyrwAX9Xuts8&ccb=7-4&oh=d86b1b6d639825b0f55d29acf1a38f6f&oe=608866EF&_nc_sid=9fb510",
                    "username": "airpods_case_1"
                },
                "likes_count": 0
            }
        ]
    },
    {
        "id": 17870743577262587,
        "created_at": 1612373246,
        "text": "Salam qiymet",
        "owner": {
            "id": "7311599542",
            "is_verified": false,
            "profile_pic_url": "https://instagram.fagc2-1.fna.fbcdn.net/v/t51.2885-19/s150x150/122194449_1403597993178119_6335201061619231702_n.jpg?tp=1&_nc_ht=instagram.fagc2-1.fna.fbcdn.net&_nc_ohc=RItiHAUAycMAX8PqllP&ccb=7-4&oh=2de78034a1f7e7946bc65126e95533b3&oe=6088982D&_nc_sid=9fb510",
            "username": "aysun_heydarova"
        },
        "likes_count": 0,
        "answers": []
    },
    {
        "id": 17870498060310068,
        "created_at": 1612367092,
        "text": "Pp",
        "owner": {
            "id": "35854085325",
            "is_verified": false,
            "profile_pic_url": "https://instagram.fagc2-1.fna.fbcdn.net/v/t51.2885-19/s150x150/150564929_119960863365103_7106633198519289526_n.jpg?tp=1&_nc_ht=instagram.fagc2-1.fna.fbcdn.net&_nc_ohc=I_DWDOwVpd8AX8l-xH6&ccb=7-4&oh=524d33c56544561ca81a6fdd1d2bfa1c&oe=6089EE5D&_nc_sid=9fb510",
            "username": "masab.28"
        },
        "likes_count": 0,
        "answers": []
    },
    {
        "id": 17903076337704142,
        "created_at": 1612359887,
        "text": "Pp",
        "owner": {
            "id": "16867783402",
            "is_verified": false,
            "profile_pic_url": "https://instagram.fagc2-1.fna.fbcdn.net/v/t51.2885-19/s150x150/146677909_1075358509557854_9214125406525184715_n.jpg?tp=1&_nc_ht=instagram.fagc2-1.fna.fbcdn.net&_nc_ohc=0QsR1FIH0NMAX_KtfKq&ccb=7-4&oh=3004e0dc83cfddaaaf1e9277a398812a&oe=6088AC2B&_nc_sid=9fb510",
            "username": "mr_sameer29"
        },
        "likes_count": 0,
        "answers": []
    },
    {
        "id": 17877653255087802,
        "created_at": 1612347428,
        "text": "Pp",
        "owner": {
            "id": "3864779769",
            "is_verified": false,
            "profile_pic_url": "https://instagram.fhnl1-1.fna.fbcdn.net/v/t51.2885-19/44884218_345707102882519_2446069589734326272_n.jpg?_nc_ht=instagram.fhnl1-1.fna.fbcdn.net&_nc_ohc=hLTkwc3uTqUAX8Qdv3e&ccb=7-4&oh=ceb43b502d9ed546064b3283acfbffe0&oe=6087738F&_nc_sid=712cc3&ig_cache_key=YW5vbnltb3VzX3Byb2ZpbGVfcGlj.2-ccb7-4",
            "username": "shaina_kalra31"
        },
        "likes_count": 0,
        "answers": [
            {
                "id": 17883492602055073,
                "created_at": 1612347616,
                "text": "@shaina_kalra31 check dm",
                "owner": {
                    "id": "31345321949",
                    "is_verified": false,
                    "profile_pic_url": "https://instagram.fagc2-1.fna.fbcdn.net/v/t51.2885-19/s150x150/104655610_734890267265839_7042082510067431729_n.jpg?tp=1&_nc_ht=instagram.fagc2-1.fna.fbcdn.net&_nc_ohc=Q9yxDDyzyrwAX9Xuts8&ccb=7-4&oh=d86b1b6d639825b0f55d29acf1a38f6f&oe=608866EF&_nc_sid=9fb510",
                    "username": "airpods_case_1"
                },
                "likes_count": 0
            }
        ]
    },
    {
        "id": 17855027435496205,
        "created_at": 1612335190,
        "text": "Is the coke one available for AirPods 2? And price please.",
        "owner": {
            "id": "640984519",
            "is_verified": false,
            "profile_pic_url": "https://instagram.fagc2-1.fna.fbcdn.net/v/t51.2885-19/s150x150/139587388_151079643486358_2086701260058417646_n.jpg?tp=1&_nc_ht=instagram.fagc2-1.fna.fbcdn.net&_nc_ohc=l5kS4jxLgggAX_WD56V&ccb=7-4&oh=736332d6fa19194a4c49989e3e54ac3a&oe=60865C59&_nc_sid=9fb510",
            "username": "overlyhormonalraptor"
        },
        "likes_count": 0,
        "answers": [
            {
                "id": 17974006954357308,
                "created_at": 1612335900,
                "text": "@overlyhormonalraptor yes available check dm",
                "owner": {
                    "id": "31345321949",
                    "is_verified": false,
                    "profile_pic_url": "https://instagram.fagc2-1.fna.fbcdn.net/v/t51.2885-19/s150x150/104655610_734890267265839_7042082510067431729_n.jpg?tp=1&_nc_ht=instagram.fagc2-1.fna.fbcdn.net&_nc_ohc=Q9yxDDyzyrwAX9Xuts8&ccb=7-4&oh=d86b1b6d639825b0f55d29acf1a38f6f&oe=608866EF&_nc_sid=9fb510",
                    "username": "airpods_case_1"
                },
                "likes_count": 0
            }
        ]
    }
]