[
    {
        "id": 17866201670461541,
        "created_at": 1616754137,
        "text": "Price.?",
        "owner": {
            "id": "4200595705",
            "is_verified": false,
            "profile_pic_url": "https://instagram.fagc2-1.fna.fbcdn.net/v/t51.2885-19/s150x150/61953109_2355123428092658_8746687047034470400_n.jpg?tp=1&_nc_ht=instagram.fagc2-1.fna.fbcdn.net&_nc_ohc=svPSaxBd_ooAX9iX0UE&ccb=7-4&oh=33fb368bb54b56cddbd69c24eba57583&oe=6088493A&_nc_sid=9fb510",
            "username": "rohan.lilwani"
        },
        "likes_count": 0,
        "answers": [
            {
                "id": 17894152249956789,
                "created_at": 1616754524,
                "text": "@rohan.lilwani check dm",
                "owner": {
                    "id": "31345321949",
                    "is_verified": false,
                    "profile_pic_url": "https://instagram.fagc2-1.fna.fbcdn.net/v/t51.2885-19/s150x150/104655610_734890267265839_7042082510067431729_n.jpg?tp=1&_nc_ht=instagram.fagc2-1.fna.fbcdn.net&_nc_ohc=Q9yxDDyzyrwAX9Xuts8&ccb=7-4&oh=d86b1b6d639825b0f55d29acf1a38f6f&oe=608866EF&_nc_sid=9fb510",
                    "username": "airpods_case_1"
                },
                "likes_count": 0
            }
        ]
    },
    {
        "id": 17892629974832011,
        "created_at": 1611395564,
        "text": "Price of that tiger cover",
        "owner": {
            "id": "4819063963",
            "is_verified": false,
            "profile_pic_url": "https://instagram.fagc2-1.fna.fbcdn.net/v/t51.2885-19/s150x150/106635353_886690861741361_8888180884835984521_n.jpg?tp=1&_nc_ht=instagram.fagc2-1.fna.fbcdn.net&_nc_ohc=qo7o0Bg-T3IAX9TtCW6&ccb=7-4&oh=92dfa0f9746d0ff15e144c95dc66e7f8&oe=6087494D&_nc_sid=9fb510",
            "username": "_esha_0"
        },
        "likes_count": 0,
        "answers": [
            {
                "id": 17908761655623943,
                "created_at": 1611395651,
                "text": "@_esha_0 check dm",
                "owner": {
                    "id": "31345321949",
                    "is_verified": false,
                    "profile_pic_url": "https://instagram.fagc2-1.fna.fbcdn.net/v/t51.2885-19/s150x150/104655610_734890267265839_7042082510067431729_n.jpg?tp=1&_nc_ht=instagram.fagc2-1.fna.fbcdn.net&_nc_ohc=Q9yxDDyzyrwAX9Xuts8&ccb=7-4&oh=d86b1b6d639825b0f55d29acf1a38f6f&oe=608866EF&_nc_sid=9fb510",
                    "username": "airpods_case_1"
                },
                "likes_count": 0
            }
        ]
    }
]