[
    {
        "id": 17878505501161958,
        "created_at": 1616528836,
        "text": "Price",
        "owner": {
            "id": "1195198822",
            "is_verified": false,
            "profile_pic_url": "https://instagram.fagc2-1.fna.fbcdn.net/v/t51.2885-19/s150x150/138697771_425570252194121_8229245095261241873_n.jpg?tp=1&_nc_ht=instagram.fagc2-1.fna.fbcdn.net&_nc_ohc=wmhl_ilFvWAAX_wtovg&ccb=7-4&oh=d2af961ef44f848bb0d4d8e5e43ee7c8&oe=60887A73&_nc_sid=9fb510",
            "username": "annahmakkar"
        },
        "likes_count": 0,
        "answers": [
            {
                "id": 17894718148941881,
                "created_at": 1616528942,
                "text": "@annahmakkar check dm",
                "owner": {
                    "id": "31345321949",
                    "is_verified": false,
                    "profile_pic_url": "https://instagram.fagc2-1.fna.fbcdn.net/v/t51.2885-19/s150x150/104655610_734890267265839_7042082510067431729_n.jpg?tp=1&_nc_ht=instagram.fagc2-1.fna.fbcdn.net&_nc_ohc=Q9yxDDyzyrwAX9Xuts8&ccb=7-4&oh=d86b1b6d639825b0f55d29acf1a38f6f&oe=608866EF&_nc_sid=9fb510",
                    "username": "airpods_case_1"
                },
                "likes_count": 0
            }
        ]
    },
    {
        "id": 17893824031890728,
        "created_at": 1615473992,
        "text": "Price pls",
        "owner": {
            "id": "46279410022",
            "is_verified": false,
            "profile_pic_url": "https://instagram.fagc2-1.fna.fbcdn.net/v/t51.2885-19/s150x150/158589689_1114217602375410_5993750677430219300_n.jpg?tp=1&_nc_ht=instagram.fagc2-1.fna.fbcdn.net&_nc_ohc=tklg3FhTtEkAX8mszOX&ccb=7-4&oh=8651d6649cc37a16392c4cac9a87fea6&oe=6089CF0E&_nc_sid=9fb510",
            "username": "jana_milinkovic4"
        },
        "likes_count": 0,
        "answers": [
            {
                "id": 17878635980189106,
                "created_at": 1615483470,
                "text": "@jana_milinkovic4 check dm",
                "owner": {
                    "id": "31345321949",
                    "is_verified": false,
                    "profile_pic_url": "https://instagram.fagc2-1.fna.fbcdn.net/v/t51.2885-19/s150x150/104655610_734890267265839_7042082510067431729_n.jpg?tp=1&_nc_ht=instagram.fagc2-1.fna.fbcdn.net&_nc_ohc=Q9yxDDyzyrwAX9Xuts8&ccb=7-4&oh=d86b1b6d639825b0f55d29acf1a38f6f&oe=608866EF&_nc_sid=9fb510",
                    "username": "airpods_case_1"
                },
                "likes_count": 0
            }
        ]
    },
    {
        "id": 17914952443585787,
        "created_at": 1612719693,
        "text": "Price please",
        "owner": {
            "id": "9905116338",
            "is_verified": false,
            "profile_pic_url": "https://instagram.fagc2-1.fna.fbcdn.net/v/t51.2885-19/s150x150/118677253_309023233529153_9085820830104047905_n.jpg?tp=1&_nc_ht=instagram.fagc2-1.fna.fbcdn.net&_nc_ohc=lwm9aq_fYooAX9JvVK5&ccb=7-4&oh=07cf38477e4d9066ad987a8cf1e265ae&oe=60892779&_nc_sid=9fb510",
            "username": "nader_mariejoe"
        },
        "likes_count": 0,
        "answers": [
            {
                "id": 17903344816737993,
                "created_at": 1612720271,
                "text": "@nader_mariejoe check dm",
                "owner": {
                    "id": "31345321949",
                    "is_verified": false,
                    "profile_pic_url": "https://instagram.fagc2-1.fna.fbcdn.net/v/t51.2885-19/s150x150/104655610_734890267265839_7042082510067431729_n.jpg?tp=1&_nc_ht=instagram.fagc2-1.fna.fbcdn.net&_nc_ohc=Q9yxDDyzyrwAX9Xuts8&ccb=7-4&oh=d86b1b6d639825b0f55d29acf1a38f6f&oe=608866EF&_nc_sid=9fb510",
                    "username": "airpods_case_1"
                },
                "likes_count": 1
            }
        ]
    },
    {
        "id": 18047813158286162,
        "created_at": 1612455023,
        "text": "Please how much is this ?",
        "owner": {
            "id": "10978213755",
            "is_verified": false,
            "profile_pic_url": "https://instagram.fagc2-1.fna.fbcdn.net/v/t51.2885-19/s150x150/119466894_348934029630345_1496869080744292100_n.jpg?tp=1&_nc_ht=instagram.fagc2-1.fna.fbcdn.net&_nc_ohc=uuri9xArrLwAX8NMD3P&ccb=7-4&oh=566a1cc5d522b63339d19fc689e22e46&oe=6086ECA0&_nc_sid=9fb510",
            "username": "expressions_inc_gh"
        },
        "likes_count": 0,
        "answers": [
            {
                "id": 17967668902361203,
                "created_at": 1612455079,
                "text": "@expressions_inc_gh check dm",
                "owner": {
                    "id": "31345321949",
                    "is_verified": false,
                    "profile_pic_url": "https://instagram.fagc2-1.fna.fbcdn.net/v/t51.2885-19/s150x150/104655610_734890267265839_7042082510067431729_n.jpg?tp=1&_nc_ht=instagram.fagc2-1.fna.fbcdn.net&_nc_ohc=Q9yxDDyzyrwAX9Xuts8&ccb=7-4&oh=d86b1b6d639825b0f55d29acf1a38f6f&oe=608866EF&_nc_sid=9fb510",
                    "username": "airpods_case_1"
                },
                "likes_count": 0
            }
        ]
    }
]