[
    {
        "id": 17932715461497968,
        "created_at": 1616383001,
        "text": "Pp",
        "owner": {
            "id": "1832231881",
            "is_verified": false,
            "profile_pic_url": "https://instagram.fagc2-1.fna.fbcdn.net/v/t51.2885-19/s150x150/109741483_320277735676664_3513815189705936059_n.jpg?tp=1&_nc_ht=instagram.fagc2-1.fna.fbcdn.net&_nc_ohc=uCsaBxqKnOYAX_RSlmU&ccb=7-4&oh=54fe0be1ff229623fdcef0053285ed59&oe=608892EB&_nc_sid=9fb510",
            "username": "faceracer__"
        },
        "likes_count": 0,
        "answers": [
            {
                "id": 17870128217352012,
                "created_at": 1616409962,
                "text": "@faceracer__ check dm",
                "owner": {
                    "id": "31345321949",
                    "is_verified": false,
                    "profile_pic_url": "https://instagram.fagc2-1.fna.fbcdn.net/v/t51.2885-19/s150x150/104655610_734890267265839_7042082510067431729_n.jpg?tp=1&_nc_ht=instagram.fagc2-1.fna.fbcdn.net&_nc_ohc=Q9yxDDyzyrwAX9Xuts8&ccb=7-4&oh=d86b1b6d639825b0f55d29acf1a38f6f&oe=608866EF&_nc_sid=9fb510",
                    "username": "airpods_case_1"
                },
                "likes_count": 0
            }
        ]
    },
    {
        "id": 17889888886968257,
        "created_at": 1616226560,
        "text": "@rosalie.wevers  kijk die sthits",
        "owner": {
            "id": "2210680610",
            "is_verified": false,
            "profile_pic_url": "https://instagram.fagc2-1.fna.fbcdn.net/v/t51.2885-19/s150x150/153485636_169236464824308_4801293765330762357_n.jpg?tp=1&_nc_ht=instagram.fagc2-1.fna.fbcdn.net&_nc_ohc=8bCMJ5_gAloAX86lIv3&ccb=7-4&oh=bf9b2316206924c6afc30ae3e0633235&oe=60860F20&_nc_sid=9fb510",
            "username": "fee.official_043"
        },
        "likes_count": 0,
        "answers": []
    },
    {
        "id": 17876369561188853,
        "created_at": 1616052228,
        "text": "Hm",
        "owner": {
            "id": "24145621868",
            "is_verified": false,
            "profile_pic_url": "https://instagram.fagc2-1.fna.fbcdn.net/v/t51.2885-19/s150x150/75595333_509657162960135_9197617845284896768_n.jpg?tp=1&_nc_ht=instagram.fagc2-1.fna.fbcdn.net&_nc_ohc=hI4YKNVXC2sAX9xHYYd&ccb=7-4&oh=e90105ebe9afabfeeaa2c27f96a43737&oe=6089FF5E&_nc_sid=9fb510",
            "username": "shekosherif995"
        },
        "likes_count": 0,
        "answers": []
    },
    {
        "id": 17896043242854014,
        "created_at": 1615712629,
        "text": "Price ?",
        "owner": {
            "id": "31588410438",
            "is_verified": false,
            "profile_pic_url": "https://instagram.fagc2-1.fna.fbcdn.net/v/t51.2885-19/s150x150/144975326_1976905139116108_5231996423033655589_n.jpg?tp=1&_nc_ht=instagram.fagc2-1.fna.fbcdn.net&_nc_ohc=9OBoEm-dYTgAX96XKz8&ccb=7-4&oh=3e7f54f9b97822d648cd576c1344cac6&oe=6086F818&_nc_sid=9fb510",
            "username": "jasminekohli2"
        },
        "likes_count": 0,
        "answers": [
            {
                "id": 17920720930529595,
                "created_at": 1615715653,
                "text": "@jasminekohli2 check dm",
                "owner": {
                    "id": "31345321949",
                    "is_verified": false,
                    "profile_pic_url": "https://instagram.fagc2-1.fna.fbcdn.net/v/t51.2885-19/s150x150/104655610_734890267265839_7042082510067431729_n.jpg?tp=1&_nc_ht=instagram.fagc2-1.fna.fbcdn.net&_nc_ohc=Q9yxDDyzyrwAX9Xuts8&ccb=7-4&oh=d86b1b6d639825b0f55d29acf1a38f6f&oe=608866EF&_nc_sid=9fb510",
                    "username": "airpods_case_1"
                },
                "likes_count": 0
            }
        ]
    },
    {
        "id": 17876416802226015,
        "created_at": 1615166215,
        "text": "Price",
        "owner": {
            "id": "3877878410",
            "is_verified": false,
            "profile_pic_url": "https://instagram.fagc2-1.fna.fbcdn.net/v/t51.2885-19/s150x150/158333030_936439820500652_2678249518744746657_n.jpg?tp=1&_nc_ht=instagram.fagc2-1.fna.fbcdn.net&_nc_ohc=mZcJULWy8vAAX8rljOC&ccb=7-4&oh=0d536e63a613af3dd68caf6200f1e970&oe=60871269&_nc_sid=9fb510",
            "username": "rajichittala"
        },
        "likes_count": 0,
        "answers": [
            {
                "id": 17864586755394668,
                "created_at": 1615170919,
                "text": "@rajichittala check dm",
                "owner": {
                    "id": "31345321949",
                    "is_verified": false,
                    "profile_pic_url": "https://instagram.fagc2-1.fna.fbcdn.net/v/t51.2885-19/s150x150/104655610_734890267265839_7042082510067431729_n.jpg?tp=1&_nc_ht=instagram.fagc2-1.fna.fbcdn.net&_nc_ohc=Q9yxDDyzyrwAX9Xuts8&ccb=7-4&oh=d86b1b6d639825b0f55d29acf1a38f6f&oe=608866EF&_nc_sid=9fb510",
                    "username": "airpods_case_1"
                },
                "likes_count": 0
            }
        ]
    },
    {
        "id": 17865303641336971,
        "created_at": 1614321193,
        "text": "How to contact?",
        "owner": {
            "id": "5378978486",
            "is_verified": false,
            "profile_pic_url": "https://instagram.fagc2-1.fna.fbcdn.net/v/t51.2885-19/s150x150/27579800_344382459303395_506344736886358016_n.jpg?tp=1&_nc_ht=instagram.fagc2-1.fna.fbcdn.net&_nc_ohc=qg9bujsumagAX-8-WGD&ccb=7-4&oh=53027e84c999c0af41f460822b0464df&oe=60896A06&_nc_sid=9fb510",
            "username": "ramkumarrvshankar"
        },
        "likes_count": 0,
        "answers": [
            {
                "id": 17887929985957845,
                "created_at": 1614321557,
                "text": "@ramkumarrvshankar check dm",
                "owner": {
                    "id": "31345321949",
                    "is_verified": false,
                    "profile_pic_url": "https://instagram.fagc2-1.fna.fbcdn.net/v/t51.2885-19/s150x150/104655610_734890267265839_7042082510067431729_n.jpg?tp=1&_nc_ht=instagram.fagc2-1.fna.fbcdn.net&_nc_ohc=Q9yxDDyzyrwAX9Xuts8&ccb=7-4&oh=d86b1b6d639825b0f55d29acf1a38f6f&oe=608866EF&_nc_sid=9fb510",
                    "username": "airpods_case_1"
                },
                "likes_count": 0
            }
        ]
    },
    {
        "id": 17872490105199641,
        "created_at": 1614112518,
        "text": "Price ?",
        "owner": {
            "id": "46160506629",
            "is_verified": false,
            "profile_pic_url": "https://instagram.fagc2-1.fna.fbcdn.net/v/t51.2885-19/s150x150/152838759_291144362346024_8625390000524026425_n.jpg?tp=1&_nc_ht=instagram.fagc2-1.fna.fbcdn.net&_nc_ohc=mzn_lkCgbDIAX99kfEY&ccb=7-4&oh=85be86e77fb4cea480edd672a0b0dec7&oe=608697BB&_nc_sid=9fb510",
            "username": "airpod_case_hyd"
        },
        "likes_count": 0,
        "answers": []
    },
    {
        "id": 17928332218498098,
        "created_at": 1613645282,
        "text": "Micky mouse",
        "owner": {
            "id": "44950266203",
            "is_verified": false,
            "profile_pic_url": "https://instagram.fagc2-1.fna.fbcdn.net/v/t51.2885-19/s150x150/140080935_436598587654643_5301214679844233883_n.jpg?tp=1&_nc_ht=instagram.fagc2-1.fna.fbcdn.net&_nc_ohc=DS2dZGXk3y8AX_pHa_w&ccb=7-4&oh=3666cfa312a2afe4736b88c18cade81b&oe=60877532&_nc_sid=9fb510",
            "username": "piyushkukreja7"
        },
        "likes_count": 0,
        "answers": [
            {
                "id": 17875902839190436,
                "created_at": 1613645424,
                "text": "@piyushkukreja7 check dm",
                "owner": {
                    "id": "31345321949",
                    "is_verified": false,
                    "profile_pic_url": "https://instagram.fagc2-1.fna.fbcdn.net/v/t51.2885-19/s150x150/104655610_734890267265839_7042082510067431729_n.jpg?tp=1&_nc_ht=instagram.fagc2-1.fna.fbcdn.net&_nc_ohc=Q9yxDDyzyrwAX9Xuts8&ccb=7-4&oh=d86b1b6d639825b0f55d29acf1a38f6f&oe=608866EF&_nc_sid=9fb510",
                    "username": "airpods_case_1"
                },
                "likes_count": 0
            }
        ]
    },
    {
        "id": 17878488731156192,
        "created_at": 1613645276,
        "text": "Price kya hai",
        "owner": {
            "id": "44950266203",
            "is_verified": false,
            "profile_pic_url": "https://instagram.fagc2-1.fna.fbcdn.net/v/t51.2885-19/s150x150/140080935_436598587654643_5301214679844233883_n.jpg?tp=1&_nc_ht=instagram.fagc2-1.fna.fbcdn.net&_nc_ohc=DS2dZGXk3y8AX_pHa_w&tn=eshUbtNHFH1B42Ck&ccb=7-4&oh=48e6462c92a6861caf3d657d9921aa8a&oe=60877532&_nc_sid=9fb510",
            "username": "piyushkukreja7"
        },
        "likes_count": 0,
        "answers": []
    },
    {
        "id": 17944089313437017,
        "created_at": 1613118052,
        "text": "Price ?",
        "owner": {
            "id": "45868865877",
            "is_verified": false,
            "profile_pic_url": "https://instagram.fagc2-1.fna.fbcdn.net/v/t51.2885-19/s150x150/151108767_1031195267290275_6237923474263626144_n.jpg?tp=1&_nc_ht=instagram.fagc2-1.fna.fbcdn.net&_nc_ohc=3x68uFKFVeMAX8MueON&ccb=7-4&oh=6fcfaf3d74b97f40fe599b156c444899&oe=60874541&_nc_sid=9fb510",
            "username": "miss___queen_of_heart__"
        },
        "likes_count": 0,
        "answers": [
            {
                "id": 17960555674378355,
                "created_at": 1613118282,
                "text": "@miss___queen_of_heart__ check dm",
                "owner": {
                    "id": "31345321949",
                    "is_verified": false,
                    "profile_pic_url": "https://instagram.fagc2-1.fna.fbcdn.net/v/t51.2885-19/s150x150/104655610_734890267265839_7042082510067431729_n.jpg?tp=1&_nc_ht=instagram.fagc2-1.fna.fbcdn.net&_nc_ohc=Q9yxDDyzyrwAX9Xuts8&ccb=7-4&oh=d86b1b6d639825b0f55d29acf1a38f6f&oe=608866EF&_nc_sid=9fb510",
                    "username": "airpods_case_1"
                },
                "likes_count": 0
            }
        ]
    },
    {
        "id": 17895665971801844,
        "created_at": 1612729380,
        "text": "Pp",
        "owner": {
            "id": "45091032812",
            "is_verified": false,
            "profile_pic_url": "https://instagram.fagc2-1.fna.fbcdn.net/v/t51.2885-19/s150x150/163593893_1081044439073632_6244835471970573175_n.jpg?tp=1&_nc_ht=instagram.fagc2-1.fna.fbcdn.net&_nc_ohc=c9kAPCDQRVoAX95Oi9m&ccb=7-4&oh=450b35638d553371c6be003f2e9cd749&oe=6087D430&_nc_sid=9fb510",
            "username": "thelabrantfam59"
        },
        "likes_count": 0,
        "answers": [
            {
                "id": 17955279616397298,
                "created_at": 1612754700,
                "text": "@thelabrantfam59 check dm",
                "owner": {
                    "id": "31345321949",
                    "is_verified": false,
                    "profile_pic_url": "https://instagram.fagc2-1.fna.fbcdn.net/v/t51.2885-19/s150x150/104655610_734890267265839_7042082510067431729_n.jpg?tp=1&_nc_ht=instagram.fagc2-1.fna.fbcdn.net&_nc_ohc=Q9yxDDyzyrwAX9Xuts8&ccb=7-4&oh=d86b1b6d639825b0f55d29acf1a38f6f&oe=608866EF&_nc_sid=9fb510",
                    "username": "airpods_case_1"
                },
                "likes_count": 1
            }
        ]
    },
    {
        "id": 17896438876830057,
        "created_at": 1612592068,
        "text": "Price plzzz",
        "owner": {
            "id": "3106351825",
            "is_verified": false,
            "profile_pic_url": "https://instagram.fagc2-1.fna.fbcdn.net/v/t51.2885-19/s150x150/89940121_229495584838867_1479609803905957888_n.jpg?tp=1&_nc_ht=instagram.fagc2-1.fna.fbcdn.net&_nc_ohc=ZR2apDn6s2wAX9AQhuI&ccb=7-4&oh=d66cefb2a8c08f846004143026a71929&oe=60864906&_nc_sid=9fb510",
            "username": "shruuuuti____"
        },
        "likes_count": 0,
        "answers": [
            {
                "id": 17894913472850519,
                "created_at": 1612592889,
                "text": "@shrutiiiiiii_k check dm",
                "owner": {
                    "id": "31345321949",
                    "is_verified": false,
                    "profile_pic_url": "https://instagram.fagc2-1.fna.fbcdn.net/v/t51.2885-19/s150x150/104655610_734890267265839_7042082510067431729_n.jpg?tp=1&_nc_ht=instagram.fagc2-1.fna.fbcdn.net&_nc_ohc=Q9yxDDyzyrwAX9Xuts8&ccb=7-4&oh=d86b1b6d639825b0f55d29acf1a38f6f&oe=608866EF&_nc_sid=9fb510",
                    "username": "airpods_case_1"
                },
                "likes_count": 0
            }
        ]
    },
    {
        "id": 17897921455805796,
        "created_at": 1612459999,
        "text": "pp",
        "owner": {
            "id": "1588854750",
            "is_verified": false,
            "profile_pic_url": "https://instagram.fagc2-1.fna.fbcdn.net/v/t51.2885-19/s150x150/155026376_1120070655087198_9143348431761000179_n.jpg?tp=1&_nc_ht=instagram.fagc2-1.fna.fbcdn.net&_nc_ohc=emo8MlN09oMAX9HbLjo&ccb=7-4&oh=907fdc66f84c651465be1e65ed3f0876&oe=6087C7FB&_nc_sid=9fb510",
            "username": "rrasleenkaur"
        },
        "likes_count": 0,
        "answers": [
            {
                "id": 17971680529363984,
                "created_at": 1612460031,
                "text": "@rrasleenkaur check dm",
                "owner": {
                    "id": "31345321949",
                    "is_verified": false,
                    "profile_pic_url": "https://instagram.fagc2-1.fna.fbcdn.net/v/t51.2885-19/s150x150/104655610_734890267265839_7042082510067431729_n.jpg?tp=1&_nc_ht=instagram.fagc2-1.fna.fbcdn.net&_nc_ohc=Q9yxDDyzyrwAX9Xuts8&ccb=7-4&oh=d86b1b6d639825b0f55d29acf1a38f6f&oe=608866EF&_nc_sid=9fb510",
                    "username": "airpods_case_1"
                },
                "likes_count": 0
            }
        ]
    },
    {
        "id": 18158097808106670,
        "created_at": 1612374470,
        "text": "Price inbox",
        "owner": {
            "id": "4352032346",
            "is_verified": false,
            "profile_pic_url": "https://instagram.fagc2-1.fna.fbcdn.net/v/t51.2885-19/s150x150/136819076_163802935128937_7828233875785996903_n.jpg?tp=1&_nc_ht=instagram.fagc2-1.fna.fbcdn.net&_nc_ohc=kmVse9e9s5QAX8VSXtG&ccb=7-4&oh=2d6271758c52cd71ea64654b29695de6&oe=6086BBE5&_nc_sid=9fb510",
            "username": "murtazajutt_"
        },
        "likes_count": 0,
        "answers": [
            {
                "id": 17872012829187669,
                "created_at": 1612374797,
                "text": "@murtazajutt_ check dm",
                "owner": {
                    "id": "31345321949",
                    "is_verified": false,
                    "profile_pic_url": "https://instagram.fagc2-1.fna.fbcdn.net/v/t51.2885-19/s150x150/104655610_734890267265839_7042082510067431729_n.jpg?tp=1&_nc_ht=instagram.fagc2-1.fna.fbcdn.net&_nc_ohc=Q9yxDDyzyrwAX9Xuts8&ccb=7-4&oh=d86b1b6d639825b0f55d29acf1a38f6f&oe=608866EF&_nc_sid=9fb510",
                    "username": "airpods_case_1"
                },
                "likes_count": 0
            }
        ]
    },
    {
        "id": 18137145628182242,
        "created_at": 1612287016,
        "text": "pp",
        "owner": {
            "id": "44831576553",
            "is_verified": false,
            "profile_pic_url": "https://instagram.fagc2-1.fna.fbcdn.net/v/t51.2885-19/s150x150/148822786_2880964525448320_1099689426634881901_n.jpg?tp=1&_nc_ht=instagram.fagc2-1.fna.fbcdn.net&_nc_ohc=eUHnipbqfZMAX-V8NOe&ccb=7-4&oh=9028e21ac03b27a26f49e873a661508c&oe=6089DEEA&_nc_sid=9fb510",
            "username": "prityanshi2"
        },
        "likes_count": 0,
        "answers": [
            {
                "id": 17911679815606638,
                "created_at": 1612287110,
                "text": "@prityanshi2 check dm",
                "owner": {
                    "id": "31345321949",
                    "is_verified": false,
                    "profile_pic_url": "https://instagram.fagc2-1.fna.fbcdn.net/v/t51.2885-19/s150x150/104655610_734890267265839_7042082510067431729_n.jpg?tp=1&_nc_ht=instagram.fagc2-1.fna.fbcdn.net&_nc_ohc=Q9yxDDyzyrwAX9Xuts8&ccb=7-4&oh=d86b1b6d639825b0f55d29acf1a38f6f&oe=608866EF&_nc_sid=9fb510",
                    "username": "airpods_case_1"
                },
                "likes_count": 0
            }
        ]
    }
]