[
    {
        "id": 17890062805961692,
        "created_at": 1616125467,
        "text": "Pp",
        "owner": {
            "id": "1527011893",
            "is_verified": false,
            "profile_pic_url": "https://instagram.fagc2-1.fna.fbcdn.net/v/t51.2885-19/s150x150/134979553_692121514782843_3905969309850268023_n.jpg?tp=1&_nc_ht=instagram.fagc2-1.fna.fbcdn.net&_nc_ohc=rcpxo3mO2PoAX9z6bjJ&ccb=7-4&oh=e6162098ae75f5616b7df0cf34be6636&oe=6087005E&_nc_sid=9fb510",
            "username": "pallavi.srivastava.33"
        },
        "likes_count": 0,
        "answers": [
            {
                "id": 17861882057408632,
                "created_at": 1616133411,
                "text": "@pallavi.srivastava.33 check dm",
                "owner": {
                    "id": "31345321949",
                    "is_verified": false,
                    "profile_pic_url": "https://instagram.fagc2-1.fna.fbcdn.net/v/t51.2885-19/s150x150/104655610_734890267265839_7042082510067431729_n.jpg?tp=1&_nc_ht=instagram.fagc2-1.fna.fbcdn.net&_nc_ohc=Q9yxDDyzyrwAX9Xuts8&ccb=7-4&oh=d86b1b6d639825b0f55d29acf1a38f6f&oe=608866EF&_nc_sid=9fb510",
                    "username": "airpods_case_1"
                },
                "likes_count": 0
            }
        ]
    },
    {
        "id": 17914043803625079,
        "created_at": 1615803013,
        "text": "Price",
        "owner": {
            "id": "2679241996",
            "is_verified": false,
            "profile_pic_url": "https://instagram.fagc2-1.fna.fbcdn.net/v/t51.2885-19/s150x150/158270056_2773213696261833_7495994191550562466_n.jpg?tp=1&_nc_ht=instagram.fagc2-1.fna.fbcdn.net&_nc_ohc=Ot3T98mXXDQAX9trcRW&ccb=7-4&oh=51db407c555cfea9bb56d53d1d125d70&oe=6086D911&_nc_sid=9fb510",
            "username": "vivekty3450"
        },
        "likes_count": 0,
        "answers": [
            {
                "id": 17915728372614419,
                "created_at": 1615803901,
                "text": "@vivekty3450 check dm",
                "owner": {
                    "id": "31345321949",
                    "is_verified": false,
                    "profile_pic_url": "https://instagram.fagc2-1.fna.fbcdn.net/v/t51.2885-19/s150x150/104655610_734890267265839_7042082510067431729_n.jpg?tp=1&_nc_ht=instagram.fagc2-1.fna.fbcdn.net&_nc_ohc=Q9yxDDyzyrwAX9Xuts8&ccb=7-4&oh=d86b1b6d639825b0f55d29acf1a38f6f&oe=608866EF&_nc_sid=9fb510",
                    "username": "airpods_case_1"
                },
                "likes_count": 0
            }
        ]
    },
    {
        "id": 18009623917306763,
        "created_at": 1614681784,
        "text": "IskA Price?",
        "owner": {
            "id": "1548597315",
            "is_verified": false,
            "profile_pic_url": "https://instagram.fagc2-1.fna.fbcdn.net/v/t51.2885-19/s150x150/163178798_477839373253376_1153940617666797816_n.jpg?tp=1&_nc_ht=instagram.fagc2-1.fna.fbcdn.net&_nc_ohc=O5iGx5i8CyIAX9PE4d-&ccb=7-4&oh=4393420853939ccee1269e166a0993a7&oe=60866B7A&_nc_sid=9fb510",
            "username": "raghavkhurana_"
        },
        "likes_count": 0,
        "answers": []
    },
    {
        "id": 17878122656172524,
        "created_at": 1614012415,
        "text": "Price ??",
        "owner": {
            "id": "33754699839",
            "is_verified": false,
            "profile_pic_url": "https://instagram.fagc2-1.fna.fbcdn.net/v/t51.2885-19/s150x150/153728116_850675565485720_7617269277969048901_n.jpg?tp=1&_nc_ht=instagram.fagc2-1.fna.fbcdn.net&_nc_ohc=BqukcUXkG_8AX8rBgME&ccb=7-4&oh=5de91752adad7b243eb3ba3c008cbf59&oe=6087AA9A&_nc_sid=9fb510",
            "username": "rahul_singh1999_"
        },
        "likes_count": 0,
        "answers": [
            {
                "id": 17985917074330194,
                "created_at": 1614012703,
                "text": "@rahul_singh1999_ dm",
                "owner": {
                    "id": "31345321949",
                    "is_verified": false,
                    "profile_pic_url": "https://instagram.fagc2-1.fna.fbcdn.net/v/t51.2885-19/s150x150/104655610_734890267265839_7042082510067431729_n.jpg?tp=1&_nc_ht=instagram.fagc2-1.fna.fbcdn.net&_nc_ohc=Q9yxDDyzyrwAX9Xuts8&ccb=7-4&oh=d86b1b6d639825b0f55d29acf1a38f6f&oe=608866EF&_nc_sid=9fb510",
                    "username": "airpods_case_1"
                },
                "likes_count": 0
            }
        ]
    },
    {
        "id": 17902985830701811,
        "created_at": 1612921274,
        "text": "Price ?",
        "owner": {
            "id": "5377321222",
            "is_verified": false,
            "profile_pic_url": "https://instagram.fagc2-1.fna.fbcdn.net/v/t51.2885-19/s150x150/41643663_1889728567778152_8358089164985466880_n.jpg?tp=1&_nc_ht=instagram.fagc2-1.fna.fbcdn.net&_nc_ohc=7SwsUB6E8p4AX_BJei2&ccb=7-4&oh=84f1de0e9c369e52a5e3dffe7fd237e0&oe=60880B4C&_nc_sid=9fb510",
            "username": "kad._.e"
        },
        "likes_count": 0,
        "answers": [
            {
                "id": 17884426514031425,
                "created_at": 1612930664,
                "text": "@kad._.e check dm",
                "owner": {
                    "id": "31345321949",
                    "is_verified": false,
                    "profile_pic_url": "https://instagram.fagc2-1.fna.fbcdn.net/v/t51.2885-19/s150x150/104655610_734890267265839_7042082510067431729_n.jpg?tp=1&_nc_ht=instagram.fagc2-1.fna.fbcdn.net&_nc_ohc=Q9yxDDyzyrwAX9Xuts8&ccb=7-4&oh=d86b1b6d639825b0f55d29acf1a38f6f&oe=608866EF&_nc_sid=9fb510",
                    "username": "airpods_case_1"
                },
                "likes_count": 0
            }
        ]
    },
    {
        "id": 17932540975478668,
        "created_at": 1612892250,
        "text": "Pp",
        "owner": {
            "id": "3110672316",
            "is_verified": false,
            "profile_pic_url": "https://instagram.fagc2-1.fna.fbcdn.net/v/t51.2885-19/s150x150/49781446_386980888739447_1611167585645101056_n.jpg?tp=1&_nc_ht=instagram.fagc2-1.fna.fbcdn.net&_nc_ohc=_WpDmiMX9D4AX9QARbt&ccb=7-4&oh=78062d43adb952df0e5503a90e9d2961&oe=6086F991&_nc_sid=9fb510",
            "username": "arihantjainaj"
        },
        "likes_count": 0,
        "answers": []
    },
    {
        "id": 18190481689060307,
        "created_at": 1612891037,
        "text": "Pp",
        "owner": {
            "id": "3110672316",
            "is_verified": false,
            "profile_pic_url": "https://instagram.fagc2-1.fna.fbcdn.net/v/t51.2885-19/s150x150/49781446_386980888739447_1611167585645101056_n.jpg?tp=1&_nc_ht=instagram.fagc2-1.fna.fbcdn.net&_nc_ohc=_WpDmiMX9D4AX9QARbt&ccb=7-4&oh=78062d43adb952df0e5503a90e9d2961&oe=6086F991&_nc_sid=9fb510",
            "username": "arihantjainaj"
        },
        "likes_count": 0,
        "answers": [
            {
                "id": 17996984446313803,
                "created_at": 1612891820,
                "text": "@arihantjainaj check dm",
                "owner": {
                    "id": "31345321949",
                    "is_verified": false,
                    "profile_pic_url": "https://instagram.fagc2-1.fna.fbcdn.net/v/t51.2885-19/s150x150/104655610_734890267265839_7042082510067431729_n.jpg?tp=1&_nc_ht=instagram.fagc2-1.fna.fbcdn.net&_nc_ohc=Q9yxDDyzyrwAX9Xuts8&ccb=7-4&oh=d86b1b6d639825b0f55d29acf1a38f6f&oe=608866EF&_nc_sid=9fb510",
                    "username": "airpods_case_1"
                },
                "likes_count": 0
            }
        ]
    },
    {
        "id": 17895228196844340,
        "created_at": 1612835227,
        "text": "Price",
        "owner": {
            "id": "3087627218",
            "is_verified": false,
            "profile_pic_url": "https://instagram.fagc2-1.fna.fbcdn.net/v/t51.2885-19/s150x150/163098454_480916659658694_1005147262400803572_n.jpg?tp=1&_nc_ht=instagram.fagc2-1.fna.fbcdn.net&_nc_ohc=L77iS4gRTXQAX_4XNKk&ccb=7-4&oh=719695e9d087c3873580796c190fdb7c&oe=6087C26D&_nc_sid=9fb510",
            "username": "priyanshu910"
        },
        "likes_count": 0,
        "answers": [
            {
                "id": 17925690025513095,
                "created_at": 1612845304,
                "text": "@priyanshu910 check dm",
                "owner": {
                    "id": "31345321949",
                    "is_verified": false,
                    "profile_pic_url": "https://instagram.fagc2-1.fna.fbcdn.net/v/t51.2885-19/s150x150/104655610_734890267265839_7042082510067431729_n.jpg?tp=1&_nc_ht=instagram.fagc2-1.fna.fbcdn.net&_nc_ohc=Q9yxDDyzyrwAX9Xuts8&ccb=7-4&oh=d86b1b6d639825b0f55d29acf1a38f6f&oe=608866EF&_nc_sid=9fb510",
                    "username": "airpods_case_1"
                },
                "likes_count": 0
            }
        ]
    },
    {
        "id": 18096011920220725,
        "created_at": 1612620712,
        "text": "price?",
        "owner": {
            "id": "1399336158",
            "is_verified": false,
            "profile_pic_url": "https://instagram.fagc2-1.fna.fbcdn.net/v/t51.2885-19/s150x150/139933723_445149103283484_4489796871740028174_n.jpg?tp=1&_nc_ht=instagram.fagc2-1.fna.fbcdn.net&_nc_ohc=A18L75y_3sYAX8tJ9cm&ccb=7-4&oh=c52688564efdec6276fad2e5713b84d0&oe=608733DC&_nc_sid=9fb510",
            "username": "ankit786787"
        },
        "likes_count": 0,
        "answers": [
            {
                "id": 17916007591573611,
                "created_at": 1612621518,
                "text": "@ankit786787 check dm",
                "owner": {
                    "id": "31345321949",
                    "is_verified": false,
                    "profile_pic_url": "https://instagram.fagc2-1.fna.fbcdn.net/v/t51.2885-19/s150x150/104655610_734890267265839_7042082510067431729_n.jpg?tp=1&_nc_ht=instagram.fagc2-1.fna.fbcdn.net&_nc_ohc=Q9yxDDyzyrwAX9Xuts8&ccb=7-4&oh=d86b1b6d639825b0f55d29acf1a38f6f&oe=608866EF&_nc_sid=9fb510",
                    "username": "airpods_case_1"
                },
                "likes_count": 0
            }
        ]
    },
    {
        "id": 17862844796335446,
        "created_at": 1612296461,
        "text": "Hi",
        "owner": {
            "id": "31525253319",
            "is_verified": false,
            "profile_pic_url": "https://instagram.fagc2-1.fna.fbcdn.net/v/t51.2885-19/s150x150/89294863_600698913852415_2835163364412358656_n.jpg?tp=1&_nc_ht=instagram.fagc2-1.fna.fbcdn.net&_nc_ohc=3Qs19NPC60EAX_dVqGD&ccb=7-4&oh=8824b36049ebf401a758726a9ecd7bb6&oe=6089D978&_nc_sid=9fb510",
            "username": "yaro5579"
        },
        "likes_count": 0,
        "answers": []
    }
]