[
    {
        "id": 17876890862256829,
        "created_at": 1616692102,
        "text": "H m?",
        "owner": {
            "id": "5877115798",
            "is_verified": false,
            "profile_pic_url": "https://instagram.fagc2-1.fna.fbcdn.net/v/t51.2885-19/s150x150/155933026_343584017119467_4243868565033835048_n.jpg?tp=1&_nc_ht=instagram.fagc2-1.fna.fbcdn.net&_nc_ohc=vKfbYFRUm9oAX8hIK0P&ccb=7-4&oh=bc36be31743d740228888d5d2bec91f0&oe=6087DED7&_nc_sid=9fb510",
            "username": "poz_vuth"
        },
        "likes_count": 0,
        "answers": []
    },
    {
        "id": 17890021082052393,
        "created_at": 1616606033,
        "text": "PP?",
        "owner": {
            "id": "1435079725",
            "is_verified": false,
            "profile_pic_url": "https://instagram.fagc2-1.fna.fbcdn.net/v/t51.2885-19/s150x150/115616615_2676061149302048_2923869393108045121_n.jpg?tp=1&_nc_ht=instagram.fagc2-1.fna.fbcdn.net&_nc_ohc=1-NpXZmNDzAAX_olzCT&ccb=7-4&oh=b8461c37c7ef7e3e0140a4a812e44762&oe=6087682D&_nc_sid=9fb510",
            "username": "priyalgehlot"
        },
        "likes_count": 0,
        "answers": []
    },
    {
        "id": 17918475697596940,
        "created_at": 1616093804,
        "text": "Price",
        "owner": {
            "id": "2984130120",
            "is_verified": false,
            "profile_pic_url": "https://instagram.fagc2-1.fna.fbcdn.net/v/t51.2885-19/s150x150/67359619_2345500325716583_7967814282890969088_n.jpg?tp=1&_nc_ht=instagram.fagc2-1.fna.fbcdn.net&_nc_ohc=rUTw_fYEFMUAX_lYJmr&ccb=7-4&oh=ae5f679649288457e890b432ef4ac742&oe=6088D7F9&_nc_sid=9fb510",
            "username": "independent.giirl"
        },
        "likes_count": 0,
        "answers": [
            {
                "id": 17902500331819498,
                "created_at": 1616123157,
                "text": "@independent.giirl check dm",
                "owner": {
                    "id": "31345321949",
                    "is_verified": false,
                    "profile_pic_url": "https://instagram.fagc2-1.fna.fbcdn.net/v/t51.2885-19/s150x150/104655610_734890267265839_7042082510067431729_n.jpg?tp=1&_nc_ht=instagram.fagc2-1.fna.fbcdn.net&_nc_ohc=Q9yxDDyzyrwAX9Xuts8&ccb=7-4&oh=d86b1b6d639825b0f55d29acf1a38f6f&oe=608866EF&_nc_sid=9fb510",
                    "username": "airpods_case_1"
                },
                "likes_count": 0
            }
        ]
    },
    {
        "id": 17954654644416342,
        "created_at": 1616058270,
        "text": "Price",
        "owner": {
            "id": "8225400909",
            "is_verified": false,
            "profile_pic_url": "https://instagram.fagc2-1.fna.fbcdn.net/v/t51.2885-19/s150x150/131538556_722602665329841_7546828105482566264_n.jpg?tp=1&_nc_ht=instagram.fagc2-1.fna.fbcdn.net&_nc_ohc=LejFXgJELZ4AX8oJ637&ccb=7-4&oh=a9bc7586149e002edb188cc0e12251be&oe=608676B0&_nc_sid=9fb510",
            "username": "tasnim.rubiya"
        },
        "likes_count": 0,
        "answers": [
            {
                "id": 17947994299438422,
                "created_at": 1616058354,
                "text": "@tasnim.rubiya check dm",
                "owner": {
                    "id": "31345321949",
                    "is_verified": false,
                    "profile_pic_url": "https://instagram.fagc2-1.fna.fbcdn.net/v/t51.2885-19/s150x150/104655610_734890267265839_7042082510067431729_n.jpg?tp=1&_nc_ht=instagram.fagc2-1.fna.fbcdn.net&_nc_ohc=Q9yxDDyzyrwAX9Xuts8&ccb=7-4&oh=d86b1b6d639825b0f55d29acf1a38f6f&oe=608866EF&_nc_sid=9fb510",
                    "username": "airpods_case_1"
                },
                "likes_count": 0
            }
        ]
    },
    {
        "id": 17892904414904479,
        "created_at": 1614709791,
        "text": "Price",
        "owner": {
            "id": "3874140191",
            "is_verified": false,
            "profile_pic_url": "https://instagram.fagc2-1.fna.fbcdn.net/v/t51.2885-19/s150x150/162567069_780027725970399_8299107567004851420_n.jpg?tp=1&_nc_ht=instagram.fagc2-1.fna.fbcdn.net&_nc_ohc=_HjRfS1p_YwAX9qIp3n&ccb=7-4&oh=7f5dfb2c6f9478db219023c53f6a54ba&oe=60897D38&_nc_sid=9fb510",
            "username": "payalverma965"
        },
        "likes_count": 0,
        "answers": [
            {
                "id": 18196922386009513,
                "created_at": 1614710049,
                "text": "@payalverma965 check dm",
                "owner": {
                    "id": "31345321949",
                    "is_verified": false,
                    "profile_pic_url": "https://instagram.fagc2-1.fna.fbcdn.net/v/t51.2885-19/s150x150/104655610_734890267265839_7042082510067431729_n.jpg?tp=1&_nc_ht=instagram.fagc2-1.fna.fbcdn.net&_nc_ohc=Q9yxDDyzyrwAX9Xuts8&ccb=7-4&oh=d86b1b6d639825b0f55d29acf1a38f6f&oe=608866EF&_nc_sid=9fb510",
                    "username": "airpods_case_1"
                },
                "likes_count": 0
            }
        ]
    },
    {
        "id": 17898620251769493,
        "created_at": 1614231299,
        "text": "Pp",
        "owner": {
            "id": "46103550867",
            "is_verified": false,
            "profile_pic_url": "https://instagram.fagc2-1.fna.fbcdn.net/v/t51.2885-19/s150x150/156947961_759225511444502_866248308669831870_n.jpg?tp=1&_nc_ht=instagram.fagc2-1.fna.fbcdn.net&_nc_ohc=54jKYBCHz4oAX8lU_-U&ccb=7-4&oh=055cea5cc651a9bb29e66c136a151174&oe=60875821&_nc_sid=9fb510",
            "username": "shivi.sharma312"
        },
        "likes_count": 0,
        "answers": [
            {
                "id": 18121346392174786,
                "created_at": 1614233446,
                "text": "@shivani5719sharma check dm",
                "owner": {
                    "id": "31345321949",
                    "is_verified": false,
                    "profile_pic_url": "https://instagram.fagc2-1.fna.fbcdn.net/v/t51.2885-19/s150x150/104655610_734890267265839_7042082510067431729_n.jpg?tp=1&_nc_ht=instagram.fagc2-1.fna.fbcdn.net&_nc_ohc=Q9yxDDyzyrwAX9Xuts8&ccb=7-4&oh=d86b1b6d639825b0f55d29acf1a38f6f&oe=608866EF&_nc_sid=9fb510",
                    "username": "airpods_case_1"
                },
                "likes_count": 0
            }
        ]
    },
    {
        "id": 17872820675311276,
        "created_at": 1613546103,
        "text": "For XR .... pp?",
        "owner": {
            "id": "1333763155",
            "is_verified": false,
            "profile_pic_url": "https://instagram.fagc2-1.fna.fbcdn.net/v/t51.2885-19/s150x150/156289669_266518684875147_978152306625278843_n.jpg?tp=1&_nc_ht=instagram.fagc2-1.fna.fbcdn.net&_nc_ohc=R5pTxP2A2toAX-KS3qJ&ccb=7-4&oh=ad08ad630cc0c8ff045f718a4c391854&oe=60894427&_nc_sid=9fb510",
            "username": "propersurti"
        },
        "likes_count": 0,
        "answers": [
            {
                "id": 18093756232231126,
                "created_at": 1613546148,
                "text": "@propersurti check dm",
                "owner": {
                    "id": "31345321949",
                    "is_verified": false,
                    "profile_pic_url": "https://instagram.fagc2-1.fna.fbcdn.net/v/t51.2885-19/s150x150/104655610_734890267265839_7042082510067431729_n.jpg?tp=1&_nc_ht=instagram.fagc2-1.fna.fbcdn.net&_nc_ohc=Q9yxDDyzyrwAX9Xuts8&ccb=7-4&oh=d86b1b6d639825b0f55d29acf1a38f6f&oe=608866EF&_nc_sid=9fb510",
                    "username": "airpods_case_1"
                },
                "likes_count": 0
            }
        ]
    },
    {
        "id": 17922234502522047,
        "created_at": 1612336323,
        "text": "Pp?",
        "owner": {
            "id": "22704656303",
            "is_verified": false,
            "profile_pic_url": "https://instagram.fagc2-1.fna.fbcdn.net/v/t51.2885-19/s150x150/164082854_469619704478084_1419760422030181556_n.jpg?tp=1&_nc_ht=instagram.fagc2-1.fna.fbcdn.net&_nc_ohc=PY6-2bFEm5IAX9a1HGd&ccb=7-4&oh=12bd4d9bca510bf1b0f3320caa0ffc5c&oe=60875EA7&_nc_sid=9fb510",
            "username": "honeysirohiya"
        },
        "likes_count": 0,
        "answers": [
            {
                "id": 17971717081362108,
                "created_at": 1612336522,
                "text": "@honeysirohiya check dm",
                "owner": {
                    "id": "31345321949",
                    "is_verified": false,
                    "profile_pic_url": "https://instagram.fagc2-1.fna.fbcdn.net/v/t51.2885-19/s150x150/104655610_734890267265839_7042082510067431729_n.jpg?tp=1&_nc_ht=instagram.fagc2-1.fna.fbcdn.net&_nc_ohc=Q9yxDDyzyrwAX9Xuts8&ccb=7-4&oh=d86b1b6d639825b0f55d29acf1a38f6f&oe=608866EF&_nc_sid=9fb510",
                    "username": "airpods_case_1"
                },
                "likes_count": 0
            }
        ]
    },
    {
        "id": 17913458671597061,
        "created_at": 1612114295,
        "text": "Pp?",
        "owner": {
            "id": "2204599668",
            "is_verified": false,
            "profile_pic_url": "https://instagram.fagc2-1.fna.fbcdn.net/v/t51.2885-19/s150x150/165013108_282364500131406_2584851572842466931_n.jpg?tp=1&_nc_ht=instagram.fagc2-1.fna.fbcdn.net&_nc_ohc=mAP18yQ5nj4AX_QqDAl&ccb=7-4&oh=ffcbcd31d367cc8f38578e9035743b59&oe=6087071D&_nc_sid=9fb510",
            "username": "ada.rafi"
        },
        "likes_count": 0,
        "answers": [
            {
                "id": 17954560765391001,
                "created_at": 1612114386,
                "text": "@ada.rafi check dm",
                "owner": {
                    "id": "31345321949",
                    "is_verified": false,
                    "profile_pic_url": "https://instagram.fagc2-1.fna.fbcdn.net/v/t51.2885-19/s150x150/104655610_734890267265839_7042082510067431729_n.jpg?tp=1&_nc_ht=instagram.fagc2-1.fna.fbcdn.net&_nc_ohc=Q9yxDDyzyrwAX9Xuts8&ccb=7-4&oh=d86b1b6d639825b0f55d29acf1a38f6f&oe=608866EF&_nc_sid=9fb510",
                    "username": "airpods_case_1"
                },
                "likes_count": 0
            }
        ]
    },
    {
        "id": 17889654274886902,
        "created_at": 1612031598,
        "text": "Prices",
        "owner": {
            "id": "13000851432",
            "is_verified": false,
            "profile_pic_url": "https://instagram.fagc2-1.fna.fbcdn.net/v/t51.2885-19/s150x150/101459841_641983166386826_6314543373361348608_n.jpg?tp=1&_nc_ht=instagram.fagc2-1.fna.fbcdn.net&_nc_ohc=hOwx_X4wrLwAX_7bX2K&ccb=7-4&oh=2c8b61f1e6f645cddb7b8d62c162fa0f&oe=608782C0&_nc_sid=9fb510",
            "username": "prerak_mehra2004"
        },
        "likes_count": 0,
        "answers": []
    }
]