[
    {
        "id": 17986250446332000,
        "created_at": 1613526271,
        "text": "May I know how much are these?",
        "owner": {
            "id": "22808966",
            "is_verified": true,
            "profile_pic_url": "https://instagram.fagc2-1.fna.fbcdn.net/v/t51.2885-19/s150x150/156282890_1453938558310100_6795461845896868642_n.jpg?tp=1&_nc_ht=instagram.fagc2-1.fna.fbcdn.net&_nc_ohc=PGlNPiAxqyEAX8iKzU9&ccb=7-4&oh=f926f76175034397c16971b4bd4a4293&oe=60895397&_nc_sid=9fb510",
            "username": "iamlarbs"
        },
        "likes_count": 1,
        "answers": [
            {
                "id": 17853957821488100,
                "created_at": 1613535183,
                "text": "@iamlarbs check dm",
                "owner": {
                    "id": "31345321949",
                    "is_verified": false,
                    "profile_pic_url": "https://instagram.fagc2-1.fna.fbcdn.net/v/t51.2885-19/s150x150/104655610_734890267265839_7042082510067431729_n.jpg?tp=1&_nc_ht=instagram.fagc2-1.fna.fbcdn.net&_nc_ohc=Q9yxDDyzyrwAX9Xuts8&ccb=7-4&oh=d86b1b6d639825b0f55d29acf1a38f6f&oe=608866EF&_nc_sid=9fb510",
                    "username": "airpods_case_1"
                },
                "likes_count": 0
            }
        ]
    }
]