[
    {
        "id": 17883400304152574,
        "created_at": 1616759204,
        "text": "Price",
        "owner": {
            "id": "7324855805",
            "is_verified": false,
            "profile_pic_url": "https://instagram.fagc2-1.fna.fbcdn.net/v/t51.2885-19/s150x150/164702324_1161538914284741_7254571220103262246_n.jpg?tp=1&_nc_ht=instagram.fagc2-1.fna.fbcdn.net&_nc_ohc=93SFE10Zi2YAX_j61X9&ccb=7-4&oh=61a78e33b4f914a9a33358c44375312d&oe=6089AB9E&_nc_sid=9fb510",
            "username": "akshat_jain_2.0"
        },
        "likes_count": 0,
        "answers": [
            {
                "id": 17863584254399180,
                "created_at": 1616763174,
                "text": "@akshat_jain_2.0 check dm",
                "owner": {
                    "id": "31345321949",
                    "is_verified": false,
                    "profile_pic_url": "https://instagram.fagc2-1.fna.fbcdn.net/v/t51.2885-19/s150x150/104655610_734890267265839_7042082510067431729_n.jpg?tp=1&_nc_ht=instagram.fagc2-1.fna.fbcdn.net&_nc_ohc=Q9yxDDyzyrwAX9Xuts8&ccb=7-4&oh=d86b1b6d639825b0f55d29acf1a38f6f&oe=608866EF&_nc_sid=9fb510",
                    "username": "airpods_case_1"
                },
                "likes_count": 0
            }
        ]
    },
    {
        "id": 17871710384284139,
        "created_at": 1616104570,
        "text": "Pp",
        "owner": {
            "id": "6086473850",
            "is_verified": false,
            "profile_pic_url": "https://instagram.fagc2-1.fna.fbcdn.net/v/t51.2885-19/s150x150/127681471_1801034393383474_1824116524594940253_n.jpg?tp=1&_nc_ht=instagram.fagc2-1.fna.fbcdn.net&_nc_ohc=taQasmT-2mIAX9YvK6H&ccb=7-4&oh=e15a8594f85b4557200d9164f25d0dc6&oe=60883DB3&_nc_sid=9fb510",
            "username": "anithapuri93"
        },
        "likes_count": 0,
        "answers": [
            {
                "id": 17864955593349434,
                "created_at": 1616123120,
                "text": "@anithapuri93 check dm",
                "owner": {
                    "id": "31345321949",
                    "is_verified": false,
                    "profile_pic_url": "https://instagram.fagc2-1.fna.fbcdn.net/v/t51.2885-19/s150x150/104655610_734890267265839_7042082510067431729_n.jpg?tp=1&_nc_ht=instagram.fagc2-1.fna.fbcdn.net&_nc_ohc=Q9yxDDyzyrwAX9Xuts8&ccb=7-4&oh=d86b1b6d639825b0f55d29acf1a38f6f&oe=608866EF&_nc_sid=9fb510",
                    "username": "airpods_case_1"
                },
                "likes_count": 0
            }
        ]
    },
    {
        "id": 17910251602622791,
        "created_at": 1612645118,
        "text": "Pp",
        "owner": {
            "id": "6854909223",
            "is_verified": false,
            "profile_pic_url": "https://instagram.fagc2-1.fna.fbcdn.net/v/t51.2885-19/s150x150/162302412_477654820252769_2352545680930879670_n.jpg?tp=1&_nc_ht=instagram.fagc2-1.fna.fbcdn.net&_nc_ohc=nagV1DeBu1IAX-vgi2R&ccb=7-4&oh=c92a0739044de86c4911d9cb8d73ac52&oe=6087D5A4&_nc_sid=9fb510",
            "username": "soam_saab_avnish"
        },
        "likes_count": 0,
        "answers": [
            {
                "id": 17991797542321115,
                "created_at": 1612671606,
                "text": "@soam_saab_avnish check dm",
                "owner": {
                    "id": "31345321949",
                    "is_verified": false,
                    "profile_pic_url": "https://instagram.fagc2-1.fna.fbcdn.net/v/t51.2885-19/s150x150/104655610_734890267265839_7042082510067431729_n.jpg?tp=1&_nc_ht=instagram.fagc2-1.fna.fbcdn.net&_nc_ohc=Q9yxDDyzyrwAX9Xuts8&ccb=7-4&oh=d86b1b6d639825b0f55d29acf1a38f6f&oe=608866EF&_nc_sid=9fb510",
                    "username": "airpods_case_1"
                },
                "likes_count": 0
            }
        ]
    }
]