[
    {
        "id": 17953529542419878,
        "created_at": 1616670484,
        "text": "Price\ud83d\udd25",
        "owner": {
            "id": "44742114864",
            "is_verified": false,
            "profile_pic_url": "https://instagram.fagc2-1.fna.fbcdn.net/v/t51.2885-19/s150x150/157248089_422486408847883_1905950399667068974_n.jpg?tp=1&_nc_ht=instagram.fagc2-1.fna.fbcdn.net&_nc_ohc=RoKW9bMwALMAX_vxOxb&tn=X10r1q4x0VYJgebv&ccb=7-4&oh=cbf9715f60b2045b29ad798799e0467e&oe=60863BB6&_nc_sid=9fb510",
            "username": "j.o.t_0"
        },
        "likes_count": 0,
        "answers": [
            {
                "id": 18104742844222478,
                "created_at": 1616671194,
                "text": "@j.o.t_0 check dm",
                "owner": {
                    "id": "31345321949",
                    "is_verified": false,
                    "profile_pic_url": "https://instagram.fagc2-1.fna.fbcdn.net/v/t51.2885-19/s150x150/104655610_734890267265839_7042082510067431729_n.jpg?tp=1&_nc_ht=instagram.fagc2-1.fna.fbcdn.net&_nc_ohc=Q9yxDDyzyrwAX9Xuts8&ccb=7-4&oh=d86b1b6d639825b0f55d29acf1a38f6f&oe=608866EF&_nc_sid=9fb510",
                    "username": "airpods_case_1"
                },
                "likes_count": 0
            }
        ]
    },
    {
        "id": 17859156899481664,
        "created_at": 1616660405,
        "text": "Price??",
        "owner": {
            "id": "5769230949",
            "is_verified": false,
            "profile_pic_url": "https://instagram.fagc2-1.fna.fbcdn.net/v/t51.2885-19/s150x150/118541049_2746785272277546_5449199030869685462_n.jpg?tp=1&_nc_ht=instagram.fagc2-1.fna.fbcdn.net&_nc_ohc=ZeuDd9_dzUwAX-dby7L&ccb=7-4&oh=03c7379cf226fcccb453e73c96a71d1f&oe=608687D3&_nc_sid=9fb510",
            "username": "shakir_ansari_786"
        },
        "likes_count": 0,
        "answers": [
            {
                "id": 17882270579162921,
                "created_at": 1616669143,
                "text": "@shakir_ansari_786 check dm",
                "owner": {
                    "id": "31345321949",
                    "is_verified": false,
                    "profile_pic_url": "https://instagram.fagc2-1.fna.fbcdn.net/v/t51.2885-19/s150x150/104655610_734890267265839_7042082510067431729_n.jpg?tp=1&_nc_ht=instagram.fagc2-1.fna.fbcdn.net&_nc_ohc=Q9yxDDyzyrwAX9Xuts8&ccb=7-4&oh=d86b1b6d639825b0f55d29acf1a38f6f&oe=608866EF&_nc_sid=9fb510",
                    "username": "airpods_case_1"
                },
                "likes_count": 0
            }
        ]
    },
    {
        "id": 17906029324740866,
        "created_at": 1616399070,
        "text": "I need first one absolute vodka please help mewith the price and link",
        "owner": {
            "id": "1911704747",
            "is_verified": false,
            "profile_pic_url": "https://instagram.fagc2-1.fna.fbcdn.net/v/t51.2885-19/s150x150/128879467_122462326226404_7421985282086611953_n.jpg?tp=1&_nc_ht=instagram.fagc2-1.fna.fbcdn.net&_nc_ohc=HT0wS-VFgxkAX_gQZhM&ccb=7-4&oh=3d20e6a69c485a425064112e7d33805a&oe=6088B33B&_nc_sid=9fb510",
            "username": "a_curious_girl2"
        },
        "likes_count": 0,
        "answers": [
            {
                "id": 17906499583716050,
                "created_at": 1616409872,
                "text": "@a_curious_girl2 check dm",
                "owner": {
                    "id": "31345321949",
                    "is_verified": false,
                    "profile_pic_url": "https://instagram.fagc2-1.fna.fbcdn.net/v/t51.2885-19/s150x150/104655610_734890267265839_7042082510067431729_n.jpg?tp=1&_nc_ht=instagram.fagc2-1.fna.fbcdn.net&_nc_ohc=Q9yxDDyzyrwAX9Xuts8&ccb=7-4&oh=d86b1b6d639825b0f55d29acf1a38f6f&oe=608866EF&_nc_sid=9fb510",
                    "username": "airpods_case_1"
                },
                "likes_count": 0
            }
        ]
    },
    {
        "id": 17920682923571973,
        "created_at": 1616318340,
        "text": "absolut vodka top \ud83d\ude02",
        "owner": {
            "id": "1903472255",
            "is_verified": false,
            "profile_pic_url": "https://instagram.fagc2-1.fna.fbcdn.net/v/t51.2885-19/s150x150/160017332_228728132268457_7884855371130145895_n.jpg?tp=1&_nc_ht=instagram.fagc2-1.fna.fbcdn.net&_nc_ohc=3v4uL1ynWZkAX-i9zKy&tn=BTNMEQKIGEgjabaR&ccb=7-4&oh=24ce7d2990e6effbff652b78f03a945f&oe=60898FA7&_nc_sid=9fb510",
            "username": "s1mple__one"
        },
        "likes_count": 0,
        "answers": [
            {
                "id": 17889378904980971,
                "created_at": 1616325354,
                "text": "@s1mple__one check dm",
                "owner": {
                    "id": "31345321949",
                    "is_verified": false,
                    "profile_pic_url": "https://instagram.fagc2-1.fna.fbcdn.net/v/t51.2885-19/s150x150/104655610_734890267265839_7042082510067431729_n.jpg?tp=1&_nc_ht=instagram.fagc2-1.fna.fbcdn.net&_nc_ohc=Q9yxDDyzyrwAX9Xuts8&ccb=7-4&oh=d86b1b6d639825b0f55d29acf1a38f6f&oe=608866EF&_nc_sid=9fb510",
                    "username": "airpods_case_1"
                },
                "likes_count": 0
            }
        ]
    },
    {
        "id": 17895808495874019,
        "created_at": 1616271910,
        "text": "Price??",
        "owner": {
            "id": "1782360797",
            "is_verified": false,
            "profile_pic_url": "https://instagram.fgru5-1.fna.fbcdn.net/v/t51.2885-19/44884218_345707102882519_2446069589734326272_n.jpg?_nc_ht=instagram.fgru5-1.fna.fbcdn.net&_nc_ohc=hLTkwc3uTqUAX8DhiSm&ccb=7-4&oh=af18a93cc7a87eaec77a5e642f5df58b&oe=6087738F&_nc_sid=3f45ac&ig_cache_key=YW5vbnltb3VzX3Byb2ZpbGVfcGlj.2-ccb7-4",
            "username": "prithvi_1_4_0_8"
        },
        "likes_count": 0,
        "answers": [
            {
                "id": 17871108875295730,
                "created_at": 1616271993,
                "text": "@prithvi_1_4_0_8 check dm",
                "owner": {
                    "id": "31345321949",
                    "is_verified": false,
                    "profile_pic_url": "https://instagram.fagc2-1.fna.fbcdn.net/v/t51.2885-19/s150x150/104655610_734890267265839_7042082510067431729_n.jpg?tp=1&_nc_ht=instagram.fagc2-1.fna.fbcdn.net&_nc_ohc=Q9yxDDyzyrwAX9Xuts8&ccb=7-4&oh=d86b1b6d639825b0f55d29acf1a38f6f&oe=608866EF&_nc_sid=9fb510",
                    "username": "airpods_case_1"
                },
                "likes_count": 0
            }
        ]
    }
]