[
    {
        "id": 17844312701555955,
        "created_at": 1616244834,
        "text": "Pp",
        "owner": {
            "id": "1016074640",
            "is_verified": false,
            "profile_pic_url": "https://instagram.fagc2-1.fna.fbcdn.net/v/t51.2885-19/s150x150/12568861_793274847445487_1730901110_a.jpg?tp=1&_nc_ht=instagram.fagc2-1.fna.fbcdn.net&_nc_ohc=EV9UKjQaWmYAX8u9AF4&ccb=7-4&oh=64ac210cc03e348267ff2bfe5295e76a&oe=60877303&_nc_sid=9fb510",
            "username": "priyank16492"
        },
        "likes_count": 0,
        "answers": []
    },
    {
        "id": 17890665956008302,
        "created_at": 1616193704,
        "text": "Price ?",
        "owner": {
            "id": "319100426",
            "is_verified": false,
            "profile_pic_url": "https://instagram.fagc2-1.fna.fbcdn.net/v/t51.2885-19/s150x150/14099498_184468891958710_580198634_a.jpg?tp=1&_nc_ht=instagram.fagc2-1.fna.fbcdn.net&_nc_ohc=ZuLUVORDvKEAX8Si0rV&ccb=7-4&oh=f8af1d4490f3025e83ec18328b44b966&oe=6089C4B9&_nc_sid=9fb510",
            "username": "mirna_adib"
        },
        "likes_count": 0,
        "answers": [
            {
                "id": 18154066927140912,
                "created_at": 1616206769,
                "text": "@mirna_adib check dm",
                "owner": {
                    "id": "31345321949",
                    "is_verified": false,
                    "profile_pic_url": "https://instagram.fagc2-1.fna.fbcdn.net/v/t51.2885-19/s150x150/104655610_734890267265839_7042082510067431729_n.jpg?tp=1&_nc_ht=instagram.fagc2-1.fna.fbcdn.net&_nc_ohc=Q9yxDDyzyrwAX9Xuts8&ccb=7-4&oh=d86b1b6d639825b0f55d29acf1a38f6f&oe=608866EF&_nc_sid=9fb510",
                    "username": "airpods_case_1"
                },
                "likes_count": 0
            }
        ]
    },
    {
        "id": 17890691830988767,
        "created_at": 1616149549,
        "text": "Price ?",
        "owner": {
            "id": "4116615644",
            "is_verified": false,
            "profile_pic_url": "https://instagram.fagc2-1.fna.fbcdn.net/v/t51.2885-19/s150x150/18299163_1963529280536832_1663409995875614720_n.jpg?tp=1&_nc_ht=instagram.fagc2-1.fna.fbcdn.net&_nc_ohc=rJJJaMrGEDoAX-IkULx&ccb=7-4&oh=3822ba48938d15b6f345d96045bf7399&oe=60876F61&_nc_sid=9fb510",
            "username": "_yana_10"
        },
        "likes_count": 0,
        "answers": [
            {
                "id": 17895274387931481,
                "created_at": 1616164422,
                "text": "@_yana_10 check dm",
                "owner": {
                    "id": "31345321949",
                    "is_verified": false,
                    "profile_pic_url": "https://instagram.fagc2-1.fna.fbcdn.net/v/t51.2885-19/s150x150/104655610_734890267265839_7042082510067431729_n.jpg?tp=1&_nc_ht=instagram.fagc2-1.fna.fbcdn.net&_nc_ohc=Q9yxDDyzyrwAX9Xuts8&ccb=7-4&oh=d86b1b6d639825b0f55d29acf1a38f6f&oe=608866EF&_nc_sid=9fb510",
                    "username": "airpods_case_1"
                },
                "likes_count": 0
            }
        ]
    },
    {
        "id": 18143009545178361,
        "created_at": 1616075739,
        "text": "Pp?",
        "owner": {
            "id": "4860219999",
            "is_verified": false,
            "profile_pic_url": "https://instagram.fbtz1-3.fna.fbcdn.net/v/t51.2885-19/44884218_345707102882519_2446069589734326272_n.jpg?_nc_ht=instagram.fbtz1-3.fna.fbcdn.net&_nc_ohc=hLTkwc3uTqUAX8Tnf8J&ccb=7-4&oh=07a428238a0f9f2b4e244bdd2de88582&oe=6087738F&_nc_sid=3f45ac&ig_cache_key=YW5vbnltb3VzX3Byb2ZpbGVfcGlj.2-ccb7-4",
            "username": "aaditmehta"
        },
        "likes_count": 0,
        "answers": []
    },
    {
        "id": 17904030400767653,
        "created_at": 1615881203,
        "text": "Price?",
        "owner": {
            "id": "3027533396",
            "is_verified": false,
            "profile_pic_url": "https://instagram.fagc2-1.fna.fbcdn.net/v/t51.2885-19/s150x150/155526778_497638744560458_4327807742031762210_n.jpg?tp=1&_nc_ht=instagram.fagc2-1.fna.fbcdn.net&_nc_ohc=K364-cTXid8AX9KDG7v&ccb=7-4&oh=08406fd564dbff2a9b74a0e1d6b60edb&oe=60890ADB&_nc_sid=9fb510",
            "username": "s.m.umar"
        },
        "likes_count": 0,
        "answers": [
            {
                "id": 17932060906500698,
                "created_at": 1615881809,
                "text": "@s.m.umar check dm",
                "owner": {
                    "id": "31345321949",
                    "is_verified": false,
                    "profile_pic_url": "https://instagram.fagc2-1.fna.fbcdn.net/v/t51.2885-19/s150x150/104655610_734890267265839_7042082510067431729_n.jpg?tp=1&_nc_ht=instagram.fagc2-1.fna.fbcdn.net&_nc_ohc=Q9yxDDyzyrwAX9Xuts8&ccb=7-4&oh=d86b1b6d639825b0f55d29acf1a38f6f&oe=608866EF&_nc_sid=9fb510",
                    "username": "airpods_case_1"
                },
                "likes_count": 0
            }
        ]
    },
    {
        "id": 17954564686412317,
        "created_at": 1615645955,
        "text": "Price",
        "owner": {
            "id": "8246303216",
            "is_verified": false,
            "profile_pic_url": "https://instagram.fagc2-1.fna.fbcdn.net/v/t51.2885-19/s150x150/164966150_745562302827570_3408481406538043744_n.jpg?tp=1&_nc_ht=instagram.fagc2-1.fna.fbcdn.net&_nc_ohc=vnPErKfD_rYAX_vCmfm&ccb=7-4&oh=ef93ed306fe8680a04cb777713b1e6ed&oe=6089BD09&_nc_sid=9fb510",
            "username": "its___ahmedd"
        },
        "likes_count": 0,
        "answers": [
            {
                "id": 17917919461591764,
                "created_at": 1615646939,
                "text": "Check dm",
                "owner": {
                    "id": "31345321949",
                    "is_verified": false,
                    "profile_pic_url": "https://instagram.fagc2-1.fna.fbcdn.net/v/t51.2885-19/s150x150/104655610_734890267265839_7042082510067431729_n.jpg?tp=1&_nc_ht=instagram.fagc2-1.fna.fbcdn.net&_nc_ohc=Q9yxDDyzyrwAX9Xuts8&ccb=7-4&oh=d86b1b6d639825b0f55d29acf1a38f6f&oe=608866EF&_nc_sid=9fb510",
                    "username": "airpods_case_1"
                },
                "likes_count": 0
            }
        ]
    },
    {
        "id": 17859728984442911,
        "created_at": 1615466164,
        "text": "Price",
        "owner": {
            "id": "7019437424",
            "is_verified": false,
            "profile_pic_url": "https://instagram.fagc2-1.fna.fbcdn.net/v/t51.2885-19/s150x150/125185958_127491005554099_1568283302975983541_n.jpg?tp=1&_nc_ht=instagram.fagc2-1.fna.fbcdn.net&_nc_ohc=7a-ZZtqrD8QAX88e0UA&ccb=7-4&oh=62f76bc88f8371df74e057751235b1e1&oe=6087927B&_nc_sid=9fb510",
            "username": "poonam_3600"
        },
        "likes_count": 0,
        "answers": [
            {
                "id": 17873592359222521,
                "created_at": 1615483489,
                "text": "@poonam_3600 check dm",
                "owner": {
                    "id": "31345321949",
                    "is_verified": false,
                    "profile_pic_url": "https://instagram.fagc2-1.fna.fbcdn.net/v/t51.2885-19/s150x150/104655610_734890267265839_7042082510067431729_n.jpg?tp=1&_nc_ht=instagram.fagc2-1.fna.fbcdn.net&_nc_ohc=Q9yxDDyzyrwAX9Xuts8&ccb=7-4&oh=d86b1b6d639825b0f55d29acf1a38f6f&oe=608866EF&_nc_sid=9fb510",
                    "username": "airpods_case_1"
                },
                "likes_count": 0
            }
        ]
    },
    {
        "id": 17886546875068263,
        "created_at": 1615131778,
        "text": "Price",
        "owner": {
            "id": "3817613786",
            "is_verified": false,
            "profile_pic_url": "https://instagram.fagc2-1.fna.fbcdn.net/v/t51.2885-19/s150x150/120601190_2654109124842054_6710296499518169960_n.jpg?tp=1&_nc_ht=instagram.fagc2-1.fna.fbcdn.net&_nc_ohc=TdwJitJNNmIAX-jmDH3&ccb=7-4&oh=40b04dc252f3bc23c34ae1aab1b29a13&oe=6087B265&_nc_sid=9fb510",
            "username": "afif._.khochkhoch.17"
        },
        "likes_count": 0,
        "answers": [
            {
                "id": 17859220088456951,
                "created_at": 1615164390,
                "text": "@afif._.khochkhoch.16 check dm",
                "owner": {
                    "id": "31345321949",
                    "is_verified": false,
                    "profile_pic_url": "https://instagram.fagc2-1.fna.fbcdn.net/v/t51.2885-19/s150x150/104655610_734890267265839_7042082510067431729_n.jpg?tp=1&_nc_ht=instagram.fagc2-1.fna.fbcdn.net&_nc_ohc=Q9yxDDyzyrwAX9Xuts8&ccb=7-4&oh=d86b1b6d639825b0f55d29acf1a38f6f&oe=608866EF&_nc_sid=9fb510",
                    "username": "airpods_case_1"
                },
                "likes_count": 0
            }
        ]
    },
    {
        "id": 17927498530511530,
        "created_at": 1614681755,
        "text": "Price iskA???",
        "owner": {
            "id": "1548597315",
            "is_verified": false,
            "profile_pic_url": "https://instagram.fagc2-1.fna.fbcdn.net/v/t51.2885-19/s150x150/163178798_477839373253376_1153940617666797816_n.jpg?tp=1&_nc_ht=instagram.fagc2-1.fna.fbcdn.net&_nc_ohc=O5iGx5i8CyIAX9PE4d-&ccb=7-4&oh=4393420853939ccee1269e166a0993a7&oe=60866B7A&_nc_sid=9fb510",
            "username": "raghavkhurana_"
        },
        "likes_count": 0,
        "answers": [
            {
                "id": 18060058378279350,
                "created_at": 1614681788,
                "text": "@raghavkhurana_ check dm",
                "owner": {
                    "id": "31345321949",
                    "is_verified": false,
                    "profile_pic_url": "https://instagram.fagc2-1.fna.fbcdn.net/v/t51.2885-19/s150x150/104655610_734890267265839_7042082510067431729_n.jpg?tp=1&_nc_ht=instagram.fagc2-1.fna.fbcdn.net&_nc_ohc=Q9yxDDyzyrwAX9Xuts8&ccb=7-4&oh=d86b1b6d639825b0f55d29acf1a38f6f&oe=608866EF&_nc_sid=9fb510",
                    "username": "airpods_case_1"
                },
                "likes_count": 0
            }
        ]
    },
    {
        "id": 17900872879814286,
        "created_at": 1614553962,
        "text": "hm?",
        "owner": {
            "id": "3921799246",
            "is_verified": false,
            "profile_pic_url": "https://instagram.fagc2-1.fna.fbcdn.net/v/t51.2885-19/s150x150/131448904_149097603632386_135393771209247810_n.jpg?tp=1&_nc_ht=instagram.fagc2-1.fna.fbcdn.net&_nc_ohc=NSihn0EcOlcAX8jOB4s&ccb=7-4&oh=32627e6ee455e151a6f5e5a9b6648c1f&oe=608981CF&_nc_sid=9fb510",
            "username": "mo_tamer_"
        },
        "likes_count": 0,
        "answers": []
    },
    {
        "id": 17945596258432736,
        "created_at": 1613300878,
        "text": "Price ?",
        "owner": {
            "id": "33890954790",
            "is_verified": false,
            "profile_pic_url": "https://instagram.fagc2-1.fna.fbcdn.net/v/t51.2885-19/s150x150/159247853_804489120142311_8911792631811000728_n.jpg?tp=1&_nc_ht=instagram.fagc2-1.fna.fbcdn.net&_nc_ohc=jK0WUFIMUUMAX_KzfJj&ccb=7-4&oh=396dd5f9fd7ba193f408efbda1ec5cf2&oe=60893EFF&_nc_sid=9fb510",
            "username": "johari_gile"
        },
        "likes_count": 0,
        "answers": [
            {
                "id": 17895413929820948,
                "created_at": 1613309612,
                "text": "Check dm",
                "owner": {
                    "id": "31345321949",
                    "is_verified": false,
                    "profile_pic_url": "https://instagram.fagc2-1.fna.fbcdn.net/v/t51.2885-19/s150x150/104655610_734890267265839_7042082510067431729_n.jpg?tp=1&_nc_ht=instagram.fagc2-1.fna.fbcdn.net&_nc_ohc=Q9yxDDyzyrwAX9Xuts8&ccb=7-4&oh=d86b1b6d639825b0f55d29acf1a38f6f&oe=608866EF&_nc_sid=9fb510",
                    "username": "airpods_case_1"
                },
                "likes_count": 0
            }
        ]
    },
    {
        "id": 18147779539126243,
        "created_at": 1612637989,
        "text": "Price",
        "owner": {
            "id": "7974265273",
            "is_verified": false,
            "profile_pic_url": "https://instagram.fagc2-1.fna.fbcdn.net/v/t51.2885-19/s150x150/139164235_488827215451690_4867239303702115791_n.jpg?tp=1&_nc_ht=instagram.fagc2-1.fna.fbcdn.net&_nc_ohc=IhgAiZBOvxUAX98dcPI&ccb=7-4&oh=b15b78004ce709cbeda4ccddd118d237&oe=6086B9EE&_nc_sid=9fb510",
            "username": "qfaizan818"
        },
        "likes_count": 0,
        "answers": [
            {
                "id": 17893701391886000,
                "created_at": 1612640376,
                "text": "@qfaizan818 check dm",
                "owner": {
                    "id": "31345321949",
                    "is_verified": false,
                    "profile_pic_url": "https://instagram.fagc2-1.fna.fbcdn.net/v/t51.2885-19/s150x150/104655610_734890267265839_7042082510067431729_n.jpg?tp=1&_nc_ht=instagram.fagc2-1.fna.fbcdn.net&_nc_ohc=Q9yxDDyzyrwAX9Xuts8&ccb=7-4&oh=d86b1b6d639825b0f55d29acf1a38f6f&oe=608866EF&_nc_sid=9fb510",
                    "username": "airpods_case_1"
                },
                "likes_count": 0
            }
        ]
    },
    {
        "id": 17856624743490573,
        "created_at": 1612380844,
        "text": "Price",
        "owner": {
            "id": "4104117575",
            "is_verified": false,
            "profile_pic_url": "https://instagram.fagc2-1.fna.fbcdn.net/v/t51.2885-19/s150x150/92840139_572565700273514_1306701773553008640_n.jpg?tp=1&_nc_ht=instagram.fagc2-1.fna.fbcdn.net&_nc_ohc=cBg91h634_wAX_VCQTU&ccb=7-4&oh=756fb970af8e5c29c7c5a27212b1e99c&oe=6088FD93&_nc_sid=9fb510",
            "username": "gulati_emporium"
        },
        "likes_count": 0,
        "answers": []
    },
    {
        "id": 17872621397199741,
        "created_at": 1612365390,
        "text": "Price ??",
        "owner": {
            "id": "3954576571",
            "is_verified": false,
            "profile_pic_url": "https://instagram.fagc2-1.fna.fbcdn.net/v/t51.2885-19/s150x150/147501014_1064584860728627_1715040715673177286_n.jpg?tp=1&_nc_ht=instagram.fagc2-1.fna.fbcdn.net&_nc_ohc=OqlFgtbALiIAX-wFQAA&ccb=7-4&oh=33274978118d1b52ed8ba9704bc764c1&oe=6089DF85&_nc_sid=9fb510",
            "username": "im_mehar_"
        },
        "likes_count": 1,
        "answers": []
    }
]