[
    {
        "id": 17861780039403105,
        "created_at": 1615235166,
        "text": "pp??",
        "owner": {
            "id": "2109440003",
            "is_verified": false,
            "profile_pic_url": "https://instagram.fagc2-1.fna.fbcdn.net/v/t51.2885-19/s150x150/149977306_285334086351885_7887118414525371149_n.jpg?tp=1&_nc_ht=instagram.fagc2-1.fna.fbcdn.net&_nc_ohc=pRLHa_918uMAX-HIed7&ccb=7-4&oh=523bf87e25306d94a1d82e9c471ddb25&oe=6086B65D&_nc_sid=9fb510",
            "username": "vanshika_bhaskarr"
        },
        "likes_count": 0,
        "answers": [
            {
                "id": 17878227020186982,
                "created_at": 1615277575,
                "text": "@vanshika_bhaskarr out of stock",
                "owner": {
                    "id": "31345321949",
                    "is_verified": false,
                    "profile_pic_url": "https://instagram.fagc2-1.fna.fbcdn.net/v/t51.2885-19/s150x150/104655610_734890267265839_7042082510067431729_n.jpg?tp=1&_nc_ht=instagram.fagc2-1.fna.fbcdn.net&_nc_ohc=Q9yxDDyzyrwAX9Xuts8&ccb=7-4&oh=d86b1b6d639825b0f55d29acf1a38f6f&oe=608866EF&_nc_sid=9fb510",
                    "username": "airpods_case_1"
                },
                "likes_count": 0
            }
        ]
    },
    {
        "id": 17880059111108646,
        "created_at": 1615140871,
        "text": "Pp",
        "owner": {
            "id": "1117033308",
            "is_verified": false,
            "profile_pic_url": "https://instagram.fagc2-1.fna.fbcdn.net/v/t51.2885-19/s150x150/123769236_131606368378310_8533180290150354773_n.jpg?tp=1&_nc_ht=instagram.fagc2-1.fna.fbcdn.net&_nc_ohc=OhRmPFmukZ4AX8pIeXN&ccb=7-4&oh=4d4676865fb10258ba6f3a6d9d7a52e6&oe=60876AC3&_nc_sid=9fb510",
            "username": "atul2577"
        },
        "likes_count": 0,
        "answers": []
    },
    {
        "id": 18053894359282371,
        "created_at": 1614668423,
        "text": "Pp",
        "owner": {
            "id": "7467935245",
            "is_verified": false,
            "profile_pic_url": "https://instagram.fagc2-1.fna.fbcdn.net/v/t51.2885-19/s150x150/142779677_4985773994829556_9147573827827964147_n.jpg?tp=1&_nc_ht=instagram.fagc2-1.fna.fbcdn.net&_nc_ohc=p5bdGxq4-04AX-O9fwW&ccb=7-4&oh=a069147a846a13c09090c9223ee0dae5&oe=60893E9C&_nc_sid=9fb510",
            "username": "arshdeep.kaur.dhaliwal"
        },
        "likes_count": 0,
        "answers": []
    },
    {
        "id": 17865595085371810,
        "created_at": 1614422922,
        "text": "Price??",
        "owner": {
            "id": "37821989382",
            "is_verified": false,
            "profile_pic_url": "https://instagram.fagc2-1.fna.fbcdn.net/v/t51.2885-19/s150x150/159546124_4104972122866496_3251911001457893438_n.jpg?tp=1&_nc_ht=instagram.fagc2-1.fna.fbcdn.net&_nc_ohc=PpitA3JKYX4AX_9LhQH&ccb=7-4&oh=acdd5f7d43cbec1b71ce983f39813488&oe=6086DEEC&_nc_sid=9fb510",
            "username": "braid_talks"
        },
        "likes_count": 1,
        "answers": [
            {
                "id": 17896158694883244,
                "created_at": 1614424748,
                "text": "@braid_talks out of stock",
                "owner": {
                    "id": "31345321949",
                    "is_verified": false,
                    "profile_pic_url": "https://instagram.fagc2-1.fna.fbcdn.net/v/t51.2885-19/s150x150/104655610_734890267265839_7042082510067431729_n.jpg?tp=1&_nc_ht=instagram.fagc2-1.fna.fbcdn.net&_nc_ohc=Q9yxDDyzyrwAX9Xuts8&ccb=7-4&oh=d86b1b6d639825b0f55d29acf1a38f6f&oe=608866EF&_nc_sid=9fb510",
                    "username": "airpods_case_1"
                },
                "likes_count": 0
            }
        ]
    },
    {
        "id": 17881385396067598,
        "created_at": 1614095616,
        "text": "Price",
        "owner": {
            "id": "44368841925",
            "is_verified": false,
            "profile_pic_url": "https://instagram.fagc2-1.fna.fbcdn.net/v/t51.2885-19/s150x150/164360690_1564833607055902_1694025380373443408_n.jpg?tp=1&_nc_ht=instagram.fagc2-1.fna.fbcdn.net&_nc_ohc=DNWT0VyIvqwAX-q7xC_&ccb=7-4&oh=a1ae6004c39cb5644d5a83be0bdc9514&oe=608825D0&_nc_sid=9fb510",
            "username": "deeya_2115"
        },
        "likes_count": 0,
        "answers": [
            {
                "id": 18059554729275135,
                "created_at": 1614096800,
                "text": "@deeya_2115 out of stock",
                "owner": {
                    "id": "31345321949",
                    "is_verified": false,
                    "profile_pic_url": "https://instagram.fagc2-1.fna.fbcdn.net/v/t51.2885-19/s150x150/104655610_734890267265839_7042082510067431729_n.jpg?tp=1&_nc_ht=instagram.fagc2-1.fna.fbcdn.net&_nc_ohc=Q9yxDDyzyrwAX9Xuts8&ccb=7-4&oh=d86b1b6d639825b0f55d29acf1a38f6f&oe=608866EF&_nc_sid=9fb510",
                    "username": "airpods_case_1"
                },
                "likes_count": 0
            }
        ]
    },
    {
        "id": 17866446536309902,
        "created_at": 1613224994,
        "text": "Price",
        "owner": {
            "id": "2017040619",
            "is_verified": false,
            "profile_pic_url": "https://instagram.fagc2-1.fna.fbcdn.net/v/t51.2885-19/s150x150/159808549_438658587357155_3999995575950633340_n.jpg?tp=1&_nc_ht=instagram.fagc2-1.fna.fbcdn.net&_nc_ohc=QdS3t0Z8UzsAX-qMtlX&ccb=7-4&oh=f0a3dd54d18c20c16fa172b1cd2724bd&oe=608905BE&_nc_sid=9fb510",
            "username": "hafishahzad"
        },
        "likes_count": 0,
        "answers": [
            {
                "id": 17888228863974140,
                "created_at": 1613237623,
                "text": "@hafishahzad check dm",
                "owner": {
                    "id": "31345321949",
                    "is_verified": false,
                    "profile_pic_url": "https://instagram.fagc2-1.fna.fbcdn.net/v/t51.2885-19/s150x150/104655610_734890267265839_7042082510067431729_n.jpg?tp=1&_nc_ht=instagram.fagc2-1.fna.fbcdn.net&_nc_ohc=Q9yxDDyzyrwAX9Xuts8&ccb=7-4&oh=d86b1b6d639825b0f55d29acf1a38f6f&oe=608866EF&_nc_sid=9fb510",
                    "username": "airpods_case_1"
                },
                "likes_count": 0
            }
        ]
    },
    {
        "id": 17861620016376571,
        "created_at": 1611852620,
        "text": "Pp",
        "owner": {
            "id": "4121682649",
            "is_verified": false,
            "profile_pic_url": "https://instagram.fagc2-1.fna.fbcdn.net/v/t51.2885-19/s150x150/156653953_288150749316519_2452482470927298864_n.jpg?tp=1&_nc_ht=instagram.fagc2-1.fna.fbcdn.net&_nc_ohc=jbo7db6_P9MAX9t3T2g&ccb=7-4&oh=de90c2e69d7b9e38b4e0855eadbcd34c&oe=6086C21C&_nc_sid=9fb510",
            "username": "esh_02"
        },
        "likes_count": 0,
        "answers": [
            {
                "id": 17859748625355079,
                "created_at": 1611855295,
                "text": "@esh_02 check dm",
                "owner": {
                    "id": "31345321949",
                    "is_verified": false,
                    "profile_pic_url": "https://instagram.fagc2-1.fna.fbcdn.net/v/t51.2885-19/s150x150/104655610_734890267265839_7042082510067431729_n.jpg?tp=1&_nc_ht=instagram.fagc2-1.fna.fbcdn.net&_nc_ohc=Q9yxDDyzyrwAX9Xuts8&ccb=7-4&oh=d86b1b6d639825b0f55d29acf1a38f6f&oe=608866EF&_nc_sid=9fb510",
                    "username": "airpods_case_1"
                },
                "likes_count": 0
            }
        ]
    },
    {
        "id": 17871661334170152,
        "created_at": 1611301604,
        "text": "pp",
        "owner": {
            "id": "2238048070",
            "is_verified": false,
            "profile_pic_url": "https://instagram.fagc2-1.fna.fbcdn.net/v/t51.2885-19/s150x150/25015776_1985376008388226_7820478526473109504_n.jpg?tp=1&_nc_ht=instagram.fagc2-1.fna.fbcdn.net&_nc_ohc=Z8fCy973EXEAX-p9ExN&ccb=7-4&oh=0ecef158f416006528faa062f2ef3fcd&oe=6089DF0C&_nc_sid=9fb510",
            "username": "mehjabeenkhan97"
        },
        "likes_count": 0,
        "answers": [
            {
                "id": 18127082275160182,
                "created_at": 1611301701,
                "text": "@mehjabeenkhan97 check dm",
                "owner": {
                    "id": "31345321949",
                    "is_verified": false,
                    "profile_pic_url": "https://instagram.fagc2-1.fna.fbcdn.net/v/t51.2885-19/s150x150/104655610_734890267265839_7042082510067431729_n.jpg?tp=1&_nc_ht=instagram.fagc2-1.fna.fbcdn.net&_nc_ohc=Q9yxDDyzyrwAX9Xuts8&ccb=7-4&oh=d86b1b6d639825b0f55d29acf1a38f6f&oe=608866EF&_nc_sid=9fb510",
                    "username": "airpods_case_1"
                },
                "likes_count": 0
            }
        ]
    },
    {
        "id": 17883164042019095,
        "created_at": 1611068188,
        "text": "Pp",
        "owner": {
            "id": "2288407378",
            "is_verified": false,
            "profile_pic_url": "https://instagram.fagc2-1.fna.fbcdn.net/v/t51.2885-19/s150x150/18011330_1819170131743299_3551788020778663936_a.jpg?tp=1&_nc_ht=instagram.fagc2-1.fna.fbcdn.net&_nc_ohc=q1ugI5iRKPwAX8brpyf&ccb=7-4&oh=831b6d5e20700e58b3d9fa0f4606f261&oe=6086CC29&_nc_sid=9fb510",
            "username": "rt_1217"
        },
        "likes_count": 0,
        "answers": []
    },
    {
        "id": 17881685743998794,
        "created_at": 1610883541,
        "text": "Available for airpods pro n rs?",
        "owner": {
            "id": "2726734618",
            "is_verified": false,
            "profile_pic_url": "https://instagram.fagc2-1.fna.fbcdn.net/v/t51.2885-19/s150x150/163743285_801749474027424_8721409660523053263_n.jpg?tp=1&_nc_ht=instagram.fagc2-1.fna.fbcdn.net&_nc_ohc=o2BPDodLw2YAX_DL9Dc&ccb=7-4&oh=b64e94f72603b4addf2c5f395c2a3cfc&oe=60886356&_nc_sid=9fb510",
            "username": "vasubhandula1111"
        },
        "likes_count": 0,
        "answers": [
            {
                "id": 17861485403362929,
                "created_at": 1610883687,
                "text": "@vasubhandula1111 check dm",
                "owner": {
                    "id": "31345321949",
                    "is_verified": false,
                    "profile_pic_url": "https://instagram.fagc2-1.fna.fbcdn.net/v/t51.2885-19/s150x150/104655610_734890267265839_7042082510067431729_n.jpg?tp=1&_nc_ht=instagram.fagc2-1.fna.fbcdn.net&_nc_ohc=Q9yxDDyzyrwAX9Xuts8&ccb=7-4&oh=d86b1b6d639825b0f55d29acf1a38f6f&oe=608866EF&_nc_sid=9fb510",
                    "username": "airpods_case_1"
                },
                "likes_count": 0
            }
        ]
    },
    {
        "id": 17876394809113523,
        "created_at": 1610294465,
        "text": "Pp",
        "owner": {
            "id": "1186938567",
            "is_verified": false,
            "profile_pic_url": "https://instagram.fagc2-1.fna.fbcdn.net/v/t51.2885-19/s150x150/16906980_1867371446846955_4691853777735516160_a.jpg?tp=1&_nc_ht=instagram.fagc2-1.fna.fbcdn.net&_nc_ohc=oynS7CwJnnMAX-r0At8&ccb=7-4&oh=1856545af5cc189733c65ce668571907&oe=60891A8B&_nc_sid=9fb510",
            "username": "sanahkhan14"
        },
        "likes_count": 0,
        "answers": [
            {
                "id": 17892847072812431,
                "created_at": 1610295765,
                "text": "@sanahkhan14 check dm",
                "owner": {
                    "id": "31345321949",
                    "is_verified": false,
                    "profile_pic_url": "https://instagram.fagc2-1.fna.fbcdn.net/v/t51.2885-19/s150x150/104655610_734890267265839_7042082510067431729_n.jpg?tp=1&_nc_ht=instagram.fagc2-1.fna.fbcdn.net&_nc_ohc=Q9yxDDyzyrwAX9Xuts8&ccb=7-4&oh=d86b1b6d639825b0f55d29acf1a38f6f&oe=608866EF&_nc_sid=9fb510",
                    "username": "airpods_case_1"
                },
                "likes_count": 0
            }
        ]
    },
    {
        "id": 18144369097122581,
        "created_at": 1610078714,
        "text": "Pp ?",
        "owner": {
            "id": "38544782443",
            "is_verified": false,
            "profile_pic_url": "https://instagram.fagc2-1.fna.fbcdn.net/v/t51.2885-19/s150x150/122662758_361590901735672_4140129304279815011_n.jpg?tp=1&_nc_ht=instagram.fagc2-1.fna.fbcdn.net&_nc_ohc=hxhIvrXnhQYAX8MN_f3&ccb=7-4&oh=e3833ce7e571b860cc57b65939a57d77&oe=60887A89&_nc_sid=9fb510",
            "username": "pleasant.surprise87"
        },
        "likes_count": 0,
        "answers": [
            {
                "id": 17880512423045531,
                "created_at": 1610081290,
                "text": "@pleasant.surprise87 check dm",
                "owner": {
                    "id": "31345321949",
                    "is_verified": false,
                    "profile_pic_url": "https://instagram.fagc2-1.fna.fbcdn.net/v/t51.2885-19/s150x150/104655610_734890267265839_7042082510067431729_n.jpg?tp=1&_nc_ht=instagram.fagc2-1.fna.fbcdn.net&_nc_ohc=Q9yxDDyzyrwAX9Xuts8&ccb=7-4&oh=d86b1b6d639825b0f55d29acf1a38f6f&oe=608866EF&_nc_sid=9fb510",
                    "username": "airpods_case_1"
                },
                "likes_count": 0
            }
        ]
    },
    {
        "id": 17900633713698034,
        "created_at": 1609948659,
        "text": "How much",
        "owner": {
            "id": "23117445691",
            "is_verified": false,
            "profile_pic_url": "https://instagram.fagc2-1.fna.fbcdn.net/v/t51.2885-19/s150x150/74936915_413790836206689_1973123347470352384_n.jpg?tp=1&_nc_ht=instagram.fagc2-1.fna.fbcdn.net&_nc_ohc=kLeLpusIm54AX_ZAGCL&ccb=7-4&oh=c0b6b6eb29da57a76418c29c300f116f&oe=6086B373&_nc_sid=9fb510",
            "username": "giovanni.calderon.9619"
        },
        "likes_count": 0,
        "answers": [
            {
                "id": 17856893786420109,
                "created_at": 1609949080,
                "text": "@giovanni.calderon.9619 check dm",
                "owner": {
                    "id": "31345321949",
                    "is_verified": false,
                    "profile_pic_url": "https://instagram.fagc2-1.fna.fbcdn.net/v/t51.2885-19/s150x150/104655610_734890267265839_7042082510067431729_n.jpg?tp=1&_nc_ht=instagram.fagc2-1.fna.fbcdn.net&_nc_ohc=Q9yxDDyzyrwAX9Xuts8&ccb=7-4&oh=d86b1b6d639825b0f55d29acf1a38f6f&oe=608866EF&_nc_sid=9fb510",
                    "username": "airpods_case_1"
                },
                "likes_count": 0
            }
        ]
    },
    {
        "id": 17929144204473114,
        "created_at": 1609875097,
        "text": "I love these! We have airpods buy one get one free right now!",
        "owner": {
            "id": "269816532",
            "is_verified": false,
            "profile_pic_url": "https://instagram.fagc2-1.fna.fbcdn.net/v/t51.2885-19/s150x150/124408449_677210626523870_2312065115055457599_n.jpg?tp=1&_nc_ht=instagram.fagc2-1.fna.fbcdn.net&_nc_ohc=henoLCdbSuYAX-Vyg6B&ccb=7-4&oh=e9c47ca02d20dc487a7e751dded762c7&oe=6089A750&_nc_sid=9fb510",
            "username": "millionairebosssmom"
        },
        "likes_count": 0,
        "answers": []
    },
    {
        "id": 18082598803243585,
        "created_at": 1609867130,
        "text": "This price",
        "owner": {
            "id": "5733199270",
            "is_verified": false,
            "profile_pic_url": "https://instagram.fagc2-1.fna.fbcdn.net/v/t51.2885-19/s150x150/163649992_277113080560285_5660361800639687125_n.jpg?tp=1&_nc_ht=instagram.fagc2-1.fna.fbcdn.net&_nc_ohc=ZZ1rMX8AgvQAX-fzdOH&ccb=7-4&oh=d90b987aca59ed8fb24604ee7f897dc7&oe=60884D65&_nc_sid=9fb510",
            "username": "iam_srk_______"
        },
        "likes_count": 0,
        "answers": []
    }
]