[
    {
        "id": 17878374548279974,
        "created_at": 1616694195,
        "text": "Pp",
        "owner": {
            "id": "1409843479",
            "is_verified": false,
            "profile_pic_url": "https://instagram.fagc2-1.fna.fbcdn.net/v/t51.2885-19/s150x150/125349926_161013152404862_845008935509247142_n.jpg?tp=1&_nc_ht=instagram.fagc2-1.fna.fbcdn.net&_nc_ohc=TRqSGMPsdDMAX9XThG-&ccb=7-4&oh=aa8c6fa5d7d8025a25d5a116ea1f0b1c&oe=6088AB92&_nc_sid=9fb510",
            "username": "pikibu_prii"
        },
        "likes_count": 0,
        "answers": [
            {
                "id": 17910007516710313,
                "created_at": 1616694230,
                "text": "@pikibu_prii check dm",
                "owner": {
                    "id": "31345321949",
                    "is_verified": false,
                    "profile_pic_url": "https://instagram.fagc2-1.fna.fbcdn.net/v/t51.2885-19/s150x150/104655610_734890267265839_7042082510067431729_n.jpg?tp=1&_nc_ht=instagram.fagc2-1.fna.fbcdn.net&_nc_ohc=Q9yxDDyzyrwAX9Xuts8&ccb=7-4&oh=d86b1b6d639825b0f55d29acf1a38f6f&oe=608866EF&_nc_sid=9fb510",
                    "username": "airpods_case_1"
                },
                "likes_count": 0
            }
        ]
    },
    {
        "id": 17889729928977508,
        "created_at": 1616478131,
        "text": "Price",
        "owner": {
            "id": "14199484393",
            "is_verified": false,
            "profile_pic_url": "https://instagram.fagc2-1.fna.fbcdn.net/v/t51.2885-19/s150x150/153225679_174623261130948_2570939695923493732_n.jpg?tp=1&_nc_ht=instagram.fagc2-1.fna.fbcdn.net&_nc_ohc=lB8oDght2Q8AX-7SWOw&ccb=7-4&oh=d0cb1483d570f19fbbcce7b4c716e344&oe=6086AD61&_nc_sid=9fb510",
            "username": "zidi137"
        },
        "likes_count": 0,
        "answers": [
            {
                "id": 17873214374331994,
                "created_at": 1616478659,
                "text": "@zidi137 check dm",
                "owner": {
                    "id": "31345321949",
                    "is_verified": false,
                    "profile_pic_url": "https://instagram.fagc2-1.fna.fbcdn.net/v/t51.2885-19/s150x150/104655610_734890267265839_7042082510067431729_n.jpg?tp=1&_nc_ht=instagram.fagc2-1.fna.fbcdn.net&_nc_ohc=Q9yxDDyzyrwAX9Xuts8&ccb=7-4&oh=d86b1b6d639825b0f55d29acf1a38f6f&oe=608866EF&_nc_sid=9fb510",
                    "username": "airpods_case_1"
                },
                "likes_count": 0
            }
        ]
    },
    {
        "id": 17881319693170603,
        "created_at": 1616404846,
        "text": "Pp",
        "owner": {
            "id": "40255230825",
            "is_verified": false,
            "profile_pic_url": "https://instagram.fagc2-1.fna.fbcdn.net/v/t51.2885-19/s150x150/159422278_1891587147655056_6930879366070294118_n.jpg?tp=1&_nc_ht=instagram.fagc2-1.fna.fbcdn.net&_nc_ohc=vyFYLE2BWqcAX8-rouZ&ccb=7-4&oh=5cf9a5f4158e30de826d54205b3ce9a4&oe=608630F7&_nc_sid=9fb510",
            "username": "muskann_41"
        },
        "likes_count": 0,
        "answers": [
            {
                "id": 17912659576646120,
                "created_at": 1616409799,
                "text": "@muskann_41 check dm",
                "owner": {
                    "id": "31345321949",
                    "is_verified": false,
                    "profile_pic_url": "https://instagram.fagc2-1.fna.fbcdn.net/v/t51.2885-19/s150x150/104655610_734890267265839_7042082510067431729_n.jpg?tp=1&_nc_ht=instagram.fagc2-1.fna.fbcdn.net&_nc_ohc=Q9yxDDyzyrwAX9Xuts8&ccb=7-4&oh=d86b1b6d639825b0f55d29acf1a38f6f&oe=608866EF&_nc_sid=9fb510",
                    "username": "airpods_case_1"
                },
                "likes_count": 0
            }
        ]
    },
    {
        "id": 17882156621107373,
        "created_at": 1614071056,
        "text": "Pp",
        "owner": {
            "id": "4354055029",
            "is_verified": false,
            "profile_pic_url": "https://instagram.fagc2-1.fna.fbcdn.net/v/t51.2885-19/s150x150/161267706_440010783899612_3928616817582797385_n.jpg?tp=1&_nc_ht=instagram.fagc2-1.fna.fbcdn.net&_nc_ohc=-XYir5Luj7kAX8TkPNF&ccb=7-4&oh=c4be914e707652772de5c1e36bf93bad&oe=6089A09C&_nc_sid=9fb510",
            "username": "sirisha_ratnala"
        },
        "likes_count": 0,
        "answers": [
            {
                "id": 17917722793577146,
                "created_at": 1614072501,
                "text": "@sirisha_ratnala check dm",
                "owner": {
                    "id": "31345321949",
                    "is_verified": false,
                    "profile_pic_url": "https://instagram.fagc2-1.fna.fbcdn.net/v/t51.2885-19/s150x150/104655610_734890267265839_7042082510067431729_n.jpg?tp=1&_nc_ht=instagram.fagc2-1.fna.fbcdn.net&_nc_ohc=Q9yxDDyzyrwAX9Xuts8&ccb=7-4&oh=d86b1b6d639825b0f55d29acf1a38f6f&oe=608866EF&_nc_sid=9fb510",
                    "username": "airpods_case_1"
                },
                "likes_count": 0
            }
        ]
    },
    {
        "id": 18052795150282928,
        "created_at": 1613546656,
        "text": "Pp",
        "owner": {
            "id": "3982883893",
            "is_verified": false,
            "profile_pic_url": "https://instagram.fagc2-1.fna.fbcdn.net/v/t51.2885-19/s150x150/72219385_538422863583355_2141650343677657088_n.jpg?tp=1&_nc_ht=instagram.fagc2-1.fna.fbcdn.net&_nc_ohc=WYLpVQJevrMAX9tJ_sn&ccb=7-4&oh=5ac2da3c76798c9453d9e4c31edc12cd&oe=60861931&_nc_sid=9fb510",
            "username": "drao09"
        },
        "likes_count": 0,
        "answers": [
            {
                "id": 18031139698290807,
                "created_at": 1613546680,
                "text": "@drao09 check dm",
                "owner": {
                    "id": "31345321949",
                    "is_verified": false,
                    "profile_pic_url": "https://instagram.fagc2-1.fna.fbcdn.net/v/t51.2885-19/s150x150/104655610_734890267265839_7042082510067431729_n.jpg?tp=1&_nc_ht=instagram.fagc2-1.fna.fbcdn.net&_nc_ohc=Q9yxDDyzyrwAX9Xuts8&ccb=7-4&oh=d86b1b6d639825b0f55d29acf1a38f6f&oe=608866EF&_nc_sid=9fb510",
                    "username": "airpods_case_1"
                },
                "likes_count": 0
            }
        ]
    },
    {
        "id": 17895848686846855,
        "created_at": 1613306471,
        "text": "Price please",
        "owner": {
            "id": "6227046340",
            "is_verified": false,
            "profile_pic_url": "https://instagram.fagc2-1.fna.fbcdn.net/v/t51.2885-19/s150x150/145627586_264920751649064_1260108860707991117_n.jpg?tp=1&_nc_ht=instagram.fagc2-1.fna.fbcdn.net&_nc_ohc=G7sK3pYvPa4AX-Y1T19&ccb=7-4&oh=9e7a9716e497f987f2cccb9dd58f336e&oe=60866725&_nc_sid=9fb510",
            "username": "parth_sharma1109"
        },
        "likes_count": 0,
        "answers": [
            {
                "id": 17886783443002085,
                "created_at": 1613309616,
                "text": "@parth_sharma1109 check dm",
                "owner": {
                    "id": "31345321949",
                    "is_verified": false,
                    "profile_pic_url": "https://instagram.fagc2-1.fna.fbcdn.net/v/t51.2885-19/s150x150/104655610_734890267265839_7042082510067431729_n.jpg?tp=1&_nc_ht=instagram.fagc2-1.fna.fbcdn.net&_nc_ohc=Q9yxDDyzyrwAX9Xuts8&ccb=7-4&oh=d86b1b6d639825b0f55d29acf1a38f6f&oe=608866EF&_nc_sid=9fb510",
                    "username": "airpods_case_1"
                },
                "likes_count": 0
            }
        ]
    },
    {
        "id": 17982235039338283,
        "created_at": 1612799202,
        "text": "Price?",
        "owner": {
            "id": "1947083305",
            "is_verified": false,
            "profile_pic_url": "https://instagram.fagc2-1.fna.fbcdn.net/v/t51.2885-19/s150x150/130838245_392332648490482_390326783045208794_n.jpg?tp=1&_nc_ht=instagram.fagc2-1.fna.fbcdn.net&_nc_ohc=_KJIYukSAAEAX_oEh_7&ccb=7-4&oh=835dcb9b37c2bb0c55c769d6bea74ea1&oe=608920FC&_nc_sid=9fb510",
            "username": "radhikaagoyal17"
        },
        "likes_count": 0,
        "answers": []
    },
    {
        "id": 17894814220823183,
        "created_at": 1612531237,
        "text": "Pp?",
        "owner": {
            "id": "1927125100",
            "is_verified": false,
            "profile_pic_url": "https://instagram.fagc2-1.fna.fbcdn.net/v/t51.2885-19/s150x150/131019350_1296147417450731_7294019825492711525_n.jpg?tp=1&_nc_ht=instagram.fagc2-1.fna.fbcdn.net&_nc_ohc=-aKVcEKUs0gAX997KFW&ccb=7-4&oh=1a6dd98a21b935e2e43ca9dc8b40a050&oe=60876243&_nc_sid=9fb510",
            "username": "geet_bansal"
        },
        "likes_count": 0,
        "answers": [
            {
                "id": 17910031465620716,
                "created_at": 1612540311,
                "text": "@geet_bansal check dm",
                "owner": {
                    "id": "31345321949",
                    "is_verified": false,
                    "profile_pic_url": "https://instagram.fagc2-1.fna.fbcdn.net/v/t51.2885-19/s150x150/104655610_734890267265839_7042082510067431729_n.jpg?tp=1&_nc_ht=instagram.fagc2-1.fna.fbcdn.net&_nc_ohc=Q9yxDDyzyrwAX9Xuts8&ccb=7-4&oh=d86b1b6d639825b0f55d29acf1a38f6f&oe=608866EF&_nc_sid=9fb510",
                    "username": "airpods_case_1"
                },
                "likes_count": 0
            }
        ]
    },
    {
        "id": 17889685036891015,
        "created_at": 1611927652,
        "text": "Me ayuda con el precio",
        "owner": {
            "id": "3247419370",
            "is_verified": false,
            "profile_pic_url": "https://instagram.fagc2-1.fna.fbcdn.net/v/t51.2885-19/s150x150/151780577_760904854859663_7570933060192695435_n.jpg?tp=1&_nc_ht=instagram.fagc2-1.fna.fbcdn.net&_nc_ohc=OFiRARnRHFAAX-vh4XS&ccb=7-4&oh=0423a502b1c95970500cad488f17f5ba&oe=608841FD&_nc_sid=9fb510",
            "username": "victoriacenteno_mendez22"
        },
        "likes_count": 0,
        "answers": [
            {
                "id": 18153465340115513,
                "created_at": 1611934602,
                "text": "@victoriacenteno_mendez22 English",
                "owner": {
                    "id": "31345321949",
                    "is_verified": false,
                    "profile_pic_url": "https://instagram.fagc2-1.fna.fbcdn.net/v/t51.2885-19/s150x150/104655610_734890267265839_7042082510067431729_n.jpg?tp=1&_nc_ht=instagram.fagc2-1.fna.fbcdn.net&_nc_ohc=Q9yxDDyzyrwAX9Xuts8&ccb=7-4&oh=d86b1b6d639825b0f55d29acf1a38f6f&oe=608866EF&_nc_sid=9fb510",
                    "username": "airpods_case_1"
                },
                "likes_count": 0
            }
        ]
    },
    {
        "id": 17915591845577121,
        "created_at": 1611820130,
        "text": "Pp",
        "owner": {
            "id": "3938392931",
            "is_verified": false,
            "profile_pic_url": "https://instagram.fagc2-1.fna.fbcdn.net/v/t51.2885-19/s150x150/164715303_466177821482513_3244241865618589732_n.jpg?tp=1&_nc_ht=instagram.fagc2-1.fna.fbcdn.net&_nc_ohc=Sk5tcTnXU9oAX8pKLPC&ccb=7-4&oh=005b07cebc9b5ff5aa6ce3936d90b030&oe=60887434&_nc_sid=9fb510",
            "username": "dr.soudhaminigoud"
        },
        "likes_count": 0,
        "answers": [
            {
                "id": 17862738221363593,
                "created_at": 1611822728,
                "text": "@dr.soudhaminigoud check dm",
                "owner": {
                    "id": "31345321949",
                    "is_verified": false,
                    "profile_pic_url": "https://instagram.fagc2-1.fna.fbcdn.net/v/t51.2885-19/s150x150/104655610_734890267265839_7042082510067431729_n.jpg?tp=1&_nc_ht=instagram.fagc2-1.fna.fbcdn.net&_nc_ohc=Q9yxDDyzyrwAX9Xuts8&ccb=7-4&oh=d86b1b6d639825b0f55d29acf1a38f6f&oe=608866EF&_nc_sid=9fb510",
                    "username": "airpods_case_1"
                },
                "likes_count": 0
            }
        ]
    }
]