[
    {
        "id": 17880740672107131,
        "created_at": 1613025889,
        "text": "Pics pls",
        "owner": {
            "id": "1411882432",
            "is_verified": false,
            "profile_pic_url": "https://instagram.fagc2-1.fna.fbcdn.net/v/t51.2885-19/s150x150/73387363_570208533729278_2760230002006949888_n.jpg?tp=1&_nc_ht=instagram.fagc2-1.fna.fbcdn.net&_nc_ohc=hHg-IWi3lUUAX-rYY_8&ccb=7-4&oh=4b11abf160e94cc600d87fa2c75ece94&oe=6086A05F&_nc_sid=9fb510",
            "username": "seema.jain.106"
        },
        "likes_count": 0,
        "answers": [
            {
                "id": 17897044534839254,
                "created_at": 1613027923,
                "text": "@seema.jain.106 check dm",
                "owner": {
                    "id": "31345321949",
                    "is_verified": false,
                    "profile_pic_url": "https://instagram.fagc2-1.fna.fbcdn.net/v/t51.2885-19/s150x150/104655610_734890267265839_7042082510067431729_n.jpg?tp=1&_nc_ht=instagram.fagc2-1.fna.fbcdn.net&_nc_ohc=Q9yxDDyzyrwAX9Xuts8&ccb=7-4&oh=d86b1b6d639825b0f55d29acf1a38f6f&oe=608866EF&_nc_sid=9fb510",
                    "username": "airpods_case_1"
                },
                "likes_count": 0
            }
        ]
    }
]