[
    {
        "id": 17865061832492921,
        "created_at": 1616744307,
        "text": "Price ?",
        "owner": {
            "id": "5769320389",
            "is_verified": false,
            "profile_pic_url": "https://instagram.fagc2-1.fna.fbcdn.net/v/t51.2885-19/s150x150/144281636_706498986901853_6934761979669786609_n.jpg?tp=1&_nc_ht=instagram.fagc2-1.fna.fbcdn.net&_nc_ohc=twYAUMhDku4AX-aQFYB&ccb=7-4&oh=2647a2fad0e194ef041fed3fec8c64ca&oe=6089B4BC&_nc_sid=9fb510",
            "username": "viyushjain07"
        },
        "likes_count": 1,
        "answers": [
            {
                "id": 17866690355420666,
                "created_at": 1616744612,
                "text": "@viyushjain07 check dm",
                "owner": {
                    "id": "31345321949",
                    "is_verified": false,
                    "profile_pic_url": "https://instagram.fagc2-1.fna.fbcdn.net/v/t51.2885-19/s150x150/104655610_734890267265839_7042082510067431729_n.jpg?tp=1&_nc_ht=instagram.fagc2-1.fna.fbcdn.net&_nc_ohc=Q9yxDDyzyrwAX9Xuts8&ccb=7-4&oh=d86b1b6d639825b0f55d29acf1a38f6f&oe=608866EF&_nc_sid=9fb510",
                    "username": "airpods_case_1"
                },
                "likes_count": 0
            }
        ]
    },
    {
        "id": 17900604619822209,
        "created_at": 1616338145,
        "text": "Price",
        "owner": {
            "id": "40184410048",
            "is_verified": false,
            "profile_pic_url": "https://instagram.fagc2-1.fna.fbcdn.net/v/t51.2885-19/s150x150/160959310_452292736203971_7833574227754452978_n.jpg?tp=1&_nc_ht=instagram.fagc2-1.fna.fbcdn.net&_nc_ohc=eQEkiAa2EakAX8q5c5k&ccb=7-4&oh=9b849d7d089afdc316bb123c57faa63f&oe=60897E82&_nc_sid=9fb510",
            "username": "itxhaniashah"
        },
        "likes_count": 0,
        "answers": [
            {
                "id": 18063245002276395,
                "created_at": 1616338429,
                "text": "@airpods_case_1 in Pakistan",
                "owner": {
                    "id": "40184410048",
                    "is_verified": false,
                    "profile_pic_url": "https://instagram.fagc2-1.fna.fbcdn.net/v/t51.2885-19/s150x150/160959310_452292736203971_7833574227754452978_n.jpg?tp=1&_nc_ht=instagram.fagc2-1.fna.fbcdn.net&_nc_ohc=eQEkiAa2EakAX8q5c5k&tn=vAV03NcBb3ckNTOE&ccb=7-4&oh=fa9f25b06719c78b137478aee2ff6f32&oe=60897E82&_nc_sid=9fb510",
                    "username": "itxhaniashah"
                },
                "likes_count": 0
            },
            {
                "id": 17960872252401256,
                "created_at": 1616338736,
                "text": "@itxhaniashah India",
                "owner": {
                    "id": "31345321949",
                    "is_verified": false,
                    "profile_pic_url": "https://instagram.fagc2-1.fna.fbcdn.net/v/t51.2885-19/s150x150/104655610_734890267265839_7042082510067431729_n.jpg?tp=1&_nc_ht=instagram.fagc2-1.fna.fbcdn.net&_nc_ohc=Q9yxDDyzyrwAX9Xuts8&ccb=7-4&oh=d86b1b6d639825b0f55d29acf1a38f6f&oe=608866EF&_nc_sid=9fb510",
                    "username": "airpods_case_1"
                },
                "likes_count": 0
            },
            {
                "id": 17904391381770206,
                "created_at": 1616338337,
                "text": "@itxhaniashah check dm",
                "owner": {
                    "id": "31345321949",
                    "is_verified": false,
                    "profile_pic_url": "https://instagram.fagc2-1.fna.fbcdn.net/v/t51.2885-19/s150x150/104655610_734890267265839_7042082510067431729_n.jpg?tp=1&_nc_ht=instagram.fagc2-1.fna.fbcdn.net&_nc_ohc=Q9yxDDyzyrwAX9Xuts8&ccb=7-4&oh=d86b1b6d639825b0f55d29acf1a38f6f&oe=608866EF&_nc_sid=9fb510",
                    "username": "airpods_case_1"
                },
                "likes_count": 0
            }
        ]
    },
    {
        "id": 17886195137082004,
        "created_at": 1616167972,
        "text": "How much?",
        "owner": {
            "id": "8463731352",
            "is_verified": false,
            "profile_pic_url": "https://instagram.fagc2-1.fna.fbcdn.net/v/t51.2885-19/s150x150/158040648_541850656781872_2410558766887389371_n.jpg?tp=1&_nc_ht=instagram.fagc2-1.fna.fbcdn.net&_nc_ohc=1DvVwSwPbm4AX8ShO4Y&ccb=7-4&oh=12f50aa7887b2952a15a0cf57c8eaf25&oe=6086AA61&_nc_sid=9fb510",
            "username": "sanelemyeza_"
        },
        "likes_count": 0,
        "answers": [
            {
                "id": 18075437836259552,
                "created_at": 1616168131,
                "text": "@sanelemyeza_ check dm",
                "owner": {
                    "id": "31345321949",
                    "is_verified": false,
                    "profile_pic_url": "https://instagram.fagc2-1.fna.fbcdn.net/v/t51.2885-19/s150x150/104655610_734890267265839_7042082510067431729_n.jpg?tp=1&_nc_ht=instagram.fagc2-1.fna.fbcdn.net&_nc_ohc=Q9yxDDyzyrwAX9Xuts8&ccb=7-4&oh=d86b1b6d639825b0f55d29acf1a38f6f&oe=608866EF&_nc_sid=9fb510",
                    "username": "airpods_case_1"
                },
                "likes_count": 0
            }
        ]
    },
    {
        "id": 17926454620505903,
        "created_at": 1616125883,
        "text": "Hm po",
        "owner": {
            "id": "328029903",
            "is_verified": false,
            "profile_pic_url": "https://instagram.fagc2-1.fna.fbcdn.net/v/t51.2885-19/s150x150/66501063_2617174528339246_6851020522759651328_n.jpg?tp=1&_nc_ht=instagram.fagc2-1.fna.fbcdn.net&_nc_ohc=yG8PjU4WrqgAX_QuYQJ&ccb=7-4&oh=3e8f4ff2611a89f9defa959e68cd56ad&oe=60895E77&_nc_sid=9fb510",
            "username": "lboisaac"
        },
        "likes_count": 0,
        "answers": []
    },
    {
        "id": 17873199056242514,
        "created_at": 1615426959,
        "text": "Price",
        "owner": {
            "id": "42345370030",
            "is_verified": false,
            "profile_pic_url": "https://instagram.fagc2-1.fna.fbcdn.net/v/t51.2885-19/s150x150/163962994_274316237481142_6575817016770205272_n.jpg?tp=1&_nc_ht=instagram.fagc2-1.fna.fbcdn.net&_nc_ohc=VJ-0zyMqNrQAX8E2TaG&ccb=7-4&oh=fc42fa42ffae924849003c2de4d03e0a&oe=6088BDE9&_nc_sid=9fb510",
            "username": "ali_haider_am"
        },
        "likes_count": 0,
        "answers": [
            {
                "id": 18198388336022655,
                "created_at": 1615448327,
                "text": "@ali_haider_am check dm",
                "owner": {
                    "id": "31345321949",
                    "is_verified": false,
                    "profile_pic_url": "https://instagram.fagc2-1.fna.fbcdn.net/v/t51.2885-19/s150x150/104655610_734890267265839_7042082510067431729_n.jpg?tp=1&_nc_ht=instagram.fagc2-1.fna.fbcdn.net&_nc_ohc=Q9yxDDyzyrwAX9Xuts8&ccb=7-4&oh=d86b1b6d639825b0f55d29acf1a38f6f&oe=608866EF&_nc_sid=9fb510",
                    "username": "airpods_case_1"
                },
                "likes_count": 0
            }
        ]
    },
    {
        "id": 17918723353569195,
        "created_at": 1614668343,
        "text": "Pp",
        "owner": {
            "id": "7467935245",
            "is_verified": false,
            "profile_pic_url": "https://instagram.fagc2-1.fna.fbcdn.net/v/t51.2885-19/s150x150/142779677_4985773994829556_9147573827827964147_n.jpg?tp=1&_nc_ht=instagram.fagc2-1.fna.fbcdn.net&_nc_ohc=p5bdGxq4-04AX-O9fwW&ccb=7-4&oh=a069147a846a13c09090c9223ee0dae5&oe=60893E9C&_nc_sid=9fb510",
            "username": "arshdeep.kaur.dhaliwal"
        },
        "likes_count": 0,
        "answers": [
            {
                "id": 17917250347586047,
                "created_at": 1614669125,
                "text": "@arshdeep.kaur.dhaliwal check dm",
                "owner": {
                    "id": "31345321949",
                    "is_verified": false,
                    "profile_pic_url": "https://instagram.fagc2-1.fna.fbcdn.net/v/t51.2885-19/s150x150/104655610_734890267265839_7042082510067431729_n.jpg?tp=1&_nc_ht=instagram.fagc2-1.fna.fbcdn.net&_nc_ohc=Q9yxDDyzyrwAX9Xuts8&ccb=7-4&oh=d86b1b6d639825b0f55d29acf1a38f6f&oe=608866EF&_nc_sid=9fb510",
                    "username": "airpods_case_1"
                },
                "likes_count": 0
            }
        ]
    },
    {
        "id": 17865497675375328,
        "created_at": 1614519822,
        "text": "Price?",
        "owner": {
            "id": "2345264037",
            "is_verified": false,
            "profile_pic_url": "https://instagram.fagc2-1.fna.fbcdn.net/v/t51.2885-19/s150x150/15046894_161529260981230_1559629369662504960_a.jpg?tp=1&_nc_ht=instagram.fagc2-1.fna.fbcdn.net&_nc_ohc=NNnjveM7RKEAX-eDv6N&ccb=7-4&oh=6d0442e30d18b5095ab7fb25e98b1270&oe=608887D8&_nc_sid=9fb510",
            "username": "yusufp_29"
        },
        "likes_count": 0,
        "answers": [
            {
                "id": 18129418195199466,
                "created_at": 1614526938,
                "text": "@yusufp_29 check dm",
                "owner": {
                    "id": "31345321949",
                    "is_verified": false,
                    "profile_pic_url": "https://instagram.fagc2-1.fna.fbcdn.net/v/t51.2885-19/s150x150/104655610_734890267265839_7042082510067431729_n.jpg?tp=1&_nc_ht=instagram.fagc2-1.fna.fbcdn.net&_nc_ohc=Q9yxDDyzyrwAX9Xuts8&ccb=7-4&oh=d86b1b6d639825b0f55d29acf1a38f6f&oe=608866EF&_nc_sid=9fb510",
                    "username": "airpods_case_1"
                },
                "likes_count": 0
            }
        ]
    },
    {
        "id": 17957303311394874,
        "created_at": 1614446488,
        "text": "Pp",
        "owner": {
            "id": "1645433671",
            "is_verified": false,
            "profile_pic_url": "https://instagram.fagc2-1.fna.fbcdn.net/v/t51.2885-19/s150x150/118496440_137124248069001_6393691535372179999_n.jpg?tp=1&_nc_ht=instagram.fagc2-1.fna.fbcdn.net&_nc_ohc=1Byvg_kqLW0AX8u5WbF&ccb=7-4&oh=4447cadc76a1076295da5b3ae2725136&oe=6088BADB&_nc_sid=9fb510",
            "username": "sukhjot_sukh"
        },
        "likes_count": 0,
        "answers": [
            {
                "id": 17858427233449667,
                "created_at": 1614446543,
                "text": "Check dm",
                "owner": {
                    "id": "31345321949",
                    "is_verified": false,
                    "profile_pic_url": "https://instagram.fagc2-1.fna.fbcdn.net/v/t51.2885-19/s150x150/104655610_734890267265839_7042082510067431729_n.jpg?tp=1&_nc_ht=instagram.fagc2-1.fna.fbcdn.net&_nc_ohc=Q9yxDDyzyrwAX9Xuts8&ccb=7-4&oh=d86b1b6d639825b0f55d29acf1a38f6f&oe=608866EF&_nc_sid=9fb510",
                    "username": "airpods_case_1"
                },
                "likes_count": 0
            }
        ]
    },
    {
        "id": 17927755564503329,
        "created_at": 1614439767,
        "text": "Pp??",
        "owner": {
            "id": "7794306209",
            "is_verified": false,
            "profile_pic_url": "https://instagram.fagc2-1.fna.fbcdn.net/v/t51.2885-19/s150x150/161020519_746428069353874_2033170950931701700_n.jpg?tp=1&_nc_ht=instagram.fagc2-1.fna.fbcdn.net&_nc_ohc=96-LBFDgWW8AX8SaKxb&ccb=7-4&oh=511679acfea043ff251c39adcd6b3f27&oe=6086C3C7&_nc_sid=9fb510",
            "username": "sanyaa_nagpal"
        },
        "likes_count": 0,
        "answers": [
            {
                "id": 17895674533891883,
                "created_at": 1614440195,
                "text": "@sanyaa_nagpal check dm",
                "owner": {
                    "id": "31345321949",
                    "is_verified": false,
                    "profile_pic_url": "https://instagram.fagc2-1.fna.fbcdn.net/v/t51.2885-19/s150x150/104655610_734890267265839_7042082510067431729_n.jpg?tp=1&_nc_ht=instagram.fagc2-1.fna.fbcdn.net&_nc_ohc=Q9yxDDyzyrwAX9Xuts8&ccb=7-4&oh=d86b1b6d639825b0f55d29acf1a38f6f&oe=608866EF&_nc_sid=9fb510",
                    "username": "airpods_case_1"
                },
                "likes_count": 0
            }
        ]
    },
    {
        "id": 17862720818411347,
        "created_at": 1614330107,
        "text": "Price?",
        "owner": {
            "id": "28159848465",
            "is_verified": false,
            "profile_pic_url": "https://instagram.fagc2-1.fna.fbcdn.net/v/t51.2885-19/s150x150/162108469_288036345998514_6138110322905020165_n.jpg?tp=1&_nc_ht=instagram.fagc2-1.fna.fbcdn.net&_nc_ohc=gO_bVXzKma0AX9_W4Ax&ccb=7-4&oh=0c53da3ac426e2b48215a29378574b2a&oe=6088DAF6&_nc_sid=9fb510",
            "username": "thisis.samii"
        },
        "likes_count": 0,
        "answers": [
            {
                "id": 17898668761768547,
                "created_at": 1614330206,
                "text": "@thisis.samii check dm",
                "owner": {
                    "id": "31345321949",
                    "is_verified": false,
                    "profile_pic_url": "https://instagram.fagc2-1.fna.fbcdn.net/v/t51.2885-19/s150x150/104655610_734890267265839_7042082510067431729_n.jpg?tp=1&_nc_ht=instagram.fagc2-1.fna.fbcdn.net&_nc_ohc=Q9yxDDyzyrwAX9Xuts8&ccb=7-4&oh=d86b1b6d639825b0f55d29acf1a38f6f&oe=608866EF&_nc_sid=9fb510",
                    "username": "airpods_case_1"
                },
                "likes_count": 0
            }
        ]
    },
    {
        "id": 17862766481417828,
        "created_at": 1614323369,
        "text": "$$$",
        "owner": {
            "id": "431988378",
            "is_verified": false,
            "profile_pic_url": "https://instagram.fkul2-3.fna.fbcdn.net/v/t51.2885-19/44884218_345707102882519_2446069589734326272_n.jpg?_nc_ht=instagram.fkul2-3.fna.fbcdn.net&_nc_ohc=hLTkwc3uTqUAX9kA0gp&ccb=7-4&oh=59fbfc1a03815929cba1e1a7c7729915&oe=6087738F&_nc_sid=712cc3&ig_cache_key=YW5vbnltb3VzX3Byb2ZpbGVfcGlj.2-ccb7-4",
            "username": "marianapeb"
        },
        "likes_count": 0,
        "answers": [
            {
                "id": 18031644352291897,
                "created_at": 1614325262,
                "text": "@airpods_case_1 Can you explain, I\u2019m from Mexico and I don\u2019t understand \ud83d\ude23",
                "owner": {
                    "id": "431988378",
                    "is_verified": false,
                    "profile_pic_url": "https://instagram.fkul2-3.fna.fbcdn.net/v/t51.2885-19/44884218_345707102882519_2446069589734326272_n.jpg?_nc_ht=instagram.fkul2-3.fna.fbcdn.net&_nc_ohc=hLTkwc3uTqUAX9kA0gp&ccb=7-4&oh=59fbfc1a03815929cba1e1a7c7729915&oe=6087738F&_nc_sid=712cc3&ig_cache_key=YW5vbnltb3VzX3Byb2ZpbGVfcGlj.2-ccb7-4",
                    "username": "marianapeb"
                },
                "likes_count": 0
            },
            {
                "id": 17873678567191753,
                "created_at": 1614323400,
                "text": "\u20b9\u20b9\u20b9",
                "owner": {
                    "id": "31345321949",
                    "is_verified": false,
                    "profile_pic_url": "https://instagram.fagc2-1.fna.fbcdn.net/v/t51.2885-19/s150x150/104655610_734890267265839_7042082510067431729_n.jpg?tp=1&_nc_ht=instagram.fagc2-1.fna.fbcdn.net&_nc_ohc=Q9yxDDyzyrwAX9Xuts8&ccb=7-4&oh=d86b1b6d639825b0f55d29acf1a38f6f&oe=608866EF&_nc_sid=9fb510",
                    "username": "airpods_case_1"
                },
                "likes_count": 0
            }
        ]
    },
    {
        "id": 17885919482045738,
        "created_at": 1614193843,
        "text": "@airpods_case_1",
        "owner": {
            "id": "514253699",
            "is_verified": false,
            "profile_pic_url": "https://instagram.fagc2-1.fna.fbcdn.net/v/t51.2885-19/s150x150/69385551_499787020806423_4366995396497506304_n.jpg?tp=1&_nc_ht=instagram.fagc2-1.fna.fbcdn.net&_nc_ohc=3pLZ0r157eUAX-27dd9&ccb=7-4&oh=a2dcf3634a95cea6bb4c2fcdfa549a42&oe=60881039&_nc_sid=9fb510",
            "username": "_sisi_eko1"
        },
        "likes_count": 0,
        "answers": []
    },
    {
        "id": 17859665261413552,
        "created_at": 1614193832,
        "text": "How much and are you in Lagos pls ?",
        "owner": {
            "id": "514253699",
            "is_verified": false,
            "profile_pic_url": "https://instagram.fagc2-1.fna.fbcdn.net/v/t51.2885-19/s150x150/69385551_499787020806423_4366995396497506304_n.jpg?tp=1&_nc_ht=instagram.fagc2-1.fna.fbcdn.net&_nc_ohc=3pLZ0r157eUAX-27dd9&ccb=7-4&oh=a2dcf3634a95cea6bb4c2fcdfa549a42&oe=60881039&_nc_sid=9fb510",
            "username": "_sisi_eko1"
        },
        "likes_count": 0,
        "answers": [
            {
                "id": 17908975936660520,
                "created_at": 1614227167,
                "text": "@_sisi_eko1 noo",
                "owner": {
                    "id": "31345321949",
                    "is_verified": false,
                    "profile_pic_url": "https://instagram.fagc2-1.fna.fbcdn.net/v/t51.2885-19/s150x150/104655610_734890267265839_7042082510067431729_n.jpg?tp=1&_nc_ht=instagram.fagc2-1.fna.fbcdn.net&_nc_ohc=Q9yxDDyzyrwAX9Xuts8&ccb=7-4&oh=d86b1b6d639825b0f55d29acf1a38f6f&oe=608866EF&_nc_sid=9fb510",
                    "username": "airpods_case_1"
                },
                "likes_count": 0
            }
        ]
    },
    {
        "id": 17913492175613772,
        "created_at": 1614168454,
        "text": "Price",
        "owner": {
            "id": "1770742829",
            "is_verified": false,
            "profile_pic_url": "https://instagram.fagc2-1.fna.fbcdn.net/v/t51.2885-19/s150x150/94317877_220066986098807_5220511629933805568_n.jpg?tp=1&_nc_ht=instagram.fagc2-1.fna.fbcdn.net&_nc_ohc=yrCe4EqHEOQAX-rUIku&ccb=7-4&oh=3a65fe86cde24be1ed96678210fcadf4&oe=60867968&_nc_sid=9fb510",
            "username": "bint_ilyas_"
        },
        "likes_count": 0,
        "answers": []
    },
    {
        "id": 17973509896363910,
        "created_at": 1613864274,
        "text": "how much",
        "owner": {
            "id": "24854965824",
            "is_verified": false,
            "profile_pic_url": "https://instagram.fagc2-1.fna.fbcdn.net/v/t51.2885-19/s150x150/164100825_516327116047650_8841920340279721240_n.jpg?tp=1&_nc_ht=instagram.fagc2-1.fna.fbcdn.net&_nc_ohc=RLComW4_vO0AX-EFOtN&ccb=7-4&oh=35b95b625412a72d469662d958bf41a3&oe=6088E9D8&_nc_sid=9fb510",
            "username": "emzu38"
        },
        "likes_count": 0,
        "answers": [
            {
                "id": 17911856377626073,
                "created_at": 1613879910,
                "text": "@emzu38 check dm",
                "owner": {
                    "id": "31345321949",
                    "is_verified": false,
                    "profile_pic_url": "https://instagram.fagc2-1.fna.fbcdn.net/v/t51.2885-19/s150x150/104655610_734890267265839_7042082510067431729_n.jpg?tp=1&_nc_ht=instagram.fagc2-1.fna.fbcdn.net&_nc_ohc=Q9yxDDyzyrwAX9Xuts8&ccb=7-4&oh=d86b1b6d639825b0f55d29acf1a38f6f&oe=608866EF&_nc_sid=9fb510",
                    "username": "airpods_case_1"
                },
                "likes_count": 0
            }
        ]
    },
    {
        "id": 17905106908727127,
        "created_at": 1613673645,
        "text": "\u0643\u0627\u0645",
        "owner": {
            "id": "8986812232",
            "is_verified": false,
            "profile_pic_url": "https://instagram.fagc2-1.fna.fbcdn.net/v/t51.2885-19/s150x150/153505655_2904755596479019_5474472189109058081_n.jpg?tp=1&_nc_ht=instagram.fagc2-1.fna.fbcdn.net&_nc_ohc=Ctwsa7ySfmAAX_A9fAf&ccb=7-4&oh=67aa854aa4747d44c03e2e968fc2c08d&oe=6088EDB7&_nc_sid=9fb510",
            "username": "youssif_joh226"
        },
        "likes_count": 0,
        "answers": [
            {
                "id": 17885463083026398,
                "created_at": 1613675646,
                "text": "@airpods_case_1 yes \u0627\u064a\u0629 \ud83d\ude05",
                "owner": {
                    "id": "8986812232",
                    "is_verified": false,
                    "profile_pic_url": "https://instagram.fagc2-1.fna.fbcdn.net/v/t51.2885-19/s150x150/153505655_2904755596479019_5474472189109058081_n.jpg?tp=1&_nc_ht=instagram.fagc2-1.fna.fbcdn.net&_nc_ohc=Ctwsa7ySfmAAX_A9fAf&ccb=7-4&oh=67aa854aa4747d44c03e2e968fc2c08d&oe=6088EDB7&_nc_sid=9fb510",
                    "username": "youssif_joh226"
                },
                "likes_count": 0
            },
            {
                "id": 17876171276138824,
                "created_at": 1613674355,
                "text": "Yes",
                "owner": {
                    "id": "31345321949",
                    "is_verified": false,
                    "profile_pic_url": "https://instagram.fagc2-1.fna.fbcdn.net/v/t51.2885-19/s150x150/104655610_734890267265839_7042082510067431729_n.jpg?tp=1&_nc_ht=instagram.fagc2-1.fna.fbcdn.net&_nc_ohc=Q9yxDDyzyrwAX9Xuts8&ccb=7-4&oh=d86b1b6d639825b0f55d29acf1a38f6f&oe=608866EF&_nc_sid=9fb510",
                    "username": "airpods_case_1"
                },
                "likes_count": 0
            }
        ]
    }
]