[
    {
        "id": 17885256194103534,
        "created_at": 1616087449,
        "text": "Price?",
        "owner": {
            "id": "10269895785",
            "is_verified": false,
            "profile_pic_url": "https://instagram.fagc2-1.fna.fbcdn.net/v/t51.2885-19/s150x150/158821122_454367558949979_8174976133576362384_n.jpg?tp=1&_nc_ht=instagram.fagc2-1.fna.fbcdn.net&_nc_ohc=hEFgeOtWvHkAX_Vj1iw&ccb=7-4&oh=d11db14d2756b239c0eb53bf19a6b3fb&oe=60886EDD&_nc_sid=9fb510",
            "username": "mohit.kodre"
        },
        "likes_count": 0,
        "answers": [
            {
                "id": 17875929791277977,
                "created_at": 1616088078,
                "text": "@mohit.kodre check dm",
                "owner": {
                    "id": "31345321949",
                    "is_verified": false,
                    "profile_pic_url": "https://instagram.fagc2-1.fna.fbcdn.net/v/t51.2885-19/s150x150/104655610_734890267265839_7042082510067431729_n.jpg?tp=1&_nc_ht=instagram.fagc2-1.fna.fbcdn.net&_nc_ohc=Q9yxDDyzyrwAX9Xuts8&ccb=7-4&oh=d86b1b6d639825b0f55d29acf1a38f6f&oe=608866EF&_nc_sid=9fb510",
                    "username": "airpods_case_1"
                },
                "likes_count": 0
            }
        ]
    },
    {
        "id": 18000293854315461,
        "created_at": 1616049454,
        "text": "h.m !?",
        "owner": {
            "id": "1710378890",
            "is_verified": false,
            "profile_pic_url": "https://instagram.fagc2-1.fna.fbcdn.net/v/t51.2885-19/s150x150/18443603_1406911629347955_748740008034172928_a.jpg?tp=1&_nc_ht=instagram.fagc2-1.fna.fbcdn.net&_nc_ohc=dtHwMGS2umoAX9zpAsB&ccb=7-4&oh=667aebeb0afe6acb01de14e64dd20810&oe=6086D1FD&_nc_sid=9fb510",
            "username": "mohamed_samir_elamin"
        },
        "likes_count": 0,
        "answers": [
            {
                "id": 17891888368905248,
                "created_at": 1616058316,
                "text": "@mohamed_samir_elamin yes?",
                "owner": {
                    "id": "31345321949",
                    "is_verified": false,
                    "profile_pic_url": "https://instagram.fagc2-1.fna.fbcdn.net/v/t51.2885-19/s150x150/104655610_734890267265839_7042082510067431729_n.jpg?tp=1&_nc_ht=instagram.fagc2-1.fna.fbcdn.net&_nc_ohc=Q9yxDDyzyrwAX9Xuts8&ccb=7-4&oh=d86b1b6d639825b0f55d29acf1a38f6f&oe=608866EF&_nc_sid=9fb510",
                    "username": "airpods_case_1"
                },
                "likes_count": 0
            }
        ]
    }
]