[
    {
        "id": 17861452028424785,
        "created_at": 1613852939,
        "text": "Is anime design available",
        "owner": {
            "id": "7074096862",
            "is_verified": false,
            "profile_pic_url": "https://instagram.fagc2-1.fna.fbcdn.net/v/t51.2885-19/s150x150/132978067_211141487255976_4168317879022140630_n.jpg?tp=1&_nc_ht=instagram.fagc2-1.fna.fbcdn.net&_nc_ohc=dAa6pNtktF0AX8vl7sV&ccb=7-4&oh=a9468bb795aaa9b1c4ff5fe6b2f5d4ca&oe=60889630&_nc_sid=9fb510",
            "username": "_shez_barbara"
        },
        "likes_count": 0,
        "answers": [
            {
                "id": 17861992097421384,
                "created_at": 1613853088,
                "text": "@_shez_barbara check dm",
                "owner": {
                    "id": "31345321949",
                    "is_verified": false,
                    "profile_pic_url": "https://instagram.fagc2-1.fna.fbcdn.net/v/t51.2885-19/s150x150/104655610_734890267265839_7042082510067431729_n.jpg?tp=1&_nc_ht=instagram.fagc2-1.fna.fbcdn.net&_nc_ohc=Q9yxDDyzyrwAX9Xuts8&ccb=7-4&oh=d86b1b6d639825b0f55d29acf1a38f6f&oe=608866EF&_nc_sid=9fb510",
                    "username": "airpods_case_1"
                },
                "likes_count": 0
            }
        ]
    },
    {
        "id": 17953256641404968,
        "created_at": 1612880101,
        "text": "What is the price\ud83d\udd25",
        "owner": {
            "id": "20299880272",
            "is_verified": false,
            "profile_pic_url": "https://instagram.fagc2-1.fna.fbcdn.net/v/t51.2885-19/s150x150/161749229_1608460392678881_5398467233019454817_n.jpg?tp=1&_nc_ht=instagram.fagc2-1.fna.fbcdn.net&_nc_ohc=lhh17VwCV-IAX-Y1xXI&ccb=7-4&oh=827a2036987daf7c0a7eda15b97909f9&oe=6087E892&_nc_sid=9fb510",
            "username": "_syed_abdulla_44"
        },
        "likes_count": 0,
        "answers": [
            {
                "id": 17888560939957507,
                "created_at": 1612887792,
                "text": "@_syed_abdulla_44 check dm",
                "owner": {
                    "id": "31345321949",
                    "is_verified": false,
                    "profile_pic_url": "https://instagram.fagc2-1.fna.fbcdn.net/v/t51.2885-19/s150x150/104655610_734890267265839_7042082510067431729_n.jpg?tp=1&_nc_ht=instagram.fagc2-1.fna.fbcdn.net&_nc_ohc=Q9yxDDyzyrwAX9Xuts8&ccb=7-4&oh=d86b1b6d639825b0f55d29acf1a38f6f&oe=608866EF&_nc_sid=9fb510",
                    "username": "airpods_case_1"
                },
                "likes_count": 0
            }
        ]
    },
    {
        "id": 18159541537096980,
        "created_at": 1612695449,
        "text": "Pp",
        "owner": {
            "id": "6854909223",
            "is_verified": false,
            "profile_pic_url": "https://instagram.fagc2-1.fna.fbcdn.net/v/t51.2885-19/s150x150/162302412_477654820252769_2352545680930879670_n.jpg?tp=1&_nc_ht=instagram.fagc2-1.fna.fbcdn.net&_nc_ohc=nagV1DeBu1IAX-vgi2R&ccb=7-4&oh=c92a0739044de86c4911d9cb8d73ac52&oe=6087D5A4&_nc_sid=9fb510",
            "username": "soam_saab_avnish"
        },
        "likes_count": 0,
        "answers": [
            {
                "id": 17890391110887410,
                "created_at": 1612700002,
                "text": "@soam_saab_avnish check dm",
                "owner": {
                    "id": "31345321949",
                    "is_verified": false,
                    "profile_pic_url": "https://instagram.fagc2-1.fna.fbcdn.net/v/t51.2885-19/s150x150/104655610_734890267265839_7042082510067431729_n.jpg?tp=1&_nc_ht=instagram.fagc2-1.fna.fbcdn.net&_nc_ohc=Q9yxDDyzyrwAX9Xuts8&ccb=7-4&oh=d86b1b6d639825b0f55d29acf1a38f6f&oe=608866EF&_nc_sid=9fb510",
                    "username": "airpods_case_1"
                },
                "likes_count": 0
            }
        ]
    }
]