[
    {
        "id": 17880943370184265,
        "created_at": 1616397302,
        "text": "Pp for 11",
        "owner": {
            "id": "1292803246",
            "is_verified": false,
            "profile_pic_url": "https://instagram.fagc2-1.fna.fbcdn.net/v/t51.2885-19/s150x150/130810540_143971603874550_4680392130450362528_n.jpg?tp=1&_nc_ht=instagram.fagc2-1.fna.fbcdn.net&_nc_ohc=-EcLDD-OkLcAX8osWGC&ccb=7-4&oh=b2c407b3bc3c8aae186285f229ccece6&oe=6086D4B6&_nc_sid=9fb510",
            "username": "jeevikagambhir10"
        },
        "likes_count": 0,
        "answers": [
            {
                "id": 17884683779112733,
                "created_at": 1616409896,
                "text": "@jeevikagambhir10 out of stock",
                "owner": {
                    "id": "31345321949",
                    "is_verified": false,
                    "profile_pic_url": "https://instagram.fagc2-1.fna.fbcdn.net/v/t51.2885-19/s150x150/104655610_734890267265839_7042082510067431729_n.jpg?tp=1&_nc_ht=instagram.fagc2-1.fna.fbcdn.net&_nc_ohc=Q9yxDDyzyrwAX9Xuts8&ccb=7-4&oh=d86b1b6d639825b0f55d29acf1a38f6f&oe=608866EF&_nc_sid=9fb510",
                    "username": "airpods_case_1"
                },
                "likes_count": 0
            }
        ]
    },
    {
        "id": 18147517840183737,
        "created_at": 1616244869,
        "text": "Pp",
        "owner": {
            "id": "1016074640",
            "is_verified": false,
            "profile_pic_url": "https://instagram.fagc2-1.fna.fbcdn.net/v/t51.2885-19/s150x150/12568861_793274847445487_1730901110_a.jpg?tp=1&_nc_ht=instagram.fagc2-1.fna.fbcdn.net&_nc_ohc=EV9UKjQaWmYAX8u9AF4&ccb=7-4&oh=64ac210cc03e348267ff2bfe5295e76a&oe=60877303&_nc_sid=9fb510",
            "username": "priyank16492"
        },
        "likes_count": 0,
        "answers": []
    },
    {
        "id": 17893677694769657,
        "created_at": 1609932677,
        "text": "Look in dm i messaged you",
        "owner": {
            "id": "7913429124",
            "is_verified": false,
            "profile_pic_url": "https://instagram.fagc2-1.fna.fbcdn.net/v/t51.2885-19/s150x150/135219222_173843451151979_2689120915334217787_n.jpg?tp=1&_nc_ht=instagram.fagc2-1.fna.fbcdn.net&_nc_ohc=NwXCVYsSclQAX9heiHr&ccb=7-4&oh=66379afbaae1540e4b3c3a520e7f682c&oe=6086B052&_nc_sid=9fb510",
            "username": "wa5ab_"
        },
        "likes_count": 0,
        "answers": [
            {
                "id": 18088054522228665,
                "created_at": 1609933050,
                "text": "@wa5ab_ okay",
                "owner": {
                    "id": "31345321949",
                    "is_verified": false,
                    "profile_pic_url": "https://instagram.fagc2-1.fna.fbcdn.net/v/t51.2885-19/s150x150/104655610_734890267265839_7042082510067431729_n.jpg?tp=1&_nc_ht=instagram.fagc2-1.fna.fbcdn.net&_nc_ohc=Q9yxDDyzyrwAX9Xuts8&ccb=7-4&oh=d86b1b6d639825b0f55d29acf1a38f6f&oe=608866EF&_nc_sid=9fb510",
                    "username": "airpods_case_1"
                },
                "likes_count": 0
            }
        ]
    }
]