[
    {
        "id": 17864915042423186,
        "created_at": 1616239562,
        "text": "Pr",
        "owner": {
            "id": "25146231009",
            "is_verified": false,
            "profile_pic_url": "https://instagram.fagc2-1.fna.fbcdn.net/v/t51.2885-19/s150x150/164954660_484671389577920_3129478965368340963_n.jpg?tp=1&_nc_ht=instagram.fagc2-1.fna.fbcdn.net&_nc_ohc=uRXgqYwAlDIAX-v1wqy&ccb=7-4&oh=955d17ecf00203ba7611888fd32347e5&oe=6089A7BC&_nc_sid=9fb510",
            "username": "_luj.a.rahman_"
        },
        "likes_count": 0,
        "answers": [
            {
                "id": 17910159004640040,
                "created_at": 1616263390,
                "text": "@airpods_case_1 nothing in dm ?",
                "owner": {
                    "id": "25146231009",
                    "is_verified": false,
                    "profile_pic_url": "https://instagram.fagc2-1.fna.fbcdn.net/v/t51.2885-19/s150x150/164954660_484671389577920_3129478965368340963_n.jpg?tp=1&_nc_ht=instagram.fagc2-1.fna.fbcdn.net&_nc_ohc=uRXgqYwAlDIAX-v1wqy&ccb=7-4&oh=955d17ecf00203ba7611888fd32347e5&oe=6089A7BC&_nc_sid=9fb510",
                    "username": "_luj.a.rahman_"
                },
                "likes_count": 0
            },
            {
                "id": 17889884990009393,
                "created_at": 1616263664,
                "text": "@_luj.a.rahman_ check again",
                "owner": {
                    "id": "31345321949",
                    "is_verified": false,
                    "profile_pic_url": "https://instagram.fagc2-1.fna.fbcdn.net/v/t51.2885-19/s150x150/104655610_734890267265839_7042082510067431729_n.jpg?tp=1&_nc_ht=instagram.fagc2-1.fna.fbcdn.net&_nc_ohc=Q9yxDDyzyrwAX9Xuts8&ccb=7-4&oh=d86b1b6d639825b0f55d29acf1a38f6f&oe=608866EF&_nc_sid=9fb510",
                    "username": "airpods_case_1"
                },
                "likes_count": 0
            },
            {
                "id": 17864997818432370,
                "created_at": 1616248290,
                "text": "@_luj.a.rahman_ dm",
                "owner": {
                    "id": "31345321949",
                    "is_verified": false,
                    "profile_pic_url": "https://instagram.fagc2-1.fna.fbcdn.net/v/t51.2885-19/s150x150/104655610_734890267265839_7042082510067431729_n.jpg?tp=1&_nc_ht=instagram.fagc2-1.fna.fbcdn.net&_nc_ohc=Q9yxDDyzyrwAX9Xuts8&ccb=7-4&oh=d86b1b6d639825b0f55d29acf1a38f6f&oe=608866EF&_nc_sid=9fb510",
                    "username": "airpods_case_1"
                },
                "likes_count": 0
            }
        ]
    },
    {
        "id": 17847271757542859,
        "created_at": 1616044429,
        "text": "Pp",
        "owner": {
            "id": "3451353613",
            "is_verified": false,
            "profile_pic_url": "https://instagram.fagc2-1.fna.fbcdn.net/v/t51.2885-19/s150x150/140648517_176530030904770_4611800748856244488_n.jpg?tp=1&_nc_ht=instagram.fagc2-1.fna.fbcdn.net&_nc_ohc=b4ObXdsfKMoAX_Ttdsj&ccb=7-4&oh=fa8e120740cce6e023536166700f13ce&oe=6089D4F2&_nc_sid=9fb510",
            "username": "jo.ziaa"
        },
        "likes_count": 0,
        "answers": [
            {
                "id": 18143784343149685,
                "created_at": 1616058299,
                "text": "@jo.ziaa check dm",
                "owner": {
                    "id": "31345321949",
                    "is_verified": false,
                    "profile_pic_url": "https://instagram.fagc2-1.fna.fbcdn.net/v/t51.2885-19/s150x150/104655610_734890267265839_7042082510067431729_n.jpg?tp=1&_nc_ht=instagram.fagc2-1.fna.fbcdn.net&_nc_ohc=Q9yxDDyzyrwAX9Xuts8&ccb=7-4&oh=d86b1b6d639825b0f55d29acf1a38f6f&oe=608866EF&_nc_sid=9fb510",
                    "username": "airpods_case_1"
                },
                "likes_count": 0
            }
        ]
    },
    {
        "id": 17875497362219005,
        "created_at": 1614352449,
        "text": "Price?",
        "owner": {
            "id": "5697181516",
            "is_verified": false,
            "profile_pic_url": "https://instagram.fagc2-1.fna.fbcdn.net/v/t51.2885-19/s150x150/164908733_1452226685117889_6588266216397357385_n.jpg?tp=1&_nc_ht=instagram.fagc2-1.fna.fbcdn.net&_nc_ohc=1IHaL4J44DMAX88VJFi&ccb=7-4&oh=354995287f48779ea9b010d2940e8b04&oe=60872CFE&_nc_sid=9fb510",
            "username": "1117_vedhant"
        },
        "likes_count": 0,
        "answers": [
            {
                "id": 18053629951281134,
                "created_at": 1614354534,
                "text": "@1117_vedhant check dm",
                "owner": {
                    "id": "31345321949",
                    "is_verified": false,
                    "profile_pic_url": "https://instagram.fagc2-1.fna.fbcdn.net/v/t51.2885-19/s150x150/104655610_734890267265839_7042082510067431729_n.jpg?tp=1&_nc_ht=instagram.fagc2-1.fna.fbcdn.net&_nc_ohc=Q9yxDDyzyrwAX9Xuts8&ccb=7-4&oh=d86b1b6d639825b0f55d29acf1a38f6f&oe=608866EF&_nc_sid=9fb510",
                    "username": "airpods_case_1"
                },
                "likes_count": 0
            }
        ]
    },
    {
        "id": 17856872675506186,
        "created_at": 1614267363,
        "text": "How much is this for 11PROMAX",
        "owner": {
            "id": "10940057376",
            "is_verified": false,
            "profile_pic_url": "https://instagram.fagc2-1.fna.fbcdn.net/v/t51.2885-19/s150x150/162836536_283816369916583_8496568192171914579_n.jpg?tp=1&_nc_ht=instagram.fagc2-1.fna.fbcdn.net&_nc_ohc=dg8cuJT8K18AX-_rHKN&ccb=7-4&oh=e06cb39ee1093baaea576f7123fb937e&oe=6087D9EF&_nc_sid=9fb510",
            "username": "timurmagomedov499"
        },
        "likes_count": 0,
        "answers": [
            {
                "id": 18142823509178641,
                "created_at": 1614267373,
                "text": "@timurmagomedov499 ?",
                "owner": {
                    "id": "10940057376",
                    "is_verified": false,
                    "profile_pic_url": "https://instagram.fagc2-1.fna.fbcdn.net/v/t51.2885-19/s150x150/162836536_283816369916583_8496568192171914579_n.jpg?tp=1&_nc_ht=instagram.fagc2-1.fna.fbcdn.net&_nc_ohc=dg8cuJT8K18AX-_rHKN&ccb=7-4&oh=e06cb39ee1093baaea576f7123fb937e&oe=6087D9EF&_nc_sid=9fb510",
                    "username": "timurmagomedov499"
                },
                "likes_count": 0
            },
            {
                "id": 17887044778977121,
                "created_at": 1614268080,
                "text": "@timurmagomedov499 check dm",
                "owner": {
                    "id": "31345321949",
                    "is_verified": false,
                    "profile_pic_url": "https://instagram.fagc2-1.fna.fbcdn.net/v/t51.2885-19/s150x150/104655610_734890267265839_7042082510067431729_n.jpg?tp=1&_nc_ht=instagram.fagc2-1.fna.fbcdn.net&_nc_ohc=Q9yxDDyzyrwAX9Xuts8&ccb=7-4&oh=d86b1b6d639825b0f55d29acf1a38f6f&oe=608866EF&_nc_sid=9fb510",
                    "username": "airpods_case_1"
                },
                "likes_count": 0
            }
        ]
    },
    {
        "id": 17907560482636225,
        "created_at": 1612380865,
        "text": "Available for SE(2020)?",
        "owner": {
            "id": "4104117575",
            "is_verified": false,
            "profile_pic_url": "https://instagram.fagc2-1.fna.fbcdn.net/v/t51.2885-19/s150x150/92840139_572565700273514_1306701773553008640_n.jpg?tp=1&_nc_ht=instagram.fagc2-1.fna.fbcdn.net&_nc_ohc=cBg91h634_wAX_VCQTU&ccb=7-4&oh=756fb970af8e5c29c7c5a27212b1e99c&oe=6088FD93&_nc_sid=9fb510",
            "username": "gulati_emporium"
        },
        "likes_count": 0,
        "answers": [
            {
                "id": 17870825423258060,
                "created_at": 1612416216,
                "text": "@gulati_emporium nooo",
                "owner": {
                    "id": "31345321949",
                    "is_verified": false,
                    "profile_pic_url": "https://instagram.fagc2-1.fna.fbcdn.net/v/t51.2885-19/s150x150/104655610_734890267265839_7042082510067431729_n.jpg?tp=1&_nc_ht=instagram.fagc2-1.fna.fbcdn.net&_nc_ohc=Q9yxDDyzyrwAX9Xuts8&ccb=7-4&oh=d86b1b6d639825b0f55d29acf1a38f6f&oe=608866EF&_nc_sid=9fb510",
                    "username": "airpods_case_1"
                },
                "likes_count": 0
            }
        ]
    },
    {
        "id": 17904105184689480,
        "created_at": 1612022039,
        "text": "\ud83d\udd25\ud83d\udd25\ud83d\udd25\ud83d\udd25",
        "owner": {
            "id": "42119019830",
            "is_verified": false,
            "profile_pic_url": "https://instagram.fagc2-1.fna.fbcdn.net/v/t51.2885-19/s150x150/119744115_176967240686572_6178750953517876999_n.jpg?tp=1&_nc_ht=instagram.fagc2-1.fna.fbcdn.net&_nc_ohc=RHFF64kKwkUAX_tTrbj&ccb=7-4&oh=651fcd6fcc32ff2a231545ef012be3ed&oe=60864F75&_nc_sid=9fb510",
            "username": "setupporium_community"
        },
        "likes_count": 0,
        "answers": []
    }
]