[
    {
        "id": 17913771439641780,
        "created_at": 1616692998,
        "text": "Price ??",
        "owner": {
            "id": "40029610860",
            "is_verified": false,
            "profile_pic_url": "https://instagram.fagc2-1.fna.fbcdn.net/v/t51.2885-19/s150x150/117394296_238012290664300_148088927021375110_n.jpg?tp=1&_nc_ht=instagram.fagc2-1.fna.fbcdn.net&_nc_ohc=kS8ToapXEHAAX-zYiAQ&ccb=7-4&oh=b73ea53e4a99452ba8c5f244e840a467&oe=60898CEA&_nc_sid=9fb510",
            "username": "l_14singhania"
        },
        "likes_count": 1,
        "answers": [
            {
                "id": 18156759385126201,
                "created_at": 1616700070,
                "text": "@airpods_case_1 I am sending hu pls tell",
                "owner": {
                    "id": "40029610860",
                    "profile_pic_url": "https://instagram.fagc2-1.fna.fbcdn.net/v/t51.2885-19/s150x150/117394296_238012290664300_148088927021375110_n.jpg?tp=1&_nc_ht=instagram.fagc2-1.fna.fbcdn.net&_nc_ohc=kS8ToapXEHAAX-zYiAQ&ccb=7-4&oh=b73ea53e4a99452ba8c5f244e840a467&oe=60898CEA&_nc_sid=3f1853",
                    "username": "l_14singhania"
                },
                "likes_count": 0
            },
            {
                "id": 18107698633215748,
                "created_at": 1616700048,
                "text": "@airpods_case_1 I think their is sone problem",
                "owner": {
                    "id": "40029610860",
                    "profile_pic_url": "https://instagram.fagc2-1.fna.fbcdn.net/v/t51.2885-19/s150x150/117394296_238012290664300_148088927021375110_n.jpg?tp=1&_nc_ht=instagram.fagc2-1.fna.fbcdn.net&_nc_ohc=kS8ToapXEHAAX-zYiAQ&ccb=7-4&oh=b73ea53e4a99452ba8c5f244e840a467&oe=60898CEA&_nc_sid=3f1853",
                    "username": "l_14singhania"
                },
                "likes_count": 0
            },
            {
                "id": 17999037883319356,
                "created_at": 1616694189,
                "text": "@l_14singhania check again",
                "owner": {
                    "id": "31345321949",
                    "profile_pic_url": "https://instagram.fagc2-1.fna.fbcdn.net/v/t51.2885-19/s150x150/104655610_734890267265839_7042082510067431729_n.jpg?tp=1&_nc_ht=instagram.fagc2-1.fna.fbcdn.net&_nc_ohc=Q9yxDDyzyrwAX9Xuts8&ccb=7-4&oh=d86b1b6d639825b0f55d29acf1a38f6f&oe=608866EF&_nc_sid=3f1853",
                    "username": "airpods_case_1"
                },
                "likes_count": 1
            },
            {
                "id": 17909964622689519,
                "created_at": 1616694995,
                "text": "@airpods_case_1 didn\u2019t receive !!!",
                "owner": {
                    "id": "40029610860",
                    "profile_pic_url": "https://instagram.fagc2-1.fna.fbcdn.net/v/t51.2885-19/s150x150/117394296_238012290664300_148088927021375110_n.jpg?tp=1&_nc_ht=instagram.fagc2-1.fna.fbcdn.net&_nc_ohc=kS8ToapXEHAAX-zYiAQ&ccb=7-4&oh=b73ea53e4a99452ba8c5f244e840a467&oe=60898CEA&_nc_sid=3f1853",
                    "username": "l_14singhania"
                },
                "likes_count": 1
            },
            {
                "id": 17909093701697910,
                "created_at": 1616694301,
                "text": "@airpods_case_1 didn\u2019t receive can u message on my other account @_.memegod._1 ??",
                "owner": {
                    "id": "40029610860",
                    "profile_pic_url": "https://instagram.fagc2-1.fna.fbcdn.net/v/t51.2885-19/s150x150/117394296_238012290664300_148088927021375110_n.jpg?tp=1&_nc_ht=instagram.fagc2-1.fna.fbcdn.net&_nc_ohc=kS8ToapXEHAAX-zYiAQ&ccb=7-4&oh=b73ea53e4a99452ba8c5f244e840a467&oe=60898CEA&_nc_sid=3f1853",
                    "username": "l_14singhania"
                },
                "likes_count": 2
            },
            {
                "id": 17894911231896400,
                "created_at": 1616693232,
                "text": "@airpods_case_1 nothing ??",
                "owner": {
                    "id": "40029610860",
                    "profile_pic_url": "https://instagram.fagc2-1.fna.fbcdn.net/v/t51.2885-19/s150x150/117394296_238012290664300_148088927021375110_n.jpg?tp=1&_nc_ht=instagram.fagc2-1.fna.fbcdn.net&_nc_ohc=kS8ToapXEHAAX-zYiAQ&ccb=7-4&oh=b73ea53e4a99452ba8c5f244e840a467&oe=60898CEA&_nc_sid=3f1853",
                    "username": "l_14singhania"
                },
                "likes_count": 1
            },
            {
                "id": 17893265599980857,
                "created_at": 1616699981,
                "text": "@l_14singhania i sent",
                "owner": {
                    "id": "31345321949",
                    "profile_pic_url": "https://instagram.fagc2-1.fna.fbcdn.net/v/t51.2885-19/s150x150/104655610_734890267265839_7042082510067431729_n.jpg?tp=1&_nc_ht=instagram.fagc2-1.fna.fbcdn.net&_nc_ohc=Q9yxDDyzyrwAX9Xuts8&ccb=7-4&oh=d86b1b6d639825b0f55d29acf1a38f6f&oe=608866EF&_nc_sid=3f1853",
                    "username": "airpods_case_1"
                },
                "likes_count": 1
            },
            {
                "id": 17878073567291244,
                "created_at": 1616700084,
                "text": "@airpods_case_1 hi *",
                "owner": {
                    "id": "40029610860",
                    "profile_pic_url": "https://instagram.fagc2-1.fna.fbcdn.net/v/t51.2885-19/s150x150/117394296_238012290664300_148088927021375110_n.jpg?tp=1&_nc_ht=instagram.fagc2-1.fna.fbcdn.net&_nc_ohc=kS8ToapXEHAAX-zYiAQ&ccb=7-4&oh=b73ea53e4a99452ba8c5f244e840a467&oe=60898CEA&_nc_sid=3f1853",
                    "username": "l_14singhania"
                },
                "likes_count": 0
            },
            {
                "id": 17856162677515065,
                "created_at": 1616693119,
                "text": "@l_14singhania check dm",
                "owner": {
                    "id": "31345321949",
                    "profile_pic_url": "https://instagram.fagc2-1.fna.fbcdn.net/v/t51.2885-19/s150x150/104655610_734890267265839_7042082510067431729_n.jpg?tp=1&_nc_ht=instagram.fagc2-1.fna.fbcdn.net&_nc_ohc=Q9yxDDyzyrwAX9Xuts8&ccb=7-4&oh=d86b1b6d639825b0f55d29acf1a38f6f&oe=608866EF&_nc_sid=3f1853",
                    "username": "airpods_case_1"
                },
                "likes_count": 1
            }
        ]
    },
    {
        "id": 17895251962896116,
        "created_at": 1616621245,
        "text": "How much",
        "owner": {
            "id": "45326860085",
            "is_verified": false,
            "profile_pic_url": "https://instagram.fagc2-1.fna.fbcdn.net/v/t51.2885-19/s150x150/146575183_718162308896938_900914227899058357_n.jpg?tp=1&_nc_ht=instagram.fagc2-1.fna.fbcdn.net&_nc_ohc=jNToM0XYR_EAX_pwVry&ccb=7-4&oh=c23ff285a35752e8ae95af009a04d382&oe=6087BC8A&_nc_sid=9fb510",
            "username": "clarasara2021"
        },
        "likes_count": 0,
        "answers": [
            {
                "id": 17915724568625026,
                "created_at": 1616649012,
                "text": "@clarasara2021 check dm",
                "owner": {
                    "id": "31345321949",
                    "is_verified": false,
                    "profile_pic_url": "https://instagram.fagc2-1.fna.fbcdn.net/v/t51.2885-19/s150x150/104655610_734890267265839_7042082510067431729_n.jpg?tp=1&_nc_ht=instagram.fagc2-1.fna.fbcdn.net&_nc_ohc=Q9yxDDyzyrwAX9Xuts8&ccb=7-4&oh=d86b1b6d639825b0f55d29acf1a38f6f&oe=608866EF&_nc_sid=9fb510",
                    "username": "airpods_case_1"
                },
                "likes_count": 0
            }
        ]
    },
    {
        "id": 17885690702049850,
        "created_at": 1616572062,
        "text": "Price??",
        "owner": {
            "id": "40371583137",
            "is_verified": false,
            "profile_pic_url": "https://instagram.fagc2-1.fna.fbcdn.net/v/t51.2885-19/s150x150/152476479_455514822298686_4329991094127076766_n.jpg?tp=1&_nc_ht=instagram.fagc2-1.fna.fbcdn.net&_nc_ohc=Vfs7PmoNdAEAX93G14S&ccb=7-4&oh=8e9d11ed2be66b0585bf451b36bcb943&oe=60869A0F&_nc_sid=9fb510",
            "username": "shia_islam_2"
        },
        "likes_count": 0,
        "answers": [
            {
                "id": 17900156608804949,
                "created_at": 1616588294,
                "text": "@shia_islam_2 check dm",
                "owner": {
                    "id": "31345321949",
                    "is_verified": false,
                    "profile_pic_url": "https://instagram.fagc2-1.fna.fbcdn.net/v/t51.2885-19/s150x150/104655610_734890267265839_7042082510067431729_n.jpg?tp=1&_nc_ht=instagram.fagc2-1.fna.fbcdn.net&_nc_ohc=Q9yxDDyzyrwAX9Xuts8&ccb=7-4&oh=d86b1b6d639825b0f55d29acf1a38f6f&oe=608866EF&_nc_sid=9fb510",
                    "username": "airpods_case_1"
                },
                "likes_count": 0
            }
        ]
    },
    {
        "id": 17924661091538634,
        "created_at": 1616093772,
        "text": "Price",
        "owner": {
            "id": "2984130120",
            "is_verified": false,
            "profile_pic_url": "https://instagram.fagc2-1.fna.fbcdn.net/v/t51.2885-19/s150x150/67359619_2345500325716583_7967814282890969088_n.jpg?tp=1&_nc_ht=instagram.fagc2-1.fna.fbcdn.net&_nc_ohc=rUTw_fYEFMUAX_lYJmr&ccb=7-4&oh=ae5f679649288457e890b432ef4ac742&oe=6088D7F9&_nc_sid=9fb510",
            "username": "independent.giirl"
        },
        "likes_count": 0,
        "answers": []
    },
    {
        "id": 17902327099817724,
        "created_at": 1615903385,
        "text": "Price plz",
        "owner": {
            "id": "45629199811",
            "is_verified": false,
            "profile_pic_url": "https://instagram.fagc2-1.fna.fbcdn.net/v/t51.2885-19/s150x150/162530926_128318115838245_1773041813737951783_n.jpg?tp=1&_nc_ht=instagram.fagc2-1.fna.fbcdn.net&_nc_ohc=HBs5OgTmvg4AX8M1uDh&ccb=7-4&oh=6f8fc20a0f6d9b50b10ae7f03d1c05c3&oe=6088FBAC&_nc_sid=9fb510",
            "username": "khalifastic"
        },
        "likes_count": 0,
        "answers": [
            {
                "id": 17902556338793423,
                "created_at": 1615910230,
                "text": "@khalifastic check dm",
                "owner": {
                    "id": "31345321949",
                    "is_verified": false,
                    "profile_pic_url": "https://instagram.fagc2-1.fna.fbcdn.net/v/t51.2885-19/s150x150/104655610_734890267265839_7042082510067431729_n.jpg?tp=1&_nc_ht=instagram.fagc2-1.fna.fbcdn.net&_nc_ohc=Q9yxDDyzyrwAX9Xuts8&ccb=7-4&oh=d86b1b6d639825b0f55d29acf1a38f6f&oe=608866EF&_nc_sid=9fb510",
                    "username": "airpods_case_1"
                },
                "likes_count": 1
            }
        ]
    },
    {
        "id": 17963937043383840,
        "created_at": 1615840284,
        "text": "price ?",
        "owner": {
            "id": "2326533719",
            "is_verified": false,
            "profile_pic_url": "https://instagram.fagc2-1.fna.fbcdn.net/v/t51.2885-19/s150x150/163117853_440168240396969_890657271404322486_n.jpg?tp=1&_nc_ht=instagram.fagc2-1.fna.fbcdn.net&_nc_ohc=t_JYdx-Er1IAX-dBllC&ccb=7-4&oh=e9fce6ed31ee2c6dfa970fb5e5c9fed8&oe=60862EF5&_nc_sid=9fb510",
            "username": "mehtab.muneer22"
        },
        "likes_count": 0,
        "answers": [
            {
                "id": 17923847542548226,
                "created_at": 1615869061,
                "text": "@mehtab.muneer22 check dm",
                "owner": {
                    "id": "31345321949",
                    "is_verified": false,
                    "profile_pic_url": "https://instagram.fagc2-1.fna.fbcdn.net/v/t51.2885-19/s150x150/104655610_734890267265839_7042082510067431729_n.jpg?tp=1&_nc_ht=instagram.fagc2-1.fna.fbcdn.net&_nc_ohc=Q9yxDDyzyrwAX9Xuts8&ccb=7-4&oh=d86b1b6d639825b0f55d29acf1a38f6f&oe=608866EF&_nc_sid=9fb510",
                    "username": "airpods_case_1"
                },
                "likes_count": 0
            }
        ]
    },
    {
        "id": 17859596735439771,
        "created_at": 1615384674,
        "text": "Pp",
        "owner": {
            "id": "571130297",
            "is_verified": false,
            "profile_pic_url": "https://instagram.fagc2-1.fna.fbcdn.net/v/t51.2885-19/s150x150/118453798_734564930437887_572768567477297913_n.jpg?tp=1&_nc_ht=instagram.fagc2-1.fna.fbcdn.net&_nc_ohc=jGKt7bdlg2QAX8a9XTT&ccb=7-4&oh=5f74e9fce2e57fdef4f94f9e496ea9fb&oe=6089CE99&_nc_sid=9fb510",
            "username": "_silenteyes17_"
        },
        "likes_count": 0,
        "answers": [
            {
                "id": 18056916262284652,
                "created_at": 1615387900,
                "text": "Check dm",
                "owner": {
                    "id": "31345321949",
                    "is_verified": false,
                    "profile_pic_url": "https://instagram.fagc2-1.fna.fbcdn.net/v/t51.2885-19/s150x150/104655610_734890267265839_7042082510067431729_n.jpg?tp=1&_nc_ht=instagram.fagc2-1.fna.fbcdn.net&_nc_ohc=Q9yxDDyzyrwAX9Xuts8&ccb=7-4&oh=d86b1b6d639825b0f55d29acf1a38f6f&oe=608866EF&_nc_sid=9fb510",
                    "username": "airpods_case_1"
                },
                "likes_count": 0
            }
        ]
    },
    {
        "id": 18208685578045236,
        "created_at": 1615055293,
        "text": "Price",
        "owner": {
            "id": "4820418700",
            "is_verified": false,
            "profile_pic_url": "https://instagram.fagc2-1.fna.fbcdn.net/v/t51.2885-19/s150x150/161821293_805606676705006_2039497575625090554_n.jpg?tp=1&_nc_ht=instagram.fagc2-1.fna.fbcdn.net&_nc_ohc=g27CaK6pt60AX8lnrXE&ccb=7-4&oh=9ff9faff11b70a135f80cb051b2ddd03&oe=6088C35A&_nc_sid=9fb510",
            "username": "tehreemfarhat"
        },
        "likes_count": 0,
        "answers": [
            {
                "id": 17920054735536846,
                "created_at": 1615090392,
                "text": "Check dm",
                "owner": {
                    "id": "31345321949",
                    "is_verified": false,
                    "profile_pic_url": "https://instagram.fagc2-1.fna.fbcdn.net/v/t51.2885-19/s150x150/104655610_734890267265839_7042082510067431729_n.jpg?tp=1&_nc_ht=instagram.fagc2-1.fna.fbcdn.net&_nc_ohc=Q9yxDDyzyrwAX9Xuts8&ccb=7-4&oh=d86b1b6d639825b0f55d29acf1a38f6f&oe=608866EF&_nc_sid=9fb510",
                    "username": "airpods_case_1"
                },
                "likes_count": 0
            }
        ]
    },
    {
        "id": 17869433960292154,
        "created_at": 1614864474,
        "text": "Price ?",
        "owner": {
            "id": "1670458594",
            "is_verified": false,
            "profile_pic_url": "https://instagram.fagc2-1.fna.fbcdn.net/v/t51.2885-19/s150x150/139332841_893715344706262_3979101596153739788_n.jpg?tp=1&_nc_ht=instagram.fagc2-1.fna.fbcdn.net&_nc_ohc=EQ-e-7tBrf8AX_QjcW0&ccb=7-4&oh=c2dc7e1cf06da31da04947fff661e4bb&oe=6088F4D2&_nc_sid=9fb510",
            "username": "d_ev__"
        },
        "likes_count": 0,
        "answers": [
            {
                "id": 17933121334465366,
                "created_at": 1614866621,
                "text": "@d_ev__ check dm",
                "owner": {
                    "id": "31345321949",
                    "is_verified": false,
                    "profile_pic_url": "https://instagram.fagc2-1.fna.fbcdn.net/v/t51.2885-19/s150x150/104655610_734890267265839_7042082510067431729_n.jpg?tp=1&_nc_ht=instagram.fagc2-1.fna.fbcdn.net&_nc_ohc=Q9yxDDyzyrwAX9Xuts8&ccb=7-4&oh=d86b1b6d639825b0f55d29acf1a38f6f&oe=608866EF&_nc_sid=9fb510",
                    "username": "airpods_case_1"
                },
                "likes_count": 0
            }
        ]
    },
    {
        "id": 17906230966675292,
        "created_at": 1614685962,
        "text": "+",
        "owner": {
            "id": "3583022731",
            "is_verified": false,
            "profile_pic_url": "https://instagram.fagc2-1.fna.fbcdn.net/v/t51.2885-19/s150x150/104091872_1164724037213098_6587535961094835115_n.jpg?tp=1&_nc_ht=instagram.fagc2-1.fna.fbcdn.net&_nc_ohc=5QREic9cFoUAX9Ap8Du&ccb=7-4&oh=9088852174611fbfba3d87a3cdc7eb34&oe=6088A14A&_nc_sid=9fb510",
            "username": "itsmylifestyleeee"
        },
        "likes_count": 0,
        "answers": [
            {
                "id": 18031816663288669,
                "created_at": 1614687043,
                "text": "@itsmylifestyleeee what",
                "owner": {
                    "id": "31345321949",
                    "is_verified": false,
                    "profile_pic_url": "https://instagram.fagc2-1.fna.fbcdn.net/v/t51.2885-19/s150x150/104655610_734890267265839_7042082510067431729_n.jpg?tp=1&_nc_ht=instagram.fagc2-1.fna.fbcdn.net&_nc_ohc=Q9yxDDyzyrwAX9Xuts8&ccb=7-4&oh=d86b1b6d639825b0f55d29acf1a38f6f&oe=608866EF&_nc_sid=9fb510",
                    "username": "airpods_case_1"
                },
                "likes_count": 0
            }
        ]
    },
    {
        "id": 17888666497988413,
        "created_at": 1614597529,
        "text": "Price",
        "owner": {
            "id": "2234497093",
            "is_verified": false,
            "profile_pic_url": "https://instagram.fagc2-1.fna.fbcdn.net/v/t51.2885-19/s150x150/153999963_2884209481859648_2148974833498349116_n.jpg?tp=1&_nc_ht=instagram.fagc2-1.fna.fbcdn.net&_nc_ohc=tb5R17vs6OMAX_e7o9u&ccb=7-4&oh=3c2e16551a653c96b2201fdfd9d38374&oe=608846AB&_nc_sid=9fb510",
            "username": "__saaddahmedd__"
        },
        "likes_count": 0,
        "answers": [
            {
                "id": 17887571357011775,
                "created_at": 1614600255,
                "text": "Check dm",
                "owner": {
                    "id": "31345321949",
                    "is_verified": false,
                    "profile_pic_url": "https://instagram.fagc2-1.fna.fbcdn.net/v/t51.2885-19/s150x150/104655610_734890267265839_7042082510067431729_n.jpg?tp=1&_nc_ht=instagram.fagc2-1.fna.fbcdn.net&_nc_ohc=Q9yxDDyzyrwAX9Xuts8&ccb=7-4&oh=d86b1b6d639825b0f55d29acf1a38f6f&oe=608866EF&_nc_sid=9fb510",
                    "username": "airpods_case_1"
                },
                "likes_count": 0
            }
        ]
    },
    {
        "id": 18151443982126539,
        "created_at": 1614590487,
        "text": "Price",
        "owner": {
            "id": "6881284218",
            "is_verified": false,
            "profile_pic_url": "https://instagram.fagc2-1.fna.fbcdn.net/v/t51.2885-19/s150x150/155011677_880509179399625_2033464757450597212_n.jpg?tp=1&_nc_ht=instagram.fagc2-1.fna.fbcdn.net&_nc_ohc=WPj-bBpIHUoAX8k4MKR&ccb=7-4&oh=699e2749cdc446fb5c1fe3006111cad7&oe=608952DF&_nc_sid=9fb510",
            "username": "admhkm.__"
        },
        "likes_count": 0,
        "answers": [
            {
                "id": 17875833083231569,
                "created_at": 1614594913,
                "text": "@admhkm.__ check dm",
                "owner": {
                    "id": "31345321949",
                    "is_verified": false,
                    "profile_pic_url": "https://instagram.fagc2-1.fna.fbcdn.net/v/t51.2885-19/s150x150/104655610_734890267265839_7042082510067431729_n.jpg?tp=1&_nc_ht=instagram.fagc2-1.fna.fbcdn.net&_nc_ohc=Q9yxDDyzyrwAX9Xuts8&ccb=7-4&oh=d86b1b6d639825b0f55d29acf1a38f6f&oe=608866EF&_nc_sid=9fb510",
                    "username": "airpods_case_1"
                },
                "likes_count": 0
            }
        ]
    },
    {
        "id": 17842942853537607,
        "created_at": 1614521740,
        "text": "Pp",
        "owner": {
            "id": "26590490826",
            "is_verified": false,
            "profile_pic_url": "https://instagram.fagc2-1.fna.fbcdn.net/v/t51.2885-19/s150x150/118249387_1481198225406670_9218312890366685569_n.jpg?tp=1&_nc_ht=instagram.fagc2-1.fna.fbcdn.net&_nc_ohc=JbVx9n19Xq8AX_pXjka&ccb=7-4&oh=9bac001ea5da43f93ea36f60e6e86a3f&oe=6086E88A&_nc_sid=9fb510",
            "username": "r__0__b__i__n_________________"
        },
        "likes_count": 0,
        "answers": [
            {
                "id": 18099402193217372,
                "created_at": 1614526964,
                "text": "@r__0__b__i__n_________________ check dm",
                "owner": {
                    "id": "31345321949",
                    "is_verified": false,
                    "profile_pic_url": "https://instagram.fagc2-1.fna.fbcdn.net/v/t51.2885-19/s150x150/104655610_734890267265839_7042082510067431729_n.jpg?tp=1&_nc_ht=instagram.fagc2-1.fna.fbcdn.net&_nc_ohc=Q9yxDDyzyrwAX9Xuts8&ccb=7-4&oh=d86b1b6d639825b0f55d29acf1a38f6f&oe=608866EF&_nc_sid=9fb510",
                    "username": "airpods_case_1"
                },
                "likes_count": 0
            }
        ]
    },
    {
        "id": 18182581876068768,
        "created_at": 1614458460,
        "text": "Sh ngap ivi",
        "owner": {
            "id": "8355178984",
            "is_verified": false,
            "profile_pic_url": "https://instagram.fagc2-1.fna.fbcdn.net/v/t51.2885-19/s150x150/148747599_171870384463274_995781131379633641_n.jpg?tp=1&_nc_ht=instagram.fagc2-1.fna.fbcdn.net&_nc_ohc=WX-Lf-c0GAAAX_uXcGq&ccb=7-4&oh=b98009d32d93ae7e6b08b0dc51eca7f7&oe=6087096F&_nc_sid=9fb510",
            "username": "_don.mubalax"
        },
        "likes_count": 0,
        "answers": [
            {
                "id": 18141520726179401,
                "created_at": 1614483532,
                "text": "@_don.mubalax english",
                "owner": {
                    "id": "31345321949",
                    "is_verified": false,
                    "profile_pic_url": "https://instagram.fagc2-1.fna.fbcdn.net/v/t51.2885-19/s150x150/104655610_734890267265839_7042082510067431729_n.jpg?tp=1&_nc_ht=instagram.fagc2-1.fna.fbcdn.net&_nc_ohc=Q9yxDDyzyrwAX9Xuts8&ccb=7-4&oh=d86b1b6d639825b0f55d29acf1a38f6f&oe=608866EF&_nc_sid=9fb510",
                    "username": "airpods_case_1"
                },
                "likes_count": 0
            }
        ]
    },
    {
        "id": 18160523767105222,
        "created_at": 1614178388,
        "text": "Pp",
        "owner": {
            "id": "3310507254",
            "is_verified": false,
            "profile_pic_url": "https://instagram.fagc2-1.fna.fbcdn.net/v/t51.2885-19/s150x150/82965608_826972564397209_4125729323791417344_n.jpg?tp=1&_nc_ht=instagram.fagc2-1.fna.fbcdn.net&_nc_ohc=uOU0HOKUzkAAX_zgDZI&ccb=7-4&oh=e5ad22dc94421d1c0a542fd41a501d58&oe=60882388&_nc_sid=9fb510",
            "username": "sohail.ahmmed"
        },
        "likes_count": 0,
        "answers": [
            {
                "id": 17926337146514617,
                "created_at": 1614180600,
                "text": "@sohail.ahmmed check dm",
                "owner": {
                    "id": "31345321949",
                    "is_verified": false,
                    "profile_pic_url": "https://instagram.fagc2-1.fna.fbcdn.net/v/t51.2885-19/s150x150/104655610_734890267265839_7042082510067431729_n.jpg?tp=1&_nc_ht=instagram.fagc2-1.fna.fbcdn.net&_nc_ohc=Q9yxDDyzyrwAX9Xuts8&ccb=7-4&oh=d86b1b6d639825b0f55d29acf1a38f6f&oe=608866EF&_nc_sid=9fb510",
                    "username": "airpods_case_1"
                },
                "likes_count": 0
            }
        ]
    },
    {
        "id": 18156872062115651,
        "created_at": 1614076493,
        "text": "Price?",
        "owner": {
            "id": "289669450",
            "is_verified": false,
            "profile_pic_url": "https://instagram.fagc2-1.fna.fbcdn.net/v/t51.2885-19/s150x150/28765911_185857422193380_6299309807262236672_n.jpg?tp=1&_nc_ht=instagram.fagc2-1.fna.fbcdn.net&_nc_ohc=oki6YzCXAvwAX9bYfxd&ccb=7-4&oh=05943d61e76863fefbaee2d36d198618&oe=6087FF46&_nc_sid=9fb510",
            "username": "up_from_grave"
        },
        "likes_count": 0,
        "answers": [
            {
                "id": 17873426267279428,
                "created_at": 1614076988,
                "text": "@up_from_grave check dm",
                "owner": {
                    "id": "31345321949",
                    "is_verified": false,
                    "profile_pic_url": "https://instagram.fagc2-1.fna.fbcdn.net/v/t51.2885-19/s150x150/104655610_734890267265839_7042082510067431729_n.jpg?tp=1&_nc_ht=instagram.fagc2-1.fna.fbcdn.net&_nc_ohc=Q9yxDDyzyrwAX9Xuts8&ccb=7-4&oh=d86b1b6d639825b0f55d29acf1a38f6f&oe=608866EF&_nc_sid=9fb510",
                    "username": "airpods_case_1"
                },
                "likes_count": 0
            }
        ]
    },
    {
        "id": 18194332291042590,
        "created_at": 1613589123,
        "text": "Pp",
        "owner": {
            "id": "29086639297",
            "is_verified": false,
            "profile_pic_url": "https://instagram.fcpv5-1.fna.fbcdn.net/v/t51.2885-19/44884218_345707102882519_2446069589734326272_n.jpg?_nc_ht=instagram.fcpv5-1.fna.fbcdn.net&_nc_ohc=hLTkwc3uTqUAX-sU847&ccb=7-4&oh=f913950216f21aaeeda1e07142cebdf1&oe=6087738F&_nc_sid=a79158&ig_cache_key=YW5vbnltb3VzX3Byb2ZpbGVfcGlj.2-ccb7-4",
            "username": "dead_lostgirl"
        },
        "likes_count": 0,
        "answers": [
            {
                "id": 18159032821106815,
                "created_at": 1613628881,
                "text": "@dead_lostgirl check dm",
                "owner": {
                    "id": "31345321949",
                    "is_verified": false,
                    "profile_pic_url": "https://instagram.fagc2-1.fna.fbcdn.net/v/t51.2885-19/s150x150/104655610_734890267265839_7042082510067431729_n.jpg?tp=1&_nc_ht=instagram.fagc2-1.fna.fbcdn.net&_nc_ohc=Q9yxDDyzyrwAX9Xuts8&ccb=7-4&oh=d86b1b6d639825b0f55d29acf1a38f6f&oe=608866EF&_nc_sid=9fb510",
                    "username": "airpods_case_1"
                },
                "likes_count": 0
            },
            {
                "id": 17880774122116414,
                "created_at": 1614010961,
                "text": "@famous_boy_1_5_1 check dm",
                "owner": {
                    "id": "31345321949",
                    "is_verified": false,
                    "profile_pic_url": "https://instagram.fagc2-1.fna.fbcdn.net/v/t51.2885-19/s150x150/104655610_734890267265839_7042082510067431729_n.jpg?tp=1&_nc_ht=instagram.fagc2-1.fna.fbcdn.net&_nc_ohc=Q9yxDDyzyrwAX9Xuts8&ccb=7-4&oh=d86b1b6d639825b0f55d29acf1a38f6f&oe=608866EF&_nc_sid=9fb510",
                    "username": "airpods_case_1"
                },
                "likes_count": 0
            },
            {
                "id": 17874820358197826,
                "created_at": 1614009321,
                "text": "@airpods_case_1 price",
                "owner": {
                    "id": "7387617670",
                    "is_verified": false,
                    "profile_pic_url": "https://instagram.fagc2-1.fna.fbcdn.net/v/t51.2885-19/s150x150/94352660_229910494947977_7368976673665974272_n.jpg?tp=1&_nc_ht=instagram.fagc2-1.fna.fbcdn.net&_nc_ohc=bwr5VbWY1nEAX_V4B9z&ccb=7-4&oh=816ffa18b7e82e0e78d8d9e480a40c61&oe=6087CE79&_nc_sid=9fb510",
                    "username": "famous_boy_1_5_1"
                },
                "likes_count": 0
            }
        ]
    }
]